,starttime,duration,meanPupilDiameter,eye,eventType,eventIdxLeft,eventIdxRight,meanX,meanY,startSaccadeX,startSaccadeY,endSaccadeX,endSaccadeY,microsaccadeCount,microsaccadeAmplitude,microsaccadePeakVelocity
0,11010602,284,4.16796875,left,fixation,1.0,,658.334805555556,735.2033333333328,,,,,0.0,,
1,11010602,284,4.16796875,right,fixation,,1.0,621.526486111111,740.4995555555562,,,,,0.0,,
2,11010890,44,,left,saccade,1.0,,,,660.803,736.258,527.2769999999998,175.89,,,
3,11010890,52,,right,saccade,,1.0,,,615.462,744.8689999999997,564.474,162.615,,,
4,11010938,140,4.113944444444447,left,fixation,2.0,,516.0585277777781,138.754361111111,,,,,1.0,4.077233310987043,8.382475529341027
5,11010946,132,4.111970588235295,right,fixation,,2.0,538.0510588235289,121.7165,,,,,1.0,5.595641404005666,26.291024571134557
6,11011082,20,,left,saccade,2.0,,,,505.889,114.59899999999999,452.68300000000005,159.957,,,
7,11011082,20,,right,saccade,,2.0,,,527.6030000000002,124.624,455.60400000000004,161.565,,,
8,11011106,232,3.9892068965517247,left,fixation,3.0,,427.3047288135591,197.438220338983,,,,,1.0,5.080382422176072,18.455767337068387
9,11011106,232,3.9892068965517247,right,fixation,,3.0,440.531305084746,201.235983050847,,,,,2.0,3.5925307483394135,10.727234160059561
10,11011342,20,,left,saccade,3.0,,,,417.18800000000016,181.19799999999998,515.03,176.649,,,
11,11011342,20,,right,saccade,,3.0,,,438.788,198.515,535.3330000000002,198.358,,,
12,11011366,100,,left,fixation,4.0,,532.380346153846,183.755653846154,,,,,1.0,4.2712607851130535,14.194863472397316
13,11011366,100,,right,fixation,,4.0,545.649461538462,188.82261538461498,,,,,0.0,,
14,11011470,40,,left,saccade,4.0,,,,542.428,187.455,563.64,144.65,,,
15,11011470,40,,right,saccade,,4.0,,,542.587,189.65,526.089,142.139,,,
16,11011630,112,3.9891111111111113,right,fixation,,5.0,542.10875862069,157.078689655172,,,,,1.0,10.974809765498852,41.73968999645301
17,11011638,96,3.990285714285714,left,fixation,5.0,,555.50888,163.525,,,,,1.0,6.8249255103790185,19.34644902818084
18,11011738,20,,left,saccade,5.0,,,,551.181,174.13,450.455,175.187,,,
19,11011746,12,,right,saccade,,5.0,,,538.9630000000002,164.891,486.796,166.731,,,
20,11011762,296,4.057959459459459,left,fixation,6.0,,443.6439733333329,156.65108,,,,,1.0,8.918181025610306,19.73916910612003
21,11011762,296,4.057959459459459,right,fixation,,6.0,456.5822,197.8268,,,,,5.0,4.3003512987653565,10.157028135091108
22,11012062,16,,left,saccade,6.0,,,,442.158,161.547,496.588,172.988,,,
23,11012062,16,,right,saccade,,6.0,,,459.279,194.737,518.221,195.739,,,
24,11012082,148,4.051837837837838,left,fixation,7.0,,518.380605263158,169.541631578947,,,,,1.0,7.012196535323287,17.262410086659422
25,11012082,152,4.051881578947369,right,fixation,,7.0,543.478307692308,185.63261538461498,,,,,4.0,4.862206967394669,9.836250150367317
26,11012234,20,,left,saccade,7.0,,,,532.6419999999998,178.37400000000005,614.984,165.33,,,
27,11012238,16,,right,saccade,,7.0,,,547.069,176.89700000000005,627.751,169.533,,,
28,11012258,212,4.040783018867925,left,fixation,8.0,,638.165314814815,167.196666666667,,,,,1.0,9.93230225353396,10.05757823732933
29,11012258,212,4.040783018867925,right,fixation,,8.0,644.054055555556,172.974481481481,,,,,1.0,13.942785706235346,25.173876002713637
30,11012474,20,,left,saccade,8.0,,,,639.364,163.619,722.357,160.64600000000004,,,
31,11012474,20,,right,saccade,,8.0,,,639.306,163.306,716.559,162.033,,,
32,11012498,340,4.115364705882352,left,fixation,9.0,,746.568069767442,168.510209302326,,,,,1.0,5.2559760696225215,15.446163439508267
33,11012498,344,4.116360465116278,right,fixation,,9.0,735.2872528735629,169.961068965517,,,,,3.0,3.45941147130274,8.043119958131209
34,11012842,24,,left,saccade,9.0,,,,759.683,191.794,870.674,189.83599999999998,,,
35,11012846,16,,right,saccade,,9.0,,,739.921,191.71099999999998,826.2339999999997,191.71099999999998,,,
36,11012866,380,4.282147368421051,right,fixation,,10.0,839.50446875,183.29661458333302,,,,,2.0,8.39230469239899,4.796799579546676
37,11012870,376,4.282744680851064,left,fixation,10.0,,880.4209263157892,206.20632631579,,,,,2.0,8.659668290953883,9.692709481160232
38,11013250,36,,left,saccade,10.0,,,,875.3969999999997,206.213,477.86199999999997,193.45,,,
39,11013250,36,,right,saccade,,10.0,,,841.044,198.859,485.75,187.137,,,
40,11013290,428,4.1858443396226415,left,fixation,11.0,,452.834638888889,169.643407407407,,,,,4.0,3.275528746534809,8.573494612042246
41,11013290,436,4.185958333333334,right,fixation,,11.0,445.647872727273,189.299618181818,,,,,3.0,5.146896151424591,8.93201655200917
42,11013722,16,,left,saccade,11.0,,,,449.204,161.065,500.343,152.60299999999995,,,
43,11013730,12,,right,saccade,,11.0,,,457.355,186.699,500.01599999999996,184.59099999999998,,,
44,11013742,156,4.196221549470208,left,fixation,12.0,,518.10485,161.315425,,,,,1.0,8.3707619459375,9.017321387196986
45,11013746,152,4.196323345259391,right,fixation,,12.0,524.167871794872,196.218666666667,,,,,2.0,4.742870518268521,12.987830973350016
46,11013902,40,,left,saccade,12.0,,,,516.589,174.75,647.4540000000002,175.908,,,
47,11013902,48,,right,saccade,,12.0,,,521.1759999999998,192.053,608.4730000000002,169.032,,,
48,11014034,544,4.2842467210209145,left,fixation,13.0,,638.9274744525541,206.058773722628,,,,,2.0,6.1403415751762065,19.101067873131345
49,11014046,532,4.2842467210209145,right,fixation,,13.0,625.051783582089,172.349567164179,,,,,4.0,2.510004847224704,5.735994503615168
50,11014582,20,,left,saccade,13.0,,,,649.816,169.24,738.557,169.42,,,
51,11014582,20,,right,saccade,,13.0,,,620.165,177.162,707.182,168.875,,,
52,11014606,256,4.107076923076924,left,fixation,14.0,,745.796230769231,183.07343076923092,,,,,1.0,3.340164437901565,10.374547026256103
53,11014606,256,4.107076923076924,right,fixation,,14.0,720.5407538461542,174.80132307692296,,,,,1.0,5.685486263773347,2.8910845715752047
54,11014866,16,,left,saccade,14.0,,,,727.925,194.59599999999998,667.454,194.59599999999998,,,
55,11014866,16,,right,saccade,,14.0,,,720.998,172.74599999999995,648.948,171.343,,,
56,11014886,376,4.149037634408602,left,fixation,15.0,,654.793936842105,177.45905263157903,,,,,2.0,5.104213625181998,13.74426753944068
57,11014886,380,4.149659574468085,right,fixation,,15.0,629.308625,180.253270833333,,,,,1.0,4.669071106762048,4.914404948719631
58,11015266,20,,left,saccade,15.0,,,,666.7080000000002,188.016,577.893,192.208,,,
59,11015270,16,,right,saccade,,15.0,,,621.646,181.61700000000002,555.243,185.56400000000002,,,
60,11015290,280,4.248781690140845,left,fixation,16.0,,555.608422535211,198.04007042253502,,,,,3.0,4.758400035751343,10.975397320883246
61,11015290,284,4.248840277777778,right,fixation,,16.0,530.080416666667,209.778125,,,,,1.0,7.175341555943147,13.824215999469812
62,11015574,24,,left,saccade,16.0,,,,549.493,225.56599999999997,441.115,213.545,,,
63,11015578,20,,right,saccade,,16.0,,,528.3,205.102,435.25199999999995,199.993,,,
64,11015602,192,4.22165625,left,fixation,17.0,,429.11506122449,174.81234693877602,,,,,1.0,4.573052423952978,28.15222541825071
65,11015602,192,4.22165625,right,fixation,,17.0,427.31544897959196,207.22693877551004,,,,,0.0,,
66,11015798,20,,left,saccade,17.0,,,,424.639,197.607,525.207,201.1,,,
67,11015798,20,,right,saccade,,17.0,,,428.38599999999997,207.24900000000002,526.194,198.303,,,
68,11015822,232,4.149543103448274,left,fixation,18.0,,542.5895084745761,188.77206779661,,,,,2.0,4.368587834090725,10.350319926179298
69,11015822,232,4.149543103448274,right,fixation,,18.0,550.925898305085,199.25491525423698,,,,,2.0,3.9461759458958334,3.5375146850867014
70,11016058,20,,left,saccade,18.0,,,,531.997,184.951,431.57300000000004,185.25099999999998,,,
71,11016058,24,,right,saccade,,18.0,,,551.164,199.05,430.786,196.769,,,
72,11016082,172,4.178220930232559,left,fixation,19.0,,409.68947727272695,173.891568181818,,,,,2.0,4.468946962102751,5.6987098773166185
73,11016086,168,4.178273809523809,right,fixation,,19.0,422.670627906977,213.978186046512,,,,,0.0,,
74,11016258,28,,left,saccade,19.0,,,,410.786,178.708,712.1619999999997,181.60299999999998,,,
75,11016258,28,,right,saccade,,19.0,,,426.358,226.013,705.584,205.268,,,
76,11016290,804,4.253766169154229,left,fixation,20.0,,809.6732920792081,221.259316831683,,,,,7.0,7.389573813886813,21.8773248418484
77,11016290,804,4.253766169154229,right,fixation,,20.0,785.703495049505,194.25509405940602,,,,,5.0,7.863062189435878,22.916480766666087
78,11017098,24,,right,saccade,,20.0,,,844.2410000000001,195.83700000000002,659.453,195.515,,,
79,11017098,28,,left,saccade,20.0,,,,863.6060000000001,232.22299999999998,656.054,212.252,,,
80,11017126,420,4.099442857142857,right,fixation,,21.0,641.408669811321,184.390349056604,,,,,3.0,3.7779444912298663,8.68775380486119
81,11017130,416,4.098552884615385,left,fixation,21.0,,645.998257142857,182.61153333333303,,,,,0.0,,
82,11017550,20,,left,saccade,21.0,,,,641.48,158.29,548.32,185.71599999999998,,,
83,11017550,20,,right,saccade,,21.0,,,647.66,203.248,549.832,210.296,,,
84,11017574,292,4.0879452054794525,left,fixation,22.0,,540.719,211.47498648648602,,,,,0.0,,
85,11017574,292,4.0879452054794525,right,fixation,,22.0,525.810283783783,211.56828378378398,,,,,1.0,4.2749969233257135,7.814335800309678
86,11017870,20,,left,saccade,22.0,,,,537.164,195.713,446.035,190.054,,,
87,11017870,20,,right,saccade,,22.0,,,520.999,211.395,431.95300000000003,200.09900000000002,,,
88,11017894,436,4.1925137614678905,right,fixation,,23.0,426.523572727273,206.45745454545502,,,,,3.0,2.865263696949328,9.027680777798436
89,11017894,444,4.192599099099098,left,fixation,23.0,,436.614848214286,185.47599107142898,,,,,2.0,5.088518697678298,9.142746590102648
90,11018334,20,,right,saccade,,23.0,,,432.175,211.40900000000002,507.293,205.442,,,
91,11018342,8,,left,saccade,23.0,,,,476.598,186.998,481.315,186.998,,,
92,11018354,516,4.25734496124031,left,fixation,24.0,,529.063446153846,190.652423076923,,,,,5.0,5.821561843451673,12.874107080757046
93,11018358,512,4.257816406250001,right,fixation,,24.0,509.323434108527,203.72183720930198,,,,,3.0,2.8167043274463737,8.526808305023957
94,11018874,20,,left,saccade,24.0,,,,526.466,211.65,616.085,214.46200000000002,,,
95,11018874,20,,right,saccade,,24.0,,,493.336,205.372,579.957,195.645,,,
96,11018898,228,4.31511403508772,left,fixation,25.0,,634.831603448276,221.856120689655,,,,,1.0,2.4171236579409374,6.967476587689368
97,11018898,228,4.31511403508772,right,fixation,,25.0,595.967603448276,199.124724137931,,,,,0.0,,
98,11019130,20,,left,saccade,25.0,,,,649.977,205.75400000000002,741.579,201.847,,,
99,11019130,20,,right,saccade,,25.0,,,600.345,203.253,719.044,194.416,,,
100,11019154,360,4.302438888888889,left,fixation,26.0,,753.567923076924,200.240164835165,,,,,4.0,3.2250547731606694,5.369664007724924
101,11019154,364,4.302021978021979,right,fixation,,26.0,727.091717391304,192.898456521739,,,,,1.0,2.822747641926221,6.400736207656096
102,11019518,32,,left,saccade,26.0,,,,760.0319999999997,199.669,471.39300000000003,190.658,,,
103,11019522,28,,right,saccade,,26.0,,,727.11,188.32299999999998,461.955,187.273,,,
104,11019554,320,4.2004875,right,fixation,,27.0,441.004358024691,185.372419753086,,,,,1.0,8.117009310016142,1.340363010531037
105,11019554,324,4.2001172839506165,left,fixation,27.0,,449.444036585366,165.96456097561,,,,,1.0,6.606751904091923,28.711995768319536
106,11019878,28,,right,saccade,,27.0,,,445.18,184.525,679.6419999999998,173.02200000000005,,,
107,11019882,24,,left,saccade,27.0,,,,447.18300000000005,185.628,685.5369999999998,188.294,,,
108,11019910,364,4.19360989010989,left,fixation,28.0,,733.950304347826,196.103663043478,,,,,3.0,6.493015767022509,22.49915010779624
109,11019910,364,4.19360989010989,right,fixation,,28.0,722.657032608696,160.978695652174,,,,,3.0,5.8231938919420925,14.959058619678373
110,11020278,20,,left,saccade,28.0,,,,769.075,209.704,848.804,212.71099999999998,,,
111,11020278,20,,right,saccade,,28.0,,,743.857,156.365,843.033,163.265,,,
112,11020302,256,4.18403125,left,fixation,29.0,,882.209938461539,212.470092307692,,,,,1.0,7.408868553969611,7.516757944752506
113,11020302,256,4.18403125,right,fixation,,29.0,849.28603076923,182.81946153846198,,,,,0.0,,
114,11020562,32,,left,saccade,29.0,,,,889.21,205.114,565.797,203.747,,,
115,11020562,32,,right,saccade,,29.0,,,849.159,194.69799999999998,547.4830000000002,192.231,,,
116,11020598,272,4.062823529411765,right,fixation,,30.0,522.233536231884,202.188695652174,,,,,2.0,4.708488674621679,6.400692064664197
117,11020598,276,4.0622173913043484,left,fixation,30.0,,545.557585714286,176.431471428572,,,,,1.0,3.4941336750171663,11.740065161659093
118,11020874,20,,right,saccade,,30.0,,,520.038,204.893,603.656,193.12900000000002,,,
119,11020878,16,,left,saccade,30.0,,,,549.982,173.528,606.962,173.528,,,
120,11020898,695,4.071537572254335,left,fixation,31.0,,637.584365714285,171.180165714286,,,,,1.0,4.292678062054575,8.27933970797182
121,11020898,695,4.071537572254335,right,fixation,,31.0,622.751045714286,179.648611428571,,,,,1.0,2.5481150168092697,6.585002429764147
122,11021597,20,,left,saccade,31.0,,,,639.5409999999998,158.775,741.2819999999997,155.195,,,
123,11021597,20,,right,saccade,,31.0,,,625.24,173.075,709.954,172.095,,,
124,11021621,428,4.251878504672897,left,fixation,32.0,,764.4088240740739,197.843601851852,,,,,3.0,5.026772652132063,18.451914797949843
125,11021621,432,4.253060185185185,right,fixation,,32.0,734.015596330275,172.66147706422,,,,,2.0,3.9899459709031935,3.1103022301011807
126,11022053,20,,left,saccade,32.0,,,,766.7230000000003,207.192,675.841,214.06099999999998,,,
127,11022057,20,,right,saccade,,32.0,,,738.515,179.72799999999995,648.349,181.49400000000003,,,
128,11022077,852,4.218791079812206,left,fixation,33.0,,645.906098130841,177.458014018691,,,,,8.0,3.783873943981108,12.108143057504027
129,11022081,848,4.218040094339623,right,fixation,,33.0,613.69568544601,178.917995305164,,,,,8.0,4.111913795500279,17.533101306473302
130,11022933,52,,left,saccade,33.0,,,,650.927,155.916,1454.5729999999999,148.57399999999996,,,
131,11022933,52,,right,saccade,,33.0,,,615.386,178.734,1431.391,159.204,,,
132,11022989,1064,4.10235861423221,left,fixation,34.0,,1461.1508689138598,118.83738576779,,,,,9.0,4.200237934465118,12.179344683434925
133,11022989,1068,4.102500932835821,right,fixation,,34.0,1432.81011940298,123.278264925373,,,,,9.0,4.2827999884469685,15.889780058394132
134,11024057,44,,left,saccade,34.0,,,,1450.432,119.432,850.332,136.36,,,
135,11024061,40,,right,saccade,,34.0,,,1443.0529999999999,103.445,828.549,123.73299999999999,,,
136,11024105,301,4.150618421052632,left,fixation,35.0,,843.6318815789481,185.72830263157903,,,,,3.0,7.798437328684203,19.150275429357556
137,11024105,301,4.150618421052632,right,fixation,,35.0,808.202157894737,160.729302631579,,,,,4.0,6.778283151341674,24.009006865537014
138,11024410,28,,left,saccade,35.0,,,,872.068,225.0,574.238,200.778,,,
139,11024410,28,,right,saccade,,35.0,,,827.585,176.398,547.123,184.465,,,
140,11024442,299,4.1329864864864865,right,fixation,,36.0,517.206421052632,191.926671052631,,,,,2.0,5.02183563075229,8.48619064994638
141,11024442,303,4.132626666666667,left,fixation,36.0,,545.88135064935,168.09488311688298,,,,,2.0,6.569451375649563,10.544592055736416
142,11024745,20,,right,saccade,,36.0,,,521.146,193.875,592.927,185.94299999999998,,,
143,11024749,16,,left,saccade,36.0,,,,538.6619999999998,177.549,612.0980000000002,168.85,,,
144,11024769,160,4.12465,left,fixation,37.0,,625.928341463414,153.045536585366,,,,,0.0,,
145,11024769,160,4.12465,right,fixation,,37.0,605.514975609756,171.765926829268,,,,,1.0,4.18026688741278,10.855080331347096
146,11024933,20,,left,saccade,37.0,,,,630.078,151.335,733.798,156.636,,,
147,11024933,20,,right,saccade,,37.0,,,603.881,176.926,719.2460000000003,167.41299999999995,,,
148,11024957,224,4.169401785714286,left,fixation,38.0,,750.636754385965,173.347824561404,,,,,2.0,4.181852046065004,11.049759843253188
149,11024957,224,4.169401785714286,right,fixation,,38.0,728.37949122807,168.273245614035,,,,,1.0,6.259288273793179,6.813281514806053
150,11025185,28,,left,saccade,38.0,,,,762.453,185.642,467.43199999999996,175.27900000000002,,,
151,11025185,32,,right,saccade,,38.0,,,736.7760000000003,156.72799999999995,454.281,165.075,,,
152,11025217,172,4.259151162790698,left,fixation,39.0,,444.032840909091,167.544613636364,,,,,2.0,2.8991100428378815,9.494030791899474
153,11025221,168,4.260202380952381,right,fixation,,39.0,424.511744186046,172.98460465116298,,,,,1.0,8.76858103939539,13.642438381755678
154,11025393,16,,left,saccade,39.0,,,,446.256,188.238,445.99300000000005,246.33,,,
155,11025393,16,,right,saccade,,39.0,,,412.539,190.613,409.559,240.33900000000003,,,
156,11025413,620,4.257648387096775,right,fixation,,40.0,399.696871794872,290.525121794872,,,,,8.0,5.558666741547791,16.421020557684578
157,11025413,624,4.257407051282052,left,fixation,40.0,,439.307802547771,290.46570700636903,,,,,5.0,6.996504506189687,22.265608596810278
158,11026037,20,,right,saccade,,40.0,,,420.20300000000003,312.824,491.976,313.349,,,
159,11026041,16,,left,saccade,40.0,,,,454.895,313.32,517.271,310.764,,,
160,11026061,188,4.2082195121951225,left,fixation,41.0,,546.288708333333,311.20139583333304,,,,,1.0,6.395945210747884,10.901844476968186
161,11026061,188,4.2082195121951225,right,fixation,,41.0,510.3046875,313.814625,,,,,2.0,4.085177377449889,9.218038614427662
162,11026253,40,,left,saccade,41.0,,,,559.105,305.817,558.021,265.064,,,
163,11026253,40,,right,saccade,,41.0,,,504.24800000000016,318.278,473.879,266.845,,,
164,11026401,128,4.098412186379928,right,fixation,,42.0,501.17736363636396,266.032484848485,,,,,1.0,21.961946091794534,66.23194990335098
165,11026409,116,4.0956182795698926,left,fixation,42.0,,555.469033333333,291.823466666667,,,,,3.0,5.8955255183362025,15.857365776389052
166,11026529,16,,left,saccade,42.0,,,,552.578,302.742,628.0269999999998,303.08799999999997,,,
167,11026533,12,,right,saccade,,42.0,,,518.496,274.51,572.554,279.426,,,
168,11026549,268,4.1255522388059696,right,fixation,,43.0,598.075573529412,297.600323529412,,,,,2.0,6.069857740554925,12.980061026520398
169,11026549,272,4.125411764705882,left,fixation,43.0,,643.203579710145,318.586971014493,,,,,1.0,4.799288503402255,10.710419086104958
170,11026821,24,,right,saccade,,43.0,,,601.635,289.421,725.544,283.9,,,
171,11026825,20,,left,saccade,43.0,,,,645.908,318.76,759.347,315.3640000000001,,,
172,11026849,596,4.103439597315436,left,fixation,44.0,,773.3416066666672,324.79017333333303,,,,,1.0,6.396830473844952,14.14696016817735
173,11026849,596,4.103439597315436,right,fixation,,44.0,739.917966666667,293.25816666666697,,,,,3.0,5.018175124213903,8.303678371016574
174,11027449,16,,left,saccade,44.0,,,,791.26,329.283,857.706,322.72,,,
175,11027449,16,,right,saccade,,44.0,,,743.898,311.193,796.7439999999997,317.93,,,
176,11027469,1228,4.332687296416938,left,fixation,45.0,,868.263207792207,359.726116883117,,,,,1.0,5.6088327786526815,20.276263289866765
177,11027469,1232,4.332711038961039,right,fixation,,45.0,836.112815533981,347.450110032363,,,,,10.0,4.089704721293512,11.204053701166945
178,11028701,40,,left,saccade,45.0,,,,868.326,350.38599999999997,482.45300000000003,336.94599999999997,,,
179,11028705,36,,right,saccade,,45.0,,,833.01,354.532,448.019,338.695,,,
180,11028745,612,4.230575163398693,right,fixation,,46.0,418.500948051948,335.733597402597,,,,,4.0,4.437815283015408,6.789494006051839
181,11028745,616,4.229636363636364,left,fixation,46.0,,442.616780645161,321.636174193549,,,,,2.0,6.214771754312693,21.90583614092782
182,11029361,8,,right,saccade,,46.0,,,443.186,345.399,467.101,342.51800000000014,,,
183,11029365,4,,left,saccade,46.0,,,,467.884,316.76099999999997,471.69699999999995,316.76099999999997,,,
184,11029373,660,4.133578787878788,right,fixation,,47.0,511.236975903615,320.788234939759,,,,,2.0,5.929246201879195,21.526072795232373
185,11029373,668,4.133799401197605,left,fixation,47.0,,531.234380952381,319.385107142857,,,,,4.0,4.5312361319604495,18.15010076490353
186,11030037,20,,right,saccade,,47.0,,,520.883,316.436,602.211,308.153,,,
187,11030045,12,,left,saccade,47.0,,,,567.355,308.9170000000001,614.499,304.643,,,
188,11030061,380,4.119213541666666,left,fixation,48.0,,642.136177083333,320.385302083333,,,,,1.0,7.091482851123406,18.960519191203574
189,11030061,380,4.119213541666666,right,fixation,,48.0,614.855041666667,302.046197916667,,,,,1.0,3.4076632593155307,9.192462401337382
190,11030445,20,,left,saccade,48.0,,,,636.255,331.399,706.015,327.51,,,
191,11030445,20,,right,saccade,,48.0,,,615.184,298.0440000000001,712.75,293.638,,,
192,11030469,832,4.046620772946859,right,fixation,,49.0,733.977301435407,309.312066985646,,,,,8.0,4.357180432761285,11.200124581142607
193,11030469,840,4.0470502392344505,left,fixation,49.0,,749.844962085307,332.030033175356,,,,,6.0,5.139550696456318,12.869984595865404
194,11031305,20,,right,saccade,,49.0,,,747.784,288.8640000000001,823.924,288.442,,,
195,11031313,12,,left,saccade,49.0,,,,787.937,335.8119999999999,846.159,334.885,,,
196,11031329,676,4.155779411764707,right,fixation,,50.0,843.568029411765,328.811564705882,,,,,12.0,5.062369115612475,13.02939022587944
197,11031329,1068,4.164018656716419,left,fixation,50.0,,860.890861940299,332.778138059702,,,,,6.0,5.228960198108838,14.44529222757825
198,11032009,4,,right,saccade,,50.0,,,856.403,294.128,851.7360000000001,292.611,,,
199,11032017,380,4.177273684210526,right,fixation,,51.0,820.59675,274.122489583333,,,,,3.0,4.646045769951684,12.404376995158186
200,11032401,40,,left,saccade,50.0,,,,809.921,328.463,1332.33,299.7920000000001,,,
201,11032401,40,,right,saccade,,51.0,,,805.8860000000003,273.454,1349.015,261.89,,,
202,11032445,196,4.0283061224489805,left,fixation,51.0,,1368.0827800000004,273.64027999999996,,,,,2.0,4.452930004316487,6.76383840269446
203,11032445,196,4.0283061224489805,right,fixation,,52.0,1374.19004,251.47192,,,,,1.0,2.396658397065065,8.423364232894247
204,11032645,20,,right,saccade,,52.0,,,1378.499,246.072,1571.366,246.78099999999998,,,
205,11032645,24,,left,saccade,51.0,,,,1372.9879999999996,274.118,1553.2479999999994,268.964,,,
206,11032669,908,3.974461622807017,right,fixation,,53.0,1558.75534210526,235.065662280702,,,,,6.0,2.95847524992644,7.874493110103638
207,11032673,904,3.974569383259912,left,fixation,52.0,,1543.9907092510998,247.268339207048,,,,,7.0,4.714836379320737,12.059148132660393
208,11033581,56,,left,saccade,52.0,,,,1523.1329999999994,250.389,482.717,386.24699999999996,,,
209,11033581,60,,right,saccade,,53.0,,,1553.815,226.201,484.8,372.923,,,
210,11033641,172,4.246325581395349,left,fixation,53.0,,469.317613636364,418.626818181818,,,,,2.0,12.691611593427426,27.493202515791154
211,11033645,532,4.184969924812029,right,fixation,,54.0,421.913723880597,438.008365671642,,,,,3.0,8.119812671364262,22.90001534789563
212,11033817,0,,left,saccade,53.0,,,,439.537,431.324,439.537,431.324,,,
213,11033821,360,4.151983333333333,left,fixation,54.0,,427.95170329670304,441.62971428571404,,,,,2.0,4.596408470364318,6.1718373932086905
214,11034181,20,,right,saccade,,54.0,,,403.934,446.417,488.765,448.49699999999996,,,
215,11034185,20,,left,saccade,54.0,,,,427.036,448.81300000000016,520.069,455.94699999999995,,,
216,11034205,512,4.00931640625,right,fixation,,55.0,501.116697674419,472.894170542635,,,,,3.0,2.861935545931175,8.728599968187682
217,11034209,508,4.0091496062992125,left,fixation,55.0,,521.7128203125,457.2021015625,,,,,2.0,2.8310835921464013,3.016693888281516
218,11034721,20,,left,saccade,55.0,,,,522.07,453.539,638.004,449.35,,,
219,11034721,20,,right,saccade,,55.0,,,494.259,481.648,593.751,476.116,,,
220,11034745,452,4.14116814159292,left,fixation,56.0,,650.222114035088,459.35326315789496,,,,,1.0,3.3348937222779464,8.348439015768138
221,11034745,452,4.14116814159292,right,fixation,,56.0,612.7726754385959,478.94303508772003,,,,,3.0,3.817726706034868,6.910939140862338
222,11035201,20,,left,saccade,56.0,,,,662.0089999999999,456.621,750.952,464.689,,,
223,11035201,20,,right,saccade,,56.0,,,611.3240000000002,473.851,706.3710000000003,470.536,,,
224,11035225,396,4.1769848484848495,left,fixation,57.0,,758.1779,468.95957000000004,,,,,3.0,2.8507814260845663,8.029320180293027
225,11035225,396,4.1769848484848495,right,fixation,,57.0,725.7646,467.11754,,,,,2.0,3.3219160789346938,6.3885025205450745
226,11035625,28,,left,saccade,57.0,,,,755.596,487.712,465.034,472.51099999999997,,,
227,11035625,28,,right,saccade,,57.0,,,730.19,479.532,438.663,475.408,,,
228,11035657,432,4.0724120370370365,right,fixation,,58.0,412.4891467889911,460.16149541284403,,,,,4.0,6.402081341059268,13.636238076554331
229,11035657,576,4.072947916666667,left,fixation,58.0,,456.19677241379287,452.30484827586196,,,,,5.0,6.993718449803373,15.160407909742329
230,11036093,0,,right,saccade,,58.0,,,446.76300000000003,450.67900000000003,446.76300000000003,450.67900000000003,,,
231,11036097,136,4.074058823529412,right,fixation,,59.0,474.221885714286,463.3327428571431,,,,,1.0,5.873844153438936,12.316693712193988
232,11036237,20,,left,saccade,58.0,,,,511.92800000000005,464.25699999999995,423.24300000000005,463.54699999999997,,,
233,11036237,20,,right,saccade,,59.0,,,477.099,469.534,396.80800000000005,467.975,,,
234,11036261,224,4.088714285714286,left,fixation,59.0,,410.254245614035,456.016140350877,,,,,1.0,3.5503642144934253,2.7082527577757847
235,11036261,224,4.088714285714286,right,fixation,,60.0,387.711912280702,470.14498245614004,,,,,1.0,3.1151575356989802,3.8192200774504
236,11036489,20,,left,saccade,59.0,,,,403.73,446.023,507.408,447.111,,,
237,11036489,20,,right,saccade,,60.0,,,389.954,471.353,492.41,470.25300000000004,,,
238,11036513,475,4.139852459016393,right,fixation,,61.0,509.869116666667,477.5381916666671,,,,,1.0,2.0511772568183675,3.900423182168832
239,11036513,479,4.139852459016393,left,fixation,60.0,,541.666099173554,462.704611570248,,,,,1.0,8.936446634118301,13.674114121214632
240,11036992,40,,right,saccade,,61.0,,,509.416,491.001,494.194,438.31699999999995,,,
241,11036996,40,,left,saccade,60.0,,,,553.808,472.681,547.556,441.02099999999996,,,
242,11037144,24,,left,fixation,61.0,,553.7230000000002,433.062428571429,,,,,1.0,11.222095171035473,23.369415504030002
243,11037148,16,,right,fixation,,62.0,513.249,434.0558,,,,,0.0,,
244,11037168,24,,right,saccade,,62.0,,,528.726,431.215,604.675,437.254,,,
245,11037172,20,,left,saccade,61.0,,,,558.225,420.58,623.617,424.63599999999997,,,
246,11037196,728,4.071060904803425,left,fixation,62.0,,655.445010928962,454.10937704918,,,,,1.0,12.603481314700305,23.927698175963435
247,11037196,728,4.071060904803425,right,fixation,,63.0,627.789491803279,463.028781420765,,,,,4.0,4.988053523300848,10.742924764514113
248,11037928,16,,left,saccade,62.0,,,,660.539,471.675,734.179,471.216,,,
249,11037928,16,,right,saccade,,63.0,,,624.795,447.27,706.99,453.85699999999997,,,
250,11037948,960,4.13969375,left,fixation,63.0,,767.0861369294597,482.05399170124497,,,,,1.0,4.34864085088667,15.641515591527606
251,11037948,960,4.13969375,right,fixation,,64.0,731.3349211618249,470.501062240663,,,,,7.0,3.0617936340671545,7.631954254783353
252,11038912,20,,left,saccade,63.0,,,,767.8489999999997,482.746,858.153,490.905,,,
253,11038912,20,,right,saccade,,64.0,,,721.297,484.582,823.939,482.32,,,
254,11038936,380,4.418515789473684,left,fixation,64.0,,869.279083333334,473.599,,,,,3.0,6.422964629853836,14.45347378988599
255,11038936,380,4.418515789473684,right,fixation,,65.0,820.9658437500011,483.851208333333,,,,,1.0,4.925859795225817,7.462270029957362
256,11039320,20,,left,saccade,64.0,,,,874.799,484.575,750.53,461.459,,,
257,11039320,20,,right,saccade,,65.0,,,823.666,503.099,709.4630000000003,489.856,,,
258,11039344,204,4.3723921568627455,left,fixation,65.0,,743.8757307692308,460.25525,,,,,1.0,4.762152737412429,5.8399884417694485
259,11039344,204,4.3723921568627455,right,fixation,,66.0,697.344230769231,471.0244807692311,,,,,1.0,6.590306123812147,15.043270023502247
260,11039552,16,,left,saccade,65.0,,,,748.7489999999997,467.996,805.313,484.31199999999995,,,
261,11039552,20,,right,saccade,,66.0,,,700.935,468.546,769.034,497.181,,,
262,11039572,792,4.3095934343434354,left,fixation,66.0,,854.9067336683411,489.01843216080397,,,,,3.0,6.2791949609418,19.3799645703067
263,11039576,788,4.309380710659898,right,fixation,,67.0,814.170737373737,490.659176767677,,,,,6.0,3.959548034085712,14.437017214313824
264,11040368,20,,left,saccade,66.0,,,,871.805,483.644,740.908,473.00699999999995,,,
265,11040368,24,,right,saccade,,67.0,,,829.437,477.135,679.956,449.986,,,
266,11040392,329,4.13216265060241,left,fixation,67.0,,719.323674698795,443.45543373494,,,,,1.0,6.523226417110532,18.299269958115747
267,11040396,321,4.131635802469136,right,fixation,,68.0,675.237901234568,448.492296296296,,,,,2.0,4.313767085799623,11.40689440013509
268,11040721,52,,right,saccade,,68.0,,,678.2810000000002,454.083,1418.9720000000002,381.235,,,
269,11040725,44,,left,saccade,67.0,,,,720.125,445.726,1390.115,387.205,,,
270,11040773,895,4.0863203125,left,fixation,68.0,,1478.90817777778,379.245151111111,,,,,7.0,4.578012398360257,16.536735975663632
271,11040777,891,4.0861356502242145,right,fixation,,69.0,1486.57529910714,369.3167723214289,,,,,5.0,3.800240160167633,16.385433494269982
272,11041672,60,,left,saccade,68.0,,,,1491.0439999999999,394.217,473.344,491.30800000000005,,,
273,11041672,60,,right,saccade,,69.0,,,1512.412,378.848,475.098,510.53,,,
274,11041736,680,4.102694117647058,right,fixation,,70.0,421.691169590643,586.152690058479,,,,,5.0,5.770903015122067,22.434996839758377
275,11041736,684,4.102540935672515,left,fixation,69.0,,436.94473837209296,549.6700813953489,,,,,4.0,6.688391071665264,24.39847289520321
276,11042420,20,,right,saccade,,70.0,,,427.659,619.873,519.111,610.664,,,
277,11042424,16,,left,saccade,69.0,,,,453.153,576.411,508.31199999999995,576.002,,,
278,11042444,420,4.130636363636364,left,fixation,70.0,,540.5583679245279,573.701264150943,,,,,3.0,4.835092004405388,15.863267777177107
279,11042444,424,4.130636363636364,right,fixation,,71.0,526.813906542056,612.056859813084,,,,,2.0,4.598691819426376,5.882678098337577
280,11042868,40,,left,saccade,70.0,,,,548.685,569.789,590.8919999999998,592.737,,,
281,11042872,60,,right,saccade,,71.0,,,511.28,618.5790000000002,552.599,561.231,,,
282,11042996,1168,4.277362007593735,left,fixation,71.0,,639.4113242320819,570.061607508533,,,,,5.0,5.323116435572464,15.885211106688766
283,11043016,1144,4.277036567934567,right,fixation,,72.0,596.823550522649,618.378425087108,,,,,5.0,4.176323644819721,18.745781786561746
284,11044164,20,,right,saccade,,72.0,,,575.878,627.471,678.135,628.457,,,
285,11044168,20,,left,saccade,71.0,,,,640.561,587.18,738.034,591.535,,,
286,11044188,1248,4.3606410256410255,right,fixation,,73.0,716.443386581469,625.045766773163,,,,,4.0,7.932647039044969,21.908553373595186
287,11044192,1240,4.360838709677419,left,fixation,72.0,,755.566350482316,587.83064630225,,,,,5.0,6.900446225051786,21.732985852374707
288,11045436,4,,left,saccade,72.0,,,,796.705,591.484,790.7510000000003,591.484,,,
289,11045440,0,,right,saccade,,73.0,,,746.6160000000001,620.938,746.6160000000001,620.938,,,
290,11045444,204,4.27635294117647,left,fixation,73.0,,748.772826923077,578.789326923077,,,,,1.0,14.129271877127234,21.023498329250668
291,11045444,204,4.27635294117647,right,fixation,,74.0,716.344807692308,614.984365384615,,,,,1.0,8.274072603285799,14.202953953315427
292,11045652,20,,left,saccade,73.0,,,,745.8739999999997,583.064,825.268,583.91,,,
293,11045652,20,,right,saccade,,74.0,,,718.618,618.085,801.3380000000003,618.581,,,
294,11045676,1236,4.288910873440286,right,fixation,,75.0,818.293058064516,623.162148387097,,,,,7.0,5.4747828004084695,17.674105525434424
295,11045676,1240,4.288910873440286,left,fixation,74.0,,851.0931286173628,592.833723472668,,,,,6.0,8.24626452637632,19.657743764569556
296,11046916,40,,right,saccade,,75.0,,,833.061,619.931,843.3910000000003,624.927,,,
297,11046920,40,,left,saccade,74.0,,,,866.058,593.561,875.291,587.628,,,
298,11047068,176,4.383848484848484,right,fixation,,76.0,858.997466666667,615.212,,,,,2.0,4.170821536891844,10.919604785814476
299,11047072,172,4.383848484848485,left,fixation,75.0,,881.3253181818179,596.130727272727,,,,,0.0,,
300,11047248,36,,left,saccade,75.0,,,,891.5089999999999,587.288,467.06199999999995,614.557,,,
301,11047248,36,,right,saccade,,76.0,,,857.865,614.994,448.88199999999995,617.877,,,
302,11047288,1596,4.168172506738544,left,fixation,76.0,,436.11136500000003,597.6802625,,,,,10.0,5.550189890265725,12.504293752667762
303,11047288,1596,4.168172506738544,right,fixation,,77.0,421.529554999999,607.8597725,,,,,10.0,4.556796076434728,10.600382498021213
304,11048888,40,,left,saccade,76.0,,,,422.673,579.104,426.48199999999997,592.1759999999998,,,
305,11048888,40,,right,saccade,,77.0,,,391.836,594.545,387.207,585.994,,,
306,11049044,428,4.167413560351512,right,fixation,,78.0,440.3360648148149,595.4944722222219,,,,,4.0,8.995262450485868,30.14808869086634
307,11049048,0,,left,fixation,77.0,,436.08,592.1759999999998,,,,,0.0,,
308,11049052,12,,left,saccade,77.0,,,,437.276,592.1759999999998,456.94800000000004,555.28,,,
309,11049068,392,4.1701027129380055,left,fixation,78.0,,454.796848484848,566.9974141414141,,,,,1.0,2.8866445919094335,8.383699660650981
310,11049464,16,,left,saccade,78.0,,,,440.06199999999995,579.839,500.898,579.234,,,
311,11049476,4,,right,saccade,,78.0,,,477.519,604.773,478.155,604.773,,,
312,11049484,512,4.01579296875,left,fixation,79.0,,527.7056046511631,583.478682170542,,,,,2.0,4.135141225857478,9.008437042283553
313,11049484,512,4.01579296875,right,fixation,,79.0,513.244620155039,611.161139534884,,,,,1.0,6.1579187050315705,5.7736038139103085
314,11050000,20,,left,saccade,79.0,,,,530.643,576.701,617.851,583.4,,,
315,11050000,20,,right,saccade,,79.0,,,506.474,603.533,605.444,607.536,,,
316,11050024,2932,4.115967257844475,left,fixation,80.0,,718.2174536784752,595.037463215259,,,,,13.0,4.4188796962244465,13.659433036590713
317,11050024,2936,4.116207765667575,right,fixation,,80.0,694.7988340136052,622.293742857142,,,,,17.0,3.8405297515531167,13.644258175268149
318,11052960,16,,left,saccade,80.0,,,,754.2610000000003,593.65,687.164,594.59,,,
319,11052964,12,,right,saccade,,80.0,,,707.6560000000003,630.754,652.734,625.79,,,
320,11052980,176,4.253363636363637,left,fixation,81.0,,675.495333333333,599.833533333333,,,,,0.0,,
321,11052980,176,4.253363636363637,right,fixation,,81.0,638.287311111111,627.344622222222,,,,,2.0,5.320321428216644,8.385982377904263
322,11053160,24,,left,saccade,81.0,,,,671.6389999999999,607.043,837.012,606.062,,,
323,11053160,24,,right,saccade,,81.0,,,639.7959999999998,629.107,809.317,628.653,,,
324,11053188,892,4.198120253820254,right,fixation,,82.0,829.588245535715,623.651392857143,,,,,2.0,2.6700623536990844,15.337269299344065
325,11053188,896,4.198120253820254,left,fixation,82.0,,858.2336755555569,602.442377777778,,,,,4.0,4.572141486832568,12.037999628239028
326,11054084,40,,right,saccade,,82.0,,,837.3960000000003,620.507,815.664,566.033,,,
327,11054088,40,,left,saccade,82.0,,,,858.93,600.929,853.034,603.019,,,
328,11054227,400,4.157939024390244,left,fixation,83.0,,855.2114950495053,596.077910891089,,,,,3.0,5.8954482980017495,15.721429448363947
329,11054231,392,4.157939024390244,right,fixation,,83.0,837.065111111111,584.5911212121209,,,,,5.0,3.810423610752488,11.277120575291585
330,11054627,40,,right,saccade,,83.0,,,856.15,601.061,834.3969999999997,595.599,,,
331,11054631,40,,left,saccade,83.0,,,,865.836,602.9580000000002,830.2080000000003,601.393,,,
332,11054795,164,4.073149554436265,right,fixation,,84.0,826.783952380952,585.8758333333329,,,,,3.0,7.838432263716987,24.247930402763227
333,11054803,156,4.073149554436266,left,fixation,84.0,,837.6844,592.71375,,,,,2.0,10.698055713673154,9.804861182522453
334,11054963,32,,left,saccade,84.0,,,,845.472,603.68,451.431,610.3480000000002,,,
335,11054963,36,,right,saccade,,84.0,,,813.51,610.828,442.64599999999996,617.714,,,
336,11054999,965,3.9380909090909086,left,fixation,85.0,,426.569975206612,599.499557851239,,,,,3.0,3.5574951103352945,13.385435964225598
337,11055003,961,3.9376763485477184,right,fixation,,85.0,419.39897925311203,608.934804979253,,,,,4.0,3.5497870447214503,8.851970120306607
338,11055968,32,,left,saccade,85.0,,,,448.921,590.877,859.835,589.95,,,
339,11055968,36,,right,saccade,,85.0,,,431.18,615.495,834.685,618.224,,,
340,11056004,663,4.13589696969697,left,fixation,86.0,,873.99351497006,611.324616766467,,,,,4.0,5.016266186996789,13.928192757844633
341,11056008,659,4.136125,right,fixation,,86.0,839.147728915663,630.141060240964,,,,,7.0,5.233973734519253,9.681196505183566
342,11056671,36,,right,saccade,,86.0,,,832.683,627.0459999999998,472.108,616.747,,,
343,11056671,40,,left,saccade,86.0,,,,860.674,609.61,479.54900000000004,611.014,,,
344,11056711,1156,4.085423875432526,right,fixation,,87.0,420.780824137931,603.9345862068969,,,,,10.0,4.463008667407798,15.121267485630106
345,11056715,1152,4.0855590277777765,left,fixation,87.0,,437.74770934256105,593.174588235294,,,,,7.0,5.049338467271606,14.113743275972812
346,11057871,36,,left,saccade,87.0,,,,440.57599999999996,588.125,850.62,593.443,,,
347,11057871,36,,right,saccade,,87.0,,,419.35,587.252,839.9839999999997,595.082,,,
348,11057911,980,4.0963306122448975,left,fixation,88.0,,864.944150406503,615.8928211382109,,,,,3.0,8.097923024374083,22.617920783494487
349,11057911,988,4.095637651821862,right,fixation,,88.0,849.346076612903,611.840552419355,,,,,4.0,5.3016030332709745,14.752692604340822
350,11058895,16,,left,saccade,88.0,,,,865.191,639.149,800.0889999999997,614.043,,,
351,11058903,8,,right,saccade,,88.0,,,809.956,593.182,795.2860000000003,592.861,,,
352,11058915,352,4.123051136363636,left,fixation,89.0,,786.9691797752811,595.6413146067421,,,,,2.0,6.648400723196316,13.583460686551476
353,11058915,352,4.123051136363636,right,fixation,,89.0,766.819269662921,586.383202247191,,,,,2.0,5.912623880440962,21.49631567277724
354,11059271,24,,left,saccade,89.0,,,,788.7810000000003,583.506,572.125,586.356,,,
355,11059271,24,,right,saccade,,89.0,,,771.8760000000003,598.0419999999998,583.379,598.318,,,
356,11059299,508,4.1863779527559055,left,fixation,90.0,,543.2015390625,591.1294140625,,,,,3.0,4.5711616455419835,13.900299982156591
357,11059299,512,4.18620703125,right,fixation,,90.0,534.14784496124,597.950891472868,,,,,5.0,4.3833117945781455,12.456818776487491
358,11059811,20,,left,saccade,90.0,,,,524.962,589.572,606.6080000000002,576.982,,,
359,11059815,16,,right,saccade,,90.0,,,524.379,607.932,580.2,604.125,,,
360,11059835,344,4.165942048658243,right,fixation,,91.0,601.884655172414,605.191367816092,,,,,1.0,8.530948118794047,5.053141300221076
361,11059835,352,4.165942048658243,left,fixation,91.0,,624.419359550562,588.447011235955,,,,,2.0,5.706978558342058,6.143758297231018
362,11060183,40,,right,saccade,,91.0,,,601.131,607.85,710.192,614.606,,,
363,11060191,40,,left,saccade,91.0,,,,629.502,572.401,706.709,594.018,,,
364,11060323,104,,left,fixation,92.0,,736.803666666667,576.712740740741,,,,,2.0,5.749842454754312,15.449697228269189
365,11060327,100,,right,fixation,,92.0,719.3409230769231,572.237076923077,,,,,1.0,10.352161241069938,42.005624385313
366,11060431,40,,left,saccade,92.0,,,,751.4839999999997,577.095,740.1519999999997,593.77,,,
367,11060431,40,,right,saccade,,92.0,,,724.454,564.234,706.6389999999999,626.414,,,
368,11060599,4,,right,fixation,,93.0,706.6389999999999,626.414,,,,,0.0,,
369,11060607,8,,right,saccade,,93.0,,,699.0360000000003,609.755,699.0360000000003,575.564,,,
370,11060607,516,4.0703804878048775,left,fixation,93.0,,742.254338461539,590.767638461539,,,,,3.0,5.970536276141129,14.910289029750395
371,11060619,504,4.0703804878048775,right,fixation,,94.0,717.9830472440939,611.825149606299,,,,,3.0,3.6833269278648473,13.346423611748026
372,11061127,20,,left,saccade,93.0,,,,747.5260000000003,590.948,847.59,592.128,,,
373,11061127,20,,right,saccade,,94.0,,,726.34,623.5219999999998,844.837,617.089,,,
374,11061151,428,3.988166666666667,left,fixation,94.0,,859.710222222223,602.441074074074,,,,,1.0,4.4574798591182,11.951638925268714
375,11061151,428,3.988166666666667,right,fixation,,95.0,839.478833333333,612.965194444444,,,,,2.0,3.4212462284988128,6.109249468306213
376,11061583,36,,left,saccade,94.0,,,,857.547,598.457,456.341,584.894,,,
377,11061583,36,,right,saccade,,95.0,,,834.972,612.818,435.824,599.803,,,
378,11061623,432,4.112333333333333,right,fixation,,96.0,405.93433027522906,586.527486238532,,,,,3.0,5.509929956322143,8.762763546133316
379,11061623,436,4.113091743119266,left,fixation,95.0,,426.36574545454596,588.020545454545,,,,,0.0,,
380,11062059,20,,right,saccade,,96.0,,,400.358,577.349,475.88800000000003,580.081,,,
381,11062063,16,,left,saccade,95.0,,,,438.175,592.882,490.11199999999997,580.556,,,
382,11062083,552,4.256722627737226,right,fixation,,97.0,494.22235971223,574.2764460431649,,,,,2.0,4.428960635688952,7.0531259241973885
383,11062083,556,4.257083333333333,left,fixation,96.0,,527.3549857142859,581.860371428572,,,,,3.0,5.681417911579943,18.062292387386336
384,11062639,20,,right,saccade,,97.0,,,496.87,583.562,581.155,585.697,,,
385,11062643,20,,left,saccade,96.0,,,,535.752,585.359,623.316,568.706,,,
386,11062663,540,4.34925,right,fixation,,98.0,607.391713235295,589.837676470588,,,,,1.0,9.570082108088533,15.07560711878642
387,11062667,540,4.3493933823529405,left,fixation,97.0,,637.259558823529,586.7005,,,,,4.0,9.071171363490627,9.730867549080996
388,11063207,12,,right,saccade,,98.0,,,590.721,586.748,539.113,584.738,,,
389,11063211,8,,left,saccade,97.0,,,,600.317,587.297,590.947,585.927,,,
390,11063223,492,4.237995934959351,left,fixation,98.0,,554.564298387097,581.95175,,,,,4.0,5.048641092414582,17.31107779039375
391,11063223,492,4.237995934959351,right,fixation,,99.0,523.622870967742,592.723201612903,,,,,2.0,6.130562963227264,13.2682044947424
392,11063719,16,,right,saccade,,99.0,,,518.245,599.752,589.085,596.92,,,
393,11063719,20,,left,saccade,98.0,,,,547.531,560.298,609.965,560.763,,,
394,11063739,128,4.223207547169812,right,fixation,,100.0,602.5060909090911,598.113939393939,,,,,0.0,,
395,11063743,116,4.217679245283018,left,fixation,99.0,,633.660966666667,577.1273666666671,,,,,1.0,5.009875095471152,4.872469702317281
396,11063863,40,,left,saccade,99.0,,,,640.466,565.02,666.37,594.4209999999998,,,
397,11063871,40,,right,saccade,,100.0,,,603.02,600.201,602.438,597.183,,,
398,11064039,276,4.23507743200196,right,fixation,,101.0,641.922657142857,603.135528571428,,,,,1.0,8.550019091921495,55.224289701181284
399,11064043,944,4.111165358306938,left,fixation,100.0,,724.912261603376,592.681978902954,,,,,4.0,7.684039686430366,22.581389483016764
400,11064319,20,,right,saccade,,101.0,,,642.818,599.297,712.747,606.985,,,
401,11064343,644,4.076125,right,fixation,,102.0,730.2805740740739,615.809574074074,,,,,2.0,3.4111655170520923,9.35390119314202
402,11064991,20,,left,saccade,100.0,,,,746.6560000000003,597.492,821.1489999999999,596.0509999999998,,,
403,11064991,20,,right,saccade,,102.0,,,731.448,623.555,809.485,621.15,,,
404,11065015,580,4.200193103448276,left,fixation,101.0,,854.472424657534,602.257657534247,,,,,3.0,3.0964688325743155,8.863582233380738
405,11065015,580,4.200193103448276,right,fixation,,103.0,826.753561643835,619.364417808219,,,,,4.0,3.909316542573685,7.752272093638843
406,11065599,40,,left,saccade,101.0,,,,868.0060000000003,604.011,474.36199999999997,607.258,,,
407,11065599,40,,right,saccade,,103.0,,,837.8539999999997,624.091,446.339,609.764,,,
408,11065643,424,4.1066714285714285,left,fixation,102.0,,446.091831775701,592.287457943925,,,,,2.0,4.312674590493884,10.325345300981695
409,11065643,424,4.1066714285714285,right,fixation,,104.0,427.800336448599,608.624158878505,,,,,2.0,4.15320252915477,17.669702545262002
410,11066071,36,,left,saccade,102.0,,,,424.91,603.0,823.3530000000003,598.7959999999998,,,
411,11066071,36,,right,saccade,,104.0,,,418.165,605.919,804.187,608.67,,,
412,11066111,240,4.156622950819672,left,fixation,103.0,,850.1708852459019,608.405163934426,,,,,2.0,7.15821162610359,12.777704838322856
413,11066111,240,4.156622950819672,right,fixation,,105.0,827.366852459016,608.616262295082,,,,,1.0,8.717758277727638,9.983752050206489
414,11066355,32,,left,saccade,103.0,,,,857.299,603.085,477.719,598.534,,,
415,11066355,36,,right,saccade,,105.0,,,820.302,624.76,463.028,600.191,,,
416,11066391,1080,4.193533333333333,left,fixation,104.0,,437.454527675277,589.0866420664199,,,,,6.0,3.827305823227228,9.876266487965118
417,11066395,1076,4.193644981412638,right,fixation,,106.0,415.80342962963,587.443618518519,,,,,7.0,4.945152813316351,17.488422708692685
418,11067475,20,,left,saccade,104.0,,,,453.667,583.195,430.838,668.5980000000002,,,
419,11067475,20,,right,saccade,,106.0,,,432.33099999999996,587.5880000000002,412.69,684.346,,,
420,11067499,412,4.320165048543689,right,fixation,,107.0,399.848634615385,709.240653846154,,,,,3.0,4.6033564241821,10.928119444674865
421,11067499,424,4.3190613207547175,left,fixation,105.0,,433.2946074766349,687.0017943925229,,,,,2.0,8.177028910022877,12.453026013675265
422,11067915,16,,right,saccade,,107.0,,,422.36,722.2510000000003,502.89599999999996,721.107,,,
423,11067927,4,,left,saccade,105.0,,,,506.42800000000005,689.436,507.834,688.9760000000001,,,
424,11067935,240,4.232083333333334,right,fixation,,108.0,513.051081967213,721.20037704918,,,,,1.0,2.920249009550018,10.049295000148
425,11067935,244,4.231303278688525,left,fixation,106.0,,545.048580645161,688.023693548387,,,,,3.0,3.4753012750857257,10.957243583818943
426,11068179,52,,right,saccade,,108.0,,,513.9209999999998,727.6310000000003,1265.654,582.0980000000002,,,
427,11068183,44,,left,saccade,106.0,,,,546.133,720.794,1247.44,602.125,,,
428,11068231,292,4.134397260273973,left,fixation,107.0,,1298.0262837837802,565.1299729729731,,,,,4.0,7.407000278064657,21.225043944546712
429,11068235,288,4.1339305555555566,right,fixation,,109.0,1313.80365753425,551.181602739726,,,,,2.0,7.059141820448035,29.837415789198182
430,11068527,36,,left,saccade,107.0,,,,1329.806,552.6569999999998,793.8580000000003,591.437,,,
431,11068527,44,,right,saccade,,109.0,,,1344.4370000000001,537.553,760.561,579.561,,,
432,11068567,532,4.109210526315788,left,fixation,108.0,,755.5127686567171,600.284149253731,,,,,4.0,4.654208538905519,15.342440856832932
433,11068575,524,4.108778625954199,right,fixation,,110.0,729.635848484848,607.9043863636373,,,,,2.0,2.706971737938102,5.182519409431649
434,11069103,20,,left,saccade,108.0,,,,749.1519999999997,615.653,656.673,601.976,,,
435,11069103,20,,right,saccade,,110.0,,,720.5060000000003,612.435,640.852,608.068,,,
436,11069127,688,4.235318339100346,left,fixation,109.0,,646.2983815028913,576.617069364162,,,,,3.0,4.380210032728637,5.0670787372700445
437,11069127,696,4.235318339100346,right,fixation,,111.0,616.578748571429,586.3546,,,,,3.0,8.99805257005387,13.223725187428364
438,11069819,40,,left,saccade,109.0,,,,645.179,572.661,645.356,596.284,,,
439,11069827,40,,right,saccade,,111.0,,,593.345,590.901,573.116,623.641,,,
440,11069975,268,4.476704225352114,right,fixation,,112.0,598.515661764706,595.024558823529,,,,,1.0,14.459380309835007,23.492073386570226
441,11069979,264,4.476704225352114,left,fixation,110.0,,633.133074626865,596.809358208955,,,,,1.0,4.058142377437721,7.236557261571307
442,11070247,20,,left,saccade,110.0,,,,628.008,593.6030000000002,544.169,587.664,,,
443,11070247,20,,right,saccade,,112.0,,,596.097,597.151,523.033,590.514,,,
444,11070271,532,4.291917293233083,left,fixation,111.0,,535.064358208955,595.134955223881,,,,,3.0,4.670662293039189,16.007919081389133
445,11070271,532,4.291917293233083,right,fixation,,113.0,511.523992537313,599.815335820895,,,,,2.0,2.7630255799928447,7.169787023600339
446,11070807,8,,left,saccade,111.0,,,,565.394,583.248,592.047,583.248,,,
447,11070807,8,,right,saccade,,113.0,,,548.058,601.262,564.172,600.534,,,
448,11070819,300,4.31863984962406,right,fixation,,114.0,584.029605263158,595.6567894736843,,,,,1.0,3.2630155531348466,0.8994098064842901
449,11070819,304,4.31863984962406,left,fixation,112.0,,609.8432207792209,590.928636363637,,,,,0.0,,
450,11071123,40,,right,saccade,,114.0,,,590.189,590.95,569.918,602.0219999999998,,,
451,11071127,40,,left,saccade,112.0,,,,614.98,591.851,628.9119999999998,592.252,,,
452,11071266,316,4.385035812356978,right,fixation,,115.0,590.9373875,591.24,,,,,3.0,5.234518979430608,15.887312495064736
453,11071278,304,4.385035812356978,left,fixation,113.0,,622.045948051948,588.536298701299,,,,,1.0,6.413788646779348,19.13200504390484
454,11071586,20,,left,saccade,113.0,,,,617.0930000000002,581.746,525.92,577.529,,,
455,11071586,20,,right,saccade,,115.0,,,593.414,603.187,515.12,601.305,,,
456,11071610,332,4.187385542168674,left,fixation,114.0,,529.056916666667,589.226571428572,,,,,2.0,3.8173871251052565,6.86502181713462
457,11071610,332,4.187385542168674,right,fixation,,116.0,510.86471428571406,604.303619047619,,,,,1.0,3.5450187666013266,8.378035390233183
458,11071946,20,,left,saccade,114.0,,,,530.982,585.987,441.481,586.509,,,
459,11071946,20,,right,saccade,,116.0,,,517.308,601.805,427.006,595.3290000000002,,,
460,11071970,876,4.152543378995434,left,fixation,115.0,,422.047886363636,593.6974727272731,,,,,2.0,3.921921428954603,13.611752364799232
461,11071970,876,4.152543378995434,right,fixation,,117.0,395.43372272727305,602.998695454546,,,,,2.0,4.6567547223538615,12.519735603143676
462,11072850,28,,left,saccade,115.0,,,,413.48900000000003,597.405,697.9119999999997,577.2769999999998,,,
463,11072850,28,,right,saccade,,117.0,,,396.26199999999994,605.981,674.023,605.731,,,
464,11072882,621,4.301035256410256,left,fixation,116.0,,743.0358269230769,611.528711538462,,,,,5.0,4.1856764798338135,16.35374856965748
465,11072882,621,4.301035256410256,right,fixation,,118.0,708.732692307692,626.929878205128,,,,,3.0,2.8488308576193564,5.8708498664854325
466,11073507,20,,left,saccade,116.0,,,,750.252,645.453,823.211,645.609,,,
467,11073507,20,,right,saccade,,118.0,,,727.135,640.104,799.705,635.145,,,
468,11073530,140,4.244063945578231,right,fixation,,119.0,828.375916666667,621.655027777777,,,,,2.0,7.573661340167066,20.50999482456713
469,11073530,144,4.244063945578231,left,fixation,117.0,,853.088621621622,641.075324324324,,,,,1.0,10.9691626706164,29.508367847104047
470,11073674,40,,right,saccade,,119.0,,,830.702,612.961,834.3789999999997,598.904,,,
471,11073678,40,,left,saccade,117.0,,,,858.427,612.577,862.857,597.388,,,
472,11073830,748,4.105885480306772,right,fixation,,120.0,832.995404255318,616.058196808511,,,,,5.0,4.6862739625421135,19.028687050134888
473,11073834,748,4.105022281064324,left,fixation,118.0,,847.3732659574471,611.919090425532,,,,,2.0,5.720033592937325,17.24167970565623
474,11074582,52,,right,saccade,,120.0,,,817.2439999999997,607.351,1094.974,157.86,,,
475,11074586,52,,left,saccade,118.0,,,,825.0889999999997,597.722,1089.085,171.308,,,
476,11074638,112,3.9205178571428574,right,fixation,,121.0,1116.92589655172,142.259034482759,,,,,0.0,,
477,11074642,108,3.920648148148148,left,fixation,119.0,,1109.39678571429,141.855464285714,,,,,2.0,2.3727484005384927,6.550637758590884
478,11074754,28,,left,saccade,119.0,,,,1124.3410000000001,136.689,1384.6529999999998,112.59200000000001,,,
479,11074754,28,,right,saccade,,121.0,,,1120.518,133.329,1403.463,109.14200000000001,,,
480,11074786,176,3.938340909090909,left,fixation,120.0,,1423.99928888889,98.7622666666667,,,,,1.0,10.733293738281008,25.553620487124736
481,11074786,180,3.938511111111112,right,fixation,,122.0,1418.76310869565,97.9425,,,,,2.0,3.0430128679754853,6.699075959185232
482,11074966,36,,left,saccade,120.0,,,,1436.5970000000002,91.51799999999999,1008.3660000000001,48.915,,,
483,11074970,36,,right,saccade,,122.0,,,1420.0770000000002,104.885,1001.8639999999999,51.038000000000004,,,
484,11075006,536,3.9642014925373132,left,fixation,121.0,,973.555592592592,54.1489111111111,,,,,3.0,5.3363334455100455,10.755274950590868
485,11075010,532,3.96425939849624,right,fixation,,123.0,968.767029850746,60.385089552238796,,,,,3.0,4.457184591787449,9.362307938645102
486,11075546,48,,left,saccade,121.0,,,,976.946,54.736999999999995,765.921,708.0189999999999,,,
487,11075546,48,,right,saccade,,123.0,,,966.012,77.113,723.3510000000001,736.7769999999997,,,
488,11075598,0,,left,fixation,122.0,,764.7560000000003,708.497,,,,,0.0,,
489,11075598,180,4.222744444444444,right,fixation,,124.0,724.525673913044,773.5725217391299,,,,,2.0,3.8298615348041816,16.54141225045216
490,11075602,0,,left,saccade,122.0,,,,764.3660000000001,714.2919999999997,764.3660000000001,714.2919999999997,,,
491,11075606,8,4.15025,left,fixation,123.0,,762.486666666667,730.262,,,,,0.0,,
492,11075618,0,,left,saccade,123.0,,,,761.823,753.8589999999997,761.823,753.8589999999997,,,
493,11075622,156,4.2337435897435896,left,fixation,124.0,,761.6308,767.64735,,,,,2.0,5.977918553449263,27.210474156131983
494,11075782,28,,left,saccade,124.0,,,,757.794,782.186,430.592,823.938,,,
495,11075782,28,,right,saccade,,124.0,,,719.175,788.202,424.91,840.59,,,
496,11075814,236,4.19250847457627,left,fixation,125.0,,400.210166666667,842.483366666667,,,,,1.0,9.370106937905117,27.089516348580393
497,11075814,236,4.19250847457627,right,fixation,,125.0,396.173266666667,847.3815166666658,,,,,2.0,6.566809830420255,16.804072116051778
498,11076054,24,,right,saccade,,125.0,,,393.316,846.1210000000003,610.626,860.9110000000003,,,
499,11076054,28,,left,saccade,125.0,,,,400.49199999999996,843.883,632.947,868.2769999999997,,,
500,11076082,312,4.233762820512821,right,fixation,,126.0,620.297050632911,881.827670886076,,,,,1.0,3.7286867586919055,8.851499590465
501,11076086,312,4.235788461538462,left,fixation,126.0,,660.002025316456,893.227430379747,,,,,3.0,3.6537782448085,11.840833913404493
502,11076398,56,,right,saccade,,126.0,,,628.053,890.9580000000003,1436.486,794.175,,,
503,11076402,52,,left,saccade,126.0,,,,659.5,899.367,1426.261,795.8610000000001,,,
504,11076458,344,4.2862931034482745,left,fixation,127.0,,1447.08291954023,784.821701149425,,,,,1.0,5.625162577897477,2.6441936389001937
505,11076458,344,4.2862931034482745,right,fixation,,127.0,1463.0153218390801,773.3398390804599,,,,,1.0,10.286358335463234,22.354250826185016
506,11076806,20,,left,saccade,127.0,,,,1453.0220000000006,794.507,1398.685,675.7610000000002,,,
507,11076806,20,,right,saccade,,127.0,,,1460.8929999999998,765.847,1436.36,658.52,,,
508,11076830,144,4.340833333333333,left,fixation,128.0,,1387.45232432432,666.840756756757,,,,,1.0,4.987141379476722,18.184170753707786
509,11076830,144,4.340833333333333,right,fixation,,128.0,1402.47889189189,659.08072972973,,,,,1.0,4.427976252696562,11.921691910127507
510,11076978,44,,left,saccade,128.0,,,,1381.592,671.118,750.9010000000003,720.7860000000003,,,
511,11076978,44,,right,saccade,,128.0,,,1391.896,658.895,707.37,699.922,,,
512,11077026,284,4.4211785714285705,left,fixation,129.0,,726.0650416666672,703.903472222222,,,,,1.0,3.5761633421866965,4.8558341199014246
513,11077026,284,4.4211785714285705,right,fixation,,129.0,677.116597222222,714.748208333333,,,,,1.0,3.6693640722125744,2.457443590400421
514,11077314,28,,left,saccade,129.0,,,,727.063,696.768,496.25199999999995,709.45,,,
515,11077314,28,,right,saccade,,129.0,,,673.829,715.76,456.865,714.562,,,
516,11077346,436,4.402688073394495,left,fixation,130.0,,478.095963636364,706.3473,,,,,5.0,3.907166392935357,12.690485934525054
517,11077346,688,4.425973988439306,right,fixation,,130.0,467.585468208093,727.3343294797687,,,,,3.0,7.902987316630187,30.295966196488305
518,11077786,0,,left,saccade,130.0,,,,533.753,716.9069999999997,533.753,716.9069999999997,,,
519,11077790,244,4.466201612903225,left,fixation,131.0,,556.632774193548,723.278919354839,,,,,1.0,5.7779194184027425,18.266062876274066
520,11078038,20,,left,saccade,131.0,,,,553.57,720.331,671.9580000000002,727.942,,,
521,11078038,20,,right,saccade,,130.0,,,517.533,737.5830000000003,623.932,740.7310000000001,,,
522,11078062,132,4.475666666666666,left,fixation,132.0,,685.533941176471,728.654588235294,,,,,2.0,4.6098259066214915,12.005806641580074
523,11078062,132,4.475666666666666,right,fixation,,131.0,634.1487058823529,738.277588235294,,,,,1.0,7.072521782300219,8.126942660066012
524,11078198,76,,left,saccade,132.0,,,,701.409,718.125,655.5189999999999,700.938,,,
525,11078198,40,,right,saccade,,131.0,,,622.941,735.5160000000003,607.536,748.039,,,
526,11078334,128,4.466946808510638,right,fixation,,132.0,617.249242424242,717.186727272727,,,,,2.0,8.118130757565607,17.8446785563037
527,11078362,96,4.4668936170212765,left,fixation,133.0,,652.41952,709.0554400000003,,,,,1.0,4.336436033452158,5.743765750794541
528,11078462,20,,left,saccade,133.0,,,,658.175,722.1489999999999,748.612,722.03,,,
529,11078466,20,,right,saccade,,132.0,,,628.477,733.502,710.835,735.38,,,
530,11078486,284,4.464978873239437,left,fixation,134.0,,765.148472222222,704.256666666667,,,,,1.0,5.122033876086498,8.272360727144262
531,11078490,276,4.465601449275363,right,fixation,,133.0,727.643942857143,741.907514285714,,,,,1.0,8.30322944033759,2.5336899968227047
532,11078770,20,,right,saccade,,133.0,,,726.414,749.0089999999999,795.181,752.422,,,
533,11078774,16,,left,saccade,134.0,,,,766.145,690.585,829.9780000000003,688.602,,,
534,11078794,360,4.37817032967033,right,fixation,,134.0,818.4629670329671,753.0712417582422,,,,,2.0,3.375556604063787,5.931333141548763
535,11078794,364,4.3783206521739135,left,fixation,135.0,,850.62302173913,698.634641304348,,,,,1.0,4.603780526794143,10.830228529444824
536,11079158,16,,right,saccade,,134.0,,,820.69,750.919,756.515,748.819,,,
537,11079162,12,,left,saccade,135.0,,,,841.153,712.5110000000003,794.331,716.837,,,
538,11079178,272,4.4087462686567145,left,fixation,136.0,,779.567086956521,730.8676376811591,,,,,1.0,4.211000844349364,4.159909253817743
539,11079178,272,4.4087462686567145,right,fixation,,135.0,742.7880869565221,749.260072463768,,,,,1.0,3.318482371506611,10.216868894137706
540,11079454,20,,left,saccade,136.0,,,,781.9860000000001,739.8530000000003,645.087,735.17,,,
541,11079454,24,,right,saccade,,135.0,,,743.1310000000003,747.528,600.944,744.4830000000003,,,
542,11079478,412,4.4325533980582525,left,fixation,137.0,,648.625942307693,731.372769230769,,,,,3.0,6.392927216495394,16.29453175705697
543,11079482,412,4.433446601941747,right,fixation,,136.0,604.416211538461,746.012836538461,,,,,4.0,4.2548532134147985,11.671852378688929
544,11079894,20,,left,saccade,137.0,,,,667.7339999999998,713.3480000000003,560.6569999999998,713.3480000000003,,,
545,11079898,20,,right,saccade,,136.0,,,626.385,741.1489999999999,524.969,730.307,,,
546,11079918,456,4.513839130434783,left,fixation,138.0,,544.386608695653,720.1340956521741,,,,,1.0,7.69079530817341,22.312043944919072
547,11079922,456,4.5141217391304345,right,fixation,,137.0,506.4594,727.6122,,,,,2.0,4.613006298074018,8.389354668516308
548,11080378,20,,left,saccade,138.0,,,,552.749,742.057,466.85400000000004,735.5169999999997,,,
549,11080382,20,,right,saccade,,137.0,,,504.25800000000004,736.205,426.64099999999996,732.279,,,
550,11080402,472,4.47025641025641,left,fixation,139.0,,439.314764705883,724.715563025209,,,,,1.0,4.282607779016057,12.54544156257563
551,11080406,468,4.469875,right,fixation,,138.0,419.023516949152,739.8620338983051,,,,,0.0,,
552,11080878,20,,left,saccade,139.0,,,,435.055,721.2189999999997,608.7,723.95,,,
553,11080878,20,,right,saccade,,138.0,,,407.727,747.7510000000003,571.773,749.198,,,
554,11080902,556,4.409860714285714,left,fixation,140.0,,661.45495,731.2312428571429,,,,,4.0,3.6689766381872655,11.811334885586472
555,11080902,556,4.409860714285714,right,fixation,,139.0,606.191042857143,749.6115642857138,,,,,4.0,5.391280642550894,16.71775813165757
556,11081462,16,,right,saccade,,139.0,,,632.252,757.597,713.794,753.4689999999997,,,
557,11081462,20,,left,saccade,140.0,,,,689.0360000000003,719.199,751.487,721.944,,,
558,11081482,208,4.407378174330816,right,fixation,,140.0,717.8381320754712,751.327849056604,,,,,0.0,,
559,11081486,212,4.407083870967743,left,fixation,141.0,,768.238518518519,720.895518518519,,,,,1.0,62.68888485254429,128.31490268086543
560,11081694,48,,right,saccade,,140.0,,,713.2660000000003,749.6419999999997,812.655,750.44,,,
561,11081702,52,,left,saccade,141.0,,,,789.377,749.66,847.993,722.3639999999997,,,
562,11081830,360,4.343342310158984,right,fixation,,141.0,816.979483516484,746.534065934066,,,,,3.0,2.971587953463028,6.498395476681593
563,11081834,356,4.343342310158984,left,fixation,142.0,,873.7802444444452,719.698022222222,,,,,1.0,3.5099503201612583,14.36280533182857
564,11082194,28,,left,saccade,142.0,,,,861.763,721.6460000000003,575.529,725.5260000000003,,,
565,11082194,28,,right,saccade,,141.0,,,823.7539999999997,760.211,540.61,752.7560000000003,,,
566,11082226,620,4.105835483870968,left,fixation,143.0,,561.1736794871799,732.955628205128,,,,,3.0,2.907761139699108,7.938933472515359
567,11082226,632,4.106506329113924,right,fixation,,142.0,523.330358490566,739.098704402515,,,,,2.0,14.597565381434432,31.972076318969606
568,11082850,16,,left,saccade,143.0,,,,568.605,733.283,630.839,728.6460000000003,,,
569,11082862,4,,right,saccade,,142.0,,,573.106,740.966,573.2090000000002,741.263,,,
570,11082870,396,4.187853535353535,left,fixation,144.0,,647.60735,736.239199999999,,,,,0.0,,
571,11082870,396,4.187853535353535,right,fixation,,143.0,596.66018,743.703529999999,,,,,0.0,,
572,11083270,24,,left,saccade,144.0,,,,642.835,733.377,467.801,736.188,,,
573,11083270,24,,right,saccade,,143.0,,,602.306,741.4689999999997,451.209,736.334,,,
574,11083298,1076,4.160286245353158,right,fixation,,144.0,418.052348148148,728.0323,,,,,3.0,3.75289681381424,13.221506016712027
575,11083298,1080,4.160407407407408,left,fixation,145.0,,448.475697416974,721.741992619926,,,,,7.0,3.5829296979058816,9.013766435803868
576,11084378,20,,right,saccade,,144.0,,,423.723,729.13,506.397,728.692,,,
577,11084382,20,,left,saccade,145.0,,,,461.19199999999995,740.175,547.804,737.893,,,
578,11084402,132,4.199624999999998,right,fixation,,145.0,524.5851176470591,727.8422647058818,,,,,3.0,4.90933431055755,5.094185473084346
579,11084406,124,4.199333333333333,left,fixation,146.0,,561.0023125,731.02375,,,,,2.0,3.890244736928569,4.231941763467157
580,11084534,40,,left,saccade,146.0,,,,552.515,727.5930000000003,576.09,760.703,,,
581,11084538,68,,right,saccade,,145.0,,,517.408,732.293,563.264,705.658,,,
582,11084694,12,,left,fixation,147.0,,576.8305,759.40575,,,,,0.0,,
583,11084710,16,,left,saccade,147.0,,,,582.239,752.8760000000003,590.945,695.679,,,
584,11084714,168,4.219340667400074,right,fixation,,146.0,581.762744186046,721.371139534884,,,,,1.0,3.7909841913266686,26.903149499640346
585,11084730,152,4.219340667400076,left,fixation,148.0,,603.8062051282051,701.488871794872,,,,,1.0,6.781272922132251,36.38879504737694
586,11084886,20,,left,saccade,148.0,,,,606.435,713.425,726.8989999999999,726.8560000000001,,,
587,11084886,24,,right,saccade,,146.0,,,583.44,743.025,686.0,746.6560000000003,,,
588,11084910,296,4.235358108108109,left,fixation,149.0,,746.444786666667,746.5824,,,,,2.0,5.641361852605815,13.975875697508002
589,11084914,292,4.2346438356164375,right,fixation,,147.0,703.266648648649,755.3403648648648,,,,,1.0,2.497103132743141,6.854254737022845
590,11085210,20,,left,saccade,149.0,,,,741.997,750.704,839.581,755.068,,,
591,11085210,20,,right,saccade,,147.0,,,706.034,768.6619999999997,805.7239999999997,763.74,,,
592,11085234,496,4.152274193548386,left,fixation,150.0,,862.2835280000011,747.268024,,,,,2.0,4.246019106232433,6.715119563015975
593,11085234,496,4.152274193548386,right,fixation,,148.0,823.4589679999997,759.527096,,,,,0.0,,
594,11085734,24,,left,saccade,150.0,,,,859.808,744.78,741.049,734.081,,,
595,11085734,24,,right,saccade,,148.0,,,822.663,757.209,712.16,753.5139999999999,,,
596,11085762,228,4.07199358974359,left,fixation,151.0,,733.826120689655,735.65048275862,,,,,2.0,6.080872988293864,19.016102061471173
597,11085762,228,4.07199358974359,right,fixation,,149.0,696.83275862069,743.088172413793,,,,,1.0,4.211342686391378,6.771896337068507
598,11085994,40,,left,saccade,151.0,,,,738.2560000000003,709.4789999999997,574.855,743.929,,,
599,11085994,40,,right,saccade,,149.0,,,700.2489999999997,739.3560000000001,527.651,748.0169999999997,,,
600,11086154,352,4.1462666666666665,right,fixation,,150.0,543.689640449438,738.450101123596,,,,,3.0,4.266387950338289,25.86886364386309
601,11086162,344,4.1462666666666665,left,fixation,152.0,,575.378114942529,721.8914367816092,,,,,5.0,6.464118841647826,15.776151027820154
602,11086510,20,,right,saccade,,150.0,,,532.935,736.85,671.247,741.561,,,
603,11086510,24,,left,saccade,152.0,,,,554.707,707.633,718.9119999999997,712.633,,,
604,11086534,792,4.169401515151516,right,fixation,,151.0,650.978467336684,740.7150150753772,,,,,3.0,7.165071156537454,21.023867728172426
605,11086538,788,4.169558375634519,left,fixation,153.0,,693.6633585858591,740.36007070707,,,,,3.0,6.782729999558345,22.176496308914704
606,11087330,20,,left,saccade,153.0,,,,669.182,747.212,573.342,739.24,,,
607,11087330,24,,right,saccade,,151.0,,,633.21,747.1139999999997,529.9159999999998,740.732,,,
608,11087354,284,4.267338028169015,left,fixation,154.0,,557.330208333333,738.838708333333,,,,,1.0,5.404885238785794,4.321639040919544
609,11087358,276,4.267152173913043,right,fixation,,152.0,520.807528571428,738.3091142857138,,,,,0.0,,
610,11087638,20,,right,saccade,,152.0,,,519.3340000000002,740.567,595.656,735.98,,,
611,11087642,16,,left,saccade,154.0,,,,552.382,735.137,625.219,722.0830000000003,,,
612,11087662,475,4.3110423728813565,left,fixation,155.0,,652.0731,718.701141666666,,,,,2.0,4.795926069397262,16.620801464799708
613,11087662,479,4.310802521008403,right,fixation,,153.0,618.035016528926,726.955190082645,,,,,1.0,4.849815265668512,7.075878178714023
614,11088141,24,,left,saccade,155.0,,,,643.107,734.4830000000003,453.092,728.75,,,
615,11088145,24,,right,saccade,,153.0,,,616.924,723.9,436.218,722.074,,,
616,11088169,356,4.197578651685394,left,fixation,156.0,,431.7315,728.166688888889,,,,,1.0,3.618394617936384,5.4134880622385495
617,11088173,348,4.197051724137931,right,fixation,,154.0,413.835920454546,717.254329545455,,,,,2.0,2.8672828584843204,16.61721506585242
618,11088525,24,,right,saccade,,154.0,,,418.94599999999997,721.301,600.425,726.262,,,
619,11088529,24,,left,saccade,156.0,,,,435.85,738.5010000000003,638.173,733.503,,,
620,11088553,360,4.226344444444444,right,fixation,,155.0,621.4512527472519,736.035054945056,,,,,2.0,4.2887380226858784,10.95547486702856
621,11088557,352,4.226403409090909,left,fixation,157.0,,650.42206741573,743.0718988764038,,,,,2.0,3.7836632905695664,9.07787686816108
622,11088913,28,,left,saccade,157.0,,,,658.438,752.054,464.755,731.425,,,
623,11088917,24,,right,saccade,,155.0,,,623.477,744.107,450.801,742.816,,,
624,11088945,149,4.195421052631579,right,fixation,,156.0,436.104736842105,734.976342105263,,,,,1.0,9.350499597466547,19.35331664082407
625,11088945,153,4.195038461538462,left,fixation,158.0,,460.364384615385,713.056307692308,,,,,1.0,9.210335608856923,11.507038976209284
626,11089098,16,,right,saccade,,156.0,,,439.32,736.992,498.332,735.872,,,
627,11089102,12,,left,saccade,158.0,,,,474.789,710.2539999999997,519.444,714.331,,,
628,11089118,256,4.1957734375,left,fixation,159.0,,544.437107692308,724.510953846154,,,,,1.0,4.64139792459604,20.00707434883971
629,11089118,256,4.1957734375,right,fixation,,157.0,510.615876923077,727.928676923077,,,,,1.0,2.3834548337328183,10.192253725256297
630,11089378,20,,left,saccade,159.0,,,,556.4159999999998,747.294,440.18,721.3660000000001,,,
631,11089378,20,,right,saccade,,157.0,,,508.80300000000005,725.587,432.749,725.8889999999999,,,
632,11089402,683,4.239300878815912,left,fixation,160.0,,443.059273255814,711.11188372093,,,,,4.0,5.218483811423171,11.390742617104435
633,11089402,683,4.239300878815912,right,fixation,,158.0,411.945738372093,715.7092732558141,,,,,4.0,5.525972151403041,10.032396377595203
634,11090089,44,,left,saccade,160.0,,,,452.911,708.4019999999997,575.4209999999998,770.455,,,
635,11090089,40,,right,saccade,,158.0,,,399.83,699.425,498.485,741.3689999999997,,,
636,11090237,4,,right,fixation,,159.0,504.2365,741.3689999999997,,,,,0.0,,
637,11090245,8,,left,fixation,161.0,,582.6080000000002,767.272333333333,,,,,0.0,,
638,11090245,16,,right,saccade,,159.0,,,507.631,739.562,524.494,685.855,,,
639,11090257,12,,left,saccade,161.0,,,,585.138,748.1089999999997,586.326,705.8489999999997,,,
640,11090265,24,,right,fixation,,160.0,536.252857142857,676.027285714286,,,,,1.0,3.1982745738913563,1.943805803057564
641,11090273,8,,left,fixation,162.0,,586.418333333333,696.319333333333,,,,,0.0,,
642,11090285,20,,left,saccade,162.0,,,,587.813,691.704,668.171,699.165,,,
643,11090293,12,,right,saccade,,160.0,,,550.724,676.087,593.65,706.24,,,
644,11090309,644,4.314484949832775,left,fixation,163.0,,674.234679012346,716.4488950617281,,,,,1.0,6.063219618229924,4.9134305734384744
645,11090309,644,4.314484949832775,right,fixation,,161.0,620.673864197531,745.0943024691362,,,,,3.0,4.062430371994086,13.798049982104926
646,11090957,20,,left,saccade,163.0,,,,677.425,725.322,563.1619999999998,716.762,,,
647,11090957,20,,right,saccade,,161.0,,,622.165,722.702,552.748,717.67,,,
648,11090981,668,4.24134131736527,left,fixation,164.0,,552.245482142857,712.348565476191,,,,,5.0,6.223828152311733,17.13263332324278
649,11090981,672,4.241627976190475,right,fixation,,162.0,525.716834319526,723.2224792899409,,,,,5.0,4.731567703769357,14.730993909029081
650,11091653,20,,left,saccade,164.0,,,,550.29,706.1339999999999,468.506,715.445,,,
651,11091657,20,,right,saccade,,162.0,,,521.469,732.688,434.26800000000003,730.5110000000003,,,
652,11091677,160,4.303512500000001,left,fixation,165.0,,452.121634146341,705.971512195122,,,,,1.0,4.149457795905357,12.356968277049146
653,11091681,156,4.303807692307692,right,fixation,,163.0,425.7886,733.597125,,,,,1.0,3.2393151582463364,9.591176622291961
654,11091841,20,,left,saccade,165.0,,,,451.68699999999995,702.265,536.83,691.2,,,
655,11091841,20,,right,saccade,,163.0,,,419.036,733.5830000000003,520.308,731.7439999999997,,,
656,11091865,384,4.352340206185567,left,fixation,166.0,,550.176515463918,709.9923402061861,,,,,4.0,3.3668694907941674,13.719605053501006
657,11091865,384,4.352340206185567,right,fixation,,164.0,513.4562783505149,731.501350515464,,,,,2.0,4.702731174522565,12.76759384380486
658,11092253,24,,left,saccade,166.0,,,,560.286,725.7230000000003,761.577,736.4960000000003,,,
659,11092253,24,,right,saccade,,164.0,,,515.309,735.2439999999997,704.635,737.0989999999997,,,
660,11092281,140,4.4032857142857145,left,fixation,167.0,,770.044444444444,735.580388888889,,,,,2.0,4.276289884753173,9.498371743565066
661,11092281,140,4.4032857142857145,right,fixation,,165.0,720.125027777778,740.9534166666672,,,,,1.0,7.132843791613253,4.96585712641841
662,11092425,28,,left,saccade,167.0,,,,771.43,740.253,462.269,729.3489999999997,,,
663,11092425,28,,right,saccade,,165.0,,,723.388,745.6510000000003,449.564,743.301,,,
664,11092457,296,4.3440270270270265,left,fixation,168.0,,439.9913866666671,725.1522666666672,,,,,1.0,7.51055760986568,14.351152497273496
665,11092457,296,4.3440270270270265,right,fixation,,166.0,401.801146666667,740.62028,,,,,2.0,9.278375339110488,24.866587677778764
666,11092757,28,,right,saccade,,166.0,,,397.903,736.6410000000003,672.5089999999999,737.633,,,
667,11092757,32,,left,saccade,168.0,,,,441.901,732.0889999999997,731.105,732.6139999999997,,,
668,11092789,344,4.3833895348837215,right,fixation,,167.0,705.145057471265,743.410758620689,,,,,2.0,8.036369277380683,23.26893755449107
669,11092793,340,4.383841176470589,left,fixation,169.0,,757.516325581395,742.346779069767,,,,,3.0,6.14998322212477,13.163158408909654
670,11093137,20,,left,saccade,169.0,,,,760.071,741.466,839.7739999999999,739.796,,,
671,11093137,20,,right,saccade,,167.0,,,712.2,740.377,800.9110000000003,738.341,,,
672,11093161,256,4.4460625,left,fixation,170.0,,871.396953846154,738.9061230769231,,,,,2.0,5.257306056004063,11.917857180489731
673,11093161,260,4.4460384615384605,right,fixation,,168.0,818.741106060607,748.630121212122,,,,,1.0,6.884887947930256,14.935070840140055
674,11093421,24,,left,saccade,170.0,,,,878.138,721.765,652.8340000000002,705.4989999999997,,,
675,11093425,24,,right,saccade,,168.0,,,818.8960000000003,749.201,607.428,736.443,,,
676,11093449,804,4.336997524752476,left,fixation,171.0,,663.0243960396041,718.9105594059413,,,,,8.0,4.141090966313584,12.37656468799224
677,11093453,812,4.336754901960783,right,fixation,,169.0,611.64856372549,733.669651960785,,,,,4.0,7.8269484693178475,16.526532705572155
678,11094257,16,,left,saccade,171.0,,,,672.1260000000002,719.408,621.248,690.7719999999997,,,
679,11094269,0,,right,saccade,,169.0,,,583.775,710.944,583.775,710.944,,,
680,11094273,220,4.309172727272727,right,fixation,,170.0,559.538803571429,692.547553571429,,,,,1.0,5.025848256209521,13.187029536631773
681,11094277,220,4.3094636363636365,left,fixation,172.0,,609.095714285714,671.450321428571,,,,,0.0,,
682,11094497,56,,right,saccade,,170.0,,,562.1419999999998,685.437,1403.598,649.471,,,
683,11094501,52,,left,saccade,172.0,,,,610.883,672.711,1402.836,661.7560000000002,,,
684,11094557,336,4.337150602409639,left,fixation,173.0,,1444.5399058823498,660.6990941176471,,,,,5.0,5.355032924124905,15.448391547006562
685,11094557,340,4.33679761904762,right,fixation,,171.0,1438.9175348837198,638.7322093023259,,,,,3.0,4.79693600564304,15.55213303011258
686,11094897,16,,left,saccade,173.0,,,,1461.9720000000002,661.695,1400.076,661.3639999999998,,,
687,11094901,12,,right,saccade,,171.0,,,1457.04,634.871,1406.283,634.655,,,
688,11094917,1532,4.293606493506494,left,fixation,174.0,,1411.6115,676.738377604167,,,,,4.0,5.183919810135965,11.411883075357814
689,11094917,1532,4.293606493506494,right,fixation,,172.0,1401.77398177083,655.418302083334,,,,,9.0,2.8172381386152883,9.48291764454857
690,11096453,20,,left,saccade,174.0,,,,1418.63,680.935,1420.132,582.096,,,
691,11096453,24,,right,saccade,,172.0,,,1406.44,650.939,1421.648,530.182,,,
692,11096477,360,4.407638888888889,left,fixation,175.0,,1435.24649450549,548.6792747252749,,,,,1.0,4.499082329270633,13.442694856315024
693,11096481,360,4.407966666666667,right,fixation,,173.0,1429.7687032967,506.122945054945,,,,,1.0,3.1854577945895057,4.430559445487669
694,11096841,52,,left,saccade,175.0,,,,1425.9779999999994,535.408,685.8330000000002,583.659,,,
695,11096845,48,,right,saccade,,173.0,,,1418.999,509.74199999999996,634.606,560.638,,,
696,11096897,420,4.394083931001508,right,fixation,,174.0,617.259990566038,590.114150943396,,,,,1.0,2.7902876245609014,14.284860552347062
697,11096897,428,4.394083931001508,left,fixation,176.0,,661.138203703704,569.291277777778,,,,,0.0,,
698,11097321,40,,right,saccade,,174.0,,,618.995,606.561,618.131,598.942,,,
699,11097329,40,,left,saccade,176.0,,,,647.89,569.097,680.966,595.1519999999998,,,
700,11097489,124,,left,fixation,177.0,,702.7399375,579.4959375,,,,,4.0,3.973786387958894,14.199464682040215
701,11097497,120,,right,fixation,,175.0,648.361451612903,591.6863548387099,,,,,3.0,5.437736485206237,19.397580240086878
702,11097617,40,,left,saccade,177.0,,,,702.663,569.715,727.265,588.043,,,
703,11097621,40,,right,saccade,,175.0,,,648.751,575.781,661.712,572.6419999999998,,,
704,11097769,480,4.155581623550401,right,fixation,,176.0,713.267231404958,628.328545454546,,,,,2.0,5.296608198399597,17.985386735521036
705,11097777,480,4.154010758941554,left,fixation,178.0,,742.9862644628099,604.620776859504,,,,,2.0,3.4112284064128504,6.183905052104372
706,11098253,20,,right,saccade,,176.0,,,709.9689999999997,650.001,638.969,644.09,,,
707,11098261,12,,left,saccade,178.0,,,,712.7669999999997,613.809,671.2439999999998,609.516,,,
708,11098277,416,4.073798076923077,left,fixation,179.0,,651.2131619047619,595.643723809524,,,,,1.0,5.394303193596411,4.293507889826278
709,11098277,416,4.073798076923077,right,fixation,,177.0,608.2163619047619,629.476019047619,,,,,1.0,2.5694967622301363,6.459731573370483
710,11098697,20,,left,saccade,179.0,,,,652.899,577.0880000000002,544.444,575.436,,,
711,11098697,20,,right,saccade,,177.0,,,615.159,634.52,507.788,630.75,,,
712,11098721,520,4.2178,left,fixation,180.0,,525.780114503817,573.890251908397,,,,,2.0,5.454975599782331,9.81434837527859
713,11098721,1400,4.281372857142856,right,fixation,,178.0,448.043595441595,608.737370370371,,,,,8.0,4.934617911071778,15.141299203990025
714,11099245,8,,left,saccade,180.0,,,,483.236,565.4490000000002,471.63199999999995,564.515,,,
715,11099257,864,4.3198125,left,fixation,181.0,,443.399811059908,570.874525345622,,,,,2.0,4.239276449822314,6.336902411982215
716,11100125,12,,right,saccade,,178.0,,,416.58099999999996,610.903,487.85400000000004,613.3,,,
717,11100125,16,,left,saccade,181.0,,,,448.79900000000004,582.069,510.527,582.014,,,
718,11100141,568,4.4055105633802825,right,fixation,,179.0,502.291629370629,616.520321678321,,,,,2.0,6.490684076738112,7.052448609757193
719,11100145,560,4.405757142857143,left,fixation,182.0,,535.797787234043,581.725319148936,,,,,2.0,4.973790668580866,10.15299047347252
720,11100709,20,,left,saccade,182.0,,,,537.365,589.961,620.7819999999998,582.118,,,
721,11100713,16,,right,saccade,,179.0,,,516.059,627.054,586.206,622.145,,,
722,11100733,587,4.383609589041097,right,fixation,,180.0,605.754,619.7332635135131,,,,,5.0,4.152376884757734,8.252565394240394
723,11100733,591,4.383551020408164,left,fixation,183.0,,640.989174496645,577.277322147651,,,,,5.0,4.238764870506578,10.378419653581323
724,11101324,24,,right,saccade,,180.0,,,591.409,614.985,697.712,613.205,,,
725,11101328,20,,left,saccade,183.0,,,,629.3969999999998,575.923,718.8660000000001,572.749,,,
726,11101352,508,4.387496062992127,left,fixation,184.0,,748.752984375,590.6248203125,,,,,3.0,6.627681940935072,10.66695958635008
727,11101352,508,4.387496062992127,right,fixation,,181.0,715.0766093750011,620.389734375,,,,,2.0,5.21566414686682,6.40842532845542
728,11101864,20,,left,saccade,184.0,,,,766.14,599.98,845.7860000000003,591.445,,,
729,11101864,20,,right,saccade,,181.0,,,730.28,620.261,810.814,617.2909999999998,,,
730,11101888,776,4.3931314432989685,left,fixation,185.0,,853.5313743589751,592.133538461539,,,,,5.0,4.644303672604061,13.11496678098725
731,11101888,776,4.3931314432989685,right,fixation,,182.0,825.4920923076918,622.18378974359,,,,,5.0,4.381953526645502,10.254323402506238
732,11102668,40,,left,saccade,185.0,,,,863.291,603.136,427.532,603.869,,,
733,11102668,40,,right,saccade,,182.0,,,852.433,621.6709999999998,417.35,609.129,,,
734,11102712,512,4.23238725490196,right,fixation,,183.0,393.2733643410849,618.11203875969,,,,,5.0,5.733032501221915,14.173187265685096
735,11102712,516,4.23238725490196,left,fixation,186.0,,410.750069230769,588.100215384615,,,,,5.0,4.8437592347510074,13.616626296835385
736,11103228,40,,right,saccade,,183.0,,,410.75800000000004,624.674,393.103,624.466,,,
737,11103232,40,,left,saccade,186.0,,,,411.425,562.23,421.034,567.32,,,
738,11103396,0,,right,fixation,,184.0,396.12699999999995,624.466,,,,,0.0,,
739,11103400,12,,right,saccade,,184.0,,,398.454,624.466,406.369,575.754,,,
740,11103404,604,4.0363684543684535,left,fixation,187.0,,502.287052631579,593.263835526316,,,,,4.0,7.4806620723737876,22.73536259042242
741,11103416,592,4.0363684543684535,right,fixation,,185.0,479.779825503356,618.264187919463,,,,,3.0,8.212325713154828,35.12890492530158
742,11104012,20,,left,saccade,187.0,,,,527.77,609.281,610.182,603.448,,,
743,11104012,20,,right,saccade,,185.0,,,499.858,630.374,595.293,627.79,,,
744,11104036,336,4.006404761904761,left,fixation,188.0,,631.342811764706,605.379870588236,,,,,1.0,4.453287431150653,7.400633081027544
745,11104036,340,4.006835294117646,right,fixation,,186.0,601.354953488372,621.509127906977,,,,,1.0,2.3163481915386983,6.6084277252611825
746,11104376,20,,left,saccade,188.0,,,,631.409,607.795,542.9630000000002,600.117,,,
747,11104380,20,,right,saccade,,186.0,,,599.9019999999998,615.8009999999998,525.367,605.661,,,
748,11104400,464,4.028534482758621,left,fixation,189.0,,524.627623931624,589.810435897436,,,,,2.0,7.971446545708264,22.839106499690622
749,11104404,460,4.028473913043478,right,fixation,,187.0,503.69157758620696,591.697836206896,,,,,4.0,4.647724277299743,11.133498322420364
750,11104868,20,,right,saccade,,187.0,,,504.95099999999996,600.192,637.738,603.429,,,
751,11104868,24,,left,saccade,189.0,,,,517.849,585.832,663.9689999999998,589.201,,,
752,11104892,424,4.165259433962263,right,fixation,,188.0,629.834046728972,607.3881495327099,,,,,2.0,6.184020306022871,20.951894762499627
753,11104896,420,4.166119047619048,left,fixation,190.0,,655.3383962264151,592.219905660378,,,,,3.0,5.961310810945804,21.491939641154048
754,11105320,20,,left,saccade,190.0,,,,633.821,584.61,736.4630000000003,584.61,,,
755,11105320,20,,right,saccade,,188.0,,,614.72,607.234,701.19,603.753,,,
756,11105344,1500,4.2174755764770095,left,fixation,191.0,,816.2413962765961,605.174941489362,,,,,6.0,4.973759092310208,18.942931197406477
757,11105344,1500,4.2174755764770095,right,fixation,,189.0,781.1280265957449,613.46022606383,,,,,8.0,5.512957227026305,14.892896258117945
758,11106848,40,,left,saccade,191.0,,,,848.557,603.339,872.668,608.685,,,
759,11106848,40,,right,saccade,,189.0,,,812.273,604.025,814.12,615.86,,,
760,11106980,640,4.305295815295815,right,fixation,,190.0,818.400875776398,614.852968944099,,,,,4.0,5.540457862862879,21.180687535660226
761,11106996,620,4.306030897855325,left,fixation,192.0,,863.825621794872,612.920878205128,,,,,4.0,5.555276180679543,15.685395359299815
762,11107620,28,,left,saccade,192.0,,,,864.5260000000003,625.0169999999998,658.3960000000002,598.8,,,
763,11107624,24,,right,saccade,,190.0,,,811.6210000000003,637.194,619.379,617.595,,,
764,11107652,536,4.1992611940298525,left,fixation,193.0,,639.1961481481479,599.197629629629,,,,,1.0,3.6703615209464866,11.112541068540514
765,11107652,536,4.1992611940298525,right,fixation,,191.0,598.174807407408,601.9464222222219,,,,,1.0,4.094669152962446,17.5296417533274
766,11108192,20,,left,saccade,193.0,,,,640.644,598.497,714.054,598.145,,,
767,11108192,20,,right,saccade,,191.0,,,599.7959999999998,606.854,673.07,602.288,,,
768,11108216,704,4.435715909090909,left,fixation,194.0,,749.483242937853,602.1107909604519,,,,,1.0,7.439253444100162,25.38239691203351
769,11108216,704,4.435715909090909,right,fixation,,192.0,700.916259887006,594.2108248587571,,,,,2.0,6.372889292862147,4.258221941190887
770,11108924,28,,left,saccade,194.0,,,,752.069,608.415,548.677,598.622,,,
771,11108924,28,,right,saccade,,192.0,,,705.8430000000003,610.256,510.14300000000003,601.386,,,
772,11108956,516,4.347779069767442,right,fixation,,193.0,494.354661538462,588.035630769231,,,,,2.0,4.539235680238374,9.608752059522491
773,11108956,520,4.347765384615384,left,fixation,195.0,,534.0456946564881,588.923083969465,,,,,1.0,9.549162710532386,20.91279149229002
774,11109476,16,,right,saccade,,193.0,,,497.629,585.306,435.55800000000005,585.724,,,
775,11109480,12,,left,saccade,195.0,,,,522.996,598.125,475.76300000000003,596.646,,,
776,11109496,772,4.362279792746113,left,fixation,196.0,,434.856592783505,599.991139175257,,,,,7.0,4.803206097144407,15.221676720699024
777,11109496,776,4.362144329896907,right,fixation,,194.0,405.94572307692397,590.361487179487,,,,,5.0,3.9223794796020455,10.76392706549316
778,11110272,12,,left,saccade,196.0,,,,454.925,597.345,498.037,598.347,,,
779,11110276,8,,right,saccade,,194.0,,,450.69,583.962,474.591,584.023,,,
780,11110288,468,4.342948717948718,left,fixation,197.0,,522.202338983051,604.7809915254239,,,,,1.0,7.8926890397239005,16.00966508081912
781,11110288,468,4.342948717948718,right,fixation,,195.0,496.5305338983049,581.9845,,,,,1.0,9.666477150441107,11.232470520771368
782,11110760,12,,left,saccade,197.0,,,,546.5369999999998,599.014,579.3330000000002,602.71,,,
783,11110760,12,,right,saccade,,195.0,,,523.701,593.95,562.2130000000002,597.498,,,
784,11110776,672,4.441636094674557,right,fixation,,196.0,587.768183431952,595.069828402367,,,,,2.0,8.682241073147813,17.285064701444824
785,11110776,1648,4.4105,left,fixation,198.0,,701.2207070217909,609.619973365618,,,,,12.0,5.409022376122361,16.940789506648517
786,11111452,8,,right,saccade,,196.0,,,627.961,599.217,647.065,599.5169999999998,,,
787,11111464,956,4.385358490566038,right,fixation,,197.0,700.3921541666672,616.381154166667,,,,,5.0,2.93573452082886,7.969696084426286
788,11112424,40,,right,saccade,,197.0,,,713.285,627.47,689.943,633.423,,,
789,11112428,40,,left,saccade,198.0,,,,759.679,596.956,756.94,603.137,,,
790,11112572,12,,right,fixation,,198.0,689.3015,616.9730000000002,,,,,0.0,,
791,11112572,384,4.3859933774834445,left,fixation,199.0,,752.6375154639169,589.630350515464,,,,,3.0,8.72746893861728,15.117421470242805
792,11112588,0,,right,saccade,,198.0,,,687.8910000000003,588.275,687.8910000000003,588.275,,,
793,11112592,360,4.3861342281879185,right,fixation,,199.0,711.78,614.173505494505,,,,,3.0,3.789946180589327,18.61313653923079
794,11112956,8,,right,saccade,,199.0,,,745.1,632.403,770.225,632.403,,,
795,11112960,4,,left,saccade,199.0,,,,817.0310000000003,584.281,817.0310000000003,584.344,,,
796,11112968,1136,4.4154542253521125,left,fixation,200.0,,848.9169157894728,598.1991754385971,,,,,7.0,4.440834463304291,13.0140441253653
797,11112968,1136,4.4154542253521125,right,fixation,,200.0,814.382596491228,627.5546175438591,,,,,5.0,4.118641588124992,10.938233801862118
798,11114108,16,,left,saccade,200.0,,,,845.9069999999997,614.531,774.253,610.474,,,
799,11114108,20,,right,saccade,,200.0,,,806.6239999999997,632.712,723.547,626.153,,,
800,11114128,456,4.43515350877193,left,fixation,201.0,,735.4916695652182,590.574373913043,,,,,3.0,7.270530155217228,20.2503676439275
801,11114132,452,4.43474778761062,right,fixation,,201.0,686.972429824562,604.1737543859649,,,,,2.0,6.06254630039484,24.13574175769293
802,11114588,48,,right,saccade,,201.0,,,667.091,583.985,1365.4660000000001,529.732,,,
803,11114588,52,,left,saccade,201.0,,,,710.71,578.055,1380.99,522.5930000000002,,,
804,11114640,1428,4.339114426455823,right,fixation,,202.0,1440.93055865922,530.834354748604,,,,,5.0,4.735531216380356,16.2341000857534
805,11114644,460,4.383195652173913,left,fixation,202.0,,1408.39572413793,501.619775862069,,,,,1.0,6.769406395278993,2.383941693917901
806,11115108,8,,left,saccade,202.0,,,,1435.259,517.769,1455.004,517.9780000000002,,,
807,11115120,948,4.315346648977989,left,fixation,203.0,,1454.69653361345,527.763857142858,,,,,3.0,2.9714585857880675,10.858932618240983
808,11116072,64,,right,saccade,,202.0,,,1465.881,529.062,716.727,608.931,,,
809,11116072,72,,left,saccade,203.0,,,,1436.513,555.992,779.92,555.899,,,
810,11116232,599,4.455942148760332,right,fixation,,203.0,704.17798013245,604.077549668874,,,,,5.0,6.020641597934576,21.071011134689137
811,11116236,595,4.455942148760332,left,fixation,204.0,,740.927726666666,581.4086133333329,,,,,5.0,5.926550458099098,24.775861881343012
812,11116835,36,,left,saccade,204.0,,,,749.0219999999997,607.263,401.81699999999995,776.175,,,
813,11116835,36,,right,saccade,,203.0,,,721.253,626.389,384.329,791.211,,,
814,11116875,340,4.1824176470588235,right,fixation,,204.0,372.86865116279,827.9773139534891,,,,,2.0,5.220713308467189,13.56099319565584
815,11116875,344,4.182244186046511,left,fixation,205.0,,388.094379310345,808.631252873563,,,,,5.0,4.568156718193872,13.592794688670232
816,11117219,24,,right,saccade,,204.0,,,377.46,844.76,530.682,866.346,,,
817,11117223,24,,left,saccade,205.0,,,,407.41,823.4639999999997,558.384,838.898,,,
818,11117247,385,4.247159793814434,right,fixation,,205.0,536.967742268041,886.874783505155,,,,,4.0,4.528151538702828,14.452641676210431
819,11117251,381,4.247770833333333,left,fixation,206.0,,561.090333333333,872.317541666666,,,,,5.0,5.025560414330651,18.381867815849187
820,11117636,28,,left,saccade,206.0,,,,537.363,881.76,469.73900000000003,624.306,,,
821,11117636,36,,right,saccade,,205.0,,,512.315,889.539,445.494,645.874,,,
822,11117668,880,4.259192646358877,left,fixation,207.0,,428.37137104072406,584.0478733031671,,,,,4.0,4.214897494782752,19.81838383700548
823,11117676,876,4.259453944203943,right,fixation,,206.0,405.832236363636,616.565968181818,,,,,7.0,5.560029637164364,19.10881877539249
824,11118552,40,,left,saccade,207.0,,,,442.591,565.998,428.361,576.467,,,
825,11118556,40,,right,saccade,,206.0,,,385.44599999999997,596.835,358.55699999999996,610.789,,,
826,11118699,0,,right,fixation,,207.0,359.042,610.789,,,,,0.0,,
827,11118703,12,,right,saccade,,207.0,,,359.978,610.789,368.064,560.112,,,
828,11118707,420,4.327569452286844,left,fixation,208.0,,429.998839622641,569.297386792453,,,,,1.0,9.417291876000107,38.918629947622854
829,11118719,412,4.327163692136085,right,fixation,,208.0,407.2438557692311,595.618528846154,,,,,3.0,3.9353127518186617,18.06066577378268
830,11119131,20,,left,saccade,208.0,,,,420.129,582.751,497.471,582.751,,,
831,11119135,16,,right,saccade,,208.0,,,402.81199999999995,604.378,465.925,604.659,,,
832,11119155,541,4.228224264705882,right,fixation,,209.0,487.577073529412,603.289852941176,,,,,2.0,3.2378925768024485,5.7367826229949115
833,11119155,545,4.227813868613138,left,fixation,209.0,,511.425299270073,595.643204379562,,,,,2.0,3.980539971121632,9.942531246572566
834,11119700,16,,right,saccade,,209.0,,,494.55400000000003,619.4069999999998,561.096,621.023,,,
835,11119704,8,,left,saccade,209.0,,,,535.9780000000002,586.488,562.828,583.929,,,
836,11119716,1016,4.26846653543307,left,fixation,210.0,,619.926211764706,608.801639215686,,,,,6.0,3.7254817039693284,11.022152525049396
837,11119720,1012,4.268830039525692,right,fixation,,210.0,596.78218503937,614.4659921259839,,,,,5.0,3.9585231399453926,14.179304404647805
838,11120736,16,,left,saccade,210.0,,,,657.035,588.217,724.79,582.9490000000002,,,
839,11120736,16,,right,saccade,,210.0,,,620.898,612.44,675.925,608.7869999999998,,,
840,11120756,443,4.369891999506142,left,fixation,211.0,,740.780732142857,606.9567767857151,,,,,1.0,4.082638080266737,13.984510073649238
841,11120756,451,4.369891999506144,right,fixation,,211.0,698.3617280701759,615.662789473684,,,,,3.0,2.6601303863481944,6.920939746590223
842,11121203,40,,left,saccade,211.0,,,,755.809,596.8330000000002,765.7360000000001,607.383,,,
843,11121211,40,,right,saccade,,211.0,,,705.796,618.862,703.0039999999997,663.4069999999998,,,
844,11121523,0,,right,fixation,,212.0,706.5160000000003,663.4069999999998,,,,,0.0,,
845,11121527,20,,right,saccade,,212.0,,,708.4580000000003,663.4069999999998,711.6510000000003,589.7769999999998,,,
846,11121531,44,,left,fixation,212.0,,768.3710000000003,590.259,,,,,1.0,7.440660284693961,31.32096558217836
847,11121551,24,,right,fixation,,213.0,716.9304285714287,583.365,,,,,0.0,,
848,11121579,40,,left,saccade,212.0,,,,767.796,569.643,771.7669999999997,611.2040000000002,,,
849,11121579,40,,right,saccade,,213.0,,,720.0830000000003,579.957,722.15,650.623,,,
850,11121739,168,4.307338492641566,right,fixation,,214.0,715.123255813954,623.230581395349,,,,,3.0,5.636335654403098,14.945948188114274
851,11121747,160,4.307338492641565,left,fixation,213.0,,767.925170731707,611.799853658537,,,,,2.0,5.009339490759629,16.921790164052045
852,11121911,20,,left,saccade,213.0,,,,773.05,629.92,839.539,632.869,,,
853,11121911,20,,right,saccade,,214.0,,,721.0880000000003,636.192,786.1039999999997,634.256,,,
854,11121935,956,4.220096234309623,left,fixation,214.0,,861.0388,622.454758333333,,,,,4.0,3.845902934090224,8.977642932490513
855,11121935,956,4.220096234309623,right,fixation,,215.0,821.973108333334,626.242595833333,,,,,7.0,4.618324830180702,10.771782755024528
856,11122895,20,,left,saccade,214.0,,,,856.5089999999999,608.206,766.485,613.191,,,
857,11122895,20,,right,saccade,,215.0,,,811.7769999999997,620.309,711.666,615.133,,,
858,11122919,460,4.246639130434782,left,fixation,215.0,,738.36825,602.999198275862,,,,,3.0,8.055022167476777,26.33731617319225
859,11122919,460,4.246639130434782,right,fixation,,216.0,692.931818965517,612.304017241379,,,,,2.0,5.034559071367265,17.856862309886015
860,11123383,20,,left,saccade,215.0,,,,718.0939999999997,586.424,726.9689999999997,505.666,,,
861,11123383,20,,right,saccade,,216.0,,,676.378,595.1080000000002,705.1289999999997,503.452,,,
862,11123407,284,4.2716056338028165,right,fixation,,217.0,725.374236111111,500.059263888889,,,,,2.0,3.3224049830298483,11.298844103354785
863,11123407,288,4.271027777777778,left,fixation,216.0,,750.0435205479449,502.304945205479,,,,,1.0,2.9102939332269937,8.266390990027059
864,11123695,20,,right,saccade,,217.0,,,727.304,512.253,719.1110000000001,610.197,,,
865,11123699,20,,left,saccade,216.0,,,,752.201,502.548,752.5060000000003,595.08,,,
866,11123719,456,4.193699421965318,right,fixation,,218.0,719.659669565218,627.7350173913053,,,,,4.0,3.863463975226495,11.124316891704046
867,11123723,448,4.193280701754387,left,fixation,217.0,,756.045256637168,605.32871681416,,,,,3.0,3.938030548498592,10.070987558998985
868,11124175,40,,left,saccade,217.0,,,,768.21,570.029,733.84,453.845,,,
869,11124179,40,,right,saccade,,218.0,,,727.113,616.2919999999998,697.297,437.852,,,
870,11124339,228,4.272694005095908,right,fixation,,219.0,696.923982758621,497.518517241379,,,,,2.0,5.442669775248027,35.08526885255031
871,11124339,436,4.243341420065761,left,fixation,218.0,,718.6415818181821,477.123890909091,,,,,4.0,7.599002336844312,28.059741992796496
872,11124571,0,,right,saccade,,219.0,,,689.9810000000001,471.526,689.9810000000001,471.526,,,
873,11124575,200,4.2236600000000015,right,fixation,,220.0,668.567215686274,467.717745098039,,,,,1.0,3.9207999254687103,14.936936767624092
874,11124779,28,,left,saccade,218.0,,,,708.7539999999997,464.591,415.366,451.089,,,
875,11124779,32,,right,saccade,,220.0,,,667.456,470.339,379.29400000000004,456.57300000000004,,,
876,11124811,336,4.003130952380952,left,fixation,219.0,,388.44325882352996,422.3789058823529,,,,,4.0,3.1937568383037047,8.18247600570763
877,11124815,336,4.001244047619048,right,fixation,,221.0,344.8206705882351,432.07881176470596,,,,,3.0,3.813266085263384,17.233182540824153
878,11125151,44,,left,saccade,219.0,,,,370.125,421.2,466.847,156.49200000000005,,,
879,11125155,40,,right,saccade,,221.0,,,342.8590000000001,411.819,480.19199999999995,155.826,,,
880,11125199,168,3.9344047619047613,left,fixation,220.0,,481.680093023256,122.888348837209,,,,,1.0,5.273177436591513,7.5234189701225676
881,11125199,168,3.9344047619047613,right,fixation,,222.0,491.81590697674403,128.260139534884,,,,,1.0,3.919425305095412,10.859755153777645
882,11125371,40,,left,saccade,220.0,,,,494.11,97.01899999999999,969.312,74.668,,,
883,11125371,44,,right,saccade,,222.0,,,499.30400000000003,128.488,982.829,49.622,,,
884,11125415,216,4.001675925925927,left,fixation,221.0,,1005.1339999999999,63.1607454545455,,,,,1.0,11.608229994754186,22.988018466148844
885,11125419,208,4.001682692307692,right,fixation,,223.0,991.911754716981,48.65086792452829,,,,,2.0,3.5021016921296133,5.295667178877442
886,11125631,28,,right,saccade,,223.0,,,989.707,49.16,1169.354,51.276,,,
887,11125635,20,,left,saccade,221.0,,,,1008.7769999999999,64.634,1179.893,60.68899999999999,,,
888,11125659,144,4.078944444444444,left,fixation,222.0,,1192.74351351351,45.0617027027027,,,,,0.0,,
889,11125663,140,4.079742857142857,right,fixation,,224.0,1174.4218888888902,52.5683333333333,,,,,0.0,,
890,11125807,24,,right,saccade,,224.0,,,1179.9589999999996,57.848,1402.753,72.425,,,
891,11125807,28,,left,saccade,222.0,,,,1202.182,52.996,1414.753,82.061,,,
892,11125835,544,4.278238970588236,right,fixation,,225.0,1433.23612408759,98.09283941605841,,,,,2.0,8.847572644246226,36.33674670277642
893,11125839,304,4.220657894736842,left,fixation,223.0,,1424.0022077922101,88.0993376623377,,,,,2.0,4.906835951247169,8.360748350526132
894,11126147,16,,left,saccade,223.0,,,,1420.852,97.318,1480.8570000000002,100.95,,,
895,11126167,212,4.358943396226415,left,fixation,224.0,,1494.6065,106.47305555555599,,,,,2.0,3.911848917876618,6.344797467173297
896,11126383,56,,left,saccade,224.0,,,,1499.007,104.99700000000001,922.942,740.375,,,
897,11126383,56,,right,saccade,,225.0,,,1446.35,125.331,885.671,762.685,,,
898,11126443,140,4.482222222222223,left,fixation,225.0,,916.256944444445,772.203444444444,,,,,1.0,5.395737257831888,9.057020481372431
899,11126443,140,4.482222222222223,right,fixation,,226.0,870.0525555555562,808.842388888889,,,,,1.0,5.411735524662037,41.47089275624528
900,11126587,24,,left,saccade,225.0,,,,911.74,771.659,730.154,855.6310000000003,,,
901,11126587,24,,right,saccade,,226.0,,,859.791,819.227,652.258,855.6389999999999,,,
902,11126615,192,4.408666666666666,left,fixation,226.0,,712.2996122448981,869.104959183674,,,,,2.0,3.841325134952595,5.4924369079661695
903,11126615,196,4.4062755102040825,right,fixation,,227.0,647.5031,878.43574,,,,,1.0,7.0211345494237465,7.123307237512703
904,11126811,32,,left,saccade,226.0,,,,709.689,864.1419999999997,409.602,846.7289999999997,,,
905,11126815,32,,right,saccade,,227.0,,,650.5790000000002,874.89,360.091,848.926,,,
906,11126847,220,4.138318181818182,left,fixation,227.0,,394.803410714286,839.357089285714,,,,,1.0,2.6026594571706982,8.18044693155582
907,11126851,216,4.137185185185185,right,fixation,,228.0,342.161327272727,840.544872727273,,,,,0.0,,
908,11127071,52,,left,saccade,227.0,,,,382.01300000000003,825.188,615.401,343.1090000000001,,,
909,11127071,52,,right,saccade,,228.0,,,336.6,828.814,585.386,337.131,,,
910,11127127,420,4.083971428571429,left,fixation,228.0,,635.4384056603769,340.43182075471697,,,,,2.0,3.215854997608232,8.730434582329513
911,11127127,420,4.083971428571429,right,fixation,,229.0,592.54429245283,313.520273584906,,,,,1.0,4.075606720341018,10.521908762197127
912,11127551,20,,left,saccade,228.0,,,,636.385,331.311,557.409,337.3,,,
913,11127551,20,,right,saccade,,229.0,,,579.966,310.373,512.4169999999998,313.473,,,
914,11127575,452,4.120761061946904,left,fixation,229.0,,543.816543859649,341.888236842105,,,,,2.0,4.43139992971284,12.565943029353356
915,11127575,452,4.120761061946904,right,fixation,,230.0,502.7295350877189,330.965815789474,,,,,2.0,2.9371350948989963,6.347031818765336
916,11128031,20,,left,saccade,229.0,,,,537.289,332.80800000000005,434.26199999999994,338.815,,,
917,11128031,20,,right,saccade,,230.0,,,494.991,336.278,387.15,336.838,,,
918,11128055,700,4.339117142857142,left,fixation,230.0,,430.519596590909,324.447852272727,,,,,4.0,3.4695066175050764,8.028665162558385
919,11128055,700,4.339117142857142,right,fixation,,231.0,393.30327840909104,332.96776136363604,,,,,3.0,3.7238386879944776,12.985568067702904
920,11128759,28,,left,saccade,230.0,,,,427.741,325.194,768.525,324.372,,,
921,11128759,32,,right,saccade,,231.0,,,407.412,344.852,749.408,337.093,,,
922,11128791,1120,4.242676785714285,left,fixation,231.0,,844.2480000000011,325.293597864768,,,,,3.0,6.3218188412151965,20.911723899478886
923,11128795,1116,4.242172043010752,right,fixation,,232.0,816.599275,330.14897142857103,,,,,14.0,3.722130663025717,9.41165963638242
924,11129915,20,,right,saccade,,232.0,,,834.2610000000003,311.336,837.8919999999997,206.903,,,
925,11129915,24,,left,saccade,231.0,,,,856.2810000000003,313.35,855.102,174.011,,,
926,11129939,316,4.121632911392405,right,fixation,,233.0,834.4185625,188.980775,,,,,0.0,,
927,11129943,316,4.122670886075949,left,fixation,232.0,,856.19795,189.33035,,,,,3.0,5.905729511742913,19.122719319996847
928,11130259,20,,right,saccade,,233.0,,,832.4960000000003,185.81900000000002,754.047,188.113,,,
929,11130263,12,,left,saccade,232.0,,,,841.977,213.47099999999998,800.113,201.196,,,
930,11130279,352,4.131551136363637,left,fixation,233.0,,764.510056179776,155.712662921348,,,,,2.0,4.770611591247706,14.694939857587785
931,11130283,344,4.131331395348837,right,fixation,,234.0,741.745528735632,188.174954022988,,,,,1.0,2.7852332886532385,3.8443665277910215
932,11130631,24,,right,saccade,,234.0,,,742.2330000000003,190.237,626.613,192.521,,,
933,11130635,20,,left,saccade,233.0,,,,754.8489999999997,183.56799999999998,627.884,178.57299999999995,,,
934,11130659,288,4.1857291666666665,left,fixation,234.0,,626.449876712329,153.74463013698602,,,,,2.0,3.8969813221528518,7.439519282895532
935,11130659,288,4.1857291666666665,right,fixation,,235.0,611.523534246575,206.31538356164398,,,,,2.0,3.5112206466216174,5.706733669549428
936,11130951,44,,right,saccade,,235.0,,,606.065,207.93099999999998,404.97,757.217,,,
937,11130951,48,,left,saccade,234.0,,,,623.476,149.393,428.13300000000004,758.055,,,
938,11130999,348,4.335959770114943,right,fixation,,236.0,401.618022727273,802.675079545455,,,,,2.0,4.114311148178102,13.465156612863613
939,11131003,348,4.336678160919541,left,fixation,235.0,,423.073159090909,793.9572045454539,,,,,4.0,7.911441800525901,17.203549785129276
940,11131351,4,,right,saccade,,236.0,,,388.811,775.309,389.459,760.8389999999997,,,
941,11131355,4,,left,saccade,235.0,,,,409.037,734.0089999999999,411.53,722.807,,,
942,11131359,188,4.317872340425532,right,fixation,,237.0,400.199125,743.833333333333,,,,,2.0,4.138324354977644,8.315647351427337
943,11131363,184,4.317271739130435,left,fixation,236.0,,420.959361702128,713.164361702128,,,,,1.0,4.345697437951976,9.598018597606501
944,11131551,20,,left,saccade,236.0,,,,425.98400000000004,722.931,411.88599999999997,824.1510000000003,,,
945,11131551,20,,right,saccade,,237.0,,,403.711,739.957,388.593,835.063,,,
946,11131575,224,4.282892857142857,left,fixation,237.0,,403.75136842105286,823.242894736842,,,,,0.0,,
947,11131575,224,4.282892857142857,right,fixation,,238.0,377.250245614035,837.9952456140352,,,,,2.0,3.2209829183095127,7.773187823447661
948,11131803,24,,left,saccade,237.0,,,,414.575,818.284,553.6419999999998,727.562,,,
949,11131803,24,,right,saccade,,238.0,,,388.10400000000004,843.2869999999997,526.216,765.8439999999997,,,
950,11131831,259,4.32459375,left,fixation,238.0,,565.891166666666,717.803439393939,,,,,0.0,,
951,11131831,263,4.324923076923077,right,fixation,,239.0,529.485223880597,766.04771641791,,,,,0.0,,
952,11132094,20,,left,saccade,238.0,,,,568.238,713.797,633.606,708.078,,,
953,11132098,16,,right,saccade,,239.0,,,534.5880000000002,770.5310000000003,587.0830000000002,761.0089999999999,,,
954,11132118,293,4.3895287098699125,left,fixation,239.0,,651.510567567567,719.3371216216209,,,,,4.0,4.957369089350104,13.920208860870016
955,11132118,293,4.3895287098699125,right,fixation,,240.0,612.672378378379,758.869189189189,,,,,2.0,9.299199943721199,12.107354692136084
956,11132415,40,,left,saccade,239.0,,,,670.7760000000002,731.6,709.3860000000003,732.4910000000001,,,
957,11132415,56,,right,saccade,,240.0,,,615.506,753.538,648.026,730.985,,,
958,11132559,584,4.400916150892251,left,fixation,240.0,,778.132476190477,736.7269659863948,,,,,3.0,9.962935501260644,38.4520306190828
959,11132571,136,4.4572975438596485,right,fixation,,241.0,660.819628571429,724.271857142857,,,,,2.0,8.548389408048733,20.4262480773493
960,11132711,4,,right,saccade,,241.0,,,708.557,738.444,713.207,738.7310000000001,,,
961,11132719,420,4.395728571428572,right,fixation,,242.0,742.714169811321,759.403924528302,,,,,3.0,6.047604239240372,19.753021864165746
962,11133143,44,,right,saccade,,242.0,,,775.655,755.914,1367.759,668.941,,,
963,11133147,40,,left,saccade,240.0,,,,836.6360000000003,720.748,1360.52,659.502,,,
964,11133191,380,4.2370833333333335,left,fixation,241.0,,1409.02079166667,659.0616354166671,,,,,4.0,5.977274128630171,19.939402872646344
965,11133191,380,4.2370833333333335,right,fixation,,243.0,1406.63252083333,663.878354166667,,,,,2.0,7.437135513729408,25.297831629563703
966,11133575,20,,left,saccade,241.0,,,,1425.951,677.0239999999999,1433.558,508.60699999999997,,,
967,11133575,24,,right,saccade,,243.0,,,1434.6429999999998,658.9910000000001,1466.815,490.36699999999996,,,
968,11133599,188,4.23652,left,fixation,242.0,,1458.87785416667,487.81672916666605,,,,,1.0,5.6432816718446555,21.832515498677573
969,11133603,184,4.236132653061223,right,fixation,,244.0,1466.55112765957,480.124021276596,,,,,1.0,3.7749380053776123,9.075814068170436
