,starttime,duration,meanPupilDiameter,eye,eventType,eventIdxLeft,eventIdxRight,meanX,meanY,startSaccadeX,startSaccadeY,endSaccadeX,endSaccadeY,microsaccadeCount,microsaccadeAmplitude,microsaccadePeakVelocity
0,10838719,292,3.9121614583333333,left,fixation,1.0,,1425.71039189189,557.606648648649,,,,,0.0,,
1,10838719,292,3.9121614583333333,right,fixation,,1.0,1422.5104864864902,539.975189189189,,,,,0.0,,
2,10839015,40,,left,saccade,1.0,,,,1423.287,564.363,586.971,298.695,,,
3,10839015,40,,right,saccade,,1.0,,,1431.987,541.9540000000002,587.116,255.66,,,
4,10839191,140,3.940734693877552,left,fixation,2.0,,585.481416666667,291.121,,,,,2.0,4.999315139802505,13.23617042883389
5,10839191,140,3.940734693877552,right,fixation,,2.0,591.251833333333,274.897944444445,,,,,0.0,,
6,10839335,20,,left,saccade,2.0,,,,583.435,292.83799999999997,542.445,185.63099999999997,,,
7,10839335,24,,right,saccade,,2.0,,,586.59,284.6740000000001,547.243,175.649,,,
8,10839359,140,3.944371428571429,left,fixation,3.0,,524.716222222222,179.466305555556,,,,,2.0,2.453486474190814,6.660383694652068
9,10839363,140,3.944757142857143,right,fixation,,3.0,523.868861111111,160.862777777778,,,,,1.0,3.2416048537380218,6.003549366832887
10,10839503,16,,left,saccade,3.0,,,,516.9680000000002,174.90599999999995,452.82099999999997,180.827,,,
11,10839507,16,,right,saccade,,3.0,,,513.299,166.253,448.102,174.34799999999996,,,
12,10839523,168,3.877928571428572,left,fixation,4.0,,443.985465116279,194.141813953488,,,,,1.0,3.0037478903677903,9.112106726767431
13,10839527,160,3.8781125,right,fixation,,4.0,442.19973170731697,172.309292682927,,,,,3.0,2.391743110823532,5.099947300384505
14,10839691,32,,right,saccade,,4.0,,,449.73800000000006,177.96900000000005,757.828,182.50799999999998,,,
15,10839695,32,,left,saccade,4.0,,,,447.13699999999994,197.672,724.2810000000003,190.562,,,
16,10839727,264,3.693401515151515,right,fixation,,5.0,772.0722985074631,198.017343283582,,,,,0.0,,
17,10839731,260,3.691830769230769,left,fixation,5.0,,755.4918939393941,199.485666666667,,,,,2.0,2.7533770704912213,14.20885029110174
18,10839995,24,,left,saccade,5.0,,,,757.29,205.518,626.1,207.813,,,
19,10839995,24,,right,saccade,,5.0,,,776.1089999999997,193.054,643.179,196.65900000000002,,,
20,10840023,379,3.6318138297872338,left,fixation,6.0,,622.594520833334,202.18748958333302,,,,,2.0,1.9713011483137692,5.958004647753907
21,10840023,379,3.6318138297872338,right,fixation,,6.0,639.988416666667,199.92202083333302,,,,,0.0,,
22,10840406,16,,right,saccade,,6.0,,,643.2130000000002,204.988,571.313,206.702,,,
23,10840406,20,,left,saccade,6.0,,,,625.259,197.524,547.3290000000002,200.215,,,
24,10840426,324,3.7011666666666665,right,fixation,,7.0,556.67206097561,200.386963414634,,,,,2.0,3.4055502467244043,10.757665343301085
25,10840430,316,3.7013607594936713,left,fixation,7.0,,539.3996,200.18205,,,,,1.0,1.815887761154635,4.716614251770006
26,10840750,16,,left,saccade,7.0,,,,544.217,206.938,490.16900000000004,206.938,,,
27,10840754,12,,right,saccade,,7.0,,,545.064,193.294,497.606,191.987,,,
28,10840770,109,3.7658928571428567,left,fixation,8.0,,473.98346428571404,189.84639285714297,,,,,2.0,2.3394615922343425,8.625077007918334
29,10840770,109,3.7658928571428567,right,fixation,,8.0,492.1168214285711,185.93889285714297,,,,,3.0,2.0769731432544933,6.6228155427211535
30,10840883,27,,right,saccade,,8.0,,,484.909,188.467,824.4639999999997,197.666,,,
31,10840883,31,,left,saccade,8.0,,,,477.62199999999996,179.33,796.346,175.572,,,
32,10840914,1033,3.815789575289576,right,fixation,,9.0,825.978092664092,197.759579150579,,,,,3.0,9.910714516788932,41.226822706275776
33,10840918,348,3.8101321839080464,left,fixation,9.0,,835.2216136363637,201.822511363636,,,,,5.0,2.5634835443356474,12.76451306110873
34,10841270,20,,left,saccade,9.0,,,,857.755,233.331,784.1619999999997,217.93400000000003,,,
35,10841294,256,3.8407109375,left,fixation,10.0,,780.525692307693,212.20815384615398,,,,,2.0,2.440285734941224,6.436555235303402
36,10841554,8,,left,saccade,10.0,,,,796.178,217.382,834.497,220.585,,,
37,10841566,381,3.802208333333333,left,fixation,11.0,,845.6063749999989,228.95077083333302,,,,,2.0,2.95652843608693,9.568257448586447
38,10841951,32,,left,saccade,11.0,,,,841.122,228.372,539.059,233.114,,,
39,10841951,32,,right,saccade,,9.0,,,851.659,196.40400000000002,544.05,193.94799999999998,,,
40,10841987,399,3.733363636363636,left,fixation,12.0,,504.103287128713,204.71055445544602,,,,,3.0,6.313102964596872,21.999251601709627
41,10841987,399,3.733363636363636,right,fixation,,10.0,515.005603960396,185.190584158416,,,,,4.0,4.226720429390242,13.135375596784725
42,10842390,28,,left,saccade,12.0,,,,475.73199999999997,204.304,701.13,193.22,,,
43,10842390,28,,right,saccade,,10.0,,,487.83,191.092,739.337,196.701,,,
44,10842422,344,3.7131686046511625,left,fixation,13.0,,748.5417931034482,197.47799999999998,,,,,4.0,2.6613972869142497,13.100215482533601
45,10842422,344,3.7131686046511625,right,fixation,,11.0,765.380574712643,198.97878160919498,,,,,2.0,3.2691353846245463,11.123432460843945
46,10842770,20,,left,saccade,13.0,,,,761.972,197.671,647.783,197.195,,,
47,10842770,20,,right,saccade,,11.0,,,788.373,197.028,662.637,197.831,,,
48,10842794,801,3.67713184079602,left,fixation,14.0,,642.2061243781089,203.71944278606998,,,,,1.0,1.636440174416527,3.5242843245118567
49,10842794,801,3.67713184079602,right,fixation,,12.0,658.836248756219,203.865014925373,,,,,0.0,,
50,10843599,24,,left,saccade,14.0,,,,647.52,209.315,827.086,209.315,,,
51,10843599,24,,right,saccade,,12.0,,,668.8889999999999,207.707,847.828,210.672,,,
52,10843627,160,3.7229375000000013,left,fixation,15.0,,833.56912195122,208.580243902439,,,,,0.0,,
53,10843627,160,3.7229375000000013,right,fixation,,13.0,854.438512195122,206.87356097561002,,,,,1.0,1.9177798289225496,6.034328877348348
54,10843790,28,,left,saccade,15.0,,,,841.203,216.822,589.596,231.606,,,
55,10843790,28,,right,saccade,,13.0,,,849.3489999999997,201.851,599.211,214.989,,,
56,10843822,324,3.7262636363636363,left,fixation,16.0,,565.5883658536577,210.746073170732,,,,,2.0,4.179855912034556,22.144221007703894
57,10843822,324,3.7262636363636363,right,fixation,,14.0,574.458987804878,208.62663414634102,,,,,5.0,3.6212325578385554,12.35305143329157
58,10844150,40,,left,saccade,16.0,,,,540.159,206.856,533.268,172.80900000000003,,,
59,10844150,40,,right,saccade,,14.0,,,549.091,203.91400000000002,532.726,184.648,,,
60,10844326,220,3.730580086580087,right,fixation,,15.0,538.7665714285711,196.223660714286,,,,,2.0,2.822644999920569,13.622888984651787
61,10844330,216,3.730580086580087,left,fixation,17.0,,530.6403454545459,176.500309090909,,,,,4.0,3.0905757417038378,11.311358558803724
62,10844550,20,,left,saccade,17.0,,,,531.646,188.743,645.349,182.856,,,
63,10844550,20,,right,saccade,,15.0,,,542.972,202.745,659.341,191.859,,,
64,10844574,572,3.7635419580419582,left,fixation,18.0,,660.759951388889,196.553215277778,,,,,0.0,,
65,10844574,572,3.7635419580419582,right,fixation,,16.0,663.820604166666,194.11340972222197,,,,,0.0,,
66,10845150,24,,left,saccade,18.0,,,,659.2489999999998,195.15200000000002,500.397,200.46599999999998,,,
67,10845150,24,,right,saccade,,16.0,,,665.471,183.037,512.507,192.645,,,
68,10845178,500,3.713132,right,fixation,,17.0,481.025698412698,191.49314285714297,,,,,1.0,6.078580711993735,42.55912467379939
69,10845178,504,3.7133531746031747,left,fixation,19.0,,474.59462992126,196.31868503937,,,,,2.0,4.6147775845771,24.03008771396653
70,10845682,32,,right,saccade,,17.0,,,455.096,173.98,781.535,185.77900000000002,,,
71,10845686,28,,left,saccade,19.0,,,,457.37,202.017,734.821,191.965,,,
72,10845718,252,3.736246031746031,right,fixation,,18.0,780.1221875,191.39890625,,,,,1.0,1.8216513265593781,3.908949986889069
73,10845718,264,3.735242424242424,left,fixation,20.0,,765.778447761194,199.634059701493,,,,,2.0,2.391931463342613,15.700395538150115
74,10845974,20,,right,saccade,,18.0,,,774.247,207.96400000000003,835.301,210.955,,,
75,10845986,8,,left,saccade,20.0,,,,801.096,207.46900000000002,828.7810000000003,209.419,,,
76,10845998,476,3.640728813559322,left,fixation,21.0,,844.962083333333,226.295133333333,,,,,1.0,3.472481313444655,6.0761459001574325
77,10845998,476,3.640728813559322,right,fixation,,19.0,857.527116666667,213.008966666667,,,,,1.0,2.4962794815484717,8.237744351459455
78,10846478,28,,left,saccade,21.0,,,,845.538,216.303,667.04,217.046,,,
79,10846478,28,,right,saccade,,19.0,,,860.076,202.389,689.42,201.225,,,
80,10846510,492,3.591284552845528,left,fixation,22.0,,649.28660483871,208.78566935483798,,,,,2.0,1.5938070625548129,4.9390244507878736
81,10846510,492,3.591284552845528,right,fixation,,20.0,669.4639274193551,196.353266129032,,,,,2.0,2.8849165092956364,9.1116009874254
82,10847006,20,,left,saccade,22.0,,,,642.303,203.78900000000002,531.828,213.143,,,
83,10847006,20,,right,saccade,,20.0,,,658.059,189.69799999999998,538.192,194.93599999999998,,,
84,10847030,112,3.6427142857142862,left,fixation,23.0,,524.413862068966,210.196379310345,,,,,1.0,1.8562745247163788,6.344713153484428
85,10847030,116,3.6427142857142853,right,fixation,,21.0,536.2650333333339,203.73096666666697,,,,,0.0,,
86,10847146,40,,left,saccade,23.0,,,,521.192,212.326,615.693,165.52,,,
87,10847150,40,,right,saccade,,21.0,,,543.02,207.02200000000002,664.3430000000002,176.33599999999996,,,
88,10847346,1204,3.7866529973354486,right,fixation,,22.0,652.056122516556,184.84552317880798,,,,,7.0,3.897394153901665,19.867420413604144
89,10847358,1196,3.7866816360313047,left,fixation,24.0,,636.808626666667,190.0856,,,,,14.0,2.912817717844145,11.04693575978447
90,10848554,28,,right,saccade,,22.0,,,666.245,190.96200000000002,853.758,203.47099999999998,,,
91,10848558,24,,left,saccade,24.0,,,,657.7710000000002,207.43400000000003,830.3760000000003,217.908,,,
92,10848586,328,3.793871951219512,left,fixation,25.0,,848.026325301205,235.710674698795,,,,,1.0,2.1655379880708017,3.844319705747708
93,10848586,332,3.793596385542168,right,fixation,,23.0,856.396857142857,210.738011904762,,,,,0.0,,
94,10848918,32,,left,saccade,25.0,,,,849.378,243.335,583.879,239.364,,,
95,10848922,28,,right,saccade,,23.0,,,865.664,206.778,583.9630000000002,216.236,,,
96,10848954,936,3.7069021276595753,right,fixation,,24.0,599.001076595745,205.343668085106,,,,,4.0,6.214975530934153,27.05253110734489
97,10848954,940,3.7065572033898304,left,fixation,26.0,,582.680063559322,206.43421610169497,,,,,6.0,4.126470174333648,19.425064412261733
98,10849894,20,,right,saccade,,24.0,,,629.33,201.28599999999997,757.6489999999999,202.082,,,
99,10849898,20,,left,saccade,26.0,,,,619.0740000000002,196.655,728.6039999999997,190.947,,,
100,10849918,364,3.6554340659340654,right,fixation,,25.0,765.769239130434,200.113663043478,,,,,1.0,9.02836682197961,28.405863285596592
101,10849922,360,3.655744444444444,left,fixation,27.0,,748.8634725274719,195.24990109890098,,,,,3.0,4.959307554967046,15.781856104848382
102,10850286,48,,left,saccade,27.0,,,,778.2710000000003,214.80700000000002,1381.874,194.15,,,
103,10850286,48,,right,saccade,,25.0,,,785.169,206.019,1402.5739999999994,186.03400000000002,,,
104,10850338,696,3.7182183908045983,left,fixation,28.0,,1408.6690457142804,172.82654285714298,,,,,8.0,3.5808688478493544,16.676217759852207
105,10850338,700,3.7182371428571424,right,fixation,,26.0,1416.35621590909,157.64291477272698,,,,,5.0,4.555570961568469,17.373027122056588
106,10851038,56,,left,saccade,28.0,,,,1430.3120000000001,168.739,688.25,190.013,,,
107,10851042,52,,right,saccade,,26.0,,,1427.608,142.907,694.2310000000001,168.96099999999996,,,
108,10851098,400,3.7724646464646456,left,fixation,29.0,,659.653613861386,193.402653465347,,,,,4.0,2.5992241249236905,8.499546731263173
109,10851098,400,3.7724646464646456,right,fixation,,27.0,664.092574257426,181.233762376238,,,,,1.0,3.5203080673271745,27.58497246690667
110,10851502,20,,left,saccade,29.0,,,,640.446,199.898,746.753,200.755,,,
111,10851502,20,,right,saccade,,27.0,,,649.241,179.938,754.552,188.525,,,
112,10851526,140,3.8035,right,fixation,,28.0,755.709277777778,193.459805555556,,,,,1.0,2.033371891710882,5.773329801769584
113,10851526,144,3.802805555555557,left,fixation,30.0,,757.806783783784,206.912297297297,,,,,1.0,1.8880041342939649,6.295948617960524
114,10851670,48,,right,saccade,,28.0,,,763.1,203.41299999999998,1460.818,194.984,,,
115,10851674,48,,left,saccade,30.0,,,,766.533,215.172,1455.75,196.90599999999998,,,
116,10851722,624,3.7946089743589737,right,fixation,,29.0,1446.1397261146499,167.282305732484,,,,,1.0,6.337124325924405,40.44918416977038
117,10851726,616,3.7945584415584417,left,fixation,31.0,,1451.69874193548,173.014025806452,,,,,5.0,4.30671141423185,14.234717195275538
118,10852346,52,,left,saccade,31.0,,,,1439.7060000000001,170.662,923.551,179.39,,,
119,10852350,52,,right,saccade,,29.0,,,1429.2420000000006,154.39,907.7189999999999,165.476,,,
120,10852402,356,3.86155,left,fixation,32.0,,884.7150333333328,207.883088888889,,,,,5.0,3.2686924443178738,16.132060379457492
121,10852406,352,3.862129213483146,right,fixation,,30.0,873.70404494382,190.090280898876,,,,,4.0,3.3583284571115377,13.18821212888228
122,10852762,28,,left,saccade,32.0,,,,863.044,218.42700000000002,567.433,226.74200000000002,,,
123,10852762,28,,right,saccade,,30.0,,,847.443,211.543,582.771,214.22,,,
124,10852794,184,3.901413043478261,right,fixation,,31.0,570.337744680851,221.82508510638303,,,,,2.0,2.5799385037144327,5.997100908745015
125,10852794,188,3.900595744680852,left,fixation,33.0,,550.485270833333,205.722625,,,,,3.0,2.9740469017990683,15.00783877372216
126,10852982,60,,right,saccade,,31.0,,,572.115,221.985,1441.418,195.235,,,
127,10852986,56,,left,saccade,33.0,,,,564.768,212.141,1421.862,191.59400000000002,,,
128,10853046,320,3.8173271028037377,left,fixation,34.0,,1434.20780246914,179.847234567901,,,,,2.0,2.341497394349354,5.488263915831728
129,10853046,320,3.8173271028037377,right,fixation,,32.0,1438.89958024691,175.83235802469105,,,,,0.0,,
130,10853370,40,,left,saccade,34.0,,,,1427.661,183.11599999999999,623.46,177.479,,,
131,10853370,40,,right,saccade,,32.0,,,1424.4720000000002,176.97299999999996,617.082,173.343,,,
132,10853526,584,3.7328421029407495,right,fixation,,33.0,644.9119999999998,200.532047619048,,,,,7.0,2.8584866010123666,7.639376189407492
133,10853538,572,3.7328421029407495,left,fixation,35.0,,637.991333333334,196.917826388889,,,,,5.0,2.7726823930021784,13.661655755414099
134,10854114,40,,left,saccade,35.0,,,,652.2230000000002,213.15599999999998,656.898,172.953,,,
135,10854114,40,,right,saccade,,33.0,,,666.48,218.604,667.6110000000001,173.921,,,
136,10854293,149,3.6666805678793257,right,fixation,,34.0,665.292447368421,180.00694736842098,,,,,3.0,2.214543787829717,5.8366171138033405
137,10854293,153,3.66706612244898,left,fixation,36.0,,647.142153846154,180.638512820513,,,,,2.0,2.9347863440557367,12.241571352990313
138,10854446,20,,right,saccade,,34.0,,,652.44,180.365,744.495,185.179,,,
139,10854450,16,,left,saccade,36.0,,,,654.021,188.456,729.215,192.109,,,
140,10854470,376,3.738425531914893,left,fixation,37.0,,748.3928421052631,191.65218947368402,,,,,2.0,2.7346351862896716,9.013280467662929
141,10854470,376,3.738425531914893,right,fixation,,35.0,760.726252631579,188.890442105263,,,,,1.0,1.9386254938888072,7.391315173905188
142,10854850,28,,left,saccade,37.0,,,,757.038,202.22299999999998,539.236,300.59,,,
143,10854850,32,,right,saccade,,35.0,,,769.3810000000003,198.873,542.137,298.51,,,
144,10854882,531,3.694526515151515,left,fixation,38.0,,523.94947761194,326.472440298507,,,,,3.0,2.8264019089422487,15.511323078468664
145,10854886,527,3.694087786259542,right,fixation,,36.0,543.660496240602,320.939541353383,,,,,5.0,3.749156568355292,17.279095140123804
146,10855417,16,,left,saccade,38.0,,,,529.953,348.30699999999996,455.309,353.724,,,
147,10855417,20,,right,saccade,,36.0,,,551.137,337.582,467.969,339.699,,,
148,10855437,480,3.5831375,left,fixation,39.0,,438.620776859504,347.649537190083,,,,,1.0,2.2438274901505983,12.822006590233846
149,10855441,476,3.5827773109243704,right,fixation,,37.0,463.6357,327.200258333333,,,,,0.0,,
150,10855921,24,,left,saccade,39.0,,,,439.51199999999994,345.043,633.2330000000002,346.07099999999997,,,
151,10855921,24,,right,saccade,,37.0,,,465.36800000000005,334.934,676.2180000000002,331.92199999999997,,,
152,10855949,496,3.546431451612904,left,fixation,40.0,,645.481032,335.73464,,,,,3.0,1.9476876451629488,5.094053798772244
153,10855949,496,3.546431451612904,right,fixation,,38.0,673.681144,325.187872,,,,,4.0,2.6765288149247297,11.417452186388994
154,10856449,20,,left,saccade,40.0,,,,646.866,339.99199999999996,539.182,349.73,,,
155,10856449,20,,right,saccade,,38.0,,,684.449,329.74699999999996,561.314,329.45599999999996,,,
156,10856473,256,3.5445859375,left,fixation,41.0,,525.145492307692,344.949553846154,,,,,1.0,2.2411238810025496,7.0850070571594514
157,10856473,256,3.5445859375,right,fixation,,39.0,550.228046153846,331.82544615384603,,,,,1.0,2.471569682295909,8.008717874916009
158,10856733,16,,left,saccade,41.0,,,,521.04,345.028,456.36400000000003,353.952,,,
159,10856733,16,,right,saccade,,39.0,,,546.731,332.666,477.79900000000004,333.275,,,
160,10856753,180,3.5621794871794874,left,fixation,42.0,,445.278695652174,347.794956521739,,,,,1.0,2.130587275585966,5.770616084960065
161,10856753,180,3.5621794871794874,right,fixation,,40.0,472.285,320.558739130435,,,,,2.0,2.4552649840495984,4.88404922665017
162,10856937,40,,left,saccade,42.0,,,,444.661,341.45,432.978,316.753,,,
163,10856937,40,,right,saccade,,40.0,,,464.38199999999995,306.01099999999997,447.923,307.2870000000001,,,
164,10857109,56,,right,fixation,,41.0,465.7602,290.377866666667,,,,,3.0,4.972677084232412,8.566492073062642
165,10857113,52,,left,fixation,43.0,,434.643071428572,304.6585,,,,,2.0,6.002485135818902,16.71135153630985
166,10857169,20,,left,saccade,43.0,,,,445.209,320.39599999999996,523.811,343.94699999999995,,,
167,10857169,20,,right,saccade,,41.0,,,473.534,302.496,557.561,317.738,,,
168,10857193,172,3.6191245852187017,left,fixation,44.0,,534.800772727273,349.852522727273,,,,,3.0,2.53746056387546,7.185493102079853
169,10857193,176,3.6197775826748617,right,fixation,,42.0,567.051688888889,326.61113333333304,,,,,4.0,4.221792913299804,17.516553393968287
170,10857369,24,,left,saccade,44.0,,,,541.493,354.416,693.827,349.199,,,
171,10857373,20,,right,saccade,,42.0,,,570.745,343.798,713.227,333.67199999999997,,,
172,10857397,788,3.6765279187817255,left,fixation,45.0,,736.3085404040401,340.02253030302995,,,,,7.0,3.3589463240196813,16.35559092247749
173,10857397,788,3.6765279187817255,right,fixation,,43.0,752.046015151515,323.18749494949503,,,,,6.0,3.9911235160976215,15.886075258889392
174,10858189,20,,left,saccade,45.0,,,,759.34,347.10900000000015,847.944,347.59,,,
175,10858189,20,,right,saccade,,43.0,,,774.47,334.53,873.74,332.019,,,
176,10858213,736,3.644983695652174,left,fixation,46.0,,858.837124324324,348.08587567567594,,,,,4.0,2.1063979547943674,5.593049785012857
177,10858213,736,3.644983695652174,right,fixation,,44.0,880.1919027027029,339.604767567568,,,,,1.0,2.3368290778079657,4.390809492565066
178,10858953,28,,left,saccade,46.0,,,,858.1439999999999,346.589,646.557,349.57199999999995,,,
179,10858953,28,,right,saccade,,44.0,,,877.51,350.906,660.612,345.0,,,
180,10858985,548,3.6815124,left,fixation,47.0,,628.25468115942,331.228463768116,,,,,7.0,2.885046523435953,11.067729420260449
181,10858985,556,3.6815124,right,fixation,,45.0,645.495214285714,332.843278571428,,,,,5.0,2.8378209123828064,11.092217695841901
182,10859537,40,,left,saccade,47.0,,,,609.7959999999998,326.45799999999997,613.307,308.063,,,
183,10859545,40,,right,saccade,,45.0,,,633.663,327.055,644.113,287.731,,,
184,10859705,136,3.604758947368421,right,fixation,,46.0,650.111771428571,305.960914285714,,,,,2.0,4.7792980869586685,14.508574931891072
185,10859713,128,3.604758947368421,left,fixation,48.0,,615.9547272727269,293.544393939394,,,,,2.0,4.942435702440696,14.102410607906172
186,10859845,20,,left,saccade,48.0,,,,617.273,301.01,721.5260000000003,317.531,,,
187,10859845,20,,right,saccade,,46.0,,,651.372,315.665,743.5319999999997,313.714,,,
188,10859869,1464,3.601771564327485,left,fixation,49.0,,752.666708446866,351.07013079019094,,,,,22.0,2.6381876656156744,11.922645562391748
189,10859869,1464,3.601771564327485,right,fixation,,47.0,767.583929155313,330.14996185286,,,,,7.0,3.112322042537477,9.668657402885755
190,10861337,40,,left,saccade,49.0,,,,741.044,348.974,817.2289999999997,319.611,,,
191,10861337,40,,right,saccade,,47.0,,,764.81,329.404,870.485,317.584,,,
192,10861489,408,3.7001409395973166,right,fixation,,48.0,860.264378640776,311.969097087379,,,,,6.0,5.5466656658367555,18.480774215292172
193,10861501,396,3.7001409395973166,left,fixation,50.0,,854.8159999999989,346.55332999999996,,,,,5.0,3.2657551516052785,13.907643954404564
194,10861901,24,,left,saccade,50.0,,,,868.461,356.81300000000016,664.505,361.097,,,
195,10861901,28,,right,saccade,,48.0,,,861.012,337.00699999999995,659.5989999999998,343.586,,,
196,10861929,900,3.5853296460176987,left,fixation,51.0,,646.3989292035401,349.522818584071,,,,,4.0,2.300668506803649,6.988076199600463
197,10861933,896,3.5848444444444447,right,fixation,,49.0,658.816635555557,338.68313777777803,,,,,1.0,2.1009400012587074,7.925296208975418
198,10862833,16,,right,saccade,,49.0,,,668.414,325.13599999999997,580.132,325.256,,,
199,10862833,20,,left,saccade,51.0,,,,644.283,346.409,555.967,346.786,,,
200,10862853,232,3.5828706896551723,right,fixation,,50.0,578.847847457627,321.75657627118596,,,,,2.0,3.084787948415161,6.8429834560625045
201,10862857,228,3.583245614035088,left,fixation,52.0,,550.545068965517,335.642327586207,,,,,4.0,1.787413570889946,4.847112989687872
202,10863089,20,,left,saccade,52.0,,,,550.351,339.1040000000001,629.569,330.07599999999996,,,
203,10863089,20,,right,saccade,,50.0,,,586.66,315.589,648.08,314.344,,,
204,10863113,112,3.6430535714285712,left,fixation,53.0,,633.185034482759,325.667965517241,,,,,0.0,,
205,10863113,112,3.6430535714285712,right,fixation,,51.0,645.637862068966,321.64672413793096,,,,,2.0,2.7990438350011724,6.314120732256953
206,10863229,56,,left,saccade,53.0,,,,637.302,326.561,1440.3529999999994,336.494,,,
207,10863229,56,,right,saccade,,51.0,,,638.052,324.373,1448.155,329.952,,,
208,10863289,1080,3.6562481481481486,left,fixation,54.0,,1424.1941845018396,312.20964206642003,,,,,7.0,3.4301649235024008,14.996902319118659
209,10863289,1080,3.6562481481481486,right,fixation,,52.0,1441.24866051661,287.090966789668,,,,,3.0,4.970136328954402,22.362414180744306
210,10864373,48,,left,saccade,54.0,,,,1431.755,319.783,843.758,358.639,,,
211,10864373,48,,right,saccade,,52.0,,,1432.779,290.815,852.154,313.134,,,
212,10864425,764,3.733424088281232,right,fixation,,53.0,867.432552083334,334.779598958333,,,,,2.0,6.720415258251183,31.108778528720325
213,10864425,768,3.733424088281232,left,fixation,55.0,,851.123191709845,355.467585492228,,,,,4.0,3.262434737267496,15.18158529297338
214,10865193,40,,right,saccade,,53.0,,,882.9760000000001,350.156,864.4689999999997,327.07099999999997,,,
215,10865197,40,,left,saccade,55.0,,,,860.143,364.63800000000003,830.398,338.283,,,
216,10865369,320,3.6820338405230593,left,fixation,56.0,,837.7494444444452,337.11262962962996,,,,,4.0,2.418932461783184,7.534718453552943
217,10865369,320,3.6820338405230593,right,fixation,,54.0,862.4774197530859,322.660320987655,,,,,5.0,3.553493461470919,13.347417037145975
218,10865693,36,,left,saccade,56.0,,,,853.192,346.647,494.164,361.214,,,
219,10865693,36,,right,saccade,,54.0,,,872.643,352.091,513.572,352.931,,,
220,10865733,627,3.6098173076923072,right,fixation,,55.0,473.330360759494,332.933955696203,,,,,4.0,3.7037148346068167,13.4770210429354
221,10865733,632,3.608212025316456,left,fixation,57.0,,457.454616352201,358.921308176101,,,,,4.0,3.268500845026675,13.220445623518716
222,10866365,20,,right,saccade,,55.0,,,471.708,338.86800000000005,552.138,341.9380000000001,,,
223,10866369,16,,left,saccade,57.0,,,,453.925,374.70099999999996,515.363,368.92199999999997,,,
224,10866389,536,3.4922981651376146,left,fixation,58.0,,529.1603407407409,356.79394074073997,,,,,4.0,1.789004181423424,5.180199771888094
225,10866389,540,3.4922981651376146,right,fixation,,56.0,557.598705882353,333.91940441176496,,,,,3.0,2.2381166685317173,4.4361296851869785
226,10866929,40,,left,saccade,58.0,,,,532.268,355.454,584.457,319.517,,,
227,10866933,40,,right,saccade,,56.0,,,556.531,318.151,626.4119999999998,283.529,,,
228,10867085,664,3.653791554252199,right,fixation,,57.0,642.31508982036,314.24843712574904,,,,,3.0,4.385751867246369,19.371067890825838
229,10867093,656,3.6537915542521993,left,fixation,59.0,,615.65346060606,315.83481818181804,,,,,8.0,4.200435462786603,14.26800726982372
230,10867753,20,,left,saccade,59.0,,,,649.039,343.29,541.898,346.11800000000005,,,
231,10867753,20,,right,saccade,,57.0,,,661.569,340.28,548.78,335.8040000000001,,,
232,10867777,119,3.709888888888889,left,fixation,60.0,,535.937225806451,347.935225806452,,,,,1.0,1.7758507272728667,4.42622875595008
233,10867777,123,3.709888888888889,right,fixation,,58.0,546.23740625,333.2549375,,,,,1.0,2.632557111335739,13.191872801084818
234,10867900,40,,left,saccade,60.0,,,,529.435,345.366,527.085,306.509,,,
235,10867904,40,,right,saccade,,58.0,,,535.799,345.17699999999996,549.8009999999998,320.6090000000001,,,
236,10868072,164,3.6026898688046654,right,fixation,,59.0,561.0388095238089,332.387166666667,,,,,1.0,3.2042191153054542,7.4201544458319475
237,10868080,156,3.602689868804666,left,fixation,61.0,,534.722825,323.214475,,,,,3.0,2.9165223180441515,9.990056053100504
238,10868240,21,,left,saccade,61.0,,,,537.447,332.211,632.408,331.44199999999995,,,
239,10868240,21,,right,saccade,,59.0,,,558.964,334.598,644.028,336.3,,,
240,10868265,476,3.684609243697479,right,fixation,,60.0,649.311933333334,345.569091666667,,,,,2.0,2.3576984903274805,4.942395255750035
241,10868265,480,3.6842791666666663,left,fixation,62.0,,642.133454545455,343.647520661157,,,,,2.0,2.1676147176676555,4.53430040317399
242,10868745,16,,right,saccade,,60.0,,,651.701,339.705,708.4910000000001,334.027,,,
243,10868749,12,,left,saccade,62.0,,,,643.716,345.772,692.895,339.958,,,
244,10868765,476,3.544,left,fixation,63.0,,725.894541666667,331.288325,,,,,3.0,4.032932479843666,17.689174444207975
245,10868765,476,3.544,right,fixation,,61.0,747.315425000001,330.990975,,,,,4.0,3.9901600270290936,13.933132697841902
246,10869245,20,,left,saccade,63.0,,,,726.579,318.9770000000001,621.654,327.077,,,
247,10869245,20,,right,saccade,,61.0,,,760.676,335.3130000000001,659.26,336.43199999999996,,,
248,10869269,283,3.5072642857142853,left,fixation,64.0,,620.787833333333,332.933638888889,,,,,1.0,1.77039073684627,5.03918247337808
249,10869269,283,3.5072642857142853,right,fixation,,62.0,648.1728194444439,341.637388888889,,,,,0.0,,
250,10869556,16,,left,saccade,64.0,,,,621.435,338.86,541.982,348.12,,,
251,10869556,16,,right,saccade,,62.0,,,645.1669999999998,352.561,575.871,346.455,,,
252,10869576,293,3.4973648648648648,left,fixation,65.0,,537.8942567567569,354.723756756757,,,,,1.0,2.2458469882083354,4.40572740872604
253,10869576,293,3.4973648648648648,right,fixation,,63.0,566.041094594595,333.60414864864896,,,,,1.0,2.563127267399912,3.092722101967879
254,10869873,20,,right,saccade,,63.0,,,566.739,331.481,460.256,343.54,,,
255,10869873,24,,left,saccade,65.0,,,,536.692,356.283,426.974,364.06699999999995,,,
256,10869897,311,3.4861563010670005,right,fixation,,64.0,459.552974683544,339.93696202531714,,,,,0.0,,
257,10869901,303,3.4860306832663466,left,fixation,66.0,,425.994506493507,362.537324675325,,,,,4.0,1.5713916765944749,3.1236755851424967
258,10870208,40,,left,saccade,66.0,,,,430.67400000000004,366.241,419.635,323.71299999999997,,,
259,10870212,40,,right,saccade,,64.0,,,469.91,342.167,457.05300000000005,338.0440000000001,,,
260,10870380,164,3.383382694791218,right,fixation,,65.0,467.28126190476195,337.325619047619,,,,,3.0,5.58753842249779,8.912814208190776
261,10870396,152,3.3832720792079205,left,fixation,67.0,,430.760769230769,340.365358974359,,,,,1.0,6.159409608251592,45.633581866866436
262,10870548,36,,right,saccade,,65.0,,,470.983,353.219,811.294,350.716,,,
263,10870552,36,,left,saccade,67.0,,,,437.524,348.23800000000006,759.385,340.648,,,
264,10870588,492,3.412321138211383,right,fixation,,66.0,784.403403225807,348.156096774193,,,,,3.0,5.646763236319464,20.12249645856952
265,10870592,492,3.412479674796748,left,fixation,68.0,,749.333741935484,342.005903225806,,,,,3.0,3.6779878187834494,18.64642484317977
266,10871084,20,,right,saccade,,66.0,,,770.85,347.525,891.195,347.79900000000015,,,
267,10871088,20,,left,saccade,68.0,,,,736.561,342.154,840.482,345.474,,,
268,10871108,432,3.4426666666666668,right,fixation,,67.0,884.536605504587,345.34955963302804,,,,,0.0,,
269,10871112,428,3.443130841121495,left,fixation,69.0,,846.5189814814819,344.362222222222,,,,,4.0,2.608175214136258,10.48608726740216
270,10871544,36,,right,saccade,,67.0,,,879.7180000000003,347.569,531.439,349.403,,,
271,10871544,40,,left,saccade,69.0,,,,844.613,371.293,482.63699999999994,366.88300000000004,,,
272,10871584,368,3.548020676691728,right,fixation,,68.0,484.178580645161,340.562892473118,,,,,1.0,11.421391121001387,59.522887295560544
273,10871588,364,3.548227099236641,left,fixation,70.0,,449.22590217391297,349.632195652174,,,,,4.0,3.5279945807569324,17.321982803308128
274,10871956,40,,left,saccade,70.0,,,,436.93300000000005,350.73400000000015,420.49699999999996,334.535,,,
275,10871956,40,,right,saccade,,68.0,,,457.69,337.1230000000001,454.861,306.82,,,
276,10872144,328,3.5605122549019605,left,fixation,71.0,,438.013277108434,343.20569879518104,,,,,3.0,5.237956782497595,20.343282355453653
277,10872144,328,3.5605122549019605,right,fixation,,69.0,459.40734939759005,320.89148192771097,,,,,2.0,4.472441203370202,8.103816154537645
278,10872476,36,,left,saccade,71.0,,,,446.031,335.97,854.699,343.78,,,
279,10872476,36,,right,saccade,,69.0,,,458.608,326.199,891.175,336.7940000000001,,,
280,10872516,972,3.5585246913580253,left,fixation,72.0,,856.199143442623,355.47537295082014,,,,,8.0,2.6652673310811923,11.898894959965196
281,10872516,972,3.5585246913580253,right,fixation,,70.0,882.6227991803281,338.81488524590196,,,,,3.0,2.648824051782817,6.182464785751276
282,10873492,36,,left,saccade,72.0,,,,846.046,362.69599999999997,544.564,354.365,,,
283,10873492,36,,right,saccade,,70.0,,,870.195,350.399,570.488,337.093,,,
284,10873532,144,3.623763888888889,left,fixation,73.0,,531.429027027027,337.296891891892,,,,,1.0,2.728809681487106,13.43915268906492
285,10873532,144,3.623763888888889,right,fixation,,71.0,550.846405405405,328.230081081081,,,,,1.0,2.695481362906752,23.488441412745914
286,10873680,20,,left,saccade,73.0,,,,525.364,331.305,452.49699999999996,348.37,,,
287,10873680,20,,right,saccade,,71.0,,,541.438,323.952,464.214,333.38599999999997,,,
288,10873704,260,3.61702105391262,left,fixation,74.0,,447.525924242424,351.4166515151519,,,,,1.0,2.922425253297517,3.717233917848047
289,10873704,264,3.61702105391262,right,fixation,,72.0,462.752567164179,328.07923880597,,,,,5.0,2.16998278027574,6.198193770933624
290,10873968,40,,left,saccade,74.0,,,,449.599,349.577,574.0880000000002,353.746,,,
291,10873972,40,,right,saccade,,72.0,,,464.402,331.0130000000001,593.2919999999998,327.621,,,
292,10874148,168,3.5344814814814813,left,fixation,75.0,,599.364651162791,375.111697674419,,,,,1.0,5.818071905231523,53.013711679149466
293,10874152,160,3.5336000000000003,right,fixation,,73.0,609.579682926829,357.80443902439,,,,,3.0,4.793993581134994,16.62032326678559
294,10874316,56,,right,saccade,,73.0,,,613.384,379.911,1380.819,302.3,,,
295,10874320,56,,left,saccade,75.0,,,,606.621,387.45300000000003,1353.464,295.123,,,
296,10874376,268,3.6402611940298506,right,fixation,,74.0,1388.40575,260.04275,,,,,2.0,2.9630044866690257,12.85038454153508
297,10874380,264,3.641212121212121,left,fixation,76.0,,1377.48734328358,269.168208955224,,,,,3.0,2.164033441144796,8.576775095874625
298,10874648,56,,left,saccade,76.0,,,,1382.368,277.443,528.211,456.156,,,
299,10874648,56,,right,saccade,,74.0,,,1394.72,255.17,563.346,437.095,,,
300,10874708,520,3.6475384615384616,left,fixation,77.0,,514.205015267176,487.727526717557,,,,,2.0,3.817464320860527,21.55138525298889
301,10874708,520,3.6475384615384616,right,fixation,,75.0,528.6508015267179,472.384015267175,,,,,7.0,2.953705905937705,13.788128220921076
302,10875232,16,,left,saccade,77.0,,,,501.978,507.225,447.338,511.606,,,
303,10875232,16,,right,saccade,,75.0,,,525.23,499.273,448.644,499.589,,,
304,10875252,124,3.629032258064517,left,fixation,78.0,,433.60565625,517.813125,,,,,1.0,3.6096241494094654,14.74413866592411
305,10875252,124,3.629032258064517,right,fixation,,76.0,439.66384375,500.98740625,,,,,1.0,2.303146700108828,9.55988205994196
306,10875380,28,,left,saccade,78.0,,,,430.925,519.92,556.5169999999998,727.347,,,
307,10875380,28,,right,saccade,,76.0,,,436.19699999999995,501.514,585.5,721.4119999999997,,,
308,10875412,220,3.631554545454545,left,fixation,79.0,,566.762035714286,739.665696428571,,,,,1.0,2.906367358442885,6.143072602533755
309,10875412,220,3.631554545454545,right,fixation,,77.0,591.974928571428,732.15825,,,,,0.0,,
310,10875636,24,,left,saccade,79.0,,,,569.243,740.738,773.78,758.182,,,
311,10875636,24,,right,saccade,,77.0,,,589.341,734.4760000000001,801.775,749.9760000000001,,,
312,10875664,260,3.7402461538461536,left,fixation,80.0,,790.9192272727271,756.9376818181821,,,,,2.0,2.0954091615447763,7.013087680695262
313,10875664,260,3.7402461538461536,right,fixation,,78.0,810.828833333333,754.499045454545,,,,,3.0,2.3736211846898128,9.957288934501918
314,10875928,20,,left,saccade,80.0,,,,789.148,741.408,707.697,751.12,,,
315,10875928,20,,right,saccade,,78.0,,,813.181,756.692,730.452,758.46,,,
316,10875952,355,3.7321590909090903,left,fixation,81.0,,675.628233333333,758.5579333333328,,,,,5.0,3.9890462433534535,18.174894123946103
317,10875952,355,3.7321590909090903,right,fixation,,79.0,689.2704666666672,756.499133333334,,,,,6.0,4.780137745360458,19.930275750134054
318,10876311,20,,left,saccade,81.0,,,,655.988,740.562,541.864,741.836,,,
319,10876311,20,,right,saccade,,79.0,,,694.285,759.695,559.1519999999998,756.612,,,
320,10876335,337,3.7176352941176467,left,fixation,82.0,,538.591752941177,743.708094117647,,,,,2.0,1.5254236799454124,4.75832621385203
321,10876335,337,3.7176352941176467,right,fixation,,80.0,549.578447058823,740.745447058824,,,,,1.0,1.8836636878405248,5.113755958197407
322,10876676,20,,left,saccade,82.0,,,,539.513,741.579,626.697,740.4630000000003,,,
323,10876676,20,,right,saccade,,80.0,,,551.986,737.1619999999997,641.082,738.404,,,
324,10876700,164,3.7257682926829268,right,fixation,,81.0,647.184976190476,738.786571428571,,,,,0.0,,
325,10876700,168,3.7265952380952383,left,fixation,83.0,,641.3009999999998,740.2421162790698,,,,,1.0,2.143825772875311,8.932182376104988
326,10876868,20,,right,saccade,,81.0,,,652.625,739.097,758.3919999999997,740.7760000000003,,,
327,10876872,20,,left,saccade,83.0,,,,649.025,747.189,743.913,744.439,,,
328,10876892,116,3.7974642857142857,right,fixation,,82.0,760.107,741.4787666666672,,,,,1.0,1.8968548896059951,4.049042602887848
329,10876896,108,3.8360000000000003,left,fixation,84.0,,747.70725,738.2878571428571,,,,,1.0,2.0948261993672888,6.154642231681692
330,10877008,88,,left,saccade,84.0,,,,746.628,734.5980000000003,752.308,693.047,,,
331,10877012,56,,right,saccade,,82.0,,,765.53,743.815,775.541,697.335,,,
332,10877204,332,3.7378594980765714,right,fixation,,83.0,786.1437023809531,713.7094285714287,,,,,3.0,5.682195233865106,25.711800424596547
333,10877228,308,3.7378594980765714,left,fixation,85.0,,756.935358974359,725.887192307693,,,,,3.0,3.485791511687457,22.675235406599413
334,10877540,20,,left,saccade,85.0,,,,775.4689999999997,745.301,843.941,749.1260000000003,,,
335,10877540,20,,right,saccade,,83.0,,,782.9989999999997,735.9739999999997,865.015,737.179,,,
336,10877564,396,3.8480606060606064,left,fixation,86.0,,865.19916,755.6918900000003,,,,,2.0,2.061180685985054,5.602114929583196
337,10877564,396,3.8480606060606064,right,fixation,,84.0,866.13099,742.2684,,,,,2.0,2.0816440311416127,6.0811855500361895
338,10877964,20,,left,saccade,86.0,,,,866.7180000000003,760.747,745.3860000000003,756.179,,,
339,10877964,20,,right,saccade,,84.0,,,865.107,739.681,759.2410000000001,739.77,,,
340,10877988,284,3.856316901408452,left,fixation,87.0,,740.745263888889,744.1053194444438,,,,,0.0,,
341,10877988,284,3.856316901408452,right,fixation,,85.0,747.4803194444438,733.454805555556,,,,,4.0,2.0660622336097267,9.607495025952332
342,10878276,20,,left,saccade,87.0,,,,740.659,744.373,654.982,749.545,,,
343,10878276,20,,right,saccade,,85.0,,,760.125,732.8919999999997,658.329,736.814,,,
344,10878300,192,3.888333333333333,right,fixation,,86.0,662.778979591837,731.5451224489799,,,,,2.0,2.314323438670112,5.969456625817696
345,10878300,196,3.888316326530612,left,fixation,88.0,,645.85258,750.13138,,,,,3.0,1.5635610261930992,3.3967416559497483
346,10878496,20,,right,saccade,,86.0,,,669.7080000000002,731.975,552.122,727.19,,,
347,10878500,20,,left,saccade,88.0,,,,641.3009999999998,743.78,542.339,743.176,,,
348,10878520,480,3.8127258064516134,right,fixation,,87.0,549.004958677686,721.6614380165289,,,,,3.0,2.1229253746211203,7.272341781055772
349,10878524,464,3.8120434782608688,left,fixation,89.0,,527.1141025641031,740.045256410256,,,,,3.0,2.568527853255376,6.285790601194943
350,10878992,40,,left,saccade,89.0,,,,522.453,731.215,632.052,775.1030000000003,,,
351,10879004,52,,right,saccade,,87.0,,,561.025,723.562,671.913,714.648,,,
352,10879212,0,,left,fixation,90.0,,632.184,775.1030000000003,,,,,0.0,,
353,10879216,16,,left,saccade,90.0,,,,632.42,775.1030000000003,632.366,706.909,,,
354,10879220,128,3.750437865497076,right,fixation,,88.0,674.726515151515,705.359454545455,,,,,2.0,2.9578368928222316,12.5097671194026
355,10879236,112,3.750437865497076,left,fixation,91.0,,637.3239655172409,691.44324137931,,,,,1.0,4.4589761312311,46.875714863882386
356,10879352,20,,left,saccade,91.0,,,,648.104,707.301,740.826,715.2669999999997,,,
357,10879352,20,,right,saccade,,88.0,,,680.2260000000001,720.008,762.495,728.4119999999997,,,
358,10879376,212,3.8627358490566035,left,fixation,92.0,,753.797648148148,723.5000185185181,,,,,2.0,1.8616572845862465,5.373257095081478
359,10879376,216,3.864453703703704,right,fixation,,89.0,773.2774363636363,724.9445454545447,,,,,1.0,1.7745510386824197,3.4681506599339373
360,10879592,20,,left,saccade,92.0,,,,761.113,734.9739999999997,863.05,741.2239999999997,,,
361,10879596,20,,right,saccade,,89.0,,,785.1569999999997,727.28,862.7139999999997,737.418,,,
362,10879616,124,3.9552903225806455,left,fixation,93.0,,865.34315625,745.98534375,,,,,1.0,2.0902629087695543,6.459956424001629
363,10879620,120,3.954933333333334,right,fixation,,90.0,868.901193548387,753.283709677419,,,,,0.0,,
364,10879744,20,,left,saccade,93.0,,,,866.654,760.8,697.2560000000003,759.8969999999997,,,
365,10879744,24,,right,saccade,,90.0,,,877.0,756.573,724.872,752.712,,,
366,10879768,376,3.876297872340424,left,fixation,94.0,,663.223831578948,745.3728,,,,,3.0,3.927219297977691,19.49491605282868
367,10879772,372,3.87586559139785,right,fixation,,91.0,685.738978723404,743.610191489362,,,,,4.0,3.589587124552359,10.077529629521331
368,10880148,24,,left,saccade,94.0,,,,645.41,753.791,499.343,755.865,,,
369,10880148,24,,right,saccade,,91.0,,,654.9680000000002,737.1419999999997,499.94,743.5089999999999,,,
370,10880176,336,3.8038479310344826,left,fixation,95.0,,464.8670705882351,748.006682352941,,,,,3.0,2.7298826244738006,13.634805290379855
371,10880176,344,3.8038479310344826,right,fixation,,92.0,469.58847126436797,743.46375862069,,,,,3.0,3.8130130234643547,18.365459401124905
372,10880516,40,,left,saccade,95.0,,,,438.04699999999997,748.791,431.805,738.755,,,
373,10880524,64,,right,saccade,,92.0,,,447.05400000000003,739.033,490.369,660.834,,,
374,10880699,4,,left,fixation,96.0,,432.2935,727.5369999999997,,,,,0.0,,
375,10880707,20,,left,saccade,96.0,,,,433.098,727.5369999999997,439.342,645.311,,,
376,10880711,341,3.7249572649572653,right,fixation,,93.0,484.728988372093,712.515069767442,,,,,4.0,5.220470049414413,22.759305308168173
377,10880731,325,3.7254873949579843,left,fixation,97.0,,452.17445121951204,709.923085365854,,,,,4.0,4.023877646005737,28.124778081269888
378,10881056,28,,right,saccade,,93.0,,,469.67900000000003,734.342,767.2860000000003,737.507,,,
379,10881060,28,,left,saccade,97.0,,,,448.168,736.607,718.105,731.5319999999997,,,
380,10881088,147,3.8118472222222217,right,fixation,,94.0,766.689473684211,735.3408157894728,,,,,0.0,,
381,10881092,143,3.812528571428572,left,fixation,98.0,,739.549405405405,723.8310810810809,,,,,1.0,2.254039583601928,21.108307843121928
382,10881239,20,,left,saccade,98.0,,,,744.459,727.7489999999997,715.188,606.763,,,
383,10881239,20,,right,saccade,,94.0,,,762.927,733.752,750.307,598.8919999999998,,,
384,10881263,545,3.705762773722628,right,fixation,,95.0,756.132897810219,621.839459854014,,,,,4.0,5.315895812205289,15.334480584085915
385,10881263,549,3.7051268115942033,left,fixation,99.0,,724.600753623188,620.8526884057969,,,,,2.0,6.155705392314487,31.17425755168564
386,10881812,20,,right,saccade,,95.0,,,775.92,621.372,866.52,626.986,,,
387,10881816,16,,left,saccade,99.0,,,,737.45,644.869,820.311,645.331,,,
388,10881836,443,3.6076318181818174,left,fixation,100.0,,832.892133928572,643.657517857143,,,,,1.0,2.0034022242730067,3.1878409621559562
389,10881836,443,3.6076318181818174,right,fixation,,96.0,879.132848214286,632.624553571428,,,,,1.0,2.366070893321316,5.794017690687554
390,10882283,24,,left,saccade,100.0,,,,837.591,642.3240000000002,826.7180000000003,514.196,,,
391,10882283,24,,right,saccade,,96.0,,,888.5,636.93,887.808,478.223,,,
392,10882311,264,3.605060606060606,left,fixation,101.0,,831.942014925373,508.273313432836,,,,,4.0,2.396699809478982,10.801058799451829
393,10882311,264,3.605060606060606,right,fixation,,97.0,865.650686567164,467.63983582089514,,,,,2.0,2.7722600279938847,14.433711658089404
394,10882579,36,,left,saccade,101.0,,,,842.722,501.1,467.655,489.73900000000003,,,
395,10882579,40,,right,saccade,,97.0,,,872.153,475.366,482.36,464.974,,,
396,10882619,624,3.5930480769230764,left,fixation,102.0,,445.71470700637,502.45875159235703,,,,,4.0,3.2574025614254896,18.32054363843523
397,10882623,612,3.5930196078431367,right,fixation,,98.0,466.01112337662397,483.66738961039,,,,,6.0,4.14416260983291,24.963383834636264
398,10883239,20,,right,saccade,,98.0,,,467.777,496.62300000000016,530.976,499.57800000000003,,,
399,10883247,8,,left,saccade,102.0,,,,458.05300000000005,516.776,495.16,516.776,,,
400,10883259,481,3.6057933884297526,left,fixation,103.0,,519.903314049586,506.916421487603,,,,,1.0,2.362236945966417,7.449808722376673
401,10883263,473,3.6056428571428567,right,fixation,,99.0,542.631142857143,497.417058823529,,,,,2.0,3.1900217058273963,15.031121224378849
402,10883740,20,,right,saccade,,99.0,,,536.339,503.926,453.75699999999995,504.73699999999997,,,
403,10883744,16,,left,saccade,103.0,,,,518.7959999999998,502.027,444.095,508.37,,,
404,10883764,215,3.6455181818181814,left,fixation,104.0,,433.0062,510.45727272727305,,,,,2.0,2.174806821326586,6.11547234998632
405,10883764,219,3.645518181818182,right,fixation,,100.0,444.217607142857,500.4312678571431,,,,,2.0,2.8300995445072696,8.50401289481474
406,10883983,40,,left,saccade,104.0,,,,431.12,506.19199999999995,436.036,457.335,,,
407,10883987,40,,right,saccade,,100.0,,,435.98699999999997,496.67699999999996,433.361,451.48699999999997,,,
408,10884155,516,3.662776649746193,right,fixation,,101.0,513.431407692308,484.935692307692,,,,,5.0,6.7582615286559315,20.6717849802108
409,10884171,500,3.662776649746193,left,fixation,105.0,,498.792277777778,497.76773809523803,,,,,4.0,4.9835191692778125,30.679923228146496
410,10884675,20,,left,saccade,105.0,,,,538.547,515.115,634.95,508.481,,,
411,10884675,20,,right,saccade,,101.0,,,544.005,494.392,654.259,489.175,,,
412,10884699,596,3.634281879194632,left,fixation,106.0,,645.902833333333,502.459,,,,,2.0,2.5893166083833,7.268391093230876
413,10884699,596,3.634281879194632,right,fixation,,102.0,665.8780866666671,485.2080866666671,,,,,1.0,3.630292374206566,14.0752380086449
414,10885299,20,,left,saccade,106.0,,,,650.523,509.908,763.5169999999997,511.48800000000006,,,
415,10885299,24,,right,saccade,,102.0,,,673.841,485.486,794.0419999999997,498.07300000000004,,,
416,10885323,540,3.6734555555555564,left,fixation,107.0,,763.8302132352942,517.718794117647,,,,,2.0,2.9476397471387195,16.681898076513118
417,10885327,536,3.673455223880597,right,fixation,,103.0,784.569681481481,493.017814814815,,,,,3.0,2.5551337568622343,15.155704916294244
418,10885867,16,,left,saccade,107.0,,,,739.2860000000003,518.911,659.564,515.285,,,
419,10885867,20,,right,saccade,,103.0,,,752.439,486.976,676.3969999999998,486.795,,,
420,10885887,372,3.6315376344086014,left,fixation,108.0,,646.560457446809,506.61255319148887,,,,,1.0,2.0067364121323656,4.833105937179557
421,10885891,368,3.631353260869565,right,fixation,,104.0,666.104397849463,477.823053763441,,,,,3.0,2.321083737972696,8.833141696835002
422,10886263,20,,right,saccade,,104.0,,,660.419,479.60699999999997,545.604,479.366,,,
423,10886263,24,,left,saccade,108.0,,,,644.158,499.12199999999996,529.075,496.73,,,
424,10886287,528,3.6864647887323954,right,fixation,,105.0,533.74454887218,486.23506766917296,,,,,1.0,2.0049528811310218,7.879673914572887
425,10886291,520,3.6868388625592416,left,fixation,109.0,,529.5889083969461,497.8924809160311,,,,,3.0,2.352904331442156,9.226577214198818
426,10886815,40,,left,saccade,109.0,,,,533.601,489.695,582.225,495.19599999999997,,,
427,10886819,48,,right,saccade,,105.0,,,529.62,485.959,655.676,455.30300000000005,,,
428,10886995,4,,left,fixation,110.0,,590.1575,495.19599999999997,,,,,0.0,,
429,10886995,172,3.6830149310149314,right,fixation,,106.0,642.256431818182,449.1407954545449,,,,,1.0,9.335762410096867,25.816039762132426
430,10887003,8,,left,saccade,110.0,,,,594.128,480.455,600.538,454.15,,,
431,10887015,156,3.6842705755782688,left,fixation,111.0,,616.23145,457.836475,,,,,2.0,3.2331273221069035,26.372033468333093
432,10887171,20,,right,saccade,,106.0,,,633.934,459.587,713.9580000000003,463.62800000000004,,,
433,10887175,16,,left,saccade,111.0,,,,619.2280000000002,469.18300000000005,680.8510000000001,474.884,,,
434,10887195,764,3.7507801047120415,right,fixation,,107.0,762.803078125,482.248614583333,,,,,5.0,5.238926541491275,18.727214986657323
435,10887195,768,3.7505,left,fixation,112.0,,752.119761658031,493.922953367875,,,,,9.0,3.448367014083395,12.88555654608448
436,10887963,20,,right,saccade,,107.0,,,773.453,478.88,898.297,482.13699999999994,,,
437,10887967,20,,left,saccade,112.0,,,,766.3939999999999,491.30300000000005,863.9889999999997,492.965,,,
438,10887987,760,3.7191541299023214,right,fixation,,108.0,883.694109947643,475.626052356021,,,,,2.0,4.385114195267169,6.357291760308849
439,10887991,752,3.7192590481280248,left,fixation,113.0,,865.2854179894182,507.840502645503,,,,,3.0,1.97593380221018,6.336773458159853
440,10888747,40,,left,saccade,113.0,,,,865.678,509.704,840.012,497.457,,,
441,10888751,40,,right,saccade,,108.0,,,881.6439999999999,482.481,870.836,460.589,,,
442,10888935,140,3.6765995145631054,right,fixation,,109.0,865.403833333333,476.88825,,,,,2.0,4.075991168559677,12.012747202272868
443,10888943,132,3.6765995145631054,left,fixation,114.0,,838.5498235294119,507.693852941176,,,,,2.0,3.1544719215298658,13.172042415238414
444,10889079,16,,left,saccade,114.0,,,,845.829,515.239,778.424,512.77,,,
445,10889079,16,,right,saccade,,109.0,,,861.3639999999997,486.29400000000004,797.505,484.647,,,
446,10889099,1780,3.640512331838565,right,fixation,,110.0,732.926659192825,483.17279372197305,,,,,17.0,3.488250639977543,16.074599263493127
447,10889099,1784,3.640309843400448,left,fixation,115.0,,712.011208053692,504.96948098434007,,,,,13.0,3.689988939218465,13.70939846407536
448,10890883,24,,right,saccade,,110.0,,,665.585,496.55400000000003,557.254,507.894,,,
449,10890887,16,,left,saccade,115.0,,,,615.964,504.358,552.124,505.17199999999997,,,
450,10890907,2980,3.603472824141345,left,fixation,116.0,,470.03305630026887,498.36486729222503,,,,,27.0,2.6740067043397606,11.795820864765735
451,10890911,2984,3.6035542059425154,right,fixation,,111.0,485.4249170013391,497.459376171352,,,,,17.0,3.61483979429924,13.833841547850255
452,10893891,40,,left,saccade,116.0,,,,445.611,502.814,431.23699999999997,526.7280000000002,,,
453,10893899,44,,right,saccade,,111.0,,,431.707,497.344,436.852,484.971,,,
454,10894047,364,3.83015486307089,right,fixation,,112.0,441.007923913043,486.48640217391295,,,,,3.0,4.370804641374811,13.204258400106944
455,10894051,0,,left,fixation,117.0,,431.23699999999997,526.7280000000002,,,,,0.0,,
456,10894055,12,,left,saccade,117.0,,,,431.23699999999997,526.7280000000002,430.228,471.096,,,
457,10894071,340,3.8301548630708906,left,fixation,118.0,,439.190953488372,489.396627906977,,,,,5.0,4.238052563757648,15.077961645961889
458,10894415,20,,left,saccade,118.0,,,,440.957,488.784,514.0740000000002,486.902,,,
459,10894415,20,,right,saccade,,112.0,,,444.082,493.89,521.75,489.164,,,
460,10894439,607,3.704562992125984,left,fixation,119.0,,530.662522875817,509.680797385621,,,,,1.0,1.5801422755913943,3.6761481199756223
461,10894439,615,3.7045629921259846,right,fixation,,113.0,531.505806451612,498.206012903226,,,,,2.0,2.8730381524001385,21.654720120890783
462,10895050,40,,left,saccade,119.0,,,,531.8290000000002,506.50300000000004,544.687,470.569,,,
463,10895058,40,,right,saccade,,113.0,,,549.612,505.723,607.587,440.36800000000005,,,
464,10895227,220,3.615016066481994,right,fixation,,114.0,599.8645,457.027303571428,,,,,2.0,8.660250725778472,24.07916763370323
465,10895227,680,3.664996222262975,left,fixation,120.0,,619.545473684211,490.158847953217,,,,,4.0,6.118394575568169,25.47515275493119
466,10895451,8,,right,saccade,,114.0,,,640.132,467.017,642.592,468.944,,,
467,10895463,444,3.6788603603603613,right,fixation,,115.0,657.538223214286,477.507169642857,,,,,1.0,2.312660036504389,4.9673294636052745
468,10895911,20,,left,saccade,120.0,,,,644.031,504.39,534.372,506.394,,,
469,10895911,20,,right,saccade,,115.0,,,664.7360000000001,477.39300000000003,554.06,483.975,,,
470,10895935,219,3.5929074074074085,right,fixation,,116.0,555.206857142857,493.889089285714,,,,,0.0,,
471,10895935,223,3.5931818181818187,left,fixation,121.0,,527.05849122807,511.14901754385994,,,,,2.0,2.0938993766726224,6.8516375704756065
472,10896158,20,,right,saccade,,116.0,,,550.271,484.371,440.767,486.444,,,
473,10896162,20,,left,saccade,121.0,,,,527.31,500.96,427.466,506.712,,,
474,10896182,340,3.6869647058823527,right,fixation,,117.0,443.615569767442,497.50526744186,,,,,3.0,2.1970235930325788,5.42644523307134
475,10896186,336,3.6878035714285717,left,fixation,122.0,,431.873576470588,497.525352941177,,,,,3.0,2.3295346868932545,4.939000155455645
476,10896526,28,,right,saccade,,117.0,,,445.06,485.783,749.8639999999997,489.49199999999996,,,
477,10896526,32,,left,saccade,122.0,,,,449.615,496.11,720.2139999999997,497.324,,,
478,10896558,412,3.794893203883496,right,fixation,,118.0,764.5642019230769,485.68623076923103,,,,,2.0,2.5036527386351666,6.868772596082988
479,10896562,412,3.79447572815534,left,fixation,123.0,,748.705240384615,509.175663461538,,,,,6.0,2.2620572983437617,7.917788906735687
480,10896974,20,,right,saccade,,118.0,,,770.925,488.75800000000004,864.933,485.726,,,
481,10896978,16,,left,saccade,123.0,,,,773.186,514.646,840.3760000000003,513.1619999999998,,,
482,10896998,428,3.696907387124255,left,fixation,124.0,,852.0322685185181,517.411472222222,,,,,3.0,2.0983136543800938,5.018316756427608
483,10896998,432,3.696907387124255,right,fixation,,119.0,865.6701926605499,474.3382568807341,,,,,1.0,2.8240081247915847,6.596923525401842
484,10897430,40,,left,saccade,124.0,,,,847.688,521.2080000000002,769.7189999999997,474.236,,,
485,10897434,40,,right,saccade,,119.0,,,862.505,469.658,818.949,462.635,,,
486,10897598,772,3.734160750506775,right,fixation,,120.0,767.710530927834,476.529273195876,,,,,8.0,2.7040977560781814,8.60111273039593
487,10897602,772,3.734132331296369,left,fixation,125.0,,756.0095927835049,500.57079896907203,,,,,7.0,2.810415865870898,8.587278482886473
488,10898374,20,,right,saccade,,120.0,,,752.2560000000003,477.371,848.051,478.11199999999997,,,
489,10898378,20,,left,saccade,125.0,,,,748.73,512.808,833.7180000000003,518.4540000000002,,,
490,10898398,152,3.7436447368421057,right,fixation,,121.0,849.358358974359,476.500564102564,,,,,0.0,,
491,10898402,148,3.7436891891891895,left,fixation,126.0,,845.747578947368,507.969921052632,,,,,2.0,2.5024463527641614,13.35340224538807
492,10898554,24,,left,saccade,126.0,,,,848.178,495.24699999999996,654.1080000000002,500.085,,,
493,10898554,24,,right,saccade,,121.0,,,851.0060000000003,474.45300000000003,661.2360000000001,481.464,,,
494,10898582,528,3.707477272727272,left,fixation,127.0,,647.9887142857141,507.766127819549,,,,,3.0,2.276740112166268,13.348453012845164
495,10898582,528,3.707477272727272,right,fixation,,122.0,657.794721804512,483.20086466165395,,,,,4.0,2.9758310939110686,7.93935503915384
496,10899114,16,,right,saccade,,122.0,,,684.2639999999999,473.83099999999996,764.0269999999997,480.001,,,
497,10899114,20,,left,saccade,127.0,,,,662.415,501.12199999999996,747.659,503.287,,,
498,10899134,272,3.6854117647058815,right,fixation,,123.0,768.970536231884,479.841536231884,,,,,0.0,,
499,10899138,264,3.6853484848484848,left,fixation,128.0,,756.2510000000003,503.23252238806,,,,,1.0,2.1842667025292144,4.615366182655522
500,10899406,24,,left,saccade,128.0,,,,758.826,500.751,592.24,505.49,,,
501,10899410,20,,right,saccade,,123.0,,,766.3839999999999,487.8,618.047,493.80300000000005,,,
502,10899434,316,3.6584153380244047,left,fixation,129.0,,567.4433875,505.3515875,,,,,1.0,7.963410089277071,50.362263749756096
503,10899434,324,3.6584153380244047,right,fixation,,124.0,577.679999999999,489.19176829268304,,,,,5.0,4.17967348672455,14.348818649945509
504,10899754,40,,left,saccade,129.0,,,,535.658,502.098,544.225,475.414,,,
505,10899762,48,,right,saccade,,124.0,,,549.265,491.69599999999997,599.24,464.241,,,
506,10899934,628,3.6810724919093847,right,fixation,,125.0,646.6892278481009,480.941044303798,,,,,6.0,4.589480853996838,24.70732164074952
507,10899946,616,3.6810724919093847,left,fixation,130.0,,623.513354838709,495.42129677419297,,,,,3.0,9.026531274254555,33.508719417599714
508,10900566,20,,left,saccade,130.0,,,,640.7130000000002,505.30199999999996,523.375,508.301,,,
509,10900566,20,,right,saccade,,125.0,,,661.1439999999999,487.056,561.482,497.691,,,
510,10900590,264,3.6172487460100315,left,fixation,131.0,,515.00976119403,507.724149253732,,,,,1.0,2.129425339798928,5.472759176137759
511,10900590,272,3.6172487460100315,right,fixation,,126.0,538.381942028985,500.009826086957,,,,,1.0,1.998007813353646,6.687626783844992
512,10900858,40,,left,saccade,131.0,,,,511.506,510.577,514.26,494.42400000000004,,,
513,10900866,40,,right,saccade,,126.0,,,536.705,512.651,558.2769999999998,466.95099999999996,,,
514,10901046,604,3.6307441888571086,right,fixation,,127.0,562.506039473684,499.477184210526,,,,,6.0,3.2715778182563593,15.534801898425034
515,10901050,600,3.6307441888571077,left,fixation,132.0,,530.318933774834,504.682688741722,,,,,5.0,3.4362403918504127,16.80499645152961
516,10901654,32,,left,saccade,132.0,,,,532.405,524.262,807.975,522.998,,,
517,10901654,32,,right,saccade,,127.0,,,558.4159999999998,521.025,854.298,506.385,,,
518,10901690,416,3.600302884615384,left,fixation,133.0,,836.3428190476193,512.751466666667,,,,,4.0,2.4664217087930647,15.619162723055195
519,10901690,416,3.600302884615384,right,fixation,,128.0,869.732057142857,480.678314285714,,,,,1.0,3.0764929257552645,5.9346377311508505
520,10902110,24,,left,saccade,133.0,,,,841.405,524.643,715.275,523.111,,,
521,10902110,24,,right,saccade,,128.0,,,879.318,487.983,749.9810000000001,483.236,,,
522,10902138,564,3.602929078014184,left,fixation,134.0,,734.87838028169,514.618950704225,,,,,2.0,3.749320507043429,22.085503874350557
523,10902138,564,3.602929078014184,right,fixation,,129.0,763.551,480.5483802816901,,,,,1.0,6.303196878480697,35.24571198032448
524,10902706,20,,left,saccade,134.0,,,,750.316,516.099,854.21,516.7230000000002,,,
525,10902706,20,,right,saccade,,129.0,,,757.015,485.658,885.225,485.658,,,
526,10902730,416,3.73812380952381,left,fixation,135.0,,864.2039714285719,495.459647619047,,,,,4.0,3.2194218814089397,9.810464381640255
527,10902730,416,3.73812380952381,right,fixation,,130.0,877.2741523809531,468.20619047619005,,,,,3.0,3.261522151669756,11.133441194412685
528,10903150,24,,left,saccade,135.0,,,,857.373,502.005,669.064,492.676,,,
529,10903150,24,,right,saccade,,130.0,,,863.296,465.793,688.534,465.17699999999996,,,
530,10903178,696,3.7104942196531785,left,fixation,136.0,,651.7062228571431,495.77643428571406,,,,,4.0,2.1577935812332143,8.506159474120771
531,10903178,696,3.7104942196531785,right,fixation,,131.0,672.4970057142859,486.60323428571405,,,,,2.0,2.590787974596044,11.8770128379154
532,10903878,20,,left,saccade,136.0,,,,653.847,509.22900000000004,548.03,510.789,,,
533,10903878,20,,right,saccade,,131.0,,,675.2710000000002,489.175,578.122,501.20599999999996,,,
534,10903902,232,3.6324477611940296,left,fixation,137.0,,535.78720338983,502.73413559322,,,,,1.0,2.2427956388796884,8.650555242295164
535,10903902,236,3.63244776119403,right,fixation,,132.0,566.702683333333,506.991583333333,,,,,1.0,2.431699965501948,7.194789017059501
536,10904138,40,,left,saccade,137.0,,,,533.66,499.28,518.683,453.527,,,
537,10904142,52,,right,saccade,,132.0,,,568.026,507.086,545.194,448.77099999999996,,,
538,10904314,176,3.56055325255102,right,fixation,,133.0,555.0861777777781,486.11224444444395,,,,,1.0,7.228697931009253,51.61193676854217
539,10904326,164,3.560553252551021,left,fixation,138.0,,523.3395952380951,479.638547619048,,,,,2.0,4.956532648343599,20.457558361774307
540,10904494,16,,left,saccade,138.0,,,,525.748,494.849,461.60699999999997,499.441,,,
541,10904494,16,,right,saccade,,133.0,,,550.062,496.805,467.991,504.273,,,
542,10904514,648,3.628833333333333,right,fixation,,134.0,457.34618404907997,506.876834355828,,,,,5.0,2.27252970768139,5.663895518090682
543,10904514,652,3.6286257668711657,left,fixation,139.0,,436.83515243902394,496.108323170732,,,,,9.0,2.3754841810628555,10.180513304614239
544,10905166,28,,right,saccade,,134.0,,,454.774,503.415,714.3330000000003,499.783,,,
545,10905170,28,,left,saccade,139.0,,,,426.88800000000003,496.043,667.176,501.05300000000005,,,
546,10905198,352,3.6257183908045976,right,fixation,,135.0,753.971887640449,486.95477528089896,,,,,6.0,4.758973777448358,12.990136406870446
547,10905202,348,3.6260116279069767,left,fixation,140.0,,728.1582045454539,503.59942045454596,,,,,5.0,4.542437608879012,16.592038895557188
548,10905554,20,,left,saccade,140.0,,,,762.028,502.801,840.544,498.784,,,
549,10905554,20,,right,saccade,,135.0,,,793.2130000000003,493.99199999999996,861.7860000000003,490.996,,,
550,10905578,1332,3.6961021021021034,left,fixation,141.0,,859.389535928143,508.702817365269,,,,,13.0,3.4443375569865204,14.859707148918938
551,10905578,1644,3.6629756690997572,right,fixation,,136.0,876.0609635922342,486.70213592233,,,,,11.0,3.8886563206574016,15.945187808551026
552,10906914,0,,left,saccade,141.0,,,,836.549,508.926,836.549,508.926,,,
553,10906918,300,3.5201,left,fixation,142.0,,814.700184210526,541.786631578947,,,,,1.0,4.203858611112169,12.074302671376048
554,10907222,24,,left,saccade,142.0,,,,815.534,552.1419999999998,721.727,529.265,,,
555,10907226,16,,right,saccade,,136.0,,,863.682,505.111,778.971,497.44,,,
556,10907246,540,3.5197259259259246,right,fixation,,137.0,742.953536764706,468.12953676470596,,,,,5.0,3.113940764809964,10.014207769231335
557,10907250,536,3.5201902985074627,left,fixation,143.0,,707.765577777778,499.602118518519,,,,,4.0,3.3529811222780683,19.718755106717285
558,10907790,52,,left,saccade,143.0,,,,684.317,470.213,1379.7839999999999,484.155,,,
559,10907790,52,,right,saccade,,137.0,,,717.321,442.959,1409.8,461.23199999999997,,,
560,10907846,564,3.6325531914893614,left,fixation,144.0,,1408.70847183099,455.78265492957803,,,,,12.0,3.3732181088903843,12.618141583379359
561,10907846,568,3.6324225352112673,right,fixation,,138.0,1428.2947972028,425.454531468532,,,,,5.0,4.470288885823701,18.69228828439496
562,10908414,20,,left,saccade,144.0,,,,1386.146,444.441,1483.0839999999994,445.759,,,
563,10908418,16,,right,saccade,,138.0,,,1410.805,423.291,1480.818,423.664,,,
564,10908438,624,3.6865238853503186,left,fixation,145.0,,1476.97425477707,456.479777070064,,,,,11.0,2.330634091899995,8.460355939921186
565,10908438,624,3.6865238853503186,right,fixation,,139.0,1494.98768152866,420.78645859872597,,,,,7.0,2.8693381817720245,10.156329656204354
566,10909066,56,,left,saccade,145.0,,,,1469.2379999999994,463.665,782.686,439.67,,,
567,10909066,56,,right,saccade,,139.0,,,1493.925,436.769,798.8689999999997,417.615,,,
568,10909126,140,3.8448142857142855,left,fixation,146.0,,765.894805555556,430.319944444445,,,,,3.0,2.543722378443852,11.479357927457054
569,10909126,1063,3.783092452830189,right,fixation,,140.0,757.117550561798,350.11854307116096,,,,,8.0,4.4750694001568725,17.357503453799705
570,10909270,12,,left,saccade,146.0,,,,756.2869999999997,428.22,756.222,376.06,,,
571,10909286,907,3.7720486725663713,left,fixation,147.0,,750.9091491228081,364.196368421053,,,,,4.0,5.032028967452373,26.95234257385877
572,10910193,20,,right,saccade,,140.0,,,755.8760000000003,338.858,834.325,338.44199999999995,,,
573,10910197,16,,left,saccade,147.0,,,,755.545,357.074,815.171,356.111,,,
574,10910217,1844,4.022943935926773,left,fixation,148.0,,842.2502294372299,362.11213203463205,,,,,18.0,1.980861945478236,6.512842963005833
575,10910217,1844,4.022943935926773,right,fixation,,141.0,846.941580086581,343.34939826839803,,,,,6.0,2.9209098949876733,9.942887970829792
576,10912065,40,,left,saccade,148.0,,,,846.7180000000003,351.17,861.6139999999997,357.925,,,
577,10912065,40,,right,saccade,,141.0,,,853.77,350.648,878.987,328.486,,,
578,10912277,196,4.0872306493506505,left,fixation,149.0,,874.9913400000011,348.7063,,,,,3.0,4.613343823823805,15.650419369812141
579,10912289,184,4.087230649350649,right,fixation,,142.0,883.525425531914,339.569404255319,,,,,1.0,5.923562296268842,16.8179394992371
580,10912477,24,,left,saccade,149.0,,,,878.1619999999997,356.964,753.0930000000003,529.475,,,
581,10912477,24,,right,saccade,,142.0,,,880.503,346.52,773.445,536.371,,,
582,10912505,540,4.030903703703704,right,fixation,,143.0,756.504816176471,583.071830882353,,,,,4.0,5.389019693839288,20.351663519223713
583,10912505,544,4.029492647058824,left,fixation,150.0,,742.10194890511,585.821379562044,,,,,4.0,3.3796562315642635,16.438291135490932
584,10913049,24,,right,saccade,,143.0,,,748.705,622.071,867.17,630.761,,,
585,10913053,20,,left,saccade,150.0,,,,736.757,614.192,826.7719999999997,628.9169999999998,,,
586,10913077,332,3.779554216867471,left,fixation,151.0,,839.612880952381,640.8071666666671,,,,,2.0,2.3190817504572863,4.943893723146731
587,10913077,332,3.779554216867471,right,fixation,,144.0,863.42975,635.579511904762,,,,,0.0,,
588,10913413,20,,left,saccade,151.0,,,,844.622,637.637,756.18,638.1659999999998,,,
589,10913413,20,,right,saccade,,144.0,,,868.673,630.8380000000002,782.931,630.009,,,
590,10913437,472,3.742792372881357,left,fixation,152.0,,739.6816890756302,619.791571428571,,,,,5.0,2.7169743456158444,9.468590911765851
591,10913437,472,3.742792372881357,right,fixation,,145.0,768.163428571429,623.116957983194,,,,,7.0,2.964901953090288,9.015125920803431
592,10913913,20,,left,saccade,152.0,,,,715.65,610.399,611.092,622.781,,,
593,10913913,20,,right,saccade,,145.0,,,745.701,623.408,648.076,624.015,,,
594,10913937,344,3.7234098788157683,left,fixation,153.0,,620.854977011493,622.505425287356,,,,,3.0,1.9589687693650992,5.121745330844717
595,10913937,348,3.7234098788157683,right,fixation,,146.0,644.363636363637,621.274238636364,,,,,5.0,2.1060312106569863,6.690189872234358
596,10914285,40,,left,saccade,153.0,,,,631.596,610.7090000000002,627.851,594.158,,,
597,10914289,40,,right,saccade,,146.0,,,647.7090000000002,625.508,663.007,595.607,,,
598,10914493,268,3.659592011761824,right,fixation,,147.0,670.334676470588,607.966926470588,,,,,3.0,8.059954023838975,28.668487569008693
599,10914497,264,3.659592011761824,left,fixation,154.0,,632.834611940298,597.275447761194,,,,,2.0,6.722776307754848,18.41778707251523
600,10914765,20,,left,saccade,154.0,,,,634.46,597.91,760.534,601.26,,,
601,10914765,20,,right,saccade,,147.0,,,668.8430000000002,604.52,804.6210000000003,604.373,,,
602,10914789,736,3.7360516304347833,left,fixation,155.0,,818.6145081081081,623.173556756757,,,,,6.0,3.5150537467495875,13.243733534080397
603,10914789,736,3.7360516304347833,right,fixation,,148.0,848.075010810811,624.040113513514,,,,,7.0,3.517577309095873,12.923112926600151
604,10915529,16,,right,saccade,,148.0,,,862.081,633.3969999999998,799.943,632.5269999999998,,,
605,10915529,20,,left,saccade,155.0,,,,838.698,629.724,760.7330000000003,630.97,,,
606,10915549,256,3.6870546875,right,fixation,,149.0,785.730446153846,625.299476923077,,,,,1.0,2.835334832274859,4.9783933151169135
607,10915553,252,3.686944444444445,left,fixation,156.0,,756.114203125,629.989234375,,,,,2.0,2.3096435954074748,5.056083114277148
608,10915809,16,,right,saccade,,149.0,,,776.681,617.819,702.9680000000003,614.303,,,
609,10915809,20,,left,saccade,156.0,,,,757.247,616.432,667.242,618.118,,,
610,10915829,760,3.7444128440366975,right,fixation,,150.0,661.81054973822,611.060670157068,,,,,6.0,2.691563875983474,7.877052975264442
611,10915833,752,3.744707692307692,left,fixation,157.0,,643.616137566137,618.396804232804,,,,,6.0,2.6137974646464994,11.876017611087832
612,10916589,60,,left,saccade,157.0,,,,632.865,606.248,619.182,593.187,,,
613,10916593,40,,right,saccade,,150.0,,,665.9019999999998,608.569,655.2869999999998,598.726,,,
614,10916757,204,3.6588116083642768,right,fixation,,151.0,651.882884615385,609.5046346153849,,,,,2.0,3.4168967833128163,23.164136814941173
615,10916777,184,3.6588116083642763,left,fixation,158.0,,627.318,602.207744680851,,,,,1.0,7.803403046819447,44.37204203099062
616,10916965,20,,left,saccade,158.0,,,,630.9730000000002,609.258,535.547,612.371,,,
617,10916965,20,,right,saccade,,151.0,,,651.9069999999998,615.785,541.105,615.605,,,
618,10916989,272,3.6782573529411766,left,fixation,159.0,,523.3957971014489,606.948478260869,,,,,3.0,2.306190495329365,11.316575557995398
619,10916989,272,3.6782573529411766,right,fixation,,152.0,532.748188405797,617.0461014492749,,,,,4.0,2.8912808392252685,7.585317849704444
620,10917265,12,,right,saccade,,152.0,,,536.175,632.962,478.209,631.904,,,
621,10917265,16,,left,saccade,159.0,,,,524.387,606.105,458.923,614.3380000000002,,,
622,10917281,956,3.7024602510460247,right,fixation,,153.0,450.28174166666605,609.937333333333,,,,,4.0,2.6592445533363267,12.143054190175194
623,10917285,952,3.7026470588235294,left,fixation,160.0,,446.98192050209195,626.0650627615059,,,,,3.0,2.052842726318953,7.280536069234523
624,10918241,16,,left,saccade,160.0,,,,449.324,625.857,519.8430000000002,627.8969999999998,,,
625,10918241,20,,right,saccade,,153.0,,,446.751,602.7130000000002,542.49,604.966,,,
626,10918261,944,3.80735593220339,left,fixation,161.0,,539.509793248946,617.6924303797473,,,,,5.0,2.0970627072247945,7.275239961310342
627,10918265,936,3.8076559829059833,right,fixation,,154.0,550.104514893617,616.058212765957,,,,,3.0,2.7264748235404723,16.04042186353243
628,10919205,24,,right,saccade,,154.0,,,582.0790000000002,607.618,703.81,612.128,,,
629,10919209,20,,left,saccade,161.0,,,,560.14,611.173,664.8510000000001,619.395,,,
630,10919233,248,3.774491935483871,right,fixation,,155.0,705.007714285714,611.9035555555549,,,,,3.0,6.22396604484042,17.680045895483495
631,10919233,448,3.749709821428571,left,fixation,162.0,,663.02375221239,617.0753539823011,,,,,5.0,3.842645895474355,18.150956252566196
632,10919485,4,,right,saccade,,155.0,,,666.885,612.5930000000002,663.794,614.604,,,
633,10919493,188,3.716670212765957,right,fixation,,156.0,666.215916666667,622.5036458333329,,,,,3.0,2.302707485983281,5.837956338974108
634,10919685,16,,left,saccade,162.0,,,,640.58,635.955,582.189,635.345,,,
635,10919685,16,,right,saccade,,156.0,,,662.2180000000002,626.053,607.232,625.516,,,
636,10919705,520,3.6435192307692312,left,fixation,163.0,,559.9809694656491,618.407496183206,,,,,3.0,2.5219181328097755,11.086507602200621
637,10919705,528,3.643583333333333,right,fixation,,157.0,581.315518796992,618.958240601504,,,,,5.0,2.8135055468764483,9.288131550141104
638,10920229,16,,left,saccade,163.0,,,,541.76,624.685,599.778,622.799,,,
639,10920237,8,,right,saccade,,157.0,,,592.0880000000002,621.413,622.124,622.354,,,
640,10920249,108,3.657795604395605,left,fixation,164.0,,613.554035714286,614.0916785714289,,,,,1.0,1.847910847416617,5.847401559667357
641,10920249,116,3.657795604395605,right,fixation,,158.0,638.189466666667,621.568266666667,,,,,2.0,2.3863018842044954,4.868093658547294
642,10920361,40,,left,saccade,164.0,,,,621.3290000000002,615.572,394.972,647.104,,,
643,10920369,68,,right,saccade,,158.0,,,641.311,617.621,437.11800000000005,570.363,,,
644,10920517,8,,left,fixation,165.0,,395.99199999999996,641.2330000000002,,,,,0.0,,
645,10920521,684,3.6908064154155698,right,fixation,,159.0,457.315645348837,612.363313953488,,,,,4.0,3.420694323885044,10.986967089857282
646,10920529,8,,left,saccade,165.0,,,,400.31800000000004,617.8340000000002,407.224,602.055,,,
647,10920541,1111,3.6903715849368015,left,fixation,166.0,,466.0946164874549,611.801831541218,,,,,8.0,4.213412297125839,25.945190403992857
648,10921209,20,,right,saccade,,159.0,,,472.955,626.753,540.601,627.9159999999998,,,
649,10921233,415,3.6907815533980575,right,fixation,,160.0,525.598361904762,622.195066666667,,,,,5.0,4.0931701041073465,13.629649017738359
650,10921652,20,,right,saccade,,160.0,,,481.11699999999996,615.299,556.326,616.87,,,
651,10921656,16,,left,saccade,166.0,,,,472.781,608.1569999999998,531.144,610.286,,,
652,10921676,260,3.774269230769231,left,fixation,167.0,,554.860318181818,610.609136363637,,,,,1.0,5.222737649504872,8.524326659625302
653,10921676,260,3.774269230769231,right,fixation,,161.0,567.803363636363,610.545818181818,,,,,1.0,2.709735457567743,12.622357505632564
654,10921940,20,,left,saccade,167.0,,,,563.007,616.797,643.54,613.4159999999998,,,
655,10921940,20,,right,saccade,,161.0,,,567.851,624.075,677.461,622.203,,,
656,10921964,108,3.7695690721649484,left,fixation,168.0,,654.0689642857141,618.513357142857,,,,,2.0,2.7030814471530693,10.758678680059745
657,10921964,112,3.7695690721649484,right,fixation,,162.0,678.0925862068959,616.511827586207,,,,,0.0,,
658,10922076,40,,left,saccade,168.0,,,,656.716,622.663,668.638,599.379,,,
659,10922080,40,,right,saccade,,162.0,,,677.666,618.606,674.184,572.442,,,
660,10922248,757,3.73073125,right,fixation,,163.0,670.995584210527,597.221478947368,,,,,3.0,7.8757464193769255,40.091106461885595
661,10922260,749,3.73033850931677,left,fixation,169.0,,654.460675531916,605.976489361702,,,,,7.0,4.862870873851844,16.36349327142327
662,10923009,24,,right,saccade,,163.0,,,647.054,617.62,770.192,622.712,,,
663,10923013,20,,left,saccade,169.0,,,,628.119,622.322,732.826,628.445,,,
664,10923037,744,3.6356048387096767,right,fixation,,164.0,767.468470588235,621.3963796791439,,,,,6.0,2.560944187027372,12.744857989590473
665,10923037,748,3.6353796791443846,left,fixation,170.0,,742.661984042553,623.8535106382981,,,,,2.0,2.359176019432974,6.837088784012711
666,10923785,20,,right,saccade,,164.0,,,769.044,617.625,869.7739999999999,626.495,,,
667,10923789,20,,left,saccade,170.0,,,,749.2260000000001,619.11,839.09,631.57,,,
668,10923809,815,3.600288177339902,right,fixation,,165.0,873.2529268292682,630.692858536586,,,,,9.0,2.6900885847139566,8.879395935471425
669,10923813,1076,3.592542750929368,left,fixation,171.0,,842.706040740741,637.0344555555561,,,,,7.0,3.1774965177601917,11.911823010713578
670,10924628,4,,right,saccade,,165.0,,,881.6060000000001,638.6569999999998,913.908,638.905,,,
671,10924636,253,3.56878125,right,fixation,,166.0,913.798453125,636.668625,,,,,3.0,2.317092915891088,5.214609077332781
672,10924893,20,,left,saccade,171.0,,,,860.3539999999997,636.404,778.91,739.841,,,
673,10924893,20,,right,saccade,,166.0,,,912.209,638.595,826.296,767.809,,,
674,10924917,183,3.6183222222222224,left,fixation,172.0,,773.551574468085,750.3433617021277,,,,,4.0,2.066235622711837,5.643213227393584
675,10924917,183,3.6183222222222224,right,fixation,,167.0,813.131297872341,764.856829787234,,,,,0.0,,
676,10925104,24,,left,saccade,172.0,,,,775.426,755.9630000000003,767.89,535.846,,,
677,10925104,28,,right,saccade,,167.0,,,805.5360000000003,757.0169999999997,811.041,517.9159999999998,,,
678,10925132,208,3.6330384615384617,left,fixation,173.0,,768.7079811320758,533.0344716981131,,,,,1.0,1.540234920754292,6.044675342812003
679,10925136,208,3.6327019230769233,right,fixation,,168.0,794.139056603774,513.377396226415,,,,,0.0,,
680,10925344,24,,left,saccade,173.0,,,,775.597,531.948,665.578,502.43699999999995,,,
681,10925348,20,,right,saccade,,168.0,,,779.85,508.44699999999995,688.571,487.08099999999996,,,
682,10925372,201,3.5969607843137257,left,fixation,174.0,,659.589803921569,483.6508431372551,,,,,2.0,2.5466568806769323,6.689710168088447
683,10925372,205,3.596807692307692,right,fixation,,169.0,685.349307692308,469.90405769230796,,,,,1.0,2.034175187746718,4.005215100341037
684,10925577,24,,left,saccade,174.0,,,,656.2660000000002,484.645,622.2869999999998,311.769,,,
685,10925581,24,,right,saccade,,169.0,,,682.865,467.837,656.194,304.296,,,
686,10925605,183,3.534255555555556,left,fixation,175.0,,602.5261914893621,304.264617021277,,,,,1.0,1.867962719708896,4.011111192674636
687,10925609,179,3.5336590909090906,right,fixation,,170.0,636.632195652174,294.520391304348,,,,,2.0,2.2396434965041365,15.972166390938765
688,10925792,48,,right,saccade,,170.0,,,642.107,289.185,418.73800000000006,668.596,,,
689,10925792,52,,left,saccade,175.0,,,,604.572,304.673,395.05400000000003,692.4839999999997,,,
690,10925844,564,3.5367086954678424,right,fixation,,171.0,439.300718309859,727.944401408451,,,,,5.0,3.643647897077962,17.183914098602873
691,10925848,556,3.5367810187759288,left,fixation,176.0,,420.903235714286,742.705207142858,,,,,5.0,3.1689358200786755,14.766395255923069
692,10926408,40,,left,saccade,176.0,,,,442.838,767.2919999999997,438.792,776.7130000000003,,,
693,10926412,60,,right,saccade,,171.0,,,457.666,750.692,486.275,696.8689999999997,,,
694,10926572,8,,left,fixation,177.0,,440.904,775.312666666667,,,,,0.0,,
695,10926584,12,,left,saccade,177.0,,,,444.527,767.158,449.413,721.7689999999999,,,
696,10926584,708,3.6404325480344895,right,fixation,,172.0,551.1129943820221,737.31706741573,,,,,5.0,5.54072877153669,22.00718151507377
697,10926600,692,3.6404325480344895,left,fixation,178.0,,519.915649425287,743.5798275862061,,,,,4.0,6.12291843020712,24.92889846830661
698,10927296,52,,left,saccade,178.0,,,,531.405,754.057,1319.379,750.982,,,
699,10927296,52,,right,saccade,,172.0,,,563.943,748.433,1347.094,771.419,,,
700,10927352,188,3.6668297872340414,left,fixation,179.0,,1340.8268125,741.104291666667,,,,,1.0,2.437605610247684,9.190428608068348
701,10927352,192,3.66696875,right,fixation,,173.0,1359.6903265306098,754.645653061224,,,,,0.0,,
702,10927544,44,,left,saccade,179.0,,,,1346.027,734.062,821.559,736.368,,,
703,10927548,40,,right,saccade,,173.0,,,1364.105,746.102,826.413,734.318,,,
704,10927592,360,3.8548555555555564,right,fixation,,174.0,816.311428571429,725.007010989011,,,,,0.0,,
705,10927592,364,3.8552142857142853,left,fixation,180.0,,806.0981521739128,720.118956521739,,,,,2.0,3.105723947887575,8.455094561351089
706,10927956,20,,right,saccade,,174.0,,,809.102,729.5930000000003,735.937,727.127,,,
707,10927960,16,,left,saccade,180.0,,,,807.679,721.5830000000003,725.747,720.817,,,
708,10927980,156,3.8883076923076922,right,fixation,,175.0,725.661375,721.71985,,,,,1.0,5.032796784316044,10.958741944219618
709,10927980,160,3.8887,left,fixation,181.0,,715.436024390244,716.4404878048779,,,,,2.0,1.833601219087412,5.15248924889984
710,10928140,60,,right,saccade,,175.0,,,726.29,717.832,1393.4489999999994,131.917,,,
711,10928144,60,,left,saccade,181.0,,,,714.2639999999999,722.084,1368.628,135.947,,,
712,10928204,132,3.877424242424243,right,fixation,,176.0,1394.35658823529,104.66314705882401,,,,,0.0,,
713,10928208,128,3.877859375,left,fixation,182.0,,1391.2644848484802,110.33612121212099,,,,,2.0,2.663911651463506,12.529492617191234
714,10928340,32,,left,saccade,182.0,,,,1396.3529999999994,90.195,1012.278,54.725,,,
715,10928340,36,,right,saccade,,176.0,,,1394.398,100.318,1036.308,62.647,,,
716,10928376,348,3.8185114942528737,left,fixation,183.0,,985.522397727274,52.3826590909091,,,,,2.0,4.024392469126765,19.771643330559424
717,10928380,344,3.8178197674418612,right,fixation,,177.0,992.038252873564,70.5288735632184,,,,,2.0,3.715946440871248,14.59348270900534
718,10928728,56,,left,saccade,183.0,,,,966.299,61.961999999999996,778.6030000000003,728.7760000000003,,,
719,10928728,60,,right,saccade,,177.0,,,980.803,89.68799999999996,807.676,747.3689999999997,,,
720,10928788,372,3.860029411764706,left,fixation,184.0,,817.6662553191493,743.889329787234,,,,,5.0,5.249049770513912,15.581778079725359
721,10928792,372,3.860873134328358,right,fixation,,178.0,824.967021276595,744.3253936170212,,,,,4.0,5.20155794374607,21.145441428585887
722,10929164,80,,left,saccade,184.0,,,,853.788,742.4780000000003,821.757,695.6569999999997,,,
723,10929168,40,,right,saccade,,178.0,,,858.1080000000003,737.6339999999999,812.592,756.0110000000003,,,
724,10929328,4,,right,fixation,,179.0,815.5905,756.0110000000003,,,,,0.0,,
725,10929336,20,,right,saccade,,179.0,,,816.435,745.1469999999997,828.449,656.8589999999998,,,
726,10929360,64,,right,fixation,,180.0,833.6102352941182,658.635529411765,,,,,1.0,5.239006463273544,26.58420901588014
727,10929364,60,,left,fixation,185.0,,818.38675,683.1846875,,,,,1.0,3.686586014789879,17.991904985298238
728,10929428,16,,left,saccade,185.0,,,,824.544,696.273,770.7589999999999,702.663,,,
729,10929428,20,,right,saccade,,180.0,,,826.716,681.385,765.1610000000003,704.6089999999997,,,
730,10929448,152,4.066864813180347,left,fixation,186.0,,760.9719487179491,717.511923076923,,,,,2.0,3.1348795363000934,7.799185475454839
731,10929452,144,4.066063713592232,right,fixation,,181.0,751.484837837838,726.267216216216,,,,,1.0,3.707478946519987,13.585578603798881
732,10929600,24,,right,saccade,,181.0,,,747.775,729.096,830.0,623.766,,,
733,10929604,20,,left,saccade,186.0,,,,757.972,727.3539999999997,806.615,623.924,,,
734,10929628,452,4.1430398230088485,right,fixation,,182.0,835.3396578947369,624.356377192982,,,,,4.0,2.0455587143357534,6.612108937552977
735,10929628,456,4.142872807017543,left,fixation,187.0,,833.5883739130438,624.5693304347831,,,,,3.0,2.1512273198146743,7.9257773186472225
736,10930084,20,,right,saccade,,182.0,,,838.9739999999997,632.367,777.9839999999997,629.383,,,
737,10930088,20,,left,saccade,187.0,,,,835.58,632.067,758.933,617.816,,,
738,10930108,108,4.096942307692308,right,fixation,,183.0,767.661142857143,604.121321428571,,,,,1.0,4.903640861079085,9.579698168522787
739,10930112,104,4.09676,left,fixation,188.0,,759.6552962962959,588.001740740741,,,,,1.0,3.5047344248728685,11.423685088446755
740,10930220,44,,right,saccade,,183.0,,,768.0939999999997,601.382,1349.306,539.0369999999998,,,
741,10930220,48,,left,saccade,188.0,,,,761.3489999999997,582.461,1335.625,527.899,,,
742,10930268,304,3.939743421052632,right,fixation,,184.0,1366.7024545454499,528.486896103896,,,,,4.0,2.7728376166776685,14.986218552778654
743,10930272,300,3.938513333333333,left,fixation,189.0,,1359.8220394736802,534.855789473684,,,,,4.0,2.545623190382464,11.293815107631204
744,10930576,20,,right,saccade,,184.0,,,1382.453,548.076,1495.005,562.361,,,
745,10930576,24,,left,saccade,189.0,,,,1374.481,551.632,1488.382,562.061,,,
746,10930600,280,3.850035211267605,right,fixation,,185.0,1492.0180563380304,564.989098591549,,,,,1.0,1.7323165767902344,6.515978898062874
747,10930604,272,3.850043478260869,left,fixation,190.0,,1495.67524637681,565.548362318841,,,,,5.0,2.241582880646368,12.74168717577674
748,10930880,56,,left,saccade,190.0,,,,1507.009,568.423,776.2130000000003,611.906,,,
749,10930884,56,,right,saccade,,185.0,,,1491.692,558.231,789.466,599.29,,,
750,10930940,200,3.852310000000001,left,fixation,191.0,,765.897352941177,613.824725490196,,,,,1.0,2.8544445071579845,5.239037793335734
751,10930944,196,3.8522755102040818,right,fixation,,186.0,777.1544200000003,616.8107,,,,,0.0,,
752,10931144,36,,left,saccade,191.0,,,,768.59,621.0269999999998,442.414,731.533,,,
753,10931144,36,,right,saccade,,186.0,,,784.2180000000003,619.548,463.93800000000016,715.316,,,
754,10931184,320,3.8166875,right,fixation,,187.0,448.732296296296,719.9242839506171,,,,,2.0,9.166108909493001,24.78297538283851
755,10931184,792,3.777126262626264,left,fixation,192.0,,429.090773869346,737.350346733669,,,,,8.0,4.5773776042647984,14.390320576287046
756,10931508,0,,right,saccade,,187.0,,,402.05,719.341,402.05,719.341,,,
757,10931512,452,3.74979203539823,right,fixation,,188.0,431.69415789473686,726.9928596491229,,,,,2.0,7.573564396824661,35.02286386675239
758,10931968,16,,right,saccade,,188.0,,,473.06199999999995,732.8939999999999,525.436,731.453,,,
759,10931980,4,,left,saccade,192.0,,,,498.74800000000016,744.0189999999999,501.809,742.9,,,
760,10931988,628,3.7737816091954017,left,fixation,193.0,,521.356898734177,742.656575949367,,,,,4.0,3.488400801046988,19.20227121552129
761,10931988,628,3.7737816091954017,right,fixation,,189.0,533.160924050633,732.94196835443,,,,,7.0,2.7626564679571226,11.503692283599591
762,10932620,40,,left,saccade,193.0,,,,529.764,743.153,525.472,790.0219999999997,,,
763,10932620,44,,right,saccade,,189.0,,,552.177,737.916,544.1669999999998,739.6339999999999,,,
764,10932760,0,,left,fixation,194.0,,526.125,790.0219999999997,,,,,0.0,,
765,10932760,0,,right,fixation,,190.0,546.889,739.6339999999999,,,,,0.0,,
766,10932764,12,,right,saccade,,190.0,,,548.863,736.961,560.35,683.84,,,
767,10932764,24,,left,saccade,194.0,,,,526.125,759.1310000000003,530.101,695.738,,,
768,10932780,1024,3.7518760869565213,right,fixation,,191.0,483.617054474709,730.276350194552,,,,,7.0,4.41836071003066,24.68519398822386
769,10932792,412,3.777981249999999,left,fixation,195.0,,524.885153846154,710.8515480769231,,,,,3.0,4.243434431550232,24.796084388707534
770,10933208,12,,left,saccade,195.0,,,,494.694,719.2389999999997,449.26800000000003,730.451,,,
771,10933224,584,3.7368527397260274,left,fixation,196.0,,436.745292517007,742.441367346938,,,,,3.0,1.7925559116296788,3.135931359544736
772,10933808,24,,right,saccade,,191.0,,,447.325,732.307,564.872,736.1289999999997,,,
773,10933812,20,,left,saccade,196.0,,,,441.72,746.637,535.511,736.8530000000003,,,
774,10933836,612,3.838571895424837,right,fixation,,192.0,563.429467532468,732.9077987012987,,,,,1.0,1.8691391735234368,4.099305916859573
775,10933836,616,3.83925,left,fixation,197.0,,550.890916129032,734.626858064516,,,,,2.0,2.386449081529748,8.952990208201962
776,10934452,20,,right,saccade,,192.0,,,560.365,743.66,670.202,741.563,,,
777,10934456,20,,left,saccade,197.0,,,,550.783,742.628,630.8969999999998,743.8380000000003,,,
778,10934476,1120,3.863023541972024,right,fixation,,193.0,704.054224199288,746.5507224199298,,,,,8.0,3.98057221953571,13.102902182535315
779,10934480,1116,3.8626513579798334,left,fixation,198.0,,680.292385714286,747.9931392857138,,,,,7.0,4.2243588419291935,15.498490984924588
780,10935600,40,,left,saccade,198.0,,,,735.995,742.7689999999999,750.045,797.302,,,
781,10935600,40,,right,saccade,,193.0,,,764.7180000000003,754.069,772.181,743.0189999999999,,,
782,10935776,0,,left,fixation,199.0,,750.507,761.8,,,,,0.0,,
783,10935780,4,,left,saccade,199.0,,,,754.7239999999997,761.8,758.299,761.8,,,
784,10935780,4,,right,fixation,,194.0,782.2495,743.0189999999999,,,,,0.0,,
785,10935788,12,,right,saccade,,194.0,,,786.6610000000003,731.587,805.279,696.12,,,
786,10935788,172,3.741294303569054,left,fixation,200.0,,767.5949090909088,713.472818181818,,,,,3.0,4.600912474304212,20.278039843980824
787,10935804,156,3.741294303569054,right,fixation,,195.0,804.0479,717.96635,,,,,1.0,6.999782397411477,49.62556536705659
788,10935964,16,,left,saccade,200.0,,,,772.818,729.327,829.4860000000001,732.084,,,
789,10935964,16,,right,saccade,,195.0,,,799.324,737.8,862.78,745.068,,,
790,10935984,1276,3.688943573667712,left,fixation,201.0,,831.431625,757.0962906250011,,,,,7.0,4.022354053118298,18.070559416515177
791,10935984,1276,3.688943573667712,right,fixation,,196.0,865.245278125,774.676465624999,,,,,7.0,3.1304244718750027,13.522298780121545
792,10937264,16,,left,saccade,201.0,,,,833.957,752.937,749.5,753.7130000000003,,,
793,10937264,20,,right,saccade,,196.0,,,859.1110000000001,768.956,771.804,768.028,,,
794,10937284,131,3.684689189189189,left,fixation,202.0,,741.144147058824,753.067617647059,,,,,1.0,1.9424516582001807,5.942248059446957
795,10937288,139,3.6845540540540536,right,fixation,,197.0,772.220777777778,766.406444444444,,,,,2.0,2.0792963879327573,6.455773420703747
796,10937419,40,,left,saccade,202.0,,,,738.1419999999997,751.819,737.868,806.204,,,
797,10937431,44,,right,saccade,,197.0,,,770.715,750.5880000000003,758.178,763.3710000000003,,,
798,10937599,0,,right,fixation,,198.0,758.291,756.2589999999999,,,,,0.0,,
799,10937603,12,,right,saccade,,198.0,,,760.549,756.2589999999999,785.082,711.137,,,
800,10937615,12,,left,fixation,203.0,,738.1510000000003,795.69425,,,,,0.0,,
801,10937619,373,3.8098301029678985,right,fixation,,199.0,765.094255319149,732.331808510639,,,,,1.0,5.679217974823251,49.07979195147431
802,10937631,16,,left,saccade,203.0,,,,737.868,776.584,735.4910000000001,721.03,,,
803,10937651,341,3.8098301029678985,left,fixation,204.0,,743.714848837209,728.919034883721,,,,,1.0,3.1529941545916365,28.43588671028213
804,10937996,16,,right,saccade,,199.0,,,757.444,748.09,842.7389999999997,749.985,,,
805,10937996,20,,left,saccade,204.0,,,,748.362,742.2,828.2339999999997,752.763,,,
806,10938016,215,3.8328490566037736,right,fixation,,200.0,847.259763636364,751.6406181818179,,,,,0.0,,
807,10938020,211,3.8325769230769233,left,fixation,205.0,,837.126407407408,753.02287037037,,,,,0.0,,
808,10938235,24,,left,saccade,205.0,,,,835.301,752.173,676.803,758.579,,,
809,10938235,24,,right,saccade,,200.0,,,856.33,759.179,696.5060000000003,758.2289999999997,,,
810,10938263,760,3.6647,left,fixation,206.0,,651.043267015707,760.14319895288,,,,,3.0,2.7637942689602446,12.447956370445787
811,10938263,760,3.6647,right,fixation,,201.0,688.225659685864,760.739863874346,,,,,10.0,2.7740456884066536,11.32915705907591
812,10939027,20,,left,saccade,206.0,,,,638.914,766.6669999999997,759.3919999999997,762.9110000000003,,,
813,10939027,20,,right,saccade,,201.0,,,688.687,759.9630000000003,826.062,768.513,,,
814,10939051,400,3.693845,left,fixation,207.0,,759.8770396039598,756.901386138614,,,,,4.0,3.141765889740988,14.150270089124152
815,10939051,400,3.693845,right,fixation,,202.0,799.542376237624,772.952891089109,,,,,3.0,3.9813009080884685,15.926692836995585
816,10939455,20,,left,saccade,207.0,,,,741.424,755.863,628.6030000000002,754.365,,,
817,10939455,24,,right,saccade,,202.0,,,760.7589999999999,765.4639999999997,656.4069999999998,755.6469999999997,,,
818,10939479,252,3.706984126984128,left,fixation,208.0,,625.105640625,751.52946875,,,,,1.0,1.8913115452275493,5.280343644120153
819,10939483,252,3.706055555555556,right,fixation,,203.0,649.337984375,749.043890625,,,,,2.0,2.3641540892592015,7.914752634331852
820,10939735,16,,left,saccade,208.0,,,,626.674,753.685,567.122,755.689,,,
821,10939739,12,,right,saccade,,203.0,,,644.298,752.439,596.178,753.574,,,
822,10939755,336,3.623636904761904,left,fixation,209.0,,549.770411764706,761.7691058823531,,,,,2.0,2.2149346722889987,7.498502683030008
823,10939755,336,3.623636904761904,right,fixation,,204.0,574.988117647059,760.8726941176469,,,,,1.0,2.2385339758670466,9.248166575056924
824,10940095,20,,left,saccade,209.0,,,,546.119,762.3739999999997,617.2230000000002,761.535,,,
825,10940095,20,,right,saccade,,204.0,,,569.75,771.452,640.868,766.081,,,
826,10940119,112,3.614423076923076,left,fixation,210.0,,626.825103448276,758.1933448275861,,,,,2.0,3.0820975599500646,10.357502868454926
827,10940119,116,3.614423076923076,right,fixation,,205.0,648.0059666666671,755.2777,,,,,2.0,2.2848874898754232,4.982433881491236
828,10940235,68,,left,saccade,210.0,,,,629.03,747.0830000000003,690.187,666.6669999999998,,,
829,10940239,60,,right,saccade,,205.0,,,656.1419999999998,748.388,743.2719999999997,657.725,,,
830,10940423,332,3.553881677098517,right,fixation,,206.0,733.9105357142862,714.046142857143,,,,,9.0,2.975425883971706,10.035186044659913
831,10940435,324,3.5542711964300757,left,fixation,211.0,,698.631036585366,712.7635121951221,,,,,2.0,4.324350218230332,28.816504048558105
832,10940759,20,,right,saccade,,206.0,,,736.591,735.7819999999997,840.6439999999999,739.041,,,
833,10940763,20,,left,saccade,211.0,,,,692.82,723.171,802.073,728.8810000000003,,,
834,10940783,188,3.5910851063829794,right,fixation,,207.0,844.5421458333342,749.9952708333328,,,,,3.0,2.662779111465603,12.369363984510546
835,10940787,184,3.5909673913043485,left,fixation,212.0,,812.114744680851,742.279425531915,,,,,1.0,1.6123368995894558,3.4173979867730098
836,10940975,24,,left,saccade,212.0,,,,812.39,753.743,650.401,760.678,,,
837,10940975,24,,right,saccade,,207.0,,,848.784,753.5010000000003,684.461,757.523,,,
838,10941003,276,3.488449275362319,left,fixation,213.0,,637.4647,760.6507714285719,,,,,0.0,,
839,10941003,276,3.488449275362319,right,fixation,,208.0,671.311014285714,769.534828571429,,,,,2.0,2.690293096981439,6.469902234106773
840,10941283,20,,left,saccade,213.0,,,,628.707,760.4060000000003,536.96,759.574,,,
841,10941283,20,,right,saccade,,208.0,,,668.0189999999999,758.342,550.965,755.367,,,
842,10941307,640,3.5095968750000006,right,fixation,,209.0,553.108173913044,753.3236894409938,,,,,2.0,2.234077586144891,7.754993420155365
843,10941307,644,3.5098819875776406,left,fixation,214.0,,527.735598765432,754.653654320988,,,,,1.0,1.950482454562384,4.217292496377272
844,10941951,20,,right,saccade,,209.0,,,552.189,740.0060000000003,676.575,744.6389999999999,,,
845,10941955,20,,left,saccade,214.0,,,,523.895,748.4739999999997,632.595,749.082,,,
846,10941975,184,3.5969230769230776,right,fixation,,210.0,682.111893617021,738.3908510638298,,,,,0.0,,
847,10941979,176,3.597783783783784,left,fixation,215.0,,638.745466666667,740.4950444444438,,,,,2.0,1.6373097509133272,4.246150808229658
848,10942159,40,,left,saccade,215.0,,,,640.2869999999998,734.916,635.5840000000002,721.812,,,
849,10942163,64,,right,saccade,,210.0,,,676.758,733.88,684.175,619.164,,,
850,10942335,8,,left,fixation,216.0,,633.4573333333329,717.8373333333328,,,,,0.0,,
851,10942347,20,,left,saccade,216.0,,,,629.2040000000002,709.888,623.3480000000002,621.743,,,
852,10942355,180,3.7418,right,fixation,,211.0,679.5997826086959,644.360043478261,,,,,2.0,3.817702603914337,21.753656727654143
853,10942371,164,3.7418,left,fixation,217.0,,634.1850714285711,642.128761904762,,,,,2.0,3.5449282703864515,27.274953312356025
854,10942539,12,,left,saccade,217.0,,,,644.398,661.627,644.572,717.3789999999997,,,
855,10942539,12,,right,saccade,,211.0,,,679.8660000000001,668.3989999999999,684.058,723.2769999999997,,,
856,10942555,592,3.7452094594594594,left,fixation,218.0,,645.313302013423,740.312899328859,,,,,3.0,2.231750755959473,8.678857882787106
857,10942555,592,3.7452094594594594,right,fixation,,212.0,668.141859060403,747.470147651007,,,,,8.0,2.2177233118755693,8.632944364546518
858,10943151,24,,right,saccade,,212.0,,,650.498,762.929,487.084,762.735,,,
859,10943151,28,,left,saccade,218.0,,,,631.878,754.3760000000003,450.53,758.49,,,
860,10943179,524,3.6436931818181817,right,fixation,,213.0,472.867356060606,761.5591818181821,,,,,4.0,2.4621613395165483,9.057510875373962
861,10943183,520,3.6436450381679393,left,fixation,219.0,,444.717229007634,758.25841221374,,,,,4.0,2.297465476609008,7.829607376124108
862,10943707,24,,left,saccade,219.0,,,,449.898,758.173,608.265,759.385,,,
863,10943707,24,,right,saccade,,213.0,,,453.94300000000004,767.7080000000003,659.855,763.717,,,
864,10943735,488,3.6470081967213117,left,fixation,220.0,,637.670406504065,754.292991869919,,,,,2.0,7.040482875625459,24.67890126559341
865,10943735,488,3.6470081967213117,right,fixation,,214.0,668.43293495935,752.2738211382118,,,,,3.0,8.079369515519714,25.520544277944932
866,10944227,12,,right,saccade,,214.0,,,712.061,749.878,765.887,755.562,,,
867,10944227,16,,left,saccade,220.0,,,,677.3889999999999,754.52,741.959,752.39,,,
868,10944243,336,3.766831325301205,right,fixation,,215.0,780.0158,753.0097764705881,,,,,1.0,2.19456462399467,3.5869916364552714
869,10944247,332,3.7675304878048776,left,fixation,221.0,,761.5163214285719,743.5149761904761,,,,,1.0,2.8170013065511696,4.3415850792078094
870,10944583,16,,right,saccade,,215.0,,,790.807,758.645,860.9,758.7360000000001,,,
871,10944583,20,,left,saccade,221.0,,,,772.2719999999997,741.39,864.966,747.074,,,
872,10944603,144,3.8466383928571433,right,fixation,,216.0,873.944162162162,753.413378378378,,,,,0.0,,
873,10944607,136,3.847301020408163,left,fixation,222.0,,874.6378,758.843885714285,,,,,2.0,2.8772510535655647,9.266831504185394
874,10944747,64,,left,saccade,222.0,,,,874.403,749.308,561.874,718.295,,,
875,10944751,40,,right,saccade,,216.0,,,879.948,753.712,602.923,714.3530000000003,,,
876,10944943,556,3.7153564814814817,right,fixation,,217.0,590.1353357142859,732.8653571428571,,,,,6.0,3.3459620568472084,15.353215774481747
877,10944967,536,3.7151146788990825,left,fixation,223.0,,571.413866666667,741.569370370371,,,,,6.0,3.331934141119445,13.862745318274026
878,10945503,20,,right,saccade,,217.0,,,580.347,735.888,655.928,741.043,,,
879,10945507,16,,left,saccade,223.0,,,,571.361,752.742,632.231,754.529,,,
880,10945527,296,3.685012836700337,left,fixation,224.0,,647.993586666666,754.7878933333328,,,,,1.0,3.7646391925388873,1.58790679827251
881,10945527,304,3.685012836700337,right,fixation,,218.0,672.82061038961,755.406415584415,,,,,2.0,2.2951330286093308,7.536949363741572
882,10945827,40,,left,saccade,224.0,,,,650.4680000000002,755.923,650.471,833.059,,,
883,10945835,64,,right,saccade,,218.0,,,674.727,746.4830000000003,682.539,688.336,,,
884,10946003,4,,left,fixation,225.0,,649.7330000000002,812.716,,,,,0.0,,
885,10946007,384,3.689241140642304,right,fixation,,219.0,680.045288659794,730.579402061856,,,,,3.0,7.469545968692987,26.8073311900055
886,10946011,4,,left,saccade,225.0,,,,648.995,792.373,647.622,791.513,,,
887,10946019,0,,left,fixation,226.0,,647.538,788.622,,,,,0.0,,
888,10946023,20,,left,saccade,226.0,,,,646.364,769.62,637.997,704.3919999999997,,,
889,10946047,716,3.6861558956916096,left,fixation,227.0,,624.864255555556,727.031222222222,,,,,6.0,5.1611347770874385,21.69095991815018
890,10946395,0,,right,saccade,,219.0,,,638.655,733.898,638.655,733.898,,,
891,10946399,368,3.683440217391305,right,fixation,,220.0,623.594473118279,732.501548387097,,,,,4.0,2.6727167647464536,8.191910969973318
892,10946767,24,,left,saccade,227.0,,,,599.701,743.4889999999997,450.30300000000005,748.541,,,
893,10946771,20,,right,saccade,,220.0,,,615.875,736.0319999999997,471.645,742.814,,,
894,10946795,400,3.63592,left,fixation,228.0,,443.62976237623803,748.696514851485,,,,,3.0,1.9036210603000048,7.490800659955572
895,10946795,400,3.63592,right,fixation,,221.0,463.977504950495,750.407118811881,,,,,1.0,2.253877104014311,5.524835020161126
896,10947199,24,,left,saccade,228.0,,,,433.81199999999995,748.319,607.3430000000002,746.688,,,
897,10947199,24,,right,saccade,,221.0,,,463.26199999999994,748.5219999999997,647.639,749.0980000000003,,,
898,10947227,228,3.6511984447004617,left,fixation,229.0,,627.190620689655,752.3419310344832,,,,,2.0,2.5954590943287315,10.807058720420912
899,10947227,228,3.6511984447004617,right,fixation,,222.0,653.94025862069,749.303706896552,,,,,0.0,,
900,10947459,40,,left,saccade,229.0,,,,634.422,756.6419999999997,641.762,831.418,,,
901,10947459,44,,right,saccade,,222.0,,,665.745,743.9889999999997,670.327,776.033,,,
902,10947655,0,,left,fixation,230.0,,643.344,831.418,,,,,0.0,,
903,10947659,28,,left,saccade,230.0,,,,644.2959999999998,831.418,648.263,711.154,,,
904,10947663,0,,right,fixation,,223.0,672.068,760.4010000000003,,,,,0.0,,
905,10947667,20,,right,saccade,,223.0,,,672.068,742.878,694.332,699.326,,,
906,10947691,220,3.724137931034482,left,fixation,231.0,,655.2443392857141,709.252839285714,,,,,6.0,2.334055821217364,8.602105124893363
907,10947691,220,3.724137931034482,right,fixation,,224.0,699.378910714286,701.4356964285719,,,,,2.0,2.5665364673625373,13.208427064446395
908,10947915,28,,left,saccade,231.0,,,,661.878,723.778,437.52099999999996,744.988,,,
909,10947915,28,,right,saccade,,224.0,,,689.153,710.2639999999999,455.88599999999997,726.062,,,
910,10947947,336,3.7613571428571433,left,fixation,232.0,,434.210023529412,747.4630588235291,,,,,1.0,2.1605413030586296,4.9836096355955375
911,10947947,336,3.7613571428571433,right,fixation,,225.0,440.54883529411796,727.248588235294,,,,,2.0,2.0500993725446977,9.743016258408213
912,10948287,16,,left,saccade,232.0,,,,433.365,748.49,502.2,748.372,,,
913,10948287,16,,right,saccade,,225.0,,,452.085,733.738,526.442,737.41,,,
914,10948307,372,3.6761935483870967,left,fixation,233.0,,525.246393617021,746.074617021277,,,,,1.0,1.9791149607280838,6.945145714814028
915,10948307,376,3.675978723404256,right,fixation,,226.0,543.665989473684,743.058547368421,,,,,1.0,1.6061354671661283,4.38170115366172
916,10948683,20,,left,saccade,233.0,,,,529.2919999999998,743.727,457.69599999999997,748.107,,,
917,10948687,16,,right,saccade,,226.0,,,537.3530000000002,736.3330000000003,469.064,739.808,,,
918,10948707,196,3.6682857142857137,left,fixation,234.0,,459.26214000000004,754.9963799999997,,,,,1.0,2.1183629423579844,6.220906204083148
919,10948707,196,3.6682857142857137,right,fixation,,227.0,467.73644,749.14932,,,,,0.0,,
920,10948907,32,,left,saccade,234.0,,,,462.296,756.066,740.9639999999997,741.6210000000003,,,
921,10948907,32,,right,saccade,,227.0,,,468.085,750.451,804.015,751.3989999999999,,,
922,10948943,244,3.7743278688524593,left,fixation,235.0,,769.370241935484,728.302274193548,,,,,2.0,2.7244721168715644,6.815118807608853
923,10948943,252,3.7765555555555554,right,fixation,,228.0,803.286421875,742.452875,,,,,1.0,2.4483101882273424,3.4769854759547685
924,10949191,20,,left,saccade,235.0,,,,780.707,734.24,854.145,734.941,,,
925,10949199,12,,right,saccade,,228.0,,,795.9739999999997,733.932,846.995,738.0260000000003,,,
926,10949215,148,3.886391891891891,left,fixation,236.0,,865.065921052632,740.412868421053,,,,,1.0,1.7426775774333296,1.4822634718565073
927,10949215,148,3.886391891891891,right,fixation,,229.0,862.612157894736,738.987052631579,,,,,0.0,,
928,10949367,24,,left,saccade,236.0,,,,866.257,746.924,689.0139999999999,747.926,,,
929,10949367,24,,right,saccade,,229.0,,,868.814,740.1039999999997,707.446,740.2660000000003,,,
930,10949395,380,3.839052631578949,right,fixation,,230.0,702.990958333334,735.908510416667,,,,,0.0,,
931,10949395,384,3.8390625,left,fixation,237.0,,678.490432989691,738.4917010309282,,,,,2.0,1.5140206570503754,6.080807246772028
932,10949779,20,,right,saccade,,230.0,,,709.0239999999999,735.622,608.31,734.52,,,
933,10949783,20,,left,saccade,237.0,,,,676.2260000000001,737.082,595.237,737.5010000000003,,,
934,10949803,204,3.8539901960784313,right,fixation,,231.0,601.367096153846,730.7571730769231,,,,,0.0,,
935,10949807,200,3.8543,left,fixation,238.0,,579.17,728.753921568627,,,,,1.0,2.527635505764245,8.585372210917738
936,10950011,20,,right,saccade,,231.0,,,599.2230000000002,731.7860000000003,765.7239999999997,735.442,,,
937,10950011,24,,left,saccade,238.0,,,,577.555,729.8969999999997,729.747,732.3919999999997,,,
938,10950035,275,3.917007352941176,right,fixation,,232.0,760.5596571428571,740.9138,,,,,0.0,,
939,10950039,271,3.9175149253731334,left,fixation,239.0,,748.54547826087,730.637608695652,,,,,3.0,2.0849253879384118,4.881244523168615
940,10950314,32,,left,saccade,239.0,,,,752.7739999999999,739.686,458.222,744.91,,,
941,10950314,32,,right,saccade,,232.0,,,759.554,741.482,464.85400000000004,740.585,,,
942,10950350,873,3.773776255707764,right,fixation,,233.0,437.43441095890404,731.912511415525,,,,,5.0,3.9280887008893286,22.53217030188295
943,10950350,877,3.7736431818181817,left,fixation,240.0,,428.321518181818,736.994195454545,,,,,3.0,3.4691850341896586,19.034541916102548
944,10951227,36,,right,saccade,,233.0,,,415.894,714.9580000000003,787.467,726.836,,,
945,10951231,32,,left,saccade,240.0,,,,420.478,740.043,744.355,735.722,,,
946,10951267,243,3.8317083333333333,left,fixation,241.0,,771.1744193548393,732.833822580645,,,,,3.0,1.5118925874893618,4.569901558565379
947,10951267,243,3.8317083333333333,right,fixation,,234.0,788.41935483871,733.707596774193,,,,,0.0,,
948,10951514,28,,left,saccade,241.0,,,,781.092,737.454,506.17,750.48,,,
949,10951514,28,,right,saccade,,234.0,,,786.3710000000003,735.5319999999997,513.085,738.427,,,
950,10951546,472,3.768953389830508,left,fixation,242.0,,487.305386554622,749.8895294117641,,,,,5.0,4.588890886958698,17.733813137745422
951,10951546,472,3.768953389830508,right,fixation,,235.0,502.180899159664,736.040781512605,,,,,5.0,4.622531373834481,14.663038146429514
952,10952022,36,,left,saccade,242.0,,,,479.772,756.687,836.0360000000003,750.1089999999997,,,
953,10952022,36,,right,saccade,,235.0,,,493.465,745.2719999999997,878.6260000000003,755.6039999999997,,,
954,10952062,296,3.7750270270270265,left,fixation,243.0,,868.250146666667,748.73736,,,,,3.0,2.486522646197086,10.701485554072171
955,10952062,296,3.7750270270270265,right,fixation,,236.0,880.101373333333,747.31468,,,,,0.0,,
956,10952362,48,,left,saccade,243.0,,,,874.967,747.669,397.838,758.558,,,
957,10952362,52,,right,saccade,,236.0,,,881.4580000000003,748.459,418.24800000000016,739.8939999999999,,,
958,10952414,192,3.6796666666666655,left,fixation,244.0,,389.199020408163,747.534755102041,,,,,1.0,2.7062819153879047,5.037948788941806
959,10952418,188,3.678851063829788,right,fixation,,237.0,404.401604166667,730.790791666667,,,,,2.0,2.521143869465126,5.089437847220982
960,10952610,64,,left,saccade,244.0,,,,393.57199999999995,749.623,1308.874,702.7460000000003,,,
961,10952610,64,,right,saccade,,237.0,,,410.87199999999996,736.3510000000001,1356.335,686.9019999999998,,,
962,10952678,804,3.609000061445064,left,fixation,245.0,,1323.05735643564,714.172787128713,,,,,6.0,2.8069566794514462,13.423341836803205
963,10952678,804,3.609000061445064,right,fixation,,238.0,1358.41551485148,698.9587524752478,,,,,5.0,2.4937182625175565,12.594094769477769
964,10953486,40,,left,saccade,245.0,,,,1323.875,730.7639999999999,1344.215,713.133,,,
965,10953486,64,,right,saccade,,238.0,,,1365.366,712.4939999999997,1387.2979999999998,677.324,,,
966,10953658,8,,left,fixation,246.0,,1340.1370000000004,709.398666666667,,,,,0.0,,
967,10953670,4,,left,saccade,246.0,,,,1331.981,680.975,1331.981,660.1460000000002,,,
968,10953678,472,3.579110941930064,left,fixation,247.0,,1329.85326890756,707.641327731093,,,,,4.0,2.7653763690159785,17.545533938599515
969,10953682,472,3.5792152647975084,right,fixation,,239.0,1366.1242184874,694.129478991597,,,,,5.0,2.322032394199013,6.459047031682791
970,10954154,52,,left,saccade,247.0,,,,1335.733,715.919,681.171,615.7919999999998,,,
971,10954158,48,,right,saccade,,239.0,,,1355.098,705.498,719.4789999999997,617.5,,,
972,10954210,233,3.62728813559322,left,fixation,248.0,,665.237,608.642118644068,,,,,2.0,2.0937678623085887,7.637803798855718
973,10954210,233,3.62728813559322,right,fixation,,240.0,690.5705254237289,605.473949152542,,,,,3.0,2.501516025249974,10.217676263941595
974,10954447,28,,left,saccade,248.0,,,,652.49,599.783,454.42,664.675,,,
975,10954447,28,,right,saccade,,240.0,,,682.447,612.501,473.598,639.8969999999998,,,
976,10954479,155,3.574868421052632,right,fixation,,241.0,467.358525,653.529675,,,,,0.0,,
977,10954479,159,3.57448717948718,left,fixation,249.0,,443.58060975609703,671.687048780488,,,,,3.0,2.6460015700650854,6.235114290847575
978,10954638,16,,right,saccade,,241.0,,,463.06199999999995,660.393,461.75300000000004,727.202,,,
979,10954642,12,,left,saccade,249.0,,,,428.11800000000005,695.284,428.11800000000005,733.58,,,
980,10954658,124,3.5528870967741937,left,fixation,250.0,,434.73071875,757.69953125,,,,,2.0,2.404997911702253,9.565141040052355
981,10954658,128,3.55265625,right,fixation,,242.0,459.5410909090911,738.043757575758,,,,,1.0,2.541833683037131,5.864570998802888
982,10954786,20,,left,saccade,250.0,,,,433.426,756.937,431.082,640.185,,,
983,10954790,20,,right,saccade,,242.0,,,450.236,727.7139999999997,451.35400000000004,623.795,,,
984,10954810,1280,3.634421875,left,fixation,251.0,,438.491710280374,626.037389408099,,,,,8.0,2.071019356714002,7.654019908096584
985,10954814,1272,3.634210691823899,right,fixation,,243.0,452.986786833855,612.261228840126,,,,,10.0,2.4361922535704976,9.868459552492373
986,10956090,20,,right,saccade,,243.0,,,437.14300000000003,590.284,540.0,595.714,,,
987,10956094,20,,left,saccade,251.0,,,,445.031,608.795,528.443,607.12,,,
988,10956114,700,3.7345965909090912,right,fixation,,244.0,550.758221590909,605.923556818181,,,,,5.0,4.1493113858661665,18.010580524335815
989,10956118,696,3.734325714285714,left,fixation,252.0,,538.784617142857,608.9728,,,,,9.0,2.6661336461642606,11.184724999873431
990,10956818,20,,left,saccade,252.0,,,,539.658,615.368,441.704,615.7959999999998,,,
991,10956818,20,,right,saccade,,244.0,,,568.062,611.472,457.97,613.295,,,
992,10956842,568,3.6846091549295776,right,fixation,,245.0,445.979846153846,601.240307692308,,,,,3.0,2.466350590211293,8.267834183635683
993,10956842,572,3.684681818181818,left,fixation,253.0,,442.652625,616.590069444445,,,,,4.0,2.0013853178607537,4.298435281908628
994,10957414,20,,right,saccade,,245.0,,,446.781,603.9540000000002,556.2869999999998,608.678,,,
995,10957418,20,,left,saccade,253.0,,,,449.67400000000004,614.372,528.351,613.689,,,
996,10957438,512,3.6808564143854,right,fixation,,246.0,551.042333333333,615.661883720931,,,,,6.0,2.5491331250388103,11.430886603265975
997,10957442,508,3.6808159891598913,left,fixation,254.0,,536.5452578125,613.7772265625,,,,,3.0,1.9369448104869067,6.280449728390387
998,10957954,40,,left,saccade,254.0,,,,548.366,626.163,541.297,622.44,,,
999,10957954,40,,right,saccade,,246.0,,,568.98,619.43,587.1080000000002,600.694,,,
1000,10958146,732,3.6023758169934634,right,fixation,,247.0,563.4113206521749,616.929190217391,,,,,3.0,6.4815146480926025,23.717322104928748
1001,10958150,4,,left,fixation,255.0,,541.297,622.44,,,,,0.0,,
1002,10958158,12,,left,saccade,255.0,,,,539.466,615.928,537.131,559.0880000000002,,,
1003,10958174,704,3.6023758169934634,left,fixation,256.0,,533.764480225989,610.332536723163,,,,,4.0,3.1409986127121687,17.565828282060068
1004,10958882,20,,left,saccade,256.0,,,,537.319,627.434,619.318,628.913,,,
1005,10958882,20,,right,saccade,,247.0,,,567.047,632.3240000000002,671.38,642.388,,,
1006,10958906,332,3.5195240963855428,right,fixation,,248.0,677.756833333333,638.976952380952,,,,,1.0,2.5309158476286373,4.560638222880645
1007,10958906,336,3.519708333333333,left,fixation,257.0,,631.717835294118,622.657329411765,,,,,2.0,1.6118290658810603,4.126838227259188
1008,10959242,28,,right,saccade,,248.0,,,673.602,635.352,471.306,639.609,,,
1009,10959246,24,,left,saccade,257.0,,,,629.597,616.91,429.913,632.5980000000002,,,
1010,10959274,860,3.5941754413051314,left,fixation,258.0,,439.0154027777781,623.531518518519,,,,,8.0,2.979960634627452,14.174759541510491
1011,10959274,864,3.5941754413051314,right,fixation,,249.0,457.825516129032,623.243451612903,,,,,4.0,4.659056610699051,15.545869682950896
1012,10960138,40,,left,saccade,258.0,,,,442.191,623.1,438.795,603.461,,,
1013,10960142,44,,right,saccade,,249.0,,,460.795,618.455,443.25699999999995,617.999,,,
1014,10960314,272,3.640178196833992,right,fixation,,250.0,468.23081159420303,609.829202898551,,,,,4.0,3.761471526845344,9.299040473022654
1015,10960322,264,3.640178196833992,left,fixation,259.0,,444.459820895522,598.394567164179,,,,,5.0,4.09311934275864,14.931166944932349
1016,10960590,24,,left,saccade,259.0,,,,455.18,606.498,636.668,604.215,,,
1017,10960590,24,,right,saccade,,250.0,,,470.76,606.971,680.2689999999999,610.006,,,
1018,10960618,412,3.7370049019607854,right,fixation,,251.0,649.931903846154,614.651240384615,,,,,4.0,3.6878681384831076,11.69551880036713
1019,10960618,416,3.7367038834951463,left,fixation,260.0,,632.550847619047,612.4530380952381,,,,,5.0,3.0488948093728583,10.312524445820337
1020,10961034,20,,right,saccade,,251.0,,,634.34,622.106,538.2180000000002,621.048,,,
1021,10961038,16,,left,saccade,260.0,,,,618.244,630.077,536.534,633.795,,,
1022,10961058,388,3.664175257731958,right,fixation,,252.0,552.760214285714,616.4959693877549,,,,,5.0,2.3464957391635863,13.32899445398326
1023,10961058,392,3.664081632653062,left,fixation,261.0,,532.553434343434,618.391171717172,,,,,2.0,2.4731685963315644,12.167464182957639
1024,10961450,20,,right,saccade,,252.0,,,547.57,610.965,643.762,613.35,,,
1025,10961454,16,,left,saccade,261.0,,,,538.988,617.965,613.437,619.914,,,
1026,10961474,507,3.695420634920634,right,fixation,,253.0,647.7518359375,609.6946640625,,,,,4.0,1.891536500066856,7.2283694823994376
1027,10961474,511,3.695590551181103,left,fixation,262.0,,628.481534883721,610.258488372093,,,,,5.0,2.2399897674226628,8.763217098520549
1028,10961985,20,,right,saccade,,253.0,,,649.096,603.114,758.7260000000001,610.535,,,
1029,10961989,20,,left,saccade,262.0,,,,634.702,613.391,736.005,618.799,,,
1030,10962009,689,3.7575144508670513,right,fixation,,254.0,763.349861271676,614.759335260116,,,,,2.0,1.8125024047947436,5.6888186299452
1031,10962013,685,3.7575930232558137,left,fixation,263.0,,742.055063953489,611.418761627907,,,,,4.0,2.3469155567746025,11.178890643863086
1032,10962702,20,,left,saccade,263.0,,,,741.618,616.9019999999998,823.947,615.73,,,
1033,10962702,20,,right,saccade,,254.0,,,770.83,625.7869999999998,854.922,625.7869999999998,,,
1034,10962726,724,3.7740966850828728,left,fixation,264.0,,841.143681318681,622.979604395604,,,,,8.0,2.3265798690996173,9.428362793006057
1035,10962726,724,3.7740966850828728,right,fixation,,255.0,853.666368131868,618.466186813187,,,,,2.0,2.8213609944912883,11.804699242652642
1036,10963454,16,,left,saccade,264.0,,,,841.967,626.846,759.867,626.846,,,
1037,10963454,16,,right,saccade,,255.0,,,851.2819999999997,616.499,771.791,615.851,,,
1038,10963474,288,3.7404947368421047,left,fixation,265.0,,760.8272739726019,624.241808219178,,,,,1.0,2.1734124538256507,8.656966038976911
1039,10963474,296,3.7404947368421047,right,fixation,,256.0,764.4644533333342,615.43472,,,,,3.0,2.315327139360177,6.982821485814544
1040,10963766,40,,left,saccade,265.0,,,,760.8969999999997,626.2180000000002,812.2180000000003,597.415,,,
1041,10963774,40,,right,saccade,,256.0,,,768.13,616.297,872.6239999999997,580.9540000000002,,,
1042,10963961,2240,3.5345666480631612,right,fixation,,257.0,885.678442067736,627.666345811052,,,,,12.0,3.6469315938456535,18.771849990114426
1043,10963973,2220,3.5348802915505804,left,fixation,266.0,,848.570651079137,642.184994604319,,,,,12.0,2.488505288503435,10.585698498345764
1044,10966197,8,,left,saccade,266.0,,,,853.8689999999997,645.735,809.1110000000001,644.29,,,
1045,10966205,0,,right,saccade,,257.0,,,861.171,632.7,861.171,632.7,,,
1046,10966209,280,3.4688,right,fixation,,258.0,847.2169014084509,634.4210422535209,,,,,3.0,2.720529721661516,8.514469863437606
1047,10966209,284,3.4692676056338025,left,fixation,267.0,,800.869583333333,634.71975,,,,,0.0,,
1048,10966493,20,,right,saccade,,258.0,,,855.821,636.814,782.8989999999999,633.122,,,
1049,10966497,16,,left,saccade,267.0,,,,803.238,633.401,731.8689999999997,633.401,,,
1050,10966517,408,3.558769607843137,right,fixation,,259.0,765.352553398058,625.589184466019,,,,,1.0,3.4581461997562872,6.419501538281635
1051,10966517,412,3.5588252427184472,left,fixation,268.0,,729.1022884615379,624.476125,,,,,2.0,1.9539237141924568,4.567239237361083
1052,10966929,24,,right,saccade,,259.0,,,758.566,637.192,945.405,640.698,,,
1053,10966933,24,,left,saccade,268.0,,,,740.051,630.1709999999998,891.929,633.888,,,
1054,10966957,408,3.5678529411764703,right,fixation,,260.0,911.025902912621,623.438747572815,,,,,4.0,3.1232859896165164,12.380043215228081
1055,10966961,404,3.567866336633663,left,fixation,269.0,,868.4812647058818,628.645529411765,,,,,3.0,4.041201073202154,19.247039171031066
1056,10967369,24,,left,saccade,269.0,,,,848.6610000000003,633.285,709.232,637.554,,,
1057,10967369,24,,right,saccade,,260.0,,,895.561,629.544,749.049,628.933,,,
1058,10967397,368,3.560224632393588,left,fixation,270.0,,689.720612903226,623.554677419355,,,,,2.0,7.809459040202364,35.6597376730998
1059,10967397,372,3.560224632393588,right,fixation,,261.0,719.6467234042551,628.8777553191491,,,,,3.0,5.184380640410415,23.15803881104435
1060,10967769,40,,left,saccade,270.0,,,,642.33,621.674,622.759,613.839,,,
1061,10967773,40,,right,saccade,,261.0,,,666.35,632.864,679.16,573.928,,,
1062,10967941,440,3.5324736842105264,left,fixation,271.0,,626.928666666667,606.3628288288289,,,,,3.0,7.302791063895628,22.57926452582135
1063,10967941,440,3.5324736842105264,right,fixation,,262.0,668.4441711711711,614.5743693693689,,,,,2.0,6.4956173424170425,32.412237733515745
1064,10968385,20,,left,saccade,271.0,,,,631.687,615.465,719.431,626.234,,,
1065,10968385,20,,right,saccade,,262.0,,,662.0110000000002,619.156,752.592,629.798,,,
1066,10968409,392,3.4861989795918364,left,fixation,272.0,,739.3450808080811,640.1700909090911,,,,,1.0,2.1930712736049243,8.820103003933713
1067,10968409,396,3.4859696969696965,right,fixation,,263.0,767.4689999999997,644.9610299999998,,,,,7.0,2.466095780255249,9.939913220814175
1068,10968805,24,,left,saccade,272.0,,,,740.174,642.0830000000002,622.65,641.025,,,
1069,10968809,20,,right,saccade,,263.0,,,768.335,640.56,666.439,638.976,,,
1070,10968833,228,3.4636491228070176,left,fixation,273.0,,622.867827586207,625.721275862069,,,,,0.0,,
1071,10968833,228,3.4636491228070176,right,fixation,,264.0,664.763620689655,630.803172413793,,,,,4.0,3.130003261150462,13.407280189246581
1072,10969065,24,,left,saccade,273.0,,,,622.403,619.4580000000002,523.148,622.995,,,
1073,10969065,24,,right,saccade,,264.0,,,663.203,631.322,536.602,633.186,,,
