participant,time,stim,x,y,AoI
AAO14,2363060.7729492188,1-3,1198,237,1_d
AAO14,2368372.7729492188,1-3,721,461,2_b
AAO14,2374492.772460937,1-3,1445,691,3_e
AAO14,2375756.7729492188,1-3,1517,838,continue
AAO14,2385893.772460937,4-6,474,215,4_a
AAO14,2392621.7729492188,4-6,1446,446,5_e
AAO14,2401549.7729492188,4-6,718,683,6_b
AAO14,2404709.772460937,4-6,1534,821,continue
AAO14,2412172.7729492188,7-9,961,231,7_c
AAO14,2426732.7729492188,7-9,960,446,8_c
AAO14,2439052.7729492188,7-9,1209,686,9_d
AAO14,2440748.7729492188,7-9,1512,811,continue
AAO14,2441804.7729492188,7-9,1517,824,continue
AAO14,2485164.7729492188,10-12,734,227,10_b
AAO14,2494100.7729492188,10-12,720,452,11_b
AAO14,2518156.7729492188,10-12,495,679,12_a
AAO14,2519644.7729492188,10-12,1516,818,continue
AAO14,2549268.772460937,13-15,912,209,13_c
AAO14,2549540.7729492188,13-15,956,214,13_c
AAO14,2564148.7729492188,13-15,479,454,14_a
AAO14,2584236.7729492188,13-15,957,674,15_c
AAO14,2638700.7729492188,16-20,1490,157,16_d
AAO14,2649868.7729492188,16-20,1335,295,17_a
AAO14,2654748.7729492188,16-20,1377,432,18_b
AAO14,2660035.7729492188,16-20,1484,562,19_d
AAO14,2663684.7729492188,16-20,1543,705,20_e
AAO14,2664723.7729492188,16-20,1504,852,continue
AAO14,2681740.7729492188,21-25,1339,169,21_a
AAO14,2701764.7729492188,21-25,1386,293,22_b
AAO14,2725460.7729492188,21-25,1384,424,23_b
AAO14,2760220.7729492188,21-25,1434,561,24_c
AAO14,2784644.7729492188,21-25,692,716,not on any aoi
AAO14,2786444.7729492188,21-25,1482,701,25_d
AAO14,2787348.7729492188,21-25,1514,852,continue
AAO14,2849083.7729492188,26-30,1388,298,27_b
AAO14,2863515.7729492188,26-30,1384,567,29_b
AAO14,2908154.7729492188,31-33,720,267,31_b
AAO14,2912026.7729492188,31-33,969,531,32_c
AAO14,2915906.7729492188,31-33,720,802,33_b
AAO14,2917106.7729492188,31-33,1547,937,continue
AAO14,2920795.7729492188,34-36,1215,269,34_d
AAO14,2930211.7729492188,34-36,729,536,35_b
AAO14,2933971.7729492188,34-36,484,801,36_a
AAO14,2936323.7729492188,34-36,1508,941,continue
AAO14,2941114.7729492188,37-39,1439,270,37_e
AAO14,2945114.7729492188,37-39,1223,533,38_d
AAO14,2952066.7729492188,37-39,968,802,39_c
AAO14,2954458.7734375,37-39,1537,934,continue
AAO14,2967298.7729492188,40-42,720,262,40_b
AAO14,2969162.7734375,40-42,725,269,40_b
AAO14,2986330.7729492188,40-42,959,534,41_c
AAO14,3006978.7734375,40-42,1437,805,42_e
AAO14,3008338.7729492188,40-42,1550,913,continue
AAO14,3029618.7729492188,43-45,1237,280,43_d
AAO14,3047162.7734375,43-45,1443,518,44_e
AAO14,3202945.7734375,46-48,958,232,46_c
AAO14,3221529.7729492188,46-48,1437,506,47_e
AAO14,3258073.7729492188,46-48,961,773,48_c
AAO14,3259169.7734375,46-48,1549,930,continue
AAO14,3277865.7734375,49-51,725,237,49_b
AAR28,1657852.8701171875,1-3,1200,236,1_d
AAR28,1661788.8701171875,1-3,716,466,2_b
AAR28,1665940.8701171875,1-3,1439,698,3_e
AAR28,1668708.8701171875,1-3,1514,837,continue
AAR28,1674692.8701171875,4-6,487,224,4_a
AAR28,1681612.8701171875,4-6,1449,456,5_e
AAR28,1687356.8701171875,4-6,718,688,6_b
AAR28,1688908.8701171875,4-6,1531,819,continue
AAR28,1694892.8701171875,7-9,963,223,7_c
AAR28,1702452.8701171875,7-9,965,451,8_c
AAR28,1724020.8701171875,7-9,1202,683,9_d
AAR28,1726964.8701171875,7-9,1535,837,continue
AAR28,1744925.8701171875,10-12,1206,226,10_d
AAR28,1759277.8701171875,10-12,724,450,11_b
AAR28,1771981.8701171875,10-12,474,682,12_a
AAR28,1773677.8701171875,10-12,1539,821,continue
AAR28,1805196.8701171875,13-15,967,221,13_c
AAR28,1819596.8701171875,13-15,484,459,14_a
AAR28,1847564.8701171875,13-15,962,687,15_c
AAR28,1914251.8701171875,16-20,1477,157,16_d
AAR28,1921091.8701171875,16-20,1337,294,17_a
AAR28,1928684.8701171875,16-20,1391,428,18_b
AAR28,1938267.8701171875,16-20,1497,570,19_d
AAR28,1966483.8701171875,16-20,1546,700,20_e
AAR28,1967763.8701171875,16-20,1532,862,continue
AAR28,1997075.8701171875,21-25,1340,168,21_a
AAR28,1999459.8701171875,21-25,1530,297,22_e
AAR28,2011899.8701171875,21-25,1338,434,23_a
AAR28,2052683.8701171875,21-25,1339,564,24_a
AAR28,2075490.8696289062,21-25,1436,698,25_c
AAR28,2076714.8696289062,21-25,1505,841,continue
AAR28,2088826.8696289062,26-30,1431,162,26_c
AAR28,2099114.8701171875,26-30,1533,301,27_e
AAR28,2114250.8701171875,26-30,1489,442,28_d
AAR28,2125914.8701171875,26-30,1334,574,29_a
AAR28,2130154.8696289062,26-30,1338,708,30_a
AAR28,2190698.8701171875,31-33,714,263,31_b
AAR28,2193426.8701171875,31-33,965,540,32_c
AAR28,2196210.8701171875,31-33,709,806,33_b
AAR28,2197394.8701171875,31-33,1541,940,continue
AAR28,2200786.8696289062,34-36,1191,266,34_d
AAR28,2210402.8701171875,34-36,723,532,35_b
AAR28,2213330.8701171875,34-36,717,807,36_b
AAR28,2219234.8696289062,34-36,491,799,36_a
AAR28,2221834.8701171875,34-36,1526,930,continue
AAR28,2229546.8701171875,37-39,1437,271,37_e
AAR28,2235682.8701171875,37-39,1205,528,38_d
AAR28,2242858.8696289062,37-39,960,805,39_c
AAR28,2243946.8701171875,37-39,1549,937,continue
AAR28,2255498.8701171875,40-42,482,274,40_a
AAR28,2274754.8696289062,40-42,718,533,41_b
AAR28,2278362.8701171875,40-42,485,537,41_a
AAR28,2296378.8696289062,40-42,1204,801,42_d
AAR28,2297306.8696289062,40-42,1557,913,continue
AAR28,2338866.8701171875,43-45,479,269,43_a
AAR28,2350178.8701171875,43-45,474,527,44_a
AAR28,2366522.8701171875,43-45,484,772,45_a
AAR28,2438450.8696289062,46-48,1207,235,46_d
AAR28,2448674.8696289062,46-48,1184,488,47_d
AAR28,2456761.8701171875,46-48,1443,770,48_e
AAR28,2457618.8701171875,46-48,1514,918,continue
AAR28,2471697.8701171875,49-51,1196,231,49_d
AAR28,2478985.8701171875,49-51,963,504,50_c
AAR28,2490313.8701171875,49-51,715,775,51_b
AAR28,2492001.8701171875,49-51,1499,915,continue
AAR28,2493209.8701171875,49-51,1541,920,continue
AAR28,2504410.8701171875,52-54,957,243,52_c
AAR28,2514209.8701171875,52-54,473,502,53_a
AAR28,2519809.8701171875,52-54,969,772,54_c
AAR28,2521009.8696289062,52-54,1510,930,continue
AAR28,2542873.8701171875,55-56,967,238,55_c
AAR28,2550881.8701171875,55-56,478,498,56_a
ABT22,3036578.5634765625,1-3,1191,249,1_d
ABT22,3039602.5639648438,1-3,722,461,2_b
ABT22,3046570.5639648438,1-3,1465,695,3_e
ABT22,3047570.5639648438,1-3,1535,832,continue
ABT22,3052458.5639648438,4-6,488,229,4_a
ABT22,3058690.5634765625,4-6,1444,451,5_e
ABT22,3065138.5639648438,4-6,734,683,6_b
ABT22,3066458.5639648438,4-6,1526,823,continue
ABT22,3072482.5639648438,7-9,961,224,7_c
ABT22,3080138.5639648438,7-9,952,424,8_c
ABT22,3089418.5639648438,7-9,493,695,9_a
ABT22,3090882.5639648438,7-9,1501,826,continue
ABT22,3104450.5639648438,10-12,480,216,10_a
ABT22,3124626.5639648438,10-12,731,460,11_b
ABT22,3139986.5634765625,10-12,1201,686,12_d
ABT22,3141666.5639648438,10-12,1531,823,continue
ABT22,3154305.5639648438,13-15,708,225,13_b
ABT22,3164921.5639648438,13-15,481,229,13_a
ABT22,3171521.5639648438,13-15,485,464,14_a
ABT22,3178497.5639648438,13-15,482,680,15_a
ABT22,3187473.5639648438,13-15,716,705,15_b
ABT22,3248361.5639648438,13-15,1202,453,14_d
ABT22,3250433.5639648438,13-15,399,821,back
ABT22,3263033.5639648438,10-12,477,683,12_a
ABT22,3298025.5639648438,16-20,1488,166,16_d
ABT22,3317537.5639648438,16-20,1336,300,17_a
ABT22,3322913.5639648438,16-20,1387,439,18_b
ABT22,3332321.5639648438,16-20,1337,564,19_a
ABT22,3339009.5639648438,16-20,1529,702,20_e
ABT22,3340081.5639648438,16-20,1547,861,continue
ABT22,3350873.5639648438,21-25,1435,164,21_c
ABT22,3359089.5639648438,21-25,1386,287,22_b
ABT22,3367889.5639648438,21-25,1533,428,23_e
ABT22,3378857.5639648438,21-25,1429,565,24_c
ABT22,3388281.5639648438,21-25,1485,706,25_d
ABT22,3389545.5639648438,21-25,1542,855,continue
ABT22,3404497.5639648438,26-30,1391,157,26_b
ABT22,3412881.5639648438,26-30,1390,296,27_b
ABT22,3426385.5639648438,26-30,1389,427,28_b
ABT22,3433393.5639648438,26-30,1387,562,29_b
ABT22,3455113.5639648438,26-30,1338,705,30_a
ABT22,3494529.5639648438,26-30,408,852,back
ABT22,3565424.5639648438,31-33,720,273,31_b
ABT22,3568456.5639648438,31-33,972,533,32_c
ABT22,3570656.564453125,31-33,716,808,33_b
ABT22,3571832.5639648438,31-33,1541,932,continue
ABT22,3577208.5639648438,34-36,1208,275,34_d
ABT22,3584680.5639648438,34-36,1441,540,35_e
ABT22,3589440.5639648438,34-36,488,803,36_a
ABT22,3591040.5639648438,34-36,1532,934,continue
ABT22,3597120.5639648438,37-39,1449,284,37_e
ABT22,3603568.5639648438,37-39,1201,537,38_d
ABT22,3612808.5639648438,37-39,971,812,39_c
ABT22,3615272.5639648438,37-39,1205,821,39_d
ABT22,3617744.5639648438,37-39,951,803,39_c
ABT22,3619496.5639648438,37-39,1514,932,continue
ABT22,3632416.5639648438,40-42,491,270,40_a
ABT22,3651656.564453125,40-42,1204,539,41_d
ABT22,3669408.5639648438,40-42,481,804,42_a
ABT22,3670744.5639648438,40-42,1498,922,continue
ABT22,3692248.564453125,43-45,1203,269,43_d
ABT22,3709328.5639648438,43-45,1443,519,44_e
ABT22,3728944.5639648438,43-45,728,775,45_b
ABT22,3831104.564453125,46-48,1203,235,46_d
ABT22,3850184.5639648438,46-48,723,503,47_b
ABT22,3863256.5639648438,46-48,1198,769,48_d
ABT22,3864552.5639648438,46-48,1525,922,continue
ABT22,3888071.5639648438,49-51,718,252,49_b
ABT22,3888487.5634765625,49-51,720,238,49_b
ABT22,3897407.5634765625,49-51,975,498,50_c
ABT22,3898007.5634765625,49-51,952,505,50_c
ABT22,3906375.5634765625,49-51,488,772,51_a
ABT22,3907711.5634765625,49-51,1531,933,continue
ABT22,3917648.5639648438,52-54,718,238,52_b
ABT22,3924392.5639648438,52-54,1434,506,53_e
ABT22,3929600.5639648438,52-54,483,770,54_a
ABT22,3931272.5639648438,52-54,1533,926,continue
ABT22,3944775.5639648438,55-56,482,242,55_a
ABT22,3949023.5639648438,55-56,1206,242,55_d
ABT22,3957311.5639648438,55-56,479,496,56_a
ACO05,19835342.45654297,1-3,1211,291,1_d
ACO05,19838942.456054688,1-3,710,515,2_b
ACO05,19842694.456054688,1-3,1456,740,3_e
ACO05,19843734.456054688,1-3,1533,844,continue
ACO05,19846486.456054688,4-6,495,264,4_a
ACO05,19860438.456054688,4-6,1431,502,5_e
ACO05,19864894.456054688,4-6,727,736,6_b
ACO05,19866262.456054688,4-6,1548,828,continue
ACO05,19871318.456054688,7-9,469,269,7_a
ACO05,19884126.456054688,7-9,962,497,8_c
ACO05,19897350.456054688,7-9,1219,730,9_d
ACO05,19898502.456054688,7-9,1506,819,continue
ACO05,19919415.456054688,10-12,504,268,10_a
ACO05,19927958.456054688,10-12,972,499,11_c
ACO05,19935502.456054688,10-12,1211,737,12_d
ACO05,19936894.456054688,10-12,1555,835,continue
ACO05,19941582.456054688,13-15,981,274,13_c
ACO05,19971622.456054688,13-15,476,515,14_a
ACO05,19991734.456054688,13-15,1452,735,15_e
ACO05,19999222.456054688,13-15,1603,672,not on any aoi
ACO05,20005694.456054688,13-15,420,829,back
ACO05,20008502.456054688,10-12,1533,827,continue
ACO05,20093909.456054688,16-20,1483,161,16_d
ACO05,20098813.456054688,16-20,1348,302,17_a
ACO05,20103037.456054688,16-20,1401,432,18_b
ACO05,20112461.456054688,16-20,1337,554,19_a
ACO05,20120101.456054688,16-20,1521,688,20_e
ACO05,20121149.456054688,16-20,1551,854,continue
ACO05,20157253.456054688,21-25,1527,163,21_e
ACO05,20165421.45654297,21-25,1386,300,22_b
ACO05,20179173.456054688,21-25,1338,418,23_a
ACO05,20189109.456054688,21-25,1440,559,24_c
ACO05,20199093.456054688,21-25,1480,701,25_d
ACO05,20200021.456054688,21-25,1512,845,continue
ACO05,20240996.456054688,26-30,1432,164,26_c
ACO05,20253188.456054688,26-30,1376,292,27_b
ACO05,20260788.456054688,26-30,1481,431,28_d
ACO05,20311484.456054688,26-30,1335,699,30_a
ACO05,20328300.456054688,26-30,1389,562,29_b
ACO05,20339500.456054688,31-33,730,274,31_b
ACO05,20341556.456054688,31-33,989,576,32_c
ACO05,20343460.456054688,31-33,713,830,33_b
ACO05,20344500.456054688,31-33,1523,933,continue
ACO05,20348013.45654297,34-36,1216,314,34_d
ACO05,20352181.456054688,34-36,741,580,35_b
ACO05,20355765.456054688,34-36,1461,856,36_e
ACO05,20369180.456054688,34-36,474,827,36_a
ACO05,20370540.456054688,34-36,1502,933,continue
ACO05,20376916.456054688,37-39,1437,304,37_e
ACO05,20380860.456054688,37-39,970,572,38_c
ACO05,20385316.456054688,37-39,962,842,39_c
ACO05,20386828.456054688,37-39,1526,928,continue
ACO05,20391380.456054688,40-42,709,297,40_b
ACO05,20411508.455566406,40-42,725,563,41_b
ACO05,20438284.455566406,40-42,695,826,42_b
ACO05,20440764.455566406,40-42,1526,926,continue
ACO05,20444756.456054688,43-45,731,297,43_b
ACO05,20460964.456054688,43-45,1208,565,44_d
ACO05,20468556.456054688,43-45,728,790,45_b
ACO05,20502412.456054688,43-45,964,792,45_c
ACO05,20568259.456054688,46-48,751,286,46_b
ACO05,20581715.456054688,46-48,1193,551,47_d
ACO05,20600507.456054688,46-48,498,840,48_a
ACO05,20601675.456054688,46-48,1549,934,continue
ACO05,20606515.456054688,49-51,970,297,49_c
ACO05,20613067.456054688,49-51,497,549,50_a
ACO05,20633643.456054688,49-51,1445,841,51_e
ACO05,20644043.456054688,49-51,1536,932,continue
ACO05,20653027.456054688,52-54,1229,274,52_d
ACO05,20670211.456054688,52-54,958,540,53_c
ACO05,20689763.456054688,52-54,718,826,54_b
ACO05,20693299.456054688,52-54,1519,914,continue
ACO05,20694339.456054688,52-54,1520,935,continue
ACO05,20703378.456054688,55-56,986,304,55_c
ACO05,20717906.456054688,55-56,481,554,56_a
ADC06,19915103.212890625,1-3,1204,234,1_d
ADC06,19917519.212890625,1-3,718,460,2_b
ADC06,19920150.212890625,1-3,1444,691,3_e
ADC06,19920975.212890625,1-3,1515,842,continue
ADC06,19923519.212890625,4-6,476,225,4_a
ADC06,19927463.212890625,4-6,1441,448,5_e
ADC06,19933831.212890625,4-6,722,682,6_b
ADC06,19935135.212890625,4-6,1532,820,continue
ADC06,19940567.212890625,7-9,958,224,7_c
ADC06,19945263.212890625,7-9,1446,450,8_e
ADC06,19969807.212890625,7-9,482,685,9_a
ADC06,19974791.212890625,7-9,1518,826,continue
ADC06,19984911.212890625,10-12,480,224,10_a
ADC06,19997887.212890625,10-12,725,454,11_b
ADC06,20004879.212890625,10-12,477,682,12_a
ADC06,20007063.212890625,10-12,1507,823,continue
ADC06,20024206.212890625,13-15,952,223,13_c
ADC06,20069134.213378906,13-15,1440,454,14_e
ADC06,20080686.212890625,13-15,1440,679,15_e
ADC06,20090334.212890625,13-15,1526,822,continue
ADC06,20090718.212890625,13-15,1525,833,continue
ADC06,20113646.212890625,13-15,374,827,back
ADC06,20114319.212890625,10-12,374,827,back
ADC06,20127375.212890625,7-9,1205,681,9_d
ADC06,20147447.212890625,7-9,960,442,8_c
ADC06,20164494.212890625,16-20,1493,160,16_d
ADC06,20174422.212890625,16-20,1388,435,18_b
ADC06,20185374.212890625,16-20,1343,296,17_a
ADC06,20190094.212890625,16-20,1335,558,19_a
ADC06,20199126.212890625,16-20,1536,703,20_e
ADC06,20202822.212890625,16-20,1549,852,continue
ADC06,20211839.212890625,21-25,1433,162,21_c
ADC06,20218911.212890625,21-25,1389,290,22_b
ADC06,20242631.212890625,21-25,1380,429,23_b
ADC06,20261959.212890625,21-25,1436,561,24_c
ADC06,20293527.212890625,21-25,1543,699,25_e
ADC06,20294367.212890625,21-25,1547,869,not on any aoi
ADC06,20294895.212890625,21-25,1538,852,continue
ADC06,20304343.212890625,26-30,1440,162,26_c
ADC06,20310207.212890625,26-30,1528,297,27_e
ADC06,20319095.212890625,26-30,1486,425,28_d
ADC06,20351087.212890625,26-30,1339,571,29_a
ADC06,20413358.213378906,31-33,724,269,31_b
ADC06,20416054.212890625,31-33,963,534,32_c
ADC06,20417238.212890625,31-33,727,806,33_b
ADC06,20418862.212890625,31-33,1530,936,continue
ADC06,20421966.212890625,34-36,1198,276,34_d
ADC06,20427390.212890625,34-36,722,535,35_b
ADC06,20430822.212890625,34-36,475,797,36_a
ADC06,20433078.212890625,34-36,1537,932,continue
ADC06,20439622.212890625,37-39,1443,271,37_e
ADC06,20444630.212890625,37-39,1199,535,38_d
ADC06,20451454.212890625,37-39,953,803,39_c
ADC06,20455278.212890625,37-39,1512,935,continue
ADC06,20462006.212890625,40-42,478,271,40_a
ADC06,20503350.212890625,40-42,478,539,41_a
ADC06,20506734.212890625,40-42,460,449,not on any aoi
ADC06,20518422.212890625,40-42,986,800,42_c
ADC06,20521222.212890625,40-42,1541,919,continue
ADC06,20531406.212890625,43-45,1195,264,43_d
ADC06,20553758.212890625,43-45,1444,520,44_e
ADC06,20562718.212890625,43-45,484,777,45_a
ADC06,20669365.212890625,46-48,1195,237,46_d
ADC06,20691997.212402344,46-48,718,501,47_b
ADC06,20710285.212890625,46-48,1196,771,48_d
ADC06,20713365.212890625,46-48,1531,932,continue
ADC06,20728022.212890625,49-51,715,241,49_b
ADC06,20750710.212890625,49-51,963,502,50_c
ADC06,20776254.212890625,49-51,488,762,51_a
ADC06,20777806.212890625,49-51,1538,928,continue
ADC06,20812478.212890625,52-54,1201,238,52_d
ADC06,20840141.212890625,52-54,482,493,53_a
ADS22,2112404.2822265625,1-3,1202,286,1_d
ADS22,2118580.282714844,1-3,722,516,2_b
ADS22,2122644.2822265625,1-3,1447,747,3_e
ADS22,2123436.2822265625,1-3,1537,834,continue
ADS22,2127684.2822265625,4-6,486,266,4_a
ADS22,2132764.2822265625,4-6,1453,473,5_e
ADS22,2139620.282714844,4-6,717,736,6_b
ADS22,2142892.2822265625,4-6,1535,820,continue
ADS22,2149692.282714844,7-9,959,262,7_c
ADS22,2155844.2822265625,7-9,955,510,8_c
ADS22,2182451.2822265625,7-9,1203,717,9_d
ADS22,2183867.2822265625,7-9,1519,814,continue
ADS22,2190227.2822265625,10-12,1190,279,10_d
ADS22,2197651.2822265625,10-12,493,267,10_a
ADS22,2208059.2822265625,10-12,704,477,11_b
ADS22,2214811.2822265625,10-12,477,711,12_a
ADS22,2222923.2822265625,10-12,1534,832,continue
ADS22,2248419.2822265625,13-15,965,261,13_c
ADS22,2269139.282714844,13-15,1196,483,14_d
ADS22,2296283.282714844,13-15,1436,741,15_e
ADS22,2369043.2822265625,16-20,1489,163,16_d
ADS22,2372043.2822265625,16-20,1332,297,17_a
ADS22,2375699.282714844,16-20,1395,436,18_b
ADS22,2379899.2822265625,16-20,1336,565,19_a
ADS22,2403595.2822265625,16-20,1531,692,20_e
ADS22,2404523.2822265625,16-20,1530,843,continue
ADS22,2420939.2822265625,21-25,1429,158,21_c
ADS22,2430299.2822265625,21-25,1539,302,22_e
ADS22,2434595.2822265625,21-25,1371,295,22_b
ADS22,2467075.2822265625,21-25,1536,428,23_e
ADS22,2481739.2822265625,21-25,1372,434,23_b
ADS22,2500123.2822265625,21-25,1434,556,24_c
ADS22,2544203.2822265625,21-25,1545,694,25_e
ADS22,2545035.2822265625,21-25,1543,852,continue
ADS22,2562179.282714844,26-30,1429,166,26_c
ADS22,2583931.2822265625,26-30,1533,297,27_e
ADS22,2603499.2822265625,26-30,1481,564,29_d
ADS22,2626866.2822265625,31-33,729,287,31_b
ADS22,2629098.2822265625,31-33,973,546,32_c
ADS22,2630762.2822265625,31-33,732,819,33_b
ADS22,2632834.2822265625,31-33,1511,922,continue
ADS22,2635922.2822265625,34-36,1201,272,34_d
ADS22,2640379.2822265625,34-36,732,543,35_b
ADS22,2644795.2822265625,34-36,479,803,36_a
ADS22,2646218.2822265625,34-36,1538,942,continue
ADS22,2653066.2822265625,37-39,1442,270,37_e
ADS22,2657666.2822265625,37-39,1205,540,38_d
ADS22,2671146.2822265625,37-39,1200,789,39_d
ADS22,2682154.281738281,37-39,943,798,39_c
ADS22,2683298.281738281,37-39,1525,929,continue
ADS22,2703794.2822265625,40-42,490,263,40_a
ADS22,2714618.2822265625,40-42,490,539,41_a
ADS22,2723450.281738281,40-42,960,545,41_c
ADS22,2725538.2822265625,40-42,709,554,41_b
ADS22,2729826.2822265625,40-42,484,571,41_a
ADS22,2737386.2822265625,40-42,723,570,41_b
ADS22,2745050.2822265625,40-42,495,578,41_a
ADS22,2757834.2822265625,40-42,961,810,42_c
ADS22,2760226.281738281,40-42,1540,913,continue
ADS22,2771849.2822265625,43-45,1206,273,43_d
ADS22,2858186.2822265625,46-48,1221,237,46_d
ADS22,2867130.2822265625,46-48,705,511,47_b
ADS22,2886570.2822265625,46-48,711,806,48_b
ADS22,2889186.2822265625,46-48,1536,931,continue
ADS22,2896634.2817382812,49-51,718,289,49_b
ADS22,2916289.2822265625,49-51,959,539,50_c
ADS22,2923426.2822265625,49-51,469,798,51_a
ADS22,2935274.2822265625,49-51,1508,930,continue
ADS22,2948049.2822265625,52-54,1198,302,52_d
ADS22,2964625.2822265625,52-54,466,522,53_a
ADS22,2975377.2822265625,52-54,479,792,54_a
ADS22,2976953.2822265625,52-54,1526,929,continue
ADS22,2999162.2822265625,55-56,929,272,55_c
ADS22,3030906.2822265625,55-56,1421,577,56_e
AFB09,7641046.522949219,1-3,1196,243,1_d
AFB09,7644934.522949219,1-3,722,465,2_b
AFB09,7647814.522949219,1-3,1441,694,3_e
AFB09,7648414.522949219,1-3,1517,831,continue
AFB09,7651862.522949219,4-6,481,225,4_a
AFB09,7657230.522949219,4-6,1442,457,5_e
AFB09,7665453.5234375,4-6,715,682,6_b
AFB09,7666293.522949219,4-6,1528,823,continue
AFB09,7678014.522949219,7-9,965,228,7_c
AFB09,7683606.522949219,7-9,965,455,8_c
AFB09,7701582.522949219,7-9,1198,680,9_d
AFB09,7702622.522949219,7-9,1546,819,continue
AFB09,7713814.522949219,10-12,479,220,10_a
AFB09,7725462.522949219,10-12,724,454,11_b
AFB09,7738094.522949219,10-12,480,689,12_a
AFB09,7739510.522949219,10-12,1500,813,continue
AFB09,7743206.522949219,10-12,1521,825,continue
AFB09,7764926.522949219,13-15,964,227,13_c
AFB09,7805438.522949219,13-15,1199,457,14_d
AFB09,7875805.522949219,13-15,1437,682,15_e
AFB09,7900926.522949219,16-20,1484,161,16_d
AFB09,7905149.522949219,16-20,1337,294,17_a
AFB09,7908765.522949219,16-20,1388,431,18_b
AFB09,7918117.5234375,16-20,1336,563,19_a
AFB09,7922365.522949219,16-20,1534,702,20_e
AFB09,7923069.522949219,16-20,1544,849,continue
AFB09,7932821.5234375,21-25,1436,157,21_c
AFB09,7942125.522949219,21-25,1388,293,22_b
AFB09,7950733.522949219,21-25,1338,430,23_a
AFB09,7969581.522949219,21-25,1386,566,24_b
AFB09,7987893.522949219,21-25,1538,705,25_e
AFB09,7988501.522949219,21-25,1536,856,continue
AFB09,8013413.5234375,26-30,1343,161,26_a
AFB09,8023365.522949219,26-30,1544,292,27_e
AFB09,8049181.522949219,26-30,1431,159,26_c
AFB09,8060260.522949219,26-30,1490,430,28_d
AFB09,8082692.522949219,26-30,1486,567,29_d
AFB09,8092116.5234375,26-30,1387,700,30_b
AFB09,8095732.522949219,26-30,1527,880,not on any aoi
AFB09,8097628.522949219,26-30,1522,860,continue
AFB09,8103852.522949219,26-30,1478,841,not on any aoi
AFB09,8104220.522949219,26-30,1324,824,not on any aoi
AFB09,8104628.522949219,26-30,1370,914,not on any aoi
AFB09,8105076.522949219,26-30,1566,902,not on any aoi
AFB09,8105572.522949219,26-30,1567,861,continue
AFB09,8108972.5234375,26-30,1534,296,27_e
AFB09,8109508.522949219,26-30,1533,294,27_e
AFB09,8110420.5234375,26-30,1652,524,not on any aoi
AFB09,8111604.5234375,26-30,1389,699,30_b
AFB09,8112036.522949219,26-30,1389,699,30_b
AFB09,8112668.522949219,26-30,1400,840,not on any aoi
AFB09,8157461.522949219,31-33,725,272,31_b
AFB09,8159621.522949219,31-33,954,540,32_c
AFB09,8162557.522949219,31-33,722,802,33_b
AFB09,8163373.522949219,31-33,1534,937,continue
AFB09,8166396.522949219,34-36,1206,271,34_d
AFB09,8173596.522949219,34-36,1207,536,35_d
AFB09,8176884.522949219,34-36,481,807,36_a
AFB09,8178844.522949219,34-36,1528,932,continue
AFB09,8186020.522949219,37-39,1441,271,37_e
AFB09,8191437.522949219,37-39,1201,530,38_d
AFB09,8203436.522949219,37-39,960,801,39_c
AFB09,8204452.5234375,37-39,1526,938,continue
AFB09,8219093.522949219,40-42,485,273,40_a
AFB09,8242677.522949219,40-42,723,535,41_b
AFB09,8285029.522949219,40-42,725,799,42_b
AFB09,8287388.522949219,40-42,1551,916,continue
AFB09,8309004.522949219,43-45,1204,265,43_d
AFB09,8310068.522949219,43-45,961,275,43_c
AFB09,8310972.5234375,43-45,1036,272,43_c
AFB09,8323604.5234375,43-45,1199,268,43_d
AFB09,8324348.522949219,43-45,1082,410,not on any aoi
AFB09,8331875.5224609375,43-45,480,523,44_a
AFB09,8333155.522949219,43-45,967,525,44_c
AFB09,8410139.522949219,46-48,483,241,46_a
AFB09,8425707.522949219,46-48,1195,507,47_d
AFB09,8464907.522949219,46-48,1196,777,48_d
AFB09,8465851.522949219,46-48,1534,927,continue
AFB09,8496772.522949219,49-51,723,509,50_b
AFB09,8534884.522949219,49-51,1437,767,51_e
AFB09,8551476.522949219,49-51,962,239,49_c
AFB09,8552636.5234375,49-51,1554,936,continue
AFB09,8565300.522949219,52-54,727,237,52_b
AGH13,486393.3090820313,1-3,1198,238,1_d
AGH13,489465.3090820313,1-3,722,463,2_b
AGH13,492913.3090820313,1-3,1443,698,3_e
AGH13,495769.30859375,1-3,1550,837,continue
AGH13,499056.3090820313,4-6,500,262,4_a
AGH13,504800.3090820313,4-6,1458,507,5_e
AGH13,513640.3090820313,4-6,715,729,6_b
AGH13,516800.3090820313,4-6,1520,824,continue
AGH13,521936.3090820313,7-9,963,259,7_c
AGH13,530280.3090820311,7-9,949,503,8_c
AGH13,536168.3090820311,7-9,1187,742,9_d
AGH13,538280.3090820311,7-9,1556,828,continue
AGH13,550376.3090820311,10-12,482,283,10_a
AGH13,559168.3090820311,10-12,720,504,11_b
AGH13,578744.3090820311,10-12,490,703,12_a
AGH13,583488.3090820311,10-12,1547,817,continue
AGH13,609144.3090820311,13-15,489,284,13_a
AGH13,614328.3090820311,13-15,489,284,13_a
AGH13,615312.3090820311,13-15,989,275,13_c
AGH13,645712.3090820311,13-15,1195,495,14_d
AGH13,671328.3090820311,13-15,1455,725,15_e
AGH13,751600.3090820312,16-20,1488,162,16_d
AGH13,755624.3090820312,16-20,1384,304,17_b
AGH13,758920.3090820312,16-20,1389,429,18_b
AGH13,769664.3090820312,16-20,1341,562,19_a
AGH13,777056.3090820312,16-20,1535,702,20_e
AGH13,778912.3090820312,16-20,1535,844,continue
AGH13,795432.3090820312,21-25,1433,157,21_c
AGH13,801280.3090820312,21-25,1390,297,22_b
AGH13,811360.3090820312,21-25,1337,433,23_a
AGH13,820912.3090820312,21-25,1441,562,24_c
AGH13,841232.3090820312,21-25,1537,699,25_e
AGH13,842144.3090820312,21-25,1513,857,continue
AGH13,865687.3090820312,26-30,1435,158,26_c
AGH13,899359.3090820312,26-30,1536,295,27_e
AGH13,921543.3090820312,26-30,1485,430,28_d
AGH13,941519.3090820312,26-30,1490,562,29_d
AGH13,973375.3090820312,26-30,1333,697,30_a
AGH13,1021383.3090820312,31-33,720,297,31_b
AGH13,1023927.3090820312,31-33,952,586,32_c
AGH13,1025975.3090820312,31-33,740,830,33_b
AGH13,1027031.3090820312,31-33,1550,938,continue
AGH13,1029951.3090820312,34-36,1189,316,34_d
AGH13,1038239.3090820312,34-36,720,578,35_b
AGH13,1043367.3095703124,34-36,482,828,36_a
AGH13,1045263.3090820312,34-36,1539,930,continue
AGH13,1051583.3090820312,37-39,1460,320,37_e
AGH13,1057263.3090820312,37-39,1195,571,38_d
AGH13,1063367.3095703123,37-39,717,846,39_b
AGH13,1087527.3090820312,37-39,979,839,39_c
AGH13,1089559.3090820312,37-39,1525,940,continue
AGH13,1113639.3090820312,40-42,472,288,40_a
AGH13,1151558.3095703123,40-42,491,574,41_a
AGH13,1163726.3090820312,40-42,960,833,42_c
AGH13,1167006.3090820312,40-42,1512,922,continue
AGH13,1178999.3090820312,43-45,1205,301,43_d
AGH13,1195423.3090820312,43-45,1444,547,44_e
AGH13,1267334.3095703123,46-48,1213,291,46_d
AGH13,1278662.3095703123,46-48,733,567,47_b
AGH13,1295934.3090820312,46-48,1202,819,48_d
AGH13,1303614.3090820312,46-48,1523,923,continue
AGH13,1313710.3090820312,49-51,717,300,49_b
AGH13,1334030.3090820312,49-51,951,558,50_c
AGH13,1343958.3095703123,49-51,488,819,51_a
AGH13,1347790.3090820312,49-51,1544,931,continue
AGH13,1368734.3090820312,52-54,1201,286,52_d
AGH13,1393230.3090820312,52-54,491,564,53_a
AGH13,1436982.3090820312,52-54,1455,808,54_e
AGH13,1437558.3095703125,52-54,1514,932,continue
AHL26,543123.8129882811,1-3,1205,283,1_d
AHL26,548179.8134765625,1-3,733,510,2_b
AHL26,550627.8129882811,1-3,1483,772,3_e
AHL26,552379.8129882811,1-3,1520,846,continue
AHL26,558683.8129882811,4-6,496,266,4_a
AHL26,567363.8134765625,4-6,1430,508,5_e
AHL26,578651.8129882811,4-6,736,731,6_b
AHL26,582315.8129882811,4-6,1517,829,continue
AHL26,588420.8129882811,7-9,973,279,7_c
AHL26,600268.8129882811,7-9,1444,492,8_e
AHL26,609708.8129882811,7-9,1185,743,9_d
AHL26,611076.8129882811,7-9,1549,832,continue
AHL26,623987.8129882811,10-12,1205,266,10_d
AHL26,630619.8129882811,10-12,718,489,11_b
AHL26,647515.8129882811,10-12,480,739,12_a
AHL26,648523.8129882811,10-12,1506,832,continue
AHL26,661644.8129882811,13-15,728,276,13_b
AHL26,680155.8129882811,13-15,496,277,13_a
AHL26,702979.8129882811,13-15,1196,513,14_d
AHL26,753027.8129882812,13-15,722,742,15_b
AHL26,753979.8129882812,13-15,403,831,back
AHL26,755691.8129882812,10-12,1521,823,continue
AHL26,806274.8129882812,16-20,1489,165,16_d
AHL26,815722.8129882812,16-20,1335,301,17_a
AHL26,819266.8129882812,16-20,1388,430,18_b
AHL26,830346.8129882812,16-20,1343,561,19_a
AHL26,841762.8129882812,16-20,1530,702,20_e
AHL26,842618.8129882812,16-20,1518,853,continue
AHL26,851739.8129882812,21-25,1433,162,21_c
AHL26,861723.8129882812,21-25,1399,294,22_b
AHL26,877299.8129882812,21-25,1330,426,23_a
AHL26,894243.8129882812,21-25,1434,565,24_c
AHL26,936699.8134765624,21-25,1330,714,25_a
AHL26,936898.8129882812,21-25,1331,711,25_a
AHL26,937690.8129882812,21-25,1537,858,continue
AHL26,956114.8129882812,26-30,1429,170,26_c
AHL26,976722.8129882812,26-30,1432,300,27_c
AHL26,998106.8134765624,26-30,1490,436,28_d
AHL26,1041010.8129882812,26-30,1487,703,30_d
AHL26,1042282.8129882812,26-30,1435,567,29_c
AHL26,1085865.8129882812,31-33,727,296,31_b
AHL26,1088833.8129882812,31-33,979,570,32_c
AHL26,1090073.8129882812,31-33,744,831,33_b
AHL26,1091713.8125,31-33,1525,946,continue
AHL26,1095834.8129882812,34-36,1201,307,34_d
AHL26,1101986.8129882812,34-36,725,573,35_b
AHL26,1104546.8129882812,34-36,492,848,36_a
AHL26,1107770.8134765623,34-36,1475,942,not on any aoi
AHL26,1108106.8134765623,34-36,1522,942,continue
AHL26,1114858.8129882812,37-39,1465,314,37_e
AHL26,1122202.8129882812,37-39,1211,563,38_d
AHL26,1144218.8134765623,37-39,948,837,39_c
AHL26,1145050.8129882812,37-39,1545,926,continue
AHL26,1151218.8134765623,40-42,489,302,40_a
AHL26,1220370.8134765623,40-42,483,569,41_a
AHL26,1236810.8134765623,40-42,935,836,42_c
AHL26,1237794.8129882812,40-42,1543,917,continue
AHL26,1252449.8129882812,43-45,1225,314,43_d
AHL26,1260441.8129882812,43-45,958,554,44_c
AHL26,1261385.8129882812,43-45,735,807,45_b
AHL26,1368769.8129882812,46-48,1189,286,46_d
AHL26,1398281.8129882812,46-48,729,588,47_b
AHL26,1425585.8129882812,46-48,1188,808,48_d
AHL26,1426561.8129882812,46-48,1516,943,continue
AHL26,1427041.8129882812,46-48,1508,939,continue
AHL26,1446824.8129882812,49-51,731,303,49_b
AHL26,1474328.8129882812,49-51,966,551,50_c
AHL26,1493504.8129882812,49-51,498,843,51_a
AHL26,1494536.8129882812,49-51,1533,932,continue
AHL26,1506880.8129882812,52-54,706,294,52_b
AHL26,1515816.8129882812,52-54,505,572,53_a
AHL26,1528424.8129882812,52-54,495,788,54_a
AHL26,1529856.8129882812,52-54,1502,932,continue
AHL26,1534744.8129882812,55-56,458,286,55_a
AHL26,1535912.8129882812,55-56,733,504,56_b
AHS15,10337353.060058594,1-3,1208,282,1_d
AHS15,10341385.060058594,1-3,726,512,2_b
AHS15,10345961.060058594,1-3,1454,737,3_e
AHS15,10346977.060058594,1-3,1524,837,continue
AHS15,10350473.060058594,4-6,474,268,4_a
AHS15,10357873.060058594,4-6,1450,492,5_e
AHS15,10363625.060058594,4-6,734,726,6_b
AHS15,10365161.060058594,4-6,1525,818,continue
AHS15,10369656.060058594,7-9,977,256,7_c
AHS15,10373136.060058594,7-9,957,492,8_c
AHS15,10384216.060058594,7-9,1204,737,9_d
AHS15,10385264.060058594,7-9,1521,824,continue
AHS15,10405201.060058594,10-12,487,260,10_a
AHS15,10419953.060058594,10-12,473,494,11_a
AHS15,10431465.060058594,10-12,498,716,12_a
AHS15,10432793.060058594,10-12,1505,819,continue
AHS15,10445088.060058594,13-15,969,262,13_c
AHS15,10464072.060058594,13-15,471,486,14_a
AHS15,10479560.060058594,13-15,962,727,15_c
AHS15,10498744.060058594,13-15,399,822,back
AHS15,10502760.060058594,10-12,1527,820,continue
AHS15,10549088.060058594,13-15,1208,219,13_d
AHS15,10617151.060058594,16-20,738,202,not on any aoi
AHS15,10619055.059570312,16-20,1485,161,16_d
AHS15,10623599.060058594,16-20,1342,294,17_a
AHS15,10626943.060058594,16-20,1384,432,18_b
AHS15,10633447.060058594,16-20,1326,569,19_a
AHS15,10668575.059570312,16-20,1535,705,20_e
AHS15,10669543.059570312,16-20,1516,854,continue
AHS15,10680047.060058594,21-25,1438,159,21_c
AHS15,10684375.060058594,21-25,1384,297,22_b
AHS15,10693351.059570312,21-25,1332,429,23_a
AHS15,10710999.060058594,21-25,1489,568,24_d
AHS15,10771063.059570312,21-25,1341,701,25_a
AHS15,10772255.060058594,21-25,1532,852,continue
AHS15,10785903.060058594,26-30,1439,159,26_c
AHS15,10802590.060058594,26-30,1381,297,27_b
AHS15,10817270.060058594,26-30,1480,432,28_d
AHS15,10837622.060058594,26-30,1482,569,29_d
AHS15,10843038.060058594,26-30,1543,700,30_e
AHS15,10909591.060058594,31-33,723,273,31_b
AHS15,10912343.060058594,31-33,962,542,32_c
AHS15,10914207.059570312,31-33,716,807,33_b
AHS15,10915319.059570312,31-33,1530,933,continue
AHS15,10918511.060058594,34-36,1206,281,34_d
AHS15,10925935.060058594,34-36,724,553,35_b
AHS15,10929743.060058594,34-36,481,814,36_a
AHS15,10930967.060058594,34-36,1532,928,continue
AHS15,10935439.060058594,37-39,1447,278,37_e
AHS15,10941599.060058594,37-39,1204,548,38_d
AHS15,10957711.060058594,37-39,964,808,39_c
AHS15,10959623.060058594,37-39,1533,932,continue
AHS15,10969895.060058594,40-42,493,303,40_a
AHS15,10997094.060058594,40-42,1209,539,41_d
AHS15,11030478.060058594,40-42,963,805,42_c
AHS15,11032094.060058594,40-42,1543,917,continue
AHS15,11216613.060058594,46-48,1201,238,46_d
AHS15,11238797.060058594,46-48,723,505,47_b
AHS15,11254653.060058594,46-48,1197,771,48_d
AHS15,11256173.060058594,46-48,1546,925,continue
AHS15,11268981.060058596,49-51,726,242,49_b
AHS15,11301205.060058596,49-51,954,530,50_c
AHS15,11308693.060058596,49-51,492,814,51_a
AHS15,11310301.060058596,49-51,1528,931,continue
AHS15,11321093.060058596,52-54,1199,237,52_d
AHS15,11335109.060058596,52-54,476,546,53_a
AHS15,11352141.060058596,52-54,494,777,54_a
AHS15,11353429.060058596,52-54,1528,929,continue
AHS15,11369037.060058596,55-56,958,241,55_c
AHT09,3160109.1518554688,1-3,1205,239,1_d
AHT09,3162133.15234375,1-3,722,463,2_b
AHT09,3165629.1518554688,1-3,1436,696,3_e
AHT09,3167085.1518554688,1-3,1516,838,continue
AHT09,3170005.1518554688,4-6,483,220,4_a
AHT09,3176821.1518554688,4-6,1439,453,5_e
AHT09,3183093.1518554688,4-6,725,684,6_b
AHT09,3184125.1518554688,4-6,1546,833,continue
AHT09,3187804.1518554688,7-9,963,221,7_c
AHT09,3193292.1518554688,7-9,959,449,8_c
AHT09,3204252.1518554688,7-9,1201,683,9_d
AHT09,3211212.1518554688,7-9,1533,818,continue
AHT09,3219964.1513671875,10-12,486,224,10_a
AHT09,3228852.1513671875,10-12,1196,451,11_d
AHT09,3241092.1518554688,10-12,485,686,12_a
AHT09,3243012.1518554688,10-12,1532,831,continue
AHT09,3262037.1518554688,13-15,958,220,13_c
AHT09,3272541.15234375,13-15,1197,456,14_d
AHT09,3293077.1518554688,13-15,1443,694,15_e
AHT09,3301893.1518554688,13-15,1522,825,continue
AHT09,3305333.1518554688,13-15,1446,816,not on any aoi
AHT09,3313077.1518554688,13-15,389,829,back
AHT09,3317044.1518554688,10-12,1530,825,continue
AHT09,3317821.1518554688,13-15,1530,825,continue
AHT09,3428172.1518554688,16-20,1490,161,16_d
AHT09,3431643.1518554688,16-20,1335,295,17_a
AHT09,3437827.1518554688,16-20,1388,423,18_b
AHT09,3443395.1518554688,16-20,1339,565,19_a
AHT09,3454972.1518554688,16-20,1534,701,20_e
AHT09,3455676.1518554688,16-20,1515,859,continue
AHT09,3461204.1518554688,21-25,1432,160,21_c
AHT09,3464844.1518554688,21-25,1379,295,22_b
AHT09,3470868.1518554688,21-25,1330,435,23_a
AHT09,3479404.1518554688,21-25,1436,563,24_c
AHT09,3485796.1518554688,21-25,1538,707,25_e
AHT09,3489036.1518554688,21-25,1513,855,continue
AHT09,3501676.1518554688,26-30,1439,155,26_c
AHT09,3508764.1518554688,26-30,1537,291,27_e
AHT09,3518668.1513671875,26-30,1535,434,28_e
AHT09,3527852.1513671875,26-30,1483,426,28_d
AHT09,3597268.1518554688,26-30,1485,564,29_d
AHT09,3629644.1518554688,26-30,1434,697,30_c
AHT09,3694668.151367188,31-33,718,273,31_b
AHT09,3697164.1518554688,31-33,966,535,32_c
AHT09,3699772.1518554688,31-33,718,800,33_b
AHT09,3700636.1518554688,31-33,1545,934,continue
AHT09,3703859.1518554688,34-36,1202,268,34_d
AHT09,3708955.1518554688,34-36,722,538,35_b
AHT09,3712339.1518554688,34-36,480,801,36_a
AHT09,3713283.1518554688,34-36,1533,933,continue
AHT09,3717084.1518554688,37-39,1441,268,37_e
AHT09,3721996.1518554688,37-39,1204,537,38_d
AHT09,3729404.1518554688,37-39,964,805,39_c
AHT09,3731852.151367188,37-39,1539,934,continue
AHT09,3739267.1518554688,40-42,485,265,40_a
AHT09,3755155.1518554688,40-42,719,533,41_b
AHT09,3770971.1518554688,40-42,485,533,41_a
AHT09,3784547.1518554688,40-42,961,805,42_c
AHT09,3787715.1518554688,40-42,1548,926,continue
AHT09,3795811.1518554688,43-45,1203,271,43_d
AHT09,3826915.1518554688,43-45,1441,525,44_e
AHT09,3866675.1518554688,43-45,480,770,45_a
AHT09,3949227.1518554688,46-48,1207,236,46_d
AHT09,3965475.1518554688,46-48,724,501,47_b
AHT09,3981659.1518554688,46-48,724,766,48_b
AHT09,3982507.1518554688,46-48,1523,933,continue
AHT09,3995995.1518554688,49-51,720,241,49_b
AHT09,4007067.1518554688,49-51,961,504,50_c
AHT09,4022763.1518554688,49-51,481,766,51_a
AHT09,4023939.1518554688,49-51,1536,930,continue
AHT09,4041291.1518554688,52-54,1202,241,52_d
AHT09,4063043.1518554688,52-54,477,500,53_a
AHT09,4087819.1518554688,52-54,481,764,54_a
AHT09,4089075.1518554688,52-54,1501,928,continue
AHT09,4109107.1518554688,55-56,961,245,55_c
AJA21,2843449.6821289062,1-3,1198,237,1_d
AJA21,2845680.6821289062,1-3,722,465,2_b
AJA21,2847960.681640625,1-3,1443,693,3_e
AJA21,2848913.6826171875,1-3,1537,831,continue
AJA21,2851288.6821289062,4-6,478,225,4_a
AJA21,2854792.6821289062,4-6,1437,449,5_e
AJA21,2858128.6821289062,4-6,719,682,6_b
AJA21,2859648.6821289062,4-6,1521,828,continue
AJA21,2863665.6821289062,7-9,963,222,7_c
AJA21,2865073.6821289062,7-9,963,449,8_c
AJA21,2872193.6821289062,7-9,1209,687,9_d
AJA21,2873537.6821289062,7-9,1535,826,continue
AJA21,2879768.6821289062,10-12,477,220,10_a
AJA21,2893312.6821289062,10-12,1201,449,11_d
AJA21,2898952.6821289062,10-12,477,675,12_a
AJA21,2900888.681640625,10-12,1539,822,continue
AJA21,2914984.6821289062,13-15,964,235,13_c
AJA21,2930424.6821289062,13-15,1200,453,14_d
AJA21,2945111.6821289062,13-15,1442,679,15_e
AJA21,2961479.6821289062,13-15,409,822,back
AJA21,2964368.681640625,10-12,1519,820,continue
AJA21,2993760.6821289062,13-15,1438,447,14_e
AJA21,3004752.6821289062,13-15,1200,449,14_d
AJA21,3007808.6821289062,13-15,409,825,back
AJA21,3027024.6821289062,10-12,721,449,11_b
AJA21,3057408.681640625,10-12,409,822,back
AJA21,3063295.6821289062,7-9,1517,822,continue
AJA21,3063895.6821289062,10-12,1517,821,continue
AJA21,3064479.6821289062,13-15,1518,820,continue
AJA21,3099863.6821289062,16-20,1488,158,16_d
AJA21,3103783.6821289062,16-20,1390,295,17_b
AJA21,3108487.6821289062,16-20,1389,427,18_b
AJA21,3115303.6821289062,16-20,1335,569,19_a
AJA21,3121903.6821289062,16-20,1535,701,20_e
AJA21,3128383.6821289062,16-20,1506,860,continue
AJA21,3135023.6821289062,21-25,1437,166,21_c
AJA21,3140135.6821289062,21-25,1381,296,22_b
AJA21,3154662.6821289062,21-25,1337,429,23_a
AJA21,3166302.6821289062,21-25,1428,567,24_c
AJA21,3178694.6821289062,21-25,1439,698,25_c
AJA21,3202102.6821289062,21-25,1530,698,25_e
AJA21,3203134.6821289062,21-25,1534,853,continue
AJA21,3215646.6821289062,26-30,1435,159,26_c
AJA21,3228766.6821289062,26-30,1532,293,27_e
AJA21,3241662.6821289062,26-30,1488,429,28_d
AJA21,3248046.6821289062,26-30,1383,565,29_b
AJA21,3268302.6821289062,26-30,1386,699,30_b
AJA21,3364182.6821289062,31-33,722,270,31_b
AJA21,3366006.6821289062,31-33,963,531,32_c
AJA21,3367422.6821289062,31-33,718,801,33_b
AJA21,3368726.6821289062,31-33,1531,927,continue
AJA21,3373766.6821289062,34-36,1203,273,34_d
AJA21,3377822.6821289062,34-36,724,532,35_b
AJA21,3380062.6821289062,34-36,480,800,36_a
AJA21,3381566.6821289062,34-36,1552,946,continue
AJA21,3386406.6821289062,37-39,1441,282,37_e
AJA21,3391966.6821289062,37-39,1203,536,38_d
AJA21,3400694.6821289062,37-39,958,800,39_c
AJA21,3410086.6821289062,37-39,1522,941,continue
AJA21,3417950.6821289062,40-42,481,271,40_a
AJA21,3434046.6821289062,40-42,476,534,41_a
AJA21,3441950.6821289062,40-42,724,535,41_b
AJA21,3469814.6821289062,40-42,1168,788,42_d
AJA21,3470862.6821289062,40-42,1201,802,42_d
AJA21,3481534.6821289062,40-42,1515,928,continue
AJA21,3489437.6821289062,43-45,416,900,not on any aoi
AJA21,3504150.6821289062,40-42,480,539,41_a
AJA21,3506270.6821289062,40-42,1544,921,continue
AJA21,3512509.6821289062,43-45,1203,270,43_d
AJA21,3520845.6821289062,43-45,1443,524,44_e
AJA21,3537989.6821289062,43-45,721,778,45_b
AJA21,3539413.6826171875,43-45,723,774,45_b
AJA21,3602549.6821289062,46-48,1198,237,46_d
AJA21,3615773.6821289062,46-48,720,502,47_b
AJA21,3631885.6821289062,46-48,720,763,48_b
AJA21,3635893.682617188,46-48,1522,930,continue
AJA21,3646012.682617188,49-51,725,232,49_b
AJA21,3670156.682617188,49-51,964,501,50_c
AJA21,3682132.6821289062,49-51,486,766,51_a
AJA21,3690828.6821289062,49-51,1517,925,continue
AJA21,3697900.682617188,52-54,722,238,52_b
AJA21,3706996.6821289062,52-54,1204,241,52_d
AJA21,3722860.682617188,52-54,965,507,53_c
AJA21,3746292.6821289062,52-54,483,769,54_a
AJA21,3747860.682617188,52-54,1544,925,continue
AJA21,3754596.682617188,55-56,485,234,55_a
AJA21,3768124.6821289062,55-56,722,503,56_b
AJF05,10473130.958496094,1-3,1200,246,1_d
AJF05,10478778.958007812,1-3,720,468,2_b
AJF05,10482194.958007812,1-3,1441,702,3_e
AJF05,10483450.958007812,1-3,1517,843,continue
AJF05,10486603.958007812,4-6,480,228,4_a
AJF05,10493139.958007812,4-6,1439,456,5_e
AJF05,10498587.958007812,4-6,725,692,6_b
AJF05,10500099.958007812,4-6,1545,833,continue
AJF05,10505315.958007812,7-9,962,231,7_c
AJF05,10511467.958007812,7-9,962,461,8_c
AJF05,10527595.958007812,7-9,1200,693,9_d
AJF05,10528539.958007812,7-9,1521,836,continue
AJF05,10538554.958007812,10-12,481,232,10_a
AJF05,10546403.958007812,10-12,717,230,10_b
AJF05,10568418.958496094,10-12,720,460,11_b
AJF05,10570674.958007812,10-12,1512,839,continue
AJF05,10573058.958007812,13-15,394,817,back
AJF05,10573442.958007812,13-15,403,840,back
AJF05,10587171.958007812,10-12,481,694,12_a
AJF05,10588523.958007812,10-12,1521,831,continue
AJF05,10605786.958007812,13-15,964,234,13_c
AJF05,10614074.958007812,13-15,1203,461,14_d
AJF05,10625130.958496094,13-15,1443,690,15_e
AJF05,10639610.958496094,13-15,408,835,back
AJF05,10642850.958007812,10-12,1512,835,continue
AJF05,10645666.958007812,13-15,415,835,back
AJF05,10661274.958496094,10-12,401,836,back
AJF05,10676674.958007812,7-9,1538,832,continue
AJF05,10677434.958007812,10-12,1539,832,continue
AJF05,10732737.958007812,16-20,1483,171,16_d
AJF05,10744561.958007812,16-20,1387,303,17_b
AJF05,10747313.958007812,16-20,1388,439,18_b
AJF05,10760465.958007812,16-20,1538,705,20_e
AJF05,10767641.958007812,16-20,1335,576,19_a
AJF05,10768625.958007812,16-20,1519,860,continue
AJF05,10775465.958007812,21-25,1436,169,21_c
AJF05,10783865.958007812,21-25,1387,304,22_b
AJF05,10795841.957519533,21-25,1338,436,23_a
AJF05,10825825.958007812,21-25,1537,708,25_e
AJF05,10837329.958007812,21-25,1435,576,24_c
AJF05,10838465.958007812,21-25,1532,857,continue
AJF05,10852721.958007812,26-30,1437,170,26_c
AJF05,10864745.958007812,26-30,1441,307,27_c
AJF05,10909001.958007812,26-30,1486,441,28_d
AJF05,10953616.958007812,26-30,1343,707,30_a
AJF05,11001929.958007812,31-33,721,282,31_b
AJF05,11003952.958007812,31-33,962,543,32_c
AJF05,11006136.958007812,31-33,723,813,33_b
AJF05,11007768.958007812,31-33,1538,946,continue
AJF05,11010928.958007812,34-36,1199,277,34_d
AJF05,11016408.958007812,34-36,720,544,35_b
AJF05,11025272.958007812,34-36,477,804,36_a
AJF05,11026480.958007812,34-36,1522,937,continue
AJF05,11031704.958007812,37-39,1447,279,37_e
AJF05,11036056.958007812,37-39,1200,547,38_d
AJF05,11040640.958007812,37-39,965,809,39_c
AJF05,11045736.958007812,37-39,1521,941,continue
AJF05,11061208.958007812,40-42,479,278,40_a
AJF05,11064208.958007812,40-42,1200,276,40_d
AJF05,11068800.958007812,40-42,482,274,40_a
AJF05,11087488.958007812,40-42,723,545,41_b
AJF05,11112784.958007812,40-42,1440,807,42_e
AJF05,11113488.958007812,40-42,1519,920,continue
AJF05,11120263.958007812,43-45,1200,279,43_d
AJF05,11134143.958496094,43-45,722,534,44_b
AJF05,11141487.958007812,43-45,477,780,45_a
AJF05,11248239.958007812,46-48,1201,246,46_d
AJF05,11274967.958007812,46-48,717,510,47_b
AJF05,11284935.958007812,46-48,717,774,48_b
AJF05,11293439.958496096,46-48,1527,935,continue
AJF05,11301455.958007812,49-51,721,246,49_b
AJF05,11312879.958007812,49-51,959,514,50_c
AJF05,11322007.958007812,49-51,479,773,51_a
AJF05,11323159.958007812,49-51,1519,940,continue
AJF05,11341247.958007812,52-54,720,249,52_b
AJF05,11378519.958007812,52-54,480,512,53_a
AJF05,11398999.958007812,52-54,1440,774,54_e
AJF05,11400631.958007812,52-54,1536,936,continue
AJF05,11408639.958007812,55-56,724,510,56_b
AJG07,1959305.5068359373,1-3,1196,240,1_d
AJG07,1962473.5068359373,1-3,713,474,2_b
AJG07,1965161.5068359373,1-3,1439,706,3_e
AJG07,1966609.5068359373,1-3,1516,843,continue
AJG07,1970625.5068359373,4-6,476,224,4_a
AJG07,1978225.5068359373,4-6,1439,450,5_e
AJG07,1984657.5068359373,4-6,721,686,6_b
AJG07,1988417.5068359373,4-6,1524,816,continue
AJG07,1997481.506347656,7-9,964,225,7_c
AJG07,2001081.5068359373,7-9,958,459,8_c
AJG07,2014481.506347656,7-9,1197,694,9_d
AJG07,2016385.5068359373,7-9,1513,810,continue
AJG07,2018625.5068359373,7-9,1520,821,continue
AJG07,2028705.5068359373,10-12,479,221,10_a
AJG07,2034049.5068359373,10-12,723,229,10_b
AJG07,2058249.5068359373,10-12,1206,455,11_d
AJG07,2067585.5068359373,10-12,483,682,12_a
AJG07,2070209.5068359373,10-12,1533,823,continue
AJG07,2082017.5068359373,13-15,965,229,13_c
AJG07,2110689.506835937,13-15,1200,457,14_d
AJG07,2158137.506835937,13-15,1441,691,15_e
AJG07,2224976.506835937,16-20,1490,164,16_d
AJG07,2230088.506835937,16-20,1327,294,17_a
AJG07,2236608.506835937,16-20,1384,429,18_b
AJG07,2246368.506835937,16-20,1352,570,19_a
AJG07,2251776.506835937,16-20,1554,706,20_e
AJG07,2253000.506835937,16-20,1533,844,continue
AJG07,2270288.506835937,21-25,1436,164,21_c
AJG07,2277776.506835937,21-25,1388,298,22_b
AJG07,2291432.506835937,21-25,1350,416,23_a
AJG07,2315848.506835937,21-25,1484,558,24_d
AJG07,2342952.506835937,21-25,1526,728,25_e
AJG07,2343760.506835937,21-25,1538,841,continue
AJG07,2360352.506835937,26-30,1437,159,26_c
AJG07,2399384.506835937,26-30,1498,430,28_d
AJG07,2410296.506835937,26-30,1528,300,27_e
AJG07,2422696.506835937,26-30,1554,565,29_e
AJG07,2449104.506835937,26-30,1503,695,30_d
AJG07,2449536.506835937,26-30,1535,695,30_e
AJG07,2460040.506835937,26-30,1401,691,30_b
AJG07,2497848.506835937,31-33,723,282,31_b
AJG07,2500432.506835937,31-33,966,543,32_c
AJG07,2503872.506835937,31-33,723,802,33_b
AJG07,2508808.506835937,31-33,1528,931,continue
AJG07,2514376.506835937,34-36,1198,279,34_d
AJG07,2521704.506835937,34-36,724,549,35_b
AJG07,2526480.506835937,34-36,478,798,36_a
AJG07,2528504.506835937,34-36,1518,934,continue
AJG07,2536799.506835937,37-39,1444,278,37_e
AJG07,2548415.506835937,37-39,1209,542,38_d
AJG07,2566015.506835937,37-39,963,806,39_c
AJG07,2568271.506835937,37-39,1524,932,continue
AJG07,2591255.506835937,40-42,1450,269,40_e
AJG07,2618360.506835937,40-42,1204,542,41_d
AJG07,2627119.506835937,40-42,744,534,41_b
AJG07,2632936.506835937,40-42,1204,542,41_d
AJG07,2664687.506835937,40-42,1442,805,42_e
AJG07,2672335.5073242188,40-42,1534,929,continue
AJG07,2748703.5073242188,46-48,968,235,46_c
AJG07,2753111.5073242188,46-48,1198,239,46_d
AJG07,2770759.506835937,46-48,719,504,47_b
AJG07,2788791.506835937,46-48,1200,769,48_d
AJG07,2791623.506835937,46-48,1522,929,continue
AJG07,2809422.506835937,49-51,718,244,49_b
AJG07,2821830.5068359375,49-51,962,512,50_c
AJG07,2836566.5068359375,49-51,481,764,51_a
AJG07,2837766.5068359375,49-51,1540,928,continue
AJG07,2854791.5068359375,52-54,1200,236,52_d
AJG07,2862327.5068359375,52-54,482,521,53_a
AJG07,2904719.5068359375,52-54,483,773,54_a
AJG07,2905719.5068359375,52-54,1545,933,continue
AJG07,2913374.5073242188,55-56,724,253,55_b
ALF28,21174165.26464844,1-3,1188,240,1_d
ALF28,21178061.26416016,1-3,729,490,2_b
ALF28,21181205.26416016,1-3,1441,736,3_e
ALF28,21182605.26464844,1-3,1538,836,continue
ALF28,21185429.26416016,4-6,467,263,4_a
ALF28,21189941.26464844,4-6,1423,493,5_e
ALF28,21193717.26464844,4-6,703,724,6_b
ALF28,21194757.26464844,4-6,1555,829,continue
ALF28,21198061.26416016,7-9,951,272,7_c
ALF28,21200549.26416016,7-9,729,495,8_b
ALF28,21209909.26416016,7-9,1198,727,9_d
ALF28,21210885.26416016,7-9,1547,828,continue
ALF28,21217133.26416016,10-12,493,260,10_a
ALF28,21227965.26416016,10-12,723,497,11_b
ALF28,21236389.26416016,10-12,479,723,12_a
ALF28,21243005.26416016,10-12,1526,832,continue
ALF28,21270333.26416016,13-15,911,241,13_c
ALF28,21270709.26416016,13-15,990,280,13_c
ALF28,21289085.26464844,13-15,1185,504,14_d
ALF28,21311509.26416016,13-15,956,735,15_c
ALF28,21317277.26416016,13-15,723,718,15_b
ALF28,21406636.26416016,13-15,1447,723,15_e
ALF28,21440268.26416016,16-20,726,194,not on any aoi
ALF28,21442076.26416016,16-20,1487,159,16_d
ALF28,21447036.26416016,16-20,1384,296,17_b
ALF28,21449580.263671875,16-20,1387,426,18_b
ALF28,21455644.26416016,16-20,1334,564,19_a
ALF28,21460180.26416016,16-20,1534,700,20_e
ALF28,21461884.26416016,16-20,1521,854,continue
ALF28,21473429.26416016,21-25,1433,159,21_c
ALF28,21481989.26416016,21-25,1386,297,22_b
ALF28,21490860.26416016,21-25,1338,430,23_a
ALF28,21501732.26416016,21-25,1432,562,24_c
ALF28,21531932.26416016,21-25,1533,700,25_e
ALF28,21542804.263671875,21-25,1516,853,continue
ALF28,21555420.26416016,26-30,1435,166,26_c
ALF28,21568268.26416016,26-30,1531,292,27_e
ALF28,21575748.26416016,26-30,1487,432,28_d
ALF28,21589532.26416016,26-30,1494,561,29_d
ALF28,21666444.26416016,26-30,1436,694,30_c
ALF28,21722067.26416016,31-33,716,308,31_b
ALF28,21724243.26416016,31-33,959,585,32_c
ALF28,21726291.26416016,31-33,719,851,33_b
ALF28,21727435.26416016,31-33,1549,941,continue
ALF28,21732043.26416016,34-36,1208,311,34_d
ALF28,21735675.26416016,34-36,711,580,35_b
ALF28,21739955.26416016,34-36,490,847,36_a
ALF28,21741675.26416016,34-36,1523,937,continue
ALF28,21746619.26416016,37-39,1435,310,37_e
ALF28,21749939.26416016,37-39,1196,573,38_d
ALF28,21755723.26416016,37-39,972,838,39_c
ALF28,21770475.26416016,37-39,1193,842,39_d
ALF28,21771267.26416016,37-39,1539,930,continue
ALF28,21794643.26416016,40-42,487,303,40_a
ALF28,21821811.26416016,40-42,477,571,41_a
ALF28,21851891.26416016,40-42,957,835,42_c
ALF28,21852939.26416016,40-42,1533,923,continue
ALF28,21864562.26416016,43-45,1192,310,43_d
ALF28,21881490.26416016,43-45,1451,558,44_e
ALF28,22007745.263671875,46-48,1209,279,46_d
ALF28,22022745.263671875,46-48,463,565,47_a
ALF28,22029001.263671875,46-48,711,555,47_b
ALF28,22041569.26416016,46-48,744,838,48_b
ALF28,22043209.26416016,46-48,1535,915,continue
ALF28,22046273.26416016,46-48,1508,932,continue
ALF28,22051378.26416016,49-51,720,294,49_b
ALF28,22062714.26416016,49-51,965,534,50_c
ALF28,22070498.26416016,49-51,473,822,51_a
ALF28,22078722.26416016,49-51,1539,924,continue
ALF28,22093602.26416016,52-54,717,288,52_b
ALF28,22116682.26416016,52-54,501,577,53_a
ALF28,22152554.26416016,52-54,483,833,54_a
ALF28,22160458.26416016,52-54,1521,923,continue
ALF28,22167721.26416016,55-56,709,556,56_b
ALF28,22173361.26416016,55-56,478,290,55_a
AMF07,1667876.3129882812,1-3,1205,287,1_d
AMF07,1670140.3129882812,1-3,1196,237,1_d
AMF07,1673012.3129882812,1-3,722,473,2_b
AMF07,1676852.3129882812,1-3,1448,700,3_e
AMF07,1678524.3129882812,1-3,1520,836,continue
AMF07,1681860.3129882812,4-6,511,236,4_a
AMF07,1688356.3129882812,4-6,1446,453,5_e
AMF07,1697092.3129882812,4-6,717,690,6_b
AMF07,1699204.3129882812,4-6,1532,833,continue
AMF07,1704979.3129882812,7-9,960,228,7_c
AMF07,1711571.3129882812,7-9,719,462,8_b
AMF07,1716819.3129882812,7-9,1202,702,9_d
AMF07,1717803.3129882812,7-9,1542,835,continue
AMF07,1723739.3134765625,10-12,722,228,10_b
AMF07,1733883.3129882812,10-12,729,476,11_b
AMF07,1744371.3134765625,10-12,1192,714,12_d
AMF07,1746339.3129882812,10-12,1517,825,continue
AMF07,1764475.3129882812,13-15,502,233,13_a
AMF07,1783891.3129882812,13-15,1200,477,14_d
AMF07,1807323.312988281,13-15,479,729,15_a
AMF07,1808411.312988281,13-15,376,828,back
AMF07,1902522.312988281,13-15,1435,725,15_e
AMF07,1931890.312988281,16-20,1486,157,16_d
AMF07,1935130.312988281,16-20,1342,295,17_a
AMF07,1938306.3125,16-20,1394,427,18_b
AMF07,1952554.312988281,16-20,1334,557,19_a
AMF07,1963202.3125,16-20,1542,698,20_e
AMF07,1965850.312988281,16-20,1518,850,continue
AMF07,1985866.3125,21-25,1444,163,21_c
AMF07,2001234.3125,21-25,1390,295,22_b
AMF07,2020482.312988281,21-25,1398,437,23_b
AMF07,2053146.312988281,21-25,1491,696,25_d
AMF07,2053994.312988281,21-25,1380,561,24_b
AMF07,2055010.3125,21-25,1529,860,continue
AMF07,2073401.312988281,26-30,1440,161,26_c
AMF07,2090185.312988281,26-30,1543,298,27_e
AMF07,2099617.312988281,26-30,1498,427,28_d
AMF07,2119256.312988281,26-30,1484,578,29_d
AMF07,2135000.312988281,26-30,1390,708,30_b
AMF07,2157104.312988281,26-30,1432,698,30_c
AMF07,2195136.312988281,31-33,718,275,31_b
AMF07,2197256.312988281,31-33,969,538,32_c
AMF07,2199232.312988281,31-33,712,805,33_b
AMF07,2200640.312988281,31-33,1538,939,continue
AMF07,2203529.312988281,34-36,1201,279,34_d
AMF07,2211321.312988281,34-36,1447,548,35_e
AMF07,2215793.3125,34-36,483,816,36_a
AMF07,2218481.312988281,34-36,1553,937,continue
AMF07,2223969.312988281,37-39,1446,279,37_e
AMF07,2228873.312988281,37-39,1194,544,38_d
AMF07,2235816.312988281,37-39,969,814,39_c
AMF07,2241680.312988281,37-39,1518,925,continue
AMF07,2256400.312988281,40-42,474,297,40_a
AMF07,2277936.312988281,40-42,722,551,41_b
AMF07,2281080.312988281,40-42,1205,543,41_d
AMF07,2285048.312988281,40-42,716,547,41_b
AMF07,2322256.312988281,40-42,1452,819,42_e
AMF07,2323272.312988281,40-42,1541,929,continue
AMF07,2342303.312988281,43-45,1212,277,43_d
AMF07,2352351.3134765625,43-45,484,537,44_a
AMF07,2356295.312988281,43-45,1444,529,44_e
AMF07,2429743.312988281,46-48,1207,249,46_d
AMF07,2442455.312988281,46-48,1455,506,47_e
AMF07,2448175.312988281,46-48,720,513,47_b
AMF07,2462575.3134765625,46-48,1196,770,48_d
AMF07,2465615.312988281,46-48,1528,925,continue
AMF07,2475343.312988281,49-51,723,230,49_b
AMF07,2488655.312988281,49-51,965,507,50_c
AMF07,2505407.312988281,49-51,479,796,51_a
AMF07,2510990.312988281,49-51,1535,927,continue
AMF07,2535727.312988281,52-54,1192,289,52_d
AMF07,2564047.312988281,52-54,964,555,53_c
AMF07,2570167.3134765625,52-54,959,820,54_c
AMF07,2571711.312988281,52-54,1533,922,continue
AMF07,2588590.312988281,55-56,968,533,56_c
AMF07,2591902.312988281,55-56,973,277,55_c
AMG05,441793.505859375,1-3,1202,238,1_d
AMG05,444416.505859375,1-3,723,463,2_b
AMG05,446640.505859375,1-3,1438,690,3_e
AMG05,447896.505859375,1-3,1544,832,continue
AMG05,450945.505859375,4-6,484,221,4_a
AMG05,478353.505859375,4-6,1440,455,5_e
AMG05,482800.505859375,4-6,719,682,6_b
AMG05,484328.505859375,4-6,1545,828,continue
AMG05,489120.505859375,7-9,959,216,7_c
AMG05,496064.505859375,7-9,959,456,8_c
AMG05,515160.505859375,7-9,1198,688,9_d
AMG05,516592.505859375,7-9,1537,823,continue
AMG05,525080.505859375,10-12,1208,221,10_d
AMG05,545784.505859375,10-12,716,452,11_b
AMG05,557464.505859375,10-12,477,684,12_a
AMG05,558792.5063476561,10-12,1531,822,continue
AMG05,574968.505859375,13-15,962,221,13_c
AMG05,596240.505859375,13-15,1204,448,14_d
AMG05,610208.505859375,13-15,1436,684,15_e
AMG05,697448.505859375,16-20,1484,164,16_d
AMG05,704536.5063476562,16-20,1341,295,17_a
AMG05,707343.505859375,16-20,1391,434,18_b
AMG05,713455.505859375,16-20,1334,564,19_a
AMG05,719655.505859375,16-20,1538,697,20_e
AMG05,720543.505859375,16-20,1526,854,continue
AMG05,741807.505859375,21-25,1436,162,21_c
AMG05,756871.5063476562,21-25,1531,293,22_e
AMG05,766567.505859375,21-25,1332,431,23_a
AMG05,810567.505859375,21-25,1384,567,24_b
AMG05,833663.505859375,21-25,1337,701,25_a
AMG05,834535.5063476562,21-25,1537,857,continue
AMG05,845183.505859375,26-30,1438,158,26_c
AMG05,853431.505859375,26-30,1537,299,27_e
AMG05,861695.505859375,26-30,1486,431,28_d
AMG05,925846.5053710938,26-30,1537,570,29_e
AMG05,930431.505859375,26-30,1489,697,30_d
AMG05,961207.5063476562,31-33,717,262,31_b
AMG05,963943.5063476562,31-33,956,535,32_c
AMG05,966127.5063476562,31-33,725,803,33_b
AMG05,967583.505859375,31-33,1521,937,continue
AMG05,970735.505859375,34-36,1195,273,34_d
AMG05,975711.505859375,34-36,723,534,35_b
AMG05,978839.505859375,34-36,482,799,36_a
AMG05,979975.505859375,34-36,1527,939,continue
AMG05,986767.505859375,37-39,1444,258,37_e
AMG05,990295.505859375,37-39,1204,535,38_d
AMG05,1046062.505859375,37-39,943,794,39_c
AMG05,1048110.505859375,37-39,1517,932,continue
AMG05,1057798.505859375,40-42,481,266,40_a
AMG05,1096062.505859375,40-42,480,532,41_a
AMG05,1116670.505859375,40-42,1195,798,42_d
AMG05,1119062.505859375,40-42,1536,911,continue
AMG05,1127485.505859375,43-45,1204,264,43_d
AMG05,1206646.505859375,46-48,1203,237,46_d
AMG05,1225213.505859375,46-48,720,502,47_b
AMG05,1236325.505859375,46-48,1200,768,48_d
AMG05,1237453.505859375,46-48,1508,927,continue
AMG05,1247149.505859375,49-51,727,240,49_b
AMG05,1271229.505859375,49-51,962,502,50_c
AMG05,1281917.505859375,49-51,481,767,51_a
AMG05,1283197.505859375,49-51,1549,934,continue
AMG05,1300045.505859375,52-54,1201,237,52_d
AMG05,1317005.505859375,52-54,473,502,53_a
AMG05,1329589.505859375,52-54,476,760,54_a
AMG05,1330565.505859375,52-54,1512,930,continue
AMG05,1361637.505859375,55-56,959,237,55_c
AMH10,2158665.205078125,1-3,1199,237,1_d
AMH10,2162297.205078125,1-3,720,466,2_b
AMH10,2165913.205078125,1-3,1443,701,3_e
AMH10,2167577.205078125,1-3,1526,835,continue
AMH10,2169633.205078125,4-6,485,224,4_a
AMH10,2174001.205078125,4-6,1445,452,5_e
AMH10,2183649.205078125,4-6,717,673,6_b
AMH10,2186081.205078125,4-6,1524,831,continue
AMH10,2191401.205078125,7-9,968,224,7_c
AMH10,2200081.205078125,7-9,956,447,8_c
AMH10,2216048.205078125,7-9,1199,677,9_d
AMH10,2218816.205078125,7-9,1540,829,continue
AMH10,2227361.205078125,10-12,719,222,10_b
AMH10,2233977.205078125,10-12,476,446,11_a
AMH10,2236081.205078125,10-12,471,448,11_a
AMH10,2238209.205078125,10-12,482,450,11_a
AMH10,2241857.205078125,10-12,1199,451,11_d
AMH10,2250801.205078125,10-12,724,449,11_b
AMH10,2260105.205078125,10-12,482,681,12_a
AMH10,2261281.205078125,10-12,1500,833,continue
AMH10,2271848.205078125,13-15,482,219,13_a
AMH10,2290680.205078125,13-15,1202,451,14_d
AMH10,2326264.205078125,13-15,1440,680,15_e
AMH10,2330376.205078125,13-15,387,824,back
AMH10,2338952.205078125,10-12,1203,216,10_d
AMH10,2359224.205078125,10-12,385,830,back
AMH10,2373728.205078125,7-9,387,832,back
AMH10,2384880.205078125,4-6,375,826,back
AMH10,2386560.205078125,1-3,1532,842,continue
AMH10,2386983.205078125,4-6,1532,842,continue
AMH10,2387887.204589844,4-6,1531,828,continue
AMH10,2388488.205078125,7-9,1531,828,continue
AMH10,2389192.205078125,10-12,1531,828,continue
AMH10,2425824.205078125,16-20,1488,161,16_d
AMH10,2431648.2055664062,16-20,1336,293,17_a
AMH10,2434768.205078125,16-20,1386,430,18_b
AMH10,2441136.205078125,16-20,1339,565,19_a
AMH10,2447416.205078125,16-20,1538,704,20_e
AMH10,2448336.205078125,16-20,1515,849,continue
AMH10,2457040.205078125,21-25,1435,161,21_c
AMH10,2462584.205078125,21-25,1385,292,22_b
AMH10,2473944.2055664062,21-25,1340,429,23_a
AMH10,2492136.205078125,21-25,1438,566,24_c
AMH10,2499016.2055664062,21-25,1537,700,25_e
AMH10,2499648.2055664062,21-25,1545,852,continue
AMH10,2504440.205078125,26-30,1487,158,26_d
AMH10,2513504.205078125,26-30,1534,297,27_e
AMH10,2520392.205078125,26-30,1484,431,28_d
AMH10,2525008.205078125,26-30,1439,561,29_c
AMH10,2549775.204589844,26-30,1389,703,30_b
AMH10,2570031.204589844,26-30,1439,701,30_c
AMH10,2571623.204589844,26-30,367,862,back
AMH10,2595279.205078125,21-25,385,843,back
AMH10,2614031.204589844,16-20,370,859,back
AMH10,2617935.205078125,16-20,1538,852,continue
AMH10,2619807.204589844,21-25,1539,861,continue
AMH10,2701030.205078125,31-33,723,270,31_b
AMH10,2703726.205078125,31-33,959,539,32_c
AMH10,2707662.204589844,31-33,722,804,33_b
AMH10,2710462.205078125,31-33,1531,945,continue
AMH10,2714287.204589844,34-36,1198,272,34_d
AMH10,2720975.205078125,34-36,1205,535,35_d
AMH10,2723863.205078125,34-36,482,794,36_a
AMH10,2725423.205078125,34-36,1519,938,continue
AMH10,2730495.205078125,37-39,1443,273,37_e
AMH10,2735279.205078125,37-39,1198,537,38_d
AMH10,2742823.205078125,37-39,966,802,39_c
AMH10,2744679.205078125,37-39,1526,932,continue
AMH10,2756182.204589844,40-42,482,266,40_a
AMH10,2776870.205078125,40-42,711,535,41_b
AMH10,2822094.205078125,40-42,717,799,42_b
AMH10,2825894.205078125,40-42,1552,925,continue
AMH10,2834822.205078125,43-45,724,272,43_b
AMH10,2839078.205078125,43-45,1199,266,43_d
AMH10,2840430.205078125,43-45,718,265,43_b
AMH10,2853862.205078125,43-45,477,518,44_a
AMH10,2867646.205078125,43-45,724,767,45_b
AMH10,2954918.205078125,46-48,1199,236,46_d
AMH10,2965222.205078125,46-48,719,496,47_b
AMH10,2984598.205078125,46-48,1203,764,48_d
AMH10,2986654.205078125,46-48,1508,936,continue
AMH10,2992686.205078125,49-51,719,233,49_b
AMH10,2999982.205078125,49-51,960,500,50_c
AMH10,3004982.205078125,49-51,475,764,51_a
AMH10,3007078.205078125,49-51,1518,930,continue
AMH10,3021734.205078125,52-54,721,236,52_b
AMH10,3032254.2045898438,52-54,719,502,53_b
AMH10,3047342.205078125,52-54,957,767,54_c
AMH10,3048478.2045898438,52-54,1531,925,continue
AMH10,3077645.205078125,55-56,965,235,55_c
AMH10,3102533.205078125,55-56,1443,504,56_e
AMH10,3104573.205078125,55-56,386,671,back
AMH10,3124877.205078125,52-54,407,925,back
AMM15,9022274.875,1-3,1201,245,1_d
AMM15,9027794.875,1-3,714,474,2_b
AMM15,9032682.875,1-3,1447,695,3_e
AMM15,9034506.875,1-3,1522,831,continue
AMM15,9044243.875,4-6,481,227,4_a
AMM15,9056859.87451172,4-6,1439,456,5_e
AMM15,9061034.875,4-6,727,682,6_b
AMM15,9064107.875,4-6,1544,833,continue
AMM15,9076626.875,7-9,477,221,7_a
AMM15,9081226.875,7-9,719,458,8_b
AMM15,9094362.875,7-9,1203,686,9_d
AMM15,9105514.875,7-9,1529,821,continue
AMM15,9115322.875,10-12,1436,223,10_e
AMM15,9125954.875,10-12,722,454,11_b
AMM15,9150106.875,10-12,485,684,12_a
AMM15,9151516.875,10-12,1547,828,continue
AMM15,9176002.875,13-15,481,227,13_a
AMM15,9192626.875,13-15,1210,504,14_d
AMM15,9208938.875,13-15,720,737,15_b
AMM15,9293329.875,16-20,1486,163,16_d
AMM15,9298209.875,16-20,1332,303,17_a
AMM15,9301081.875,16-20,1380,427,18_b
AMM15,9305897.875,16-20,1336,563,19_a
AMM15,9310833.875,16-20,1533,691,20_e
AMM15,9311769.875,16-20,1517,864,continue
AMM15,9322730.875,21-25,1442,158,21_c
AMM15,9330122.875,21-25,1533,303,22_e
AMM15,9338073.875,21-25,1388,430,23_b
AMM15,9339306.875,21-25,1382,437,23_b
AMM15,9366473.875,21-25,1432,566,24_c
AMM15,9382753.87548828,21-25,1432,697,25_c
AMM15,9383529.87548828,21-25,1533,854,continue
AMM15,9395561.875,26-30,1442,165,26_c
AMM15,9401825.875,26-30,1381,293,27_b
AMM15,9408873.875,26-30,1494,427,28_d
AMM15,9429385.87548828,26-30,1485,560,29_d
AMM15,9437529.87548828,26-30,1486,693,30_d
AMM15,9503984.875,26-30,1537,702,30_e
AMM15,9559497.875,31-33,714,271,31_b
AMM15,9562241.875,31-33,965,534,32_c
AMM15,9565105.875,31-33,717,805,33_b
AMM15,9566329.875,31-33,1545,935,continue
AMM15,9569777.875,34-36,1202,267,34_d
AMM15,9576177.875,34-36,741,537,35_b
AMM15,9582025.875,34-36,481,788,36_a
AMM15,9584025.875,34-36,1532,940,continue
AMM15,9589817.875,37-39,1443,270,37_e
AMM15,9600624.875,37-39,1207,540,38_d
AMM15,9605624.875,37-39,966,804,39_c
AMM15,9622744.875,37-39,1569,941,continue
AMM15,9623192.875,37-39,1540,926,continue
AMM15,9636649.875,40-42,1194,276,40_d
AMM15,9663017.875,40-42,724,534,41_b
AMM15,9697689.875,40-42,1450,799,42_e
AMM15,9698832.87548828,40-42,1531,923,continue
AMM15,9706880.875,43-45,1206,264,43_d
AMM15,9708672.875,43-45,1192,272,43_d
AMM15,9722776.875,43-45,720,522,44_b
AMM15,9732656.875,43-45,481,778,45_a
AMM15,9862664.875,46-48,1199,236,46_d
AMM15,9869968.875,46-48,717,496,47_b
AMM15,9884400.875,46-48,1207,762,48_d
AMM15,9885432.875,46-48,1496,924,continue
AMM15,9893607.875,49-51,722,238,49_b
AMM15,9917327.875,49-51,966,505,50_c
AMM15,9928951.875,49-51,476,778,51_a
AMM15,9930399.87451172,49-51,1527,915,continue
AMM15,9932359.87451172,49-51,1529,932,continue
AMM15,9953055.875,52-54,1204,243,52_d
AMM15,9972799.875,52-54,1437,504,53_e
AMM15,9998383.875,52-54,1440,768,54_e
AMM15,9999583.87451172,52-54,1545,923,continue
AMM15,10013871.875,55-56,959,235,55_c
AMM15,10019855.875,55-56,963,499,56_c
AMM24,2440139.35546875,1-3,1204,238,1_d
AMM24,2444179.35546875,1-3,716,462,2_b
AMM24,2448707.3549804688,1-3,1451,697,3_e
AMM24,2449971.3549804688,1-3,1518,839,continue
AMM24,2452563.3549804688,4-6,477,223,4_a
AMM24,2460883.3549804688,4-6,1442,451,5_e
AMM24,2467195.3549804688,4-6,722,677,6_b
AMM24,2469035.3549804688,4-6,1525,821,continue
AMM24,2474522.3549804688,7-9,966,226,7_c
AMM24,2479538.3549804688,7-9,956,452,8_c
AMM24,2490762.3549804688,7-9,1202,682,9_d
AMM24,2491602.3549804688,7-9,1536,823,continue
AMM24,2502010.3549804688,10-12,715,226,10_b
AMM24,2510402.35546875,10-12,719,445,11_b
AMM24,2521522.3549804688,10-12,484,680,12_a
AMM24,2522778.3549804688,10-12,1512,833,continue
AMM24,2536442.35546875,13-15,479,222,13_a
AMM24,2556402.35546875,13-15,1201,448,14_d
AMM24,2605538.3549804688,13-15,1202,682,15_d
AMM24,2635602.3549804688,13-15,721,687,15_b
AMM24,2669835.3549804688,13-15,960,455,14_c
AMM24,2673163.3549804688,13-15,1204,454,14_d
AMM24,2710315.3549804688,16-20,1485,159,16_d
AMM24,2716715.3549804688,16-20,1334,299,17_a
AMM24,2726667.3549804688,16-20,1386,429,18_b
AMM24,2739603.3549804688,16-20,1337,565,19_a
AMM24,2746827.3549804688,16-20,1441,564,19_c
AMM24,2753915.3549804688,16-20,1541,696,20_e
AMM24,2754795.3549804688,16-20,1513,854,continue
AMM24,2777122.3549804688,21-25,1388,167,21_b
AMM24,2786834.3549804688,21-25,1384,292,22_b
AMM24,2797946.3549804688,21-25,1336,431,23_a
AMM24,2812674.3549804688,21-25,1494,564,24_d
AMM24,2844338.3549804688,21-25,1531,703,25_e
AMM24,2845506.3549804688,21-25,1510,857,continue
AMM24,2860898.3549804688,26-30,1429,162,26_c
AMM24,2867370.3549804688,26-30,1528,295,27_e
AMM24,2878930.3549804688,26-30,1438,425,28_c
AMM24,2886954.35546875,26-30,1335,565,29_a
AMM24,2900178.35546875,26-30,1332,704,30_a
AMM24,2930330.35546875,26-30,1488,566,29_d
AMM24,2940386.3549804688,26-30,1539,433,28_e
AMM24,2984875.3549804688,31-33,721,269,31_b
AMM24,2988307.3549804688,31-33,961,537,32_c
AMM24,2991331.3549804688,31-33,718,804,33_b
AMM24,2992891.3549804688,31-33,1547,937,continue
AMM24,2996578.3549804688,34-36,1195,270,34_d
AMM24,3007154.3549804688,34-36,720,537,35_b
AMM24,3018034.35546875,34-36,483,808,36_a
AMM24,3019578.3549804688,34-36,1529,942,continue
AMM24,3026914.3549804688,37-39,1445,271,37_e
AMM24,3034266.3549804688,37-39,1198,539,38_d
AMM24,3042658.35546875,37-39,1197,805,39_d
AMM24,3061106.35546875,37-39,967,805,39_c
AMM24,3066178.35546875,37-39,1534,936,continue
AMM24,3089059.3549804688,40-42,1441,276,40_e
AMM24,3098427.3549804688,40-42,718,271,40_b
AMM24,3130563.3549804688,40-42,478,535,41_a
AMM24,3154699.3549804688,40-42,1194,801,42_d
AMM24,3157235.3549804688,40-42,1529,923,continue
AMM24,3235970.3549804688,46-48,1195,234,46_d
AMM24,3249186.3549804688,46-48,478,501,47_a
AMM24,3260882.35546875,46-48,478,769,48_a
AMM24,3262922.35546875,46-48,1518,922,continue
AMM24,3271522.3549804688,49-51,1206,238,49_d
AMM24,3290994.35546875,49-51,1202,502,50_d
AMM24,3301498.3549804688,49-51,709,768,51_b
AMM24,3302658.35546875,49-51,1500,929,continue
AMM24,3314259.3549804688,52-54,961,235,52_c
AMM24,3321499.3549804688,52-54,958,497,53_c
AMM24,3333123.3549804688,52-54,721,768,54_b
AMM24,3334035.3549804688,52-54,1518,929,continue
AMM24,3351027.35546875,55-56,954,239,55_c
AMM24,3385059.3549804688,55-56,965,494,56_c
AMM24,3400451.3549804688,55-56,1198,502,56_d
AMW29,388846.2729492188,1-3,1202,245,1_d
AMW29,391430.2729492188,1-3,719,472,2_b
AMW29,393950.2729492188,1-3,1450,710,3_e
AMW29,394910.2729492188,1-3,1523,843,continue
AMW29,397118.2724609375,4-6,480,231,4_a
AMW29,408326.2729492188,4-6,1440,462,5_e
AMW29,413918.2729492188,4-6,717,690,6_b
AMW29,414726.2729492188,4-6,1551,838,continue
AMW29,420774.2729492188,7-9,963,234,7_c
AMW29,429734.2729492188,7-9,962,456,8_c
AMW29,437070.2729492188,7-9,1198,692,9_d
AMW29,438950.2729492188,7-9,1551,838,continue
AMW29,458062.2729492188,10-12,485,230,10_a
AMW29,471862.2724609375,10-12,715,461,11_b
AMW29,480894.2724609375,10-12,478,682,12_a
AMW29,482494.2724609375,10-12,1514,832,continue
AMW29,502214.2729492188,13-15,960,236,13_c
AMW29,522822.2724609375,13-15,1204,464,14_d
AMW29,540654.2729492189,13-15,1438,697,15_e
AMW29,556302.2724609375,13-15,410,837,back
AMW29,564725.2729492189,10-12,410,837,back
AMW29,573989.2729492189,7-9,409,835,back
AMW29,578877.2729492189,4-6,1542,841,continue
AMW29,580726.2729492189,7-9,1542,841,continue
AMW29,582006.2724609375,10-12,1542,841,continue
AMW29,609853.2729492189,13-15,408,833,back
AMW29,610774.2729492189,10-12,408,833,back
AMW29,611789.2724609375,7-9,408,833,back
AMW29,613158.2724609375,4-6,411,833,back
AMW29,615685.2729492189,1-3,1524,853,continue
AMW29,616709.2729492189,4-6,1523,839,continue
AMW29,617357.2729492189,7-9,1523,839,continue
AMW29,618077.2729492189,10-12,1523,839,continue
AMW29,644221.2729492189,16-20,1485,174,16_d
AMW29,653973.2724609375,16-20,1332,306,17_a
AMW29,657853.2729492189,16-20,1386,437,18_b
AMW29,662949.2729492189,16-20,1342,573,19_a
AMW29,682589.2729492189,16-20,1542,709,20_e
AMW29,683837.2729492189,16-20,1522,863,continue
AMW29,709205.2729492188,21-25,1440,170,21_c
AMW29,714101.2729492188,21-25,1393,300,22_b
AMW29,745293.2729492188,21-25,1338,442,23_a
AMW29,787365.2729492188,21-25,1536,575,24_e
AMW29,822092.2729492188,21-25,1543,710,25_e
AMW29,823165.2729492188,21-25,1538,852,continue
AMW29,847596.2729492188,26-30,1485,173,26_d
AMW29,860732.2729492188,26-30,1535,309,27_e
AMW29,875780.2729492188,26-30,1426,439,28_c
AMW29,876764.2729492188,26-30,1385,576,29_b
AMW29,877540.2729492188,26-30,1439,708,30_c
AMW29,878900.2729492188,26-30,1494,710,30_d
AMW29,901628.2729492188,31-33,724,280,31_b
AMW29,903283.2729492188,31-33,966,549,32_c
AMW29,905211.2729492188,31-33,721,809,33_b
AMW29,906284.2729492188,31-33,1536,940,continue
AMW29,910220.2729492188,34-36,958,282,34_c
AMW29,915540.2729492188,34-36,1200,550,35_d
AMW29,922180.2729492188,34-36,484,810,36_a
AMW29,923236.2729492188,34-36,1490,931,continue
AMW29,923692.2729492188,34-36,1511,937,continue
AMW29,927379.2729492188,37-39,1437,280,37_e
AMW29,931851.2729492188,37-39,1196,545,38_d
AMW29,938355.2729492188,37-39,719,811,39_b
AMW29,946123.2729492188,37-39,1192,808,39_d
AMW29,947683.2734375,37-39,1551,939,continue
AMW29,966348.2729492188,40-42,483,272,40_a
AMW29,995171.2729492188,40-42,484,546,41_a
AMW29,1009371.2729492188,40-42,949,817,42_c
AMW29,1010803.2729492188,40-42,1539,928,continue
AMW29,1014476.2729492188,43-45,401,898,not on any aoi
AMW29,1017459.2734375,40-42,957,545,41_c
AMW29,1018075.2729492188,40-42,966,550,41_c
AMW29,1019659.2729492188,40-42,479,538,41_a
AMW29,1026307.2729492188,40-42,721,543,41_b
AMW29,1027315.2729492188,40-42,1532,929,continue
AMW29,1040835.2729492188,43-45,719,278,43_b
AMW29,1049147.2729492188,43-45,403,905,not on any aoi
AMW29,1069003.2729492188,40-42,1529,925,continue
AMW29,1120347.2734375,46-48,1207,246,46_d
AMW29,1131555.2729492188,46-48,1426,513,47_e
AMW29,1153267.2729492188,46-48,1204,779,48_d
AMW29,1154243.2729492188,46-48,1520,932,continue
AMW29,1161098.2729492188,49-51,717,245,49_b
AMW29,1171954.2729492188,49-51,955,510,50_c
AMW29,1178138.2729492188,49-51,481,776,51_a
AMW29,1184138.2729492188,49-51,1517,929,continue
AMW29,1205042.2729492188,52-54,1197,247,52_d
AMW29,1236138.2729492188,52-54,479,512,53_a
AMW29,1253730.2729492188,52-54,476,772,54_a
AMW29,1284362.2729492188,52-54,1524,932,continue
AMW29,1286978.2734375,55-56,721,242,55_b
AMW29,1287866.2734375,55-56,475,512,56_a
AMW29,1289562.2729492188,55-56,960,510,56_c
AMW29,1291770.2729492188,55-56,1193,513,56_d
AMW29,1293362.2729492188,55-56,727,500,56_b
APB13,1939196.0810546875,1-3,1199,249,1_d
APB13,1944436.0810546875,1-3,724,474,2_b
APB13,1947708.0810546875,1-3,1443,704,3_e
APB13,1948524.0810546875,1-3,1547,847,continue
APB13,1951140.0810546875,4-6,486,240,4_a
APB13,1958164.0810546875,4-6,1438,461,5_e
APB13,1964779.0810546875,4-6,721,689,6_b
APB13,1965827.0810546875,4-6,1558,831,continue
APB13,1969531.0810546875,7-9,952,235,7_c
APB13,1973539.0810546875,7-9,964,452,8_c
APB13,1981203.0810546875,7-9,1203,685,9_d
APB13,1983379.0810546875,7-9,1541,836,continue
APB13,1996772.0810546875,10-12,486,229,10_a
APB13,2006492.0810546875,10-12,719,464,11_b
APB13,2011980.0810546875,10-12,479,696,12_a
APB13,2014484.0810546875,10-12,1537,835,continue
APB13,2028979.0810546875,13-15,482,234,13_a
APB13,2047923.0810546875,13-15,1200,469,14_d
APB13,2070555.0810546875,13-15,483,689,15_a
APB13,2072067.0810546875,13-15,477,693,15_a
APB13,2077507.0810546875,13-15,1206,687,15_d
APB13,2078739.0810546875,13-15,394,831,back
APB13,2083363.0810546875,10-12,1528,841,continue
APB13,2100627.0810546875,13-15,965,692,15_c
APB13,2106099.0810546875,13-15,1443,698,15_e
APB13,2195035.0810546875,16-20,1486,166,16_d
APB13,2199259.0810546875,16-20,1334,308,17_a
APB13,2202675.0810546875,16-20,1382,436,18_b
APB13,2218091.0810546875,16-20,1340,574,19_a
APB13,2224954.0810546875,16-20,1542,702,20_e
APB13,2225674.0810546875,16-20,1522,861,continue
APB13,2243610.0810546875,21-25,1338,171,21_a
APB13,2247546.0810546875,21-25,1390,302,22_b
APB13,2252738.0810546875,21-25,1331,434,23_a
APB13,2290858.0810546875,21-25,1433,714,25_c
APB13,2293186.0815429688,21-25,1531,575,24_e
APB13,2293834.0810546875,21-25,1530,857,continue
APB13,2305770.0810546875,26-30,1487,176,26_d
APB13,2318426.0810546875,26-30,1533,307,27_e
APB13,2330778.0815429688,26-30,1482,438,28_d
APB13,2343850.0815429688,26-30,1483,580,29_d
APB13,2378921.0810546875,26-30,1343,703,30_a
APB13,2456489.0810546875,31-33,726,286,31_b
APB13,2458777.0810546875,31-33,951,584,32_c
APB13,2461073.0810546875,31-33,724,834,33_b
APB13,2462385.0805664062,31-33,1549,945,continue
APB13,2465729.0810546875,34-36,1200,316,34_d
APB13,2471281.0810546875,34-36,735,589,35_b
APB13,2473121.0805664062,34-36,729,853,36_b
APB13,2474025.0810546875,34-36,1543,942,continue
APB13,2475849.0810546875,37-39,405,945,back
APB13,2478385.0805664062,34-36,486,849,36_a
APB13,2479729.0810546875,34-36,1506,940,continue
APB13,2484786.0810546875,37-39,1454,325,37_e
APB13,2487810.0810546875,37-39,1188,582,38_d
APB13,2493354.0810546875,37-39,969,855,39_c
APB13,2498474.0810546875,37-39,1537,950,continue
APB13,2508737.0810546875,40-42,485,318,40_a
APB13,2546321.0810546875,40-42,1200,578,41_d
APB13,2559081.0810546875,40-42,1434,844,42_e
APB13,2561073.0810546875,40-42,959,843,42_c
APB13,2564033.0810546875,40-42,1523,929,continue
APB13,2574841.0810546875,43-45,1192,317,43_d
APB13,2589680.0805664062,43-45,1447,560,44_e
APB13,2614032.0810546875,43-45,482,787,45_a
APB13,2619704.0810546875,43-45,960,813,45_c
APB13,2703345.0805664062,46-48,1205,253,46_d
APB13,2712616.0810546875,46-48,1444,517,47_e
APB13,2735520.0810546875,46-48,1205,809,48_d
APB13,2736752.0810546875,46-48,1522,943,continue
APB13,2744064.0810546875,49-51,727,309,49_b
APB13,2754976.0805664062,49-51,969,577,50_c
APB13,2771712.0810546875,49-51,504,827,51_a
APB13,2774208.0810546875,49-51,1527,942,continue
APB13,2787720.0805664062,52-54,722,323,52_b
APB13,2798511.0810546875,52-54,481,584,53_a
APB13,2806479.0810546875,52-54,726,804,54_b
APB13,2808519.0810546875,52-54,1543,934,continue
APB13,2844376.0810546875,55-56,961,583,56_c
APB13,2855776.0810546875,55-56,929,280,55_c
ARR11,19949649.00488281,1-3,1207,287,1_d
ARR11,19955393.00488281,1-3,721,465,2_b
ARR11,19964081.00488281,1-3,1446,700,3_e
ARR11,19965097.00488281,1-3,1525,834,continue
ARR11,19970089.00488281,4-6,483,227,4_a
ARR11,19980753.00488281,4-6,1438,450,5_e
ARR11,19988073.00488281,4-6,714,689,6_b
ARR11,19989321.00488281,4-6,1541,832,continue
ARR11,19999649.00488281,7-9,964,223,7_c
ARR11,20009641.00488281,7-9,721,453,8_b
ARR11,20024049.00488281,7-9,1199,680,9_d
ARR11,20027161.00488281,7-9,1525,822,continue
ARR11,20049408.00439453,10-12,476,231,10_a
ARR11,20061328.00488281,10-12,719,454,11_b
ARR11,20073488.00439453,10-12,494,727,12_a
ARR11,20074568.00488281,10-12,1531,824,continue
ARR11,20121616.00488281,13-15,960,224,13_c
ARR11,20154992.00488281,13-15,1446,451,14_e
ARR11,20157792.00488281,13-15,1217,463,14_d
ARR11,20221343.00488281,16-20,1479,160,16_d
ARR11,20229567.00488281,16-20,1331,296,17_a
ARR11,20232503.00488281,16-20,1385,423,18_b
ARR11,20277871.00488281,16-20,1436,554,19_c
ARR11,20283615.00488281,16-20,1543,695,20_e
ARR11,20285463.00488281,16-20,1523,849,continue
ARR11,20298119.00439453,21-25,1434,158,21_c
ARR11,20306335.00488281,21-25,1389,299,22_b
ARR11,20326599.00439453,21-25,1337,435,23_a
ARR11,20343751.00488281,21-25,1439,569,24_c
ARR11,20389447.00488281,21-25,1485,700,25_d
ARR11,20390047.00488281,21-25,1529,839,continue
ARR11,20390951.00488281,21-25,1529,850,continue
ARR11,20401214.00488281,26-30,1428,173,26_c
ARR11,20401494.00488281,26-30,1443,166,26_c
ARR11,20410350.00488281,26-30,1534,302,27_e
ARR11,20454238.00488281,26-30,1487,562,29_d
ARR11,20485558.00488281,31-33,730,275,31_b
ARR11,20491046.00488281,31-33,961,528,32_c
ARR11,20492878.00488281,31-33,724,804,33_b
ARR11,20493574.00488281,31-33,1563,941,continue
ARR11,20494462.00488281,31-33,1517,931,continue
ARR11,20496782.00488281,34-36,1206,279,34_d
ARR11,20503766.00488281,34-36,724,543,35_b
ARR11,20507142.00488281,34-36,489,808,36_a
ARR11,20509558.00488281,34-36,1520,934,continue
ARR11,20514870.00488281,37-39,1435,269,37_e
ARR11,20519389.00488281,37-39,1204,537,38_d
ARR11,20523821.00488281,37-39,962,805,39_c
ARR11,20536221.00488281,37-39,1203,807,39_d
ARR11,20547853.00488281,37-39,960,804,39_c
ARR11,20549717.00488281,37-39,1203,804,39_d
ARR11,20555925.00488281,37-39,960,801,39_c
ARR11,20556749.005371094,37-39,1555,933,continue
ARR11,20564574.00488281,40-42,1193,276,40_d
ARR11,20575902.00488281,40-42,487,272,40_a
ARR11,20601181.00488281,40-42,723,538,41_b
ARR11,20618605.00488281,40-42,721,803,42_b
ARR11,20620077.00488281,40-42,961,798,42_c
ARR11,20622405.00488281,40-42,1532,916,continue
ARR11,20634237.00488281,43-45,1214,272,43_d
ARR11,20650757.00488281,43-45,1436,530,44_e
ARR11,20759365.00488281,46-48,1201,251,46_d
ARR11,20769485.00488281,46-48,1441,506,47_e
ARR11,20776221.00488281,46-48,718,520,47_b
ARR11,20787925.00488281,46-48,1189,772,48_d
ARR11,20788973.005371094,46-48,1510,935,continue
ARR11,20806468.00488281,49-51,727,248,49_b
ARR11,20836708.00488281,49-51,963,527,50_c
ARR11,20858740.00488281,49-51,497,830,51_a
ARR11,20860108.00488281,49-51,1543,930,continue
ARR11,20878132.00488281,52-54,1197,264,52_d
ARR11,20894308.005371094,52-54,480,530,53_a
ARR11,20901932.00488281,52-54,1449,769,54_e
ARR11,20902588.00488281,52-54,1515,937,continue
ARR11,20918683.00488281,55-56,731,238,55_b
ARR11,20922603.00488281,55-56,949,231,55_c
ARR11,20925379.00488281,55-56,1452,256,55_e
ARS11,3104143.501953125,1-3,1194,237,1_d
ARS11,3106607.501953125,1-3,730,463,2_b
ARS11,3110855.501953125,1-3,1443,690,3_e
ARS11,3112463.501953125,1-3,1510,833,continue
ARS11,3115855.501953125,4-6,481,227,4_a
ARS11,3121983.501953125,4-6,1440,458,5_e
ARS11,3130383.501953125,4-6,718,670,6_b
ARS11,3131791.501953125,4-6,1541,827,continue
ARS11,3138984.501953125,7-9,957,224,7_c
ARS11,3143400.501953125,7-9,959,448,8_c
ARS11,3155472.501953125,7-9,1193,683,9_d
ARS11,3162344.501953125,7-9,1529,822,continue
ARS11,3169256.501953125,10-12,484,222,10_a
ARS11,3175264.501953125,10-12,718,446,11_b
ARS11,3194168.501953125,10-12,478,685,12_a
ARS11,3201320.501953125,10-12,1537,834,continue
ARS11,3239784.501953125,13-15,960,221,13_c
ARS11,3271040.501953125,13-15,1205,455,14_d
ARS11,3299568.501953125,13-15,1437,682,15_e
ARS11,3368272.501953125,16-20,1487,164,16_d
ARS11,3371176.501953125,16-20,1340,298,17_a
ARS11,3373408.501953125,16-20,1379,430,18_b
ARS11,3379080.501953125,16-20,1341,574,19_a
ARS11,3403488.501953125,16-20,1541,704,20_e
ARS11,3404344.501953125,16-20,1515,859,continue
ARS11,3412152.501953125,21-25,1439,159,21_c
ARS11,3421960.501953125,21-25,1380,292,22_b
ARS11,3468624.501953125,21-25,1333,434,23_a
ARS11,3512592.501953125,21-25,1544,698,25_e
ARS11,3532784.501953125,21-25,1379,566,24_b
ARS11,3533680.501953125,21-25,1557,852,continue
ARS11,3540120.501953125,26-30,1537,298,27_e
ARS11,3549112.501953125,26-30,1432,167,26_c
ARS11,3569200.501953125,26-30,1495,427,28_d
ARS11,3597000.501953125,26-30,1481,572,29_d
ARS11,3632776.501953125,31-33,712,272,31_b
ARS11,3633320.501953125,31-33,716,268,31_b
ARS11,3634952.501953125,31-33,960,530,32_c
ARS11,3637128.501953125,31-33,716,806,33_b
ARS11,3637976.501953125,31-33,1513,938,continue
ARS11,3640576.501953125,34-36,1198,266,34_d
ARS11,3644072.501953125,34-36,1441,536,35_e
ARS11,3647808.501953125,34-36,488,807,36_a
ARS11,3649200.501953125,34-36,1551,938,continue
ARS11,3656984.501953125,37-39,1440,273,37_e
ARS11,3662968.501953125,37-39,1205,535,38_d
ARS11,3675848.501953125,37-39,957,805,39_c
ARS11,3680560.501953125,37-39,1532,922,continue
ARS11,3692072.501953125,40-42,477,267,40_a
ARS11,3718896.501953125,40-42,1201,542,41_d
ARS11,3763928.501953125,40-42,724,806,42_b
ARS11,3794928.501953125,40-42,958,798,42_c
ARS11,3798264.501953125,40-42,1532,929,continue
ARS11,3804872.501953125,43-45,471,266,43_a
ARS11,3806376.501953125,43-45,479,527,44_a
ARS11,3807616.501953125,43-45,963,781,45_c
ARS11,3914032.501953125,46-48,1202,237,46_d
ARS11,3928568.501953125,46-48,714,499,47_b
ARS11,3937872.501953125,46-48,1206,768,48_d
ARS11,3951376.501953125,46-48,1526,933,continue
ARS11,3960008.501953125,49-51,726,238,49_b
ARS11,3993656.501953125,49-51,959,493,50_c
ARS11,4009656.501953125,49-51,473,760,51_a
ARS11,4011992.501953125,49-51,1516,929,continue
ARS11,4038008.501953125,52-54,716,233,52_b
ARS11,4058864.501953125,52-54,1195,763,54_d
ARS11,4072696.501953125,52-54,474,499,53_a
ARS11,4073864.501953125,52-54,1512,931,continue
ARÃƒâ€“16,19876413.419921875,1-3,1201,236,1_d
ARÃƒâ€“16,19879813.419921875,1-3,720,509,2_b
ARÃƒâ€“16,19882717.42041016,1-3,963,741,3_c
ARÃƒâ€“16,19884341.42041016,1-3,1512,839,continue
ARÃƒâ€“16,19888021.419921875,4-6,1202,229,4_d
ARÃƒâ€“16,19891325.419921875,4-6,487,231,4_a
ARÃƒâ€“16,19898677.42041016,4-6,1433,505,5_e
ARÃƒâ€“16,19903365.419921875,4-6,711,736,6_b
ARÃƒâ€“16,19908581.419921875,4-6,1536,824,continue
ARÃƒâ€“16,19914629.419921875,7-9,949,264,7_c
ARÃƒâ€“16,19918733.419921875,7-9,724,508,8_b
ARÃƒâ€“16,19928669.419921875,7-9,1205,735,9_d
ARÃƒâ€“16,19929765.419921875,7-9,1534,831,continue
ARÃƒâ€“16,19934852.419921875,10-12,489,275,10_a
ARÃƒâ€“16,19941020.419921875,10-12,718,512,11_b
ARÃƒâ€“16,19948540.419921875,10-12,1193,744,12_d
ARÃƒâ€“16,19960268.419921875,10-12,483,729,12_a
ARÃƒâ€“16,19962253.419921875,10-12,1518,825,continue
ARÃƒâ€“16,19989685.419921875,13-15,972,285,13_c
ARÃƒâ€“16,20003317.419921875,13-15,1186,511,14_d
ARÃƒâ€“16,20018269.42041016,13-15,975,741,15_c
ARÃƒâ€“16,20131300.419921875,16-20,1486,163,16_d
ARÃƒâ€“16,20135236.419921875,16-20,1334,299,17_a
ARÃƒâ€“16,20138508.419921875,16-20,1389,434,18_b
ARÃƒâ€“16,20149228.419921875,16-20,1331,566,19_a
ARÃƒâ€“16,20166892.419921875,16-20,1530,701,20_e
ARÃƒâ€“16,20167948.419433594,16-20,1531,852,continue
ARÃƒâ€“16,20180132.419921875,21-25,1433,156,21_c
ARÃƒâ€“16,20185188.419921875,21-25,1387,293,22_b
ARÃƒâ€“16,20192484.419921875,21-25,1335,424,23_a
ARÃƒâ€“16,20223068.419921875,21-25,1534,699,25_e
ARÃƒâ€“16,20232308.419921875,21-25,1436,568,24_c
ARÃƒâ€“16,20233276.419921875,21-25,1508,854,continue
ARÃƒâ€“16,20245740.419921875,26-30,1437,160,26_c
ARÃƒâ€“16,20255788.419921875,26-30,1533,296,27_e
ARÃƒâ€“16,20272260.419921875,26-30,1481,421,28_d
ARÃƒâ€“16,20294460.419921875,26-30,1485,567,29_d
ARÃƒâ€“16,20309707.419921875,26-30,1388,700,30_b
ARÃƒâ€“16,20393483.419921875,31-33,717,300,31_b
ARÃƒâ€“16,20396556.419921875,31-33,962,575,32_c
ARÃƒâ€“16,20400476.419921875,31-33,720,840,33_b
ARÃƒâ€“16,20402011.419921875,31-33,1526,940,continue
ARÃƒâ€“16,20406484.419921875,34-36,1189,309,34_d
ARÃƒâ€“16,20412348.419921875,34-36,1437,583,35_e
ARÃƒâ€“16,20416548.419921875,34-36,480,833,36_a
ARÃƒâ€“16,20418908.419921875,34-36,1538,931,continue
ARÃƒâ€“16,20426268.419921875,37-39,1441,316,37_e
ARÃƒâ€“16,20434244.419921875,37-39,1200,582,38_d
ARÃƒâ€“16,20454011.419921875,37-39,956,844,39_c
ARÃƒâ€“16,20456267.419921875,37-39,1540,932,continue
ARÃƒâ€“16,20471915.419921875,40-42,480,314,40_a
ARÃƒâ€“16,20491091.419921875,40-42,717,573,41_b
ARÃƒâ€“16,20516115.419921875,40-42,962,834,42_c
ARÃƒâ€“16,20517515.419921875,40-42,1525,910,continue
ARÃƒâ€“16,20525563.419921875,43-45,719,298,43_b
ARÃƒâ€“16,20569339.419921875,43-45,1202,565,44_d
ARÃƒâ€“16,20660763.419921875,46-48,1202,234,46_d
ARÃƒâ€“16,20683459.419921875,46-48,710,565,47_b
ARÃƒâ€“16,20692915.419921875,46-48,1204,771,48_d
ARÃƒâ€“16,20694867.419921875,46-48,1531,930,continue
ARÃƒâ€“16,20707659.419921875,49-51,715,303,49_b
ARÃƒâ€“16,20734083.419921875,49-51,966,529,50_c
ARÃƒâ€“16,20748635.419921875,49-51,485,844,51_a
ARÃƒâ€“16,20750059.419921875,49-51,1528,919,continue
ARÃƒâ€“16,20779506.419921875,52-54,1227,294,52_d
ARÃƒâ€“16,20799898.419921875,52-54,477,543,53_a
ARÃƒâ€“16,20826778.419921875,52-54,1214,807,54_d
ASK01,7636711.80078125,1-3,1201,238,1_d
ASK01,7640623.800292969,1-3,721,467,2_b
ASK01,7645878.80078125,1-3,1441,698,3_e
ASK01,7647854.80078125,1-3,1533,838,continue
ASK01,7651110.80078125,4-6,471,227,4_a
ASK01,7655518.80078125,4-6,1445,448,5_e
ASK01,7660438.80078125,4-6,720,681,6_b
ASK01,7661662.80078125,4-6,1542,826,continue
ASK01,7666143.80078125,7-9,963,223,7_c
ASK01,7675927.80078125,7-9,963,445,8_c
ASK01,7695543.80078125,7-9,1204,681,9_d
ASK01,7696646.80078125,7-9,1525,831,continue
ASK01,7710494.80078125,10-12,716,223,10_b
ASK01,7722142.80078125,10-12,723,452,11_b
ASK01,7734558.80078125,10-12,476,684,12_a
ASK01,7735902.80078125,10-12,1514,834,continue
ASK01,7752174.80078125,13-15,966,224,13_c
ASK01,7771094.80078125,13-15,1443,451,14_e
ASK01,7796422.80078125,13-15,1448,688,15_e
ASK01,7835597.80078125,13-15,416,829,back
ASK01,7852309.80078125,10-12,404,833,back
ASK01,7868253.801269531,7-9,1527,825,continue
ASK01,7869310.80078125,10-12,1527,825,continue
ASK01,7901966.80078125,16-20,1484,163,16_d
ASK01,7911742.80078125,16-20,1338,296,17_a
ASK01,7914998.80078125,16-20,1385,431,18_b
ASK01,7929573.80078125,16-20,1439,571,19_c
ASK01,7947893.80078125,16-20,1535,702,20_e
ASK01,7949157.80078125,16-20,1543,854,continue
ASK01,7960645.80078125,21-25,1435,159,21_c
ASK01,7965445.80078125,21-25,1385,297,22_b
ASK01,8020676.80078125,21-25,1339,427,23_a
ASK01,8036388.80078125,21-25,1540,702,25_e
ASK01,8048356.80078125,21-25,1436,568,24_c
ASK01,8049940.80078125,21-25,1551,855,continue
ASK01,8096725.80078125,26-30,1485,561,29_d
ASK01,8128268.80078125,26-30,1435,160,26_c
ASK01,8130348.80078125,26-30,1387,437,28_b
ASK01,8134245.80078125,26-30,1384,702,30_b
ASK01,8169603.800292969,31-33,722,270,31_b
ASK01,8172875.80078125,31-33,957,536,32_c
ASK01,8175955.80078125,31-33,724,799,33_b
ASK01,8176907.80078125,31-33,1502,929,continue
ASK01,8183340.80078125,34-36,1197,268,34_d
ASK01,8189107.80078125,34-36,723,531,35_b
ASK01,8192019.80078125,34-36,481,803,36_a
ASK01,8193315.80078125,34-36,1507,943,continue
ASK01,8198596.80078125,37-39,1440,265,37_e
ASK01,8202988.80078125,37-39,1204,535,38_d
ASK01,8214116.80078125,37-39,957,801,39_c
ASK01,8221948.80078125,37-39,1550,936,continue
ASK01,8243891.80078125,40-42,478,269,40_a
ASK01,8263843.80078125,40-42,961,529,41_c
ASK01,8282939.80078125,40-42,961,802,42_c
ASK01,8284467.80078125,40-42,1548,918,continue
ASK01,8297651.80078125,43-45,1201,263,43_d
ASK01,8342475.80078125,43-45,482,775,45_a
ASK01,8445466.80078125,46-48,1203,236,46_d
ASK01,8462986.80078125,46-48,720,500,47_b
ASK01,8470154.80078125,46-48,1201,769,48_d
ASK01,8471234.80078125,46-48,1549,928,continue
ASK01,8487155.80078125,49-51,721,236,49_b
ASK01,8500491.800292969,49-51,962,506,50_c
ASK01,8516859.80078125,49-51,475,761,51_a
ASK01,8517851.80078125,49-51,1530,922,continue
ASK01,8551418.80078125,52-54,1202,238,52_d
ATH05,2600906.422363281,1-3,1213,283,1_d
ATH05,2606434.4228515625,1-3,713,507,2_b
ATH05,2614826.4228515625,1-3,1444,737,3_e
ATH05,2616178.4228515625,1-3,1542,840,continue
ATH05,2624186.4228515625,4-6,490,280,4_a
ATH05,2637138.4228515625,4-6,1427,492,5_e
ATH05,2647394.4228515625,4-6,727,742,6_b
ATH05,2648554.4228515625,4-6,1535,829,continue
ATH05,2662906.422363281,7-9,970,261,7_c
ATH05,2670410.4228515625,7-9,958,502,8_c
ATH05,2697138.4228515625,7-9,1197,735,9_d
ATH05,2700722.422363281,7-9,1535,827,continue
ATH05,2717706.4228515625,10-12,480,263,10_a
ATH05,2718810.4228515625,10-12,482,235,10_a
ATH05,2737977.4228515625,10-12,729,504,11_b
ATH05,2755281.4228515625,10-12,489,747,12_a
ATH05,2759169.4228515625,10-12,1547,828,continue
ATH05,2797386.422363281,13-15,959,259,13_c
ATH05,2815210.4228515625,13-15,478,506,14_a
ATH05,2823098.4228515625,13-15,955,742,15_c
ATH05,2835561.4228515625,16-20,405,858,back
ATH05,2848697.4228515625,16-20,1486,164,16_d
ATH05,2854697.4228515625,16-20,1336,302,17_a
ATH05,2861561.4228515625,16-20,1388,428,18_b
ATH05,2866105.4228515625,16-20,1333,561,19_a
ATH05,2876065.4228515625,16-20,1537,701,20_e
ATH05,2876865.4228515625,16-20,1531,850,continue
ATH05,2885337.4228515625,21-25,1433,164,21_c
ATH05,2891913.4228515625,21-25,1381,294,22_b
ATH05,2906721.4228515625,21-25,1335,434,23_a
ATH05,2922169.4228515625,21-25,1336,563,24_a
ATH05,2942633.4228515625,21-25,1538,700,25_e
ATH05,2944841.4228515625,21-25,1529,849,continue
ATH05,2974648.4233398438,26-30,1335,159,26_a
ATH05,2984200.4228515625,26-30,1533,296,27_e
ATH05,2996744.4228515625,26-30,1533,424,28_e
ATH05,3015960.4228515625,26-30,1380,564,29_b
ATH05,3032264.4228515625,26-30,1434,697,30_c
ATH05,3097672.4228515625,31-33,727,305,31_b
ATH05,3101088.4228515625,31-33,970,573,32_c
ATH05,3103800.4228515625,31-33,712,843,33_b
ATH05,3105176.4228515625,31-33,1555,937,continue
ATH05,3110008.4228515625,34-36,1176,309,34_d
ATH05,3116832.4228515625,34-36,725,590,35_b
ATH05,3120680.4228515625,34-36,480,834,36_a
ATH05,3122520.4228515625,34-36,1543,937,continue
ATH05,3130879.4228515625,37-39,1453,315,37_e
ATH05,3135903.4228515625,37-39,1202,572,38_d
ATH05,3149903.4228515625,37-39,941,851,39_c
ATH05,3151007.4228515625,37-39,947,840,39_c
ATH05,3152431.4233398438,37-39,1546,936,continue
ATH05,3169224.4228515625,40-42,490,304,40_a
ATH05,3194415.4228515625,40-42,729,579,41_b
ATH05,3212527.4228515625,40-42,721,848,42_b
ATH05,3220687.4233398438,40-42,1545,920,continue
ATH05,3237143.4228515625,43-45,482,310,43_a
ATH05,3243663.4228515625,43-45,1202,305,43_d
ATH05,3260199.4228515625,43-45,715,555,44_b
ATH05,3274359.4233398438,43-45,727,821,45_b
ATH05,3350759.4233398438,46-48,1224,306,46_d
ATH05,3362431.4233398438,46-48,702,576,47_b
ATH05,3379703.4228515625,46-48,1221,828,48_d
ATH05,3381335.4228515625,46-48,1542,935,continue
ATH05,3392766.4228515625,49-51,733,298,49_b
ATH05,3417038.4228515625,49-51,959,567,50_c
ATH05,3430550.4228515625,49-51,493,834,51_a
ATH05,3436486.4228515625,49-51,1507,924,continue
ATH05,3455270.4228515625,52-54,1227,306,52_d
ATH05,3466918.4228515625,52-54,953,570,53_c
ATH05,3487702.4223632812,52-54,492,811,54_a
ATH05,3488494.4228515625,52-54,1558,925,continue
ATH05,3504685.4228515625,55-56,965,303,55_c
ATH05,3518213.4228515625,55-56,738,576,56_b
ATT26,1971047.368652344,1-3,1204,239,1_d
ATT26,1974189.369140625,1-3,721,461,2_b
ATT26,1977077.369140625,1-3,1440,692,3_e
ATT26,1978053.3696289062,1-3,1522,838,continue
ATT26,1982021.369140625,4-6,482,222,4_a
ATT26,1986453.369140625,4-6,1448,451,5_e
ATT26,1990653.369140625,4-6,722,681,6_b
ATT26,1992501.369140625,4-6,1522,823,continue
ATT26,1998437.369140625,7-9,961,222,7_c
ATT26,2005413.369140625,7-9,960,454,8_c
ATT26,2011669.369140625,7-9,1201,683,9_d
ATT26,2013925.369140625,7-9,1530,816,continue
ATT26,2025597.369140625,10-12,479,224,10_a
ATT26,2038597.369140625,10-12,485,457,11_a
ATT26,2057645.3696289062,10-12,488,681,12_a
ATT26,2059805.369140625,10-12,1531,832,continue
ATT26,2075933.369140625,13-15,961,224,13_c
ATT26,2103037.369140625,13-15,1441,450,14_e
ATT26,2117349.3696289062,13-15,1197,688,15_d
ATT26,2121125.3696289062,13-15,1282,801,not on any aoi
ATT26,2154317.369140625,13-15,718,684,15_b
ATT26,2171885.369140625,13-15,414,825,back
ATT26,2195445.369140625,10-12,722,449,11_b
ATT26,2231837.369140625,16-20,1485,155,16_d
ATT26,2236173.369140625,16-20,1337,295,17_a
ATT26,2245173.369140625,16-20,1389,429,18_b
ATT26,2252117.369140625,16-20,1337,563,19_a
ATT26,2258397.369140625,16-20,1537,693,20_e
ATT26,2259397.369140625,16-20,1553,844,continue
ATT26,2285612.369140625,21-25,1441,160,21_c
ATT26,2296628.369140625,21-25,1387,291,22_b
ATT26,2329235.369140625,21-25,1440,563,24_c
ATT26,2336907.369140625,21-25,1537,431,23_e
ATT26,2372211.369140625,21-25,1384,697,25_b
ATT26,2387291.369140625,21-25,1536,844,continue
ATT26,2399683.369140625,26-30,1434,162,26_c
ATT26,2411307.369140625,26-30,1541,298,27_e
ATT26,2434459.369140625,26-30,1486,427,28_d
ATT26,2499387.369140625,31-33,722,268,31_b
ATT26,2503067.368652344,31-33,959,531,32_c
ATT26,2505219.369140625,31-33,717,799,33_b
ATT26,2506099.369140625,31-33,1516,928,continue
ATT26,2509715.369140625,34-36,716,277,34_b
ATT26,2512627.369140625,34-36,725,537,35_b
ATT26,2518371.369140625,34-36,474,797,36_a
ATT26,2519235.369140625,34-36,1525,935,continue
ATT26,2526194.369140625,37-39,1439,270,37_e
ATT26,2533914.369140625,37-39,1199,536,38_d
ATT26,2542562.369140625,37-39,1199,801,39_d
ATT26,2544282.369140625,37-39,958,805,39_c
ATT26,2545330.369140625,37-39,1521,933,continue
ATT26,2555955.368652344,40-42,478,266,40_a
ATT26,2576499.369140625,40-42,480,529,41_a
ATT26,2596459.369140625,40-42,962,801,42_c
ATT26,2597475.368652344,40-42,1539,924,continue
ATT26,2608171.369140625,43-45,1202,274,43_d
ATT26,2633706.369140625,43-45,1435,522,44_e
ATT26,2774418.369140625,46-48,1198,235,46_d
ATT26,2787442.369140625,46-48,722,503,47_b
ATT26,2804362.369140625,46-48,1200,765,48_d
ATT26,2805418.369140625,46-48,1512,924,continue
ATT26,2817177.369140625,49-51,721,232,49_b
ATT26,2828465.369140625,49-51,965,502,50_c
ATT26,2859609.369140625,49-51,1200,762,51_d
ATT26,2862641.369140625,49-51,1533,925,continue
ATT26,2882249.369140625,52-54,1207,239,52_d
ATT26,2896025.369140625,52-54,482,497,53_a
ATT26,2915057.369140625,52-54,959,764,54_c
ATT26,2916457.369140625,52-54,1534,924,continue
ATT26,2937169.369140625,55-56,483,233,55_a
ATT26,2942585.369140625,55-56,713,497,56_b
ATT30,2158710.5888671875,1-3,1193,287,1_d
ATT30,2160710.5888671875,1-3,720,512,2_b
ATT30,2162734.5888671875,1-3,1444,738,3_e
ATT30,2163446.5888671875,1-3,1515,833,continue
ATT30,2166559.5893554688,4-6,481,273,4_a
ATT30,2170727.5888671875,4-6,1454,502,5_e
ATT30,2174119.5888671875,4-6,1200,727,6_d
ATT30,2175175.5888671875,4-6,1533,826,continue
ATT30,2180358.5888671875,7-9,971,260,7_c
ATT30,2183054.5883789062,7-9,731,494,8_b
ATT30,2190806.5888671875,7-9,477,730,9_a
ATT30,2191854.5888671875,7-9,1533,827,continue
ATT30,2202310.5883789062,10-12,1182,276,10_d
ATT30,2207030.5888671875,10-12,733,509,11_b
ATT30,2215358.5888671875,10-12,955,739,12_c
ATT30,2216398.5888671875,10-12,1528,828,continue
ATT30,2225254.5888671875,13-15,1452,274,13_e
ATT30,2234862.5888671875,13-15,726,517,14_b
ATT30,2241502.5888671875,13-15,714,723,15_b
ATT30,2285238.5883789062,13-15,1203,270,13_d
ATT30,2302038.5888671875,13-15,483,506,14_a
ATT30,2423205.5888671875,16-20,1485,161,16_d
ATT30,2430237.5888671875,16-20,1333,292,17_a
ATT30,2432845.5888671875,16-20,1389,434,18_b
ATT30,2440421.5888671875,16-20,1334,562,19_a
ATT30,2448213.5888671875,16-20,1536,697,20_e
ATT30,2449133.5888671875,16-20,1519,853,continue
ATT30,2461429.5888671875,21-25,1332,164,21_a
ATT30,2465645.5888671875,21-25,1388,296,22_b
ATT30,2473141.5888671875,21-25,1487,429,23_d
ATT30,2481541.5888671875,21-25,1389,567,24_b
ATT30,2492197.5888671875,21-25,1538,705,25_e
ATT30,2493141.5888671875,21-25,1543,855,continue
ATT30,2509989.5888671875,26-30,1485,162,26_d
ATT30,2516213.5888671875,26-30,1340,299,27_a
ATT30,2527461.5888671875,26-30,1482,431,28_d
ATT30,2551357.5888671875,26-30,1486,565,29_d
ATT30,2563045.5888671875,26-30,1486,702,30_d
ATT30,2620061.5888671875,26-30,1539,700,30_e
ATT30,2688277.5888671875,31-33,718,293,31_b
ATT30,2690861.5888671875,31-33,967,582,32_c
ATT30,2693949.5888671875,31-33,712,841,33_b
ATT30,2696069.5888671875,31-33,1531,941,continue
ATT30,2700068.5888671875,34-36,1217,310,34_d
ATT30,2707468.5888671875,34-36,1457,568,35_e
ATT30,2717116.5888671875,34-36,966,839,36_c
ATT30,2720404.5888671875,34-36,1537,943,continue
ATT30,2723957.5888671875,37-39,961,308,37_c
ATT30,2730341.5888671875,37-39,1429,307,37_e
ATT30,2745629.5888671875,37-39,976,582,38_c
ATT30,2753525.5888671875,37-39,483,845,39_a
ATT30,2758453.5888671875,37-39,967,836,39_c
ATT30,2765829.5888671875,37-39,1525,937,continue
ATT30,2774540.5888671875,40-42,482,310,40_a
ATT30,2790412.5888671875,40-42,725,581,41_b
ATT30,2791660.5888671875,40-42,954,569,41_c
ATT30,2793652.5888671875,40-42,723,573,41_b
ATT30,2807084.5888671875,40-42,965,852,42_c
ATT30,2809876.5888671875,40-42,1525,916,continue
ATT30,2831236.5888671875,43-45,1215,300,43_d
ATT30,2841876.5888671875,43-45,959,544,44_c
ATT30,2846252.5888671875,43-45,1450,555,44_e
ATT30,2858732.5888671875,43-45,1211,812,45_d
ATT30,2948803.5888671875,46-48,1196,311,46_d
ATT30,2966419.5888671875,46-48,728,301,46_b
ATT30,2971707.5888671875,46-48,1197,556,47_d
ATT30,2980395.5888671875,46-48,470,835,48_a
ATT30,2982019.5888671875,46-48,1531,936,continue
ATT30,2992291.5883789062,49-51,976,278,49_c
ATT30,3002347.5888671875,49-51,742,559,50_b
ATT30,3007291.5883789062,49-51,977,812,51_c
ATT30,3008555.5888671875,49-51,1557,926,continue
ATT30,3019140.5888671875,52-54,1186,280,52_d
ATT30,3028884.5888671875,52-54,743,560,53_b
ATT30,3033004.5888671875,52-54,977,842,54_c
ATT30,3034628.5888671875,52-54,1542,918,continue
ATT30,3043772.5888671875,55-56,946,304,55_c
ATT30,3072772.5888671875,55-56,1217,585,56_d
AWR24,2213606.0747070312,1-3,1209,282,1_d
AWR24,2215414.0751953125,1-3,719,496,2_b
AWR24,2218126.0747070312,1-3,1418,743,3_e
AWR24,2218958.0751953125,1-3,1527,840,continue
AWR24,2221533.0751953125,4-6,476,275,4_a
AWR24,2226725.0751953125,4-6,1437,479,5_e
AWR24,2232821.0751953125,4-6,714,733,6_b
AWR24,2233629.0751953125,4-6,1525,821,continue
AWR24,2237349.0751953125,7-9,975,274,7_c
AWR24,2245949.0751953125,7-9,960,500,8_c
AWR24,2257765.0751953125,7-9,1205,735,9_d
AWR24,2258437.0751953125,7-9,1517,826,continue
AWR24,2267614.0751953125,10-12,492,267,10_a
AWR24,2287661.0751953125,10-12,703,493,11_b
AWR24,2300206.0747070312,10-12,476,733,12_a
AWR24,2301317.0747070312,10-12,1517,820,continue
AWR24,2317429.0751953125,13-15,958,272,13_c
AWR24,2359933.0751953125,13-15,1441,513,14_e
AWR24,2390492.0751953125,13-15,1437,731,15_e
AWR24,2419588.0751953125,13-15,1215,488,14_d
AWR24,2441932.0751953125,13-15,412,820,back
AWR24,2493181.0751953125,16-20,1487,161,16_d
AWR24,2497237.0751953125,16-20,1330,297,17_a
AWR24,2499589.0751953125,16-20,1391,435,18_b
AWR24,2505485.0751953125,16-20,1329,571,19_a
AWR24,2516237.0751953125,16-20,1535,701,20_e
AWR24,2517005.0751953125,16-20,1536,847,continue
AWR24,2522701.0751953125,21-25,1433,154,21_c
AWR24,2527405.0751953125,21-25,1393,293,22_b
AWR24,2537324.0751953125,21-25,1340,435,23_a
AWR24,2545740.0751953125,21-25,1441,572,24_c
AWR24,2556844.0751953125,21-25,1526,697,25_e
AWR24,2557548.0751953125,21-25,1526,852,continue
AWR24,2582764.0751953125,26-30,1529,296,27_e
AWR24,2593964.0751953125,26-30,1490,432,28_d
AWR24,2645051.0751953125,26-30,1438,159,26_c
AWR24,2724355.0756835938,26-30,1335,705,30_a
AWR24,2726875.0756835938,26-30,1528,714,30_e
AWR24,2763307.0751953125,31-33,733,320,31_b
AWR24,2766803.0751953125,31-33,951,591,32_c
AWR24,2768267.0751953125,31-33,716,834,33_b
AWR24,2769659.0751953125,31-33,1534,937,continue
AWR24,2772851.0751953125,34-36,1191,309,34_d
AWR24,2775347.0751953125,34-36,719,582,35_b
AWR24,2778211.0751953125,34-36,480,844,36_a
AWR24,2780931.0751953125,34-36,1537,938,continue
AWR24,2785395.0751953125,37-39,1461,300,37_e
AWR24,2791795.0751953125,37-39,1206,584,38_d
AWR24,2798451.0751953125,37-39,963,838,39_c
AWR24,2802195.0751953125,37-39,1544,932,continue
AWR24,2816555.0751953125,40-42,485,304,40_a
AWR24,2833978.0751953125,40-42,483,565,41_a
AWR24,2872130.0751953125,40-42,967,835,42_c
AWR24,2873746.0751953125,40-42,1520,928,continue
AWR24,2882250.0756835938,43-45,1216,294,43_d
AWR24,2907434.0756835938,43-45,1443,545,44_e
AWR24,2997882.0751953125,46-48,1210,269,46_d
AWR24,3006450.0751953125,46-48,732,551,47_b
AWR24,3020354.0756835938,46-48,738,842,48_b
AWR24,3021522.0751953125,46-48,1531,925,continue
AWR24,3031538.0751953125,49-51,738,305,49_b
AWR24,3047442.0751953125,49-51,973,551,50_c
AWR24,3055234.0751953125,49-51,502,828,51_a
AWR24,3056562.0751953125,49-51,1519,934,continue
AWR24,3078426.0751953125,52-54,1208,281,52_d
AWR24,3102418.0751953125,52-54,476,561,53_a
AWR24,3120034.0751953125,52-54,492,817,54_a
AWR24,3122738.0751953125,52-54,1527,934,continue
AWR24,3154729.0751953125,55-56,726,546,56_b
BAH06,1619995.58984375,1-3,1204,246,1_d
BAH06,1629067.58984375,1-3,718,461,2_b
BAH06,1634475.58984375,1-3,1439,692,3_e
BAH06,1635883.58984375,1-3,1533,835,continue
BAH06,1639507.58984375,4-6,486,231,4_a
BAH06,1644531.5893554688,4-6,1444,455,5_e
BAH06,1651467.58984375,4-6,720,682,6_b
BAH06,1652611.58984375,4-6,1538,833,continue
BAH06,1660539.58984375,7-9,955,224,7_c
BAH06,1668691.58984375,7-9,966,459,8_c
BAH06,1684010.58984375,7-9,1203,684,9_d
BAH06,1685555.58984375,7-9,1534,819,continue
BAH06,1692531.5893554688,10-12,479,225,10_a
BAH06,1702659.58984375,10-12,724,451,11_b
BAH06,1724755.58984375,10-12,481,679,12_a
BAH06,1729595.58984375,10-12,1521,827,continue
BAH06,1747707.58984375,13-15,962,225,13_c
BAH06,1783091.58984375,13-15,1202,449,14_d
BAH06,1809906.58984375,13-15,1436,677,15_e
BAH06,1875058.58984375,16-20,1488,170,16_d
BAH06,1880154.58984375,16-20,1331,293,17_a
BAH06,1884130.58984375,16-20,1387,426,18_b
BAH06,1896794.58984375,16-20,1335,564,19_a
BAH06,1917938.58984375,16-20,1536,708,20_e
BAH06,1927234.58984375,16-20,1511,867,continue
BAH06,1928314.58984375,16-20,1517,854,continue
BAH06,1941050.58984375,21-25,1440,161,21_c
BAH06,1952098.58984375,21-25,1387,294,22_b
BAH06,1988354.58984375,21-25,1533,435,23_e
BAH06,1994970.58984375,21-25,1345,433,23_a
BAH06,2004602.58984375,21-25,1439,570,24_c
BAH06,2030202.58984375,21-25,1539,698,25_e
BAH06,2031362.58984375,21-25,1513,854,continue
BAH06,2054682.58984375,26-30,1431,162,26_c
BAH06,2067578.58984375,26-30,1444,301,27_c
BAH06,2078114.58984375,26-30,1493,434,28_d
BAH06,2111890.58984375,26-30,1488,566,29_d
BAH06,2112650.58984375,26-30,1434,700,30_c
BAH06,2134586.58984375,31-33,719,273,31_b
BAH06,2136922.58984375,31-33,963,533,32_c
BAH06,2139306.58984375,31-33,723,811,33_b
BAH06,2140674.58984375,31-33,1536,930,continue
BAH06,2143370.58984375,34-36,1199,263,34_d
BAH06,2149786.58984375,34-36,717,538,35_b
BAH06,2152298.58984375,34-36,486,802,36_a
BAH06,2154810.58984375,34-36,1524,938,continue
BAH06,2160546.58984375,37-39,1447,272,37_e
BAH06,2166250.58984375,37-39,1208,538,38_d
BAH06,2175002.58984375,37-39,965,807,39_c
BAH06,2188722.58984375,37-39,1523,927,continue
BAH06,2207834.58984375,40-42,480,271,40_a
BAH06,2238442.58984375,40-42,718,531,41_b
BAH06,2271818.58984375,40-42,716,809,42_b
BAH06,2274178.58984375,40-42,1433,802,42_e
BAH06,2275090.58984375,40-42,1521,915,continue
BAH06,2288394.58984375,43-45,1197,268,43_d
BAH06,2380369.58984375,46-48,1201,240,46_d
BAH06,2400001.58984375,46-48,724,507,47_b
BAH06,2400481.58984375,46-48,722,501,47_b
BAH06,2431817.58984375,46-48,720,764,48_b
BAH06,2432721.58984375,46-48,1548,928,continue
BAH06,2447505.58984375,49-51,730,231,49_b
BAH06,2467305.58984375,49-51,958,504,50_c
BAH06,2489441.58984375,49-51,477,765,51_a
BAH06,2499721.58984375,49-51,1559,932,continue
BAH06,2536905.5903320312,52-54,1202,239,52_d
BBS13,2675651.4350585938,1-3,1211,284,1_d
BBS13,2680867.4350585938,1-3,743,504,2_b
BBS13,2684363.4350585938,1-3,1439,737,3_e
BBS13,2685595.435546875,1-3,1526,836,continue
BBS13,2688659.4350585938,4-6,470,278,4_a
BBS13,2700955.4350585938,4-6,1445,505,5_e
BBS13,2704611.4350585938,4-6,716,714,6_b
BBS13,2705843.4350585938,4-6,1555,829,continue
BBS13,2710923.4350585938,7-9,959,264,7_c
BBS13,2714203.4350585938,7-9,710,484,8_b
BBS13,2727579.4350585938,7-9,1201,722,9_d
BBS13,2728699.4350585938,7-9,1533,828,continue
BBS13,2745202.4345703125,10-12,480,257,10_a
BBS13,2761458.4345703125,10-12,1195,494,11_d
BBS13,2770322.4350585938,10-12,491,716,12_a
BBS13,2773074.4350585938,10-12,1528,830,continue
BBS13,2790762.4350585938,13-15,977,275,13_c
BBS13,2808466.4350585938,13-15,477,505,14_a
BBS13,2831170.4350585938,13-15,1432,739,15_e
BBS13,2857066.4350585938,13-15,1431,489,14_e
BBS13,2866650.4350585938,13-15,1206,502,14_d
BBS13,2900458.4345703125,13-15,416,824,back
BBS13,2938122.4350585938,16-20,1490,157,16_d
BBS13,2941761.4350585938,16-20,1331,290,17_a
BBS13,2951977.4350585938,16-20,1388,434,18_b
BBS13,2979345.4350585938,16-20,1338,561,19_a
BBS13,2992905.4350585938,16-20,1538,694,20_e
BBS13,2993633.4350585938,16-20,1512,855,continue
BBS13,3008881.4350585938,21-25,1437,154,21_c
BBS13,3016209.4350585938,21-25,1434,286,22_c
BBS13,3019513.4350585938,21-25,1386,289,22_b
BBS13,3027913.4350585938,21-25,1336,428,23_a
BBS13,3038801.4350585938,21-25,1439,561,24_c
BBS13,3065409.4350585938,21-25,1539,700,25_e
BBS13,3068121.4350585938,21-25,1538,853,continue
BBS13,3109369.4350585938,26-30,1533,296,27_e
BBS13,3119777.4350585938,26-30,1436,157,26_c
BBS13,3134329.4350585938,26-30,1485,427,28_d
BBS13,3169249.4350585938,26-30,1480,568,29_d
BBS13,3205185.4350585938,31-33,735,301,31_b
BBS13,3207265.4350585938,31-33,954,563,32_c
BBS13,3209817.4350585938,31-33,716,845,33_b
BBS13,3211537.4350585938,31-33,1555,935,continue
BBS13,3216025.4350585938,34-36,1210,320,34_d
BBS13,3222249.4350585938,34-36,731,567,35_b
BBS13,3227041.4350585938,34-36,481,837,36_a
BBS13,3228665.4350585938,34-36,1528,939,continue
BBS13,3234633.4350585938,37-39,1461,304,37_e
BBS13,3238713.4350585938,37-39,1223,572,38_d
BBS13,3254689.4350585938,37-39,961,832,39_c
BBS13,3260097.4350585938,37-39,1547,930,continue
BBS13,3295689.4350585938,40-42,495,305,40_a
BBS13,3313761.4350585938,40-42,1200,570,41_d
BBS13,3327089.4350585938,40-42,966,830,42_c
BBS13,3328065.4350585938,40-42,1505,922,continue
BBS13,3344081.4350585938,43-45,1203,307,43_d
BBS13,3381960.4350585938,43-45,1440,545,44_e
BBS13,3453121.4350585938,46-48,1196,297,46_d
BBS13,3468361.4350585938,46-48,1447,551,47_e
BBS13,3479481.4350585938,46-48,1205,806,48_d
BBS13,3481313.4350585938,46-48,1545,926,continue
BBS13,3492648.435546875,49-51,736,308,49_b
BBS13,3503896.4350585938,49-51,981,534,50_c
BBS13,3519256.4350585938,49-51,505,796,51_a
BBS13,3520592.4350585938,49-51,1551,929,continue
BBS13,3539536.435546875,52-54,1233,287,52_d
BBS13,3587640.4350585938,52-54,470,539,53_a
BBS13,3611695.4345703125,52-54,1453,803,54_e
BBS13,3612399.4345703125,52-54,1514,922,continue
BBS13,3625159.4350585938,55-56,1454,292,55_e
BEN21,2061947.055175781,1-3,1207,242,1_d
BEN21,2067283.055175781,1-3,724,466,2_b
BEN21,2071971.055175781,1-3,1438,710,3_e
BEN21,2073315.055175781,1-3,1524,847,continue
BEN21,2075771.055175781,4-6,472,227,4_a
BEN21,2082563.055175781,4-6,1449,469,5_e
BEN21,2088251.055175781,4-6,734,728,6_b
BEN21,2089403.055175781,4-6,1544,822,continue
BEN21,2093459.055175781,7-9,946,267,7_c
BEN21,2102075.055175781,7-9,938,498,8_c
BEN21,2114979.055175781,7-9,1182,704,9_d
BEN21,2116291.055175781,7-9,1551,831,continue
BEN21,2125483.055175781,10-12,501,280,10_a
BEN21,2143971.055175781,10-12,726,504,11_b
BEN21,2158635.055175781,10-12,493,739,12_a
BEN21,2159539.055175781,10-12,1525,819,continue
BEN21,2176603.055175781,13-15,493,283,13_a
BEN21,2191835.055175781,13-15,1208,510,14_d
BEN21,2209458.055175781,13-15,718,732,15_b
BEN21,2229818.055175781,13-15,1441,742,15_e
BEN21,2268058.055175781,13-15,416,828,back
BEN21,2278779.055175781,10-12,1510,836,continue
BEN21,2316402.055175781,16-20,1483,163,16_d
BEN21,2319282.055175781,16-20,1338,292,17_a
BEN21,2325002.055175781,16-20,1380,427,18_b
BEN21,2330930.055175781,16-20,1337,561,19_a
BEN21,2360265.0546875,16-20,1387,688,20_b
BEN21,2361081.055175781,16-20,1511,855,continue
BEN21,2367970.055175781,21-25,1429,171,21_c
BEN21,2381770.055175781,21-25,1379,308,22_b
BEN21,2397858.055175781,21-25,1344,438,23_a
BEN21,2404002.055175781,21-25,1432,561,24_c
BEN21,2415210.0556640625,21-25,1517,701,25_e
BEN21,2416010.055175781,21-25,1525,848,continue
BEN21,2431826.055175781,26-30,1434,161,26_c
BEN21,2439978.055175781,26-30,1530,309,27_e
BEN21,2452098.055175781,26-30,1476,442,28_d
BEN21,2490362.055175781,26-30,1474,570,29_d
BEN21,2506306.055175781,26-30,1362,696,30_b
BEN21,2506722.055175781,26-30,1338,698,30_a
BEN21,2516098.055175781,26-30,1517,708,30_e
BEN21,2518090.055175781,26-30,398,844,back
BEN21,2542489.055175781,21-25,398,844,back
BEN21,2547177.055175781,16-20,1554,852,continue
BEN21,2547834.055175781,21-25,1549,852,continue
BEN21,2578009.055175781,31-33,715,314,31_b
BEN21,2580225.0546875,31-33,957,580,32_c
BEN21,2583657.055175781,31-33,702,822,33_b
BEN21,2585273.055175781,31-33,1507,919,continue
BEN21,2586601.055175781,31-33,1510,929,continue
BEN21,2588961.0546875,34-36,1187,305,34_d
BEN21,2593369.0546875,34-36,724,580,35_b
BEN21,2596001.0546875,34-36,476,840,36_a
BEN21,2597169.055175781,34-36,1500,938,continue
BEN21,2602017.055175781,37-39,1442,301,37_e
BEN21,2609505.055175781,37-39,1182,581,38_d
BEN21,2630961.0546875,37-39,1182,843,39_d
BEN21,2635217.055175781,37-39,988,845,39_c
BEN21,2636865.055175781,37-39,1534,933,continue
BEN21,2650553.0546875,40-42,492,328,40_a
BEN21,2670769.055175781,40-42,1201,552,41_d
BEN21,2697425.055175781,40-42,953,821,42_c
BEN21,2699009.055175781,40-42,1510,913,continue
BEN21,2705848.055175781,43-45,1202,306,43_d
BEN21,2753016.055175781,43-45,1453,558,44_e
BEN21,2755944.055175781,43-45,971,809,45_c
BEN21,2829304.0551757812,46-48,1204,300,46_d
BEN21,2838120.0551757812,46-48,1425,555,47_e
BEN21,2847128.0551757812,46-48,1203,819,48_d
BEN21,2852776.0551757812,46-48,1509,925,continue
BEN21,2860184.0551757812,49-51,724,314,49_b
BEN21,2873576.0551757812,49-51,982,582,50_c
BEN21,2893368.0551757812,49-51,482,835,51_a
BEN21,2894304.0551757812,49-51,1563,929,continue
BEN21,2894752.0551757812,49-51,1552,931,continue
BEN21,2911089.0551757812,52-54,1171,293,52_d
BEN21,2932128.0551757812,52-54,453,557,53_a
BEN21,2959168.0551757812,52-54,489,834,54_a
BEN21,2963384.0551757812,52-54,1542,927,continue
BEN21,2990520.0551757812,55-56,957,285,55_c
BEN21,3003343.0551757812,55-56,743,568,56_b
BGB10,19895356.96484375,1-3,1202,235,1_d
BGB10,19899516.96484375,1-3,721,464,2_b
BGB10,19903804.96484375,1-3,1437,697,3_e
BGB10,19904644.96484375,1-3,1530,831,continue
BGB10,19908460.96484375,4-6,486,223,4_a
BGB10,19915852.96484375,4-6,1445,451,5_e
BGB10,19921380.96484375,4-6,724,684,6_b
BGB10,19922340.96484375,4-6,1541,827,continue
BGB10,19927763.96484375,7-9,962,226,7_c
BGB10,19937635.96484375,7-9,963,449,8_c
BGB10,19952347.96484375,7-9,1200,685,9_d
BGB10,19953291.96484375,7-9,1528,826,continue
BGB10,19984459.96484375,10-12,713,222,10_b
BGB10,19993883.96484375,10-12,724,449,11_b
BGB10,20004315.96484375,10-12,483,686,12_a
BGB10,20013275.96484375,10-12,1506,828,continue
BGB10,20036067.96484375,13-15,959,225,13_c
BGB10,20059867.96484375,13-15,484,452,14_a
BGB10,20084907.96484375,13-15,1442,687,15_e
BGB10,20124683.96484375,13-15,1203,457,14_d
BGB10,20158987.96484375,16-20,1488,156,16_d
BGB10,20169379.96484375,16-20,1334,296,17_a
BGB10,20172387.96484375,16-20,1389,431,18_b
BGB10,20184627.96533203,16-20,1432,565,19_c
BGB10,20193147.96533203,16-20,1538,701,20_e
BGB10,20194003.96484375,16-20,1540,853,continue
BGB10,20208187.96484375,21-25,1430,161,21_c
BGB10,20216931.96484375,21-25,1386,291,22_b
BGB10,20223347.96484375,21-25,1339,421,23_a
BGB10,20238155.96484375,21-25,1439,562,24_c
BGB10,20267915.96484375,21-25,1540,699,25_e
BGB10,20268507.96484375,21-25,1538,850,continue
BGB10,20283211.96484375,26-30,1439,163,26_c
BGB10,20292747.96484375,26-30,1539,300,27_e
BGB10,20302323.96484375,26-30,1486,429,28_d
BGB10,20323155.96484375,26-30,1483,559,29_d
BGB10,20356979.96484375,26-30,1382,706,30_b
BGB10,20433713.96484375,31-33,720,265,31_b
BGB10,20437977.96435547,31-33,957,530,32_c
BGB10,20441089.96435547,31-33,719,804,33_b
BGB10,20442113.96484375,31-33,1509,935,continue
BGB10,20445338.96484375,34-36,1196,270,34_d
BGB10,20449938.96435547,34-36,720,531,35_b
BGB10,20459274.96435547,34-36,482,805,36_a
BGB10,20460874.96484375,34-36,1537,937,continue
BGB10,20468433.96484375,37-39,1441,272,37_e
BGB10,20472577.96484375,37-39,1200,532,38_d
BGB10,20480489.96484375,37-39,960,803,39_c
BGB10,20490313.96484375,37-39,1543,933,continue
BGB10,20506506.96484375,40-42,483,271,40_a
BGB10,20537242.96484375,40-42,965,537,41_c
BGB10,20566938.96435547,40-42,960,802,42_c
BGB10,20569426.96484375,40-42,1552,928,continue
BGB10,20579994.96484375,43-45,1207,270,43_d
BGB10,20586898.96435547,43-45,1439,524,44_e
BGB10,20609050.96435547,43-45,962,779,45_c
BGB10,20700905.96484375,46-48,1206,241,46_d
BGB10,20711105.96484375,46-48,721,505,47_b
BGB10,20735969.96484375,46-48,720,770,48_b
BGB10,20736961.96484375,46-48,1551,917,continue
BGB10,20748129.96484375,49-51,724,234,49_b
BGB10,20772329.96484375,49-51,955,496,50_c
BGB10,20787249.96484375,49-51,478,766,51_a
BGB10,20789009.96484375,49-51,1515,926,continue
BGB10,20806537.96484375,52-54,964,241,52_c
BGB10,20812233.96484375,52-54,1205,233,52_d
BGB10,20851224.96484375,52-54,958,508,53_c
BGB10,20862544.96484375,52-54,725,767,54_b
BGB10,20863552.96484375,52-54,1547,922,continue
BGB18,1641730.1313476562,1-3,1211,238,1_d
BGB18,1644850.130859375,1-3,725,469,2_b
BGB18,1649258.130859375,1-3,1452,744,3_e
BGB18,1650282.130859375,1-3,1543,843,continue
BGB18,1653154.130859375,4-6,488,262,4_a
BGB18,1659330.130859375,4-6,1434,507,5_e
BGB18,1669586.130859375,4-6,731,719,6_b
BGB18,1673402.130859375,4-6,1538,824,continue
BGB18,1680802.1313476562,7-9,960,256,7_c
BGB18,1689362.130859375,7-9,955,506,8_c
BGB18,1701538.130859375,7-9,1206,724,9_d
BGB18,1703906.130859375,7-9,1518,817,continue
BGB18,1716938.130859375,10-12,491,268,10_a
BGB18,1729546.1313476562,10-12,1245,502,11_d
BGB18,1744666.130859375,10-12,486,748,12_a
BGB18,1753898.130859375,10-12,1509,817,continue
BGB18,1772290.130859375,13-15,484,284,13_a
BGB18,1799681.130859375,13-15,1177,510,14_d
BGB18,1821817.130859375,13-15,480,738,15_a
BGB18,1874753.130859375,13-15,975,269,13_c
BGB18,1899449.130859375,16-20,1471,175,16_d
BGB18,1903169.130859375,16-20,1345,326,17_a
BGB18,1912897.130859375,16-20,1388,451,18_b
BGB18,1919707.130859375,16-20,1330,617,19_a
BGB18,1925761.130859375,16-20,1535,712,20_e
BGB18,1931777.130859375,16-20,1553,860,continue
BGB18,1940841.131347656,21-25,1436,199,21_c
BGB18,1958129.130859375,21-25,1376,322,22_b
BGB18,1984225.130859375,21-25,1334,454,23_a
BGB18,2008305.130859375,21-25,1441,577,24_c
BGB18,2024025.131347656,21-25,1535,748,25_e
BGB18,2024817.130859375,21-25,1527,856,continue
BGB18,2062929.130859375,26-30,1537,300,27_e
BGB18,2076385.130859375,26-30,1482,452,28_d
BGB18,2166120.130859375,31-33,724,320,31_b
BGB18,2168272.130859375,31-33,956,573,32_c
BGB18,2170944.130859375,31-33,711,856,33_b
BGB18,2177360.130859375,31-33,1526,934,continue
BGB18,2181536.130859375,34-36,1227,319,34_d
BGB18,2189320.130859375,34-36,738,587,35_b
BGB18,2194936.130859375,34-36,468,839,36_a
BGB18,2197200.130859375,34-36,1546,935,continue
BGB18,2203472.130859375,37-39,1432,320,37_e
BGB18,2213560.1303710938,37-39,1219,554,38_d
BGB18,2248808.130859375,37-39,955,857,39_c
BGB18,2261872.130859375,37-39,1506,938,continue
BGB18,2276425.130859375,40-42,514,310,40_a
BGB18,2290929.130859375,40-42,721,573,41_b
BGB18,2328952.130859375,40-42,964,838,42_c
BGB18,2329928.1303710938,40-42,1542,924,continue
BGB18,2342535.130859375,43-45,1205,295,43_d
BGB18,2411080.130859375,46-48,1194,278,46_d
BGB18,2418440.130859375,46-48,725,576,47_b
BGB18,2441744.1303710938,46-48,743,842,48_b
BGB18,2443552.130859375,46-48,1524,922,continue
BGB18,2457279.130859375,49-51,741,311,49_b
BGB18,2465079.130859375,49-51,939,553,50_c
BGB18,2474575.130859375,49-51,496,837,51_a
BGB18,2478335.130859375,49-51,1530,927,continue
BGB18,2498960.130859375,52-54,1208,299,52_d
BGB18,2530344.130859375,52-54,474,563,53_a
BGB18,2559287.130859375,52-54,1215,839,54_d
BGB18,2560143.130859375,52-54,1504,919,continue
BGB18,2578743.130859375,55-56,1444,555,56_e
BGL04,1820453.8627929688,1-3,1203,236,1_d
BGL04,1825957.8623046875,1-3,724,465,2_b
BGL04,1829397.8623046875,1-3,1437,695,3_e
BGL04,1830341.8627929688,1-3,1535,835,continue
BGL04,1833556.8627929688,4-6,481,222,4_a
BGL04,1842604.8627929688,4-6,1442,448,5_e
BGL04,1851332.8627929688,4-6,724,679,6_b
BGL04,1853260.8627929688,4-6,1530,819,continue
BGL04,1858716.8627929688,7-9,968,224,7_c
BGL04,1866060.8627929688,7-9,975,450,8_c
BGL04,1881356.8627929688,7-9,1202,683,9_d
BGL04,1882372.8627929688,7-9,1534,820,continue
BGL04,1890492.8627929688,10-12,727,220,10_b
BGL04,1919364.8623046875,10-12,726,457,11_b
BGL04,1946756.8627929688,10-12,1443,683,12_e
BGL04,1947708.8627929688,10-12,1532,827,continue
BGL04,1969027.8627929688,13-15,490,221,13_a
BGL04,1986763.8627929688,13-15,1447,446,14_e
BGL04,2007187.8627929688,13-15,1449,677,15_e
BGL04,2046915.8627929688,13-15,958,230,13_c
BGL04,2082851.8627929688,16-20,1490,164,16_d
BGL04,2089795.8627929688,16-20,1341,296,17_a
BGL04,2094691.8627929688,16-20,1390,432,18_b
BGL04,2101963.8627929688,16-20,1341,567,19_a
BGL04,2113243.8627929688,16-20,1534,706,20_e
BGL04,2114043.8627929688,16-20,1537,851,continue
BGL04,2121603.8627929688,21-25,1443,156,21_c
BGL04,2126587.8627929688,21-25,1387,293,22_b
BGL04,2138867.8627929688,21-25,1339,428,23_a
BGL04,2175243.8627929688,21-25,1387,566,24_b
BGL04,2189315.8627929688,21-25,1536,694,25_e
BGL04,2190891.8627929688,21-25,1529,853,continue
BGL04,2214443.8627929688,26-30,1440,160,26_c
BGL04,2229163.8627929688,26-30,1332,298,27_a
BGL04,2243563.8627929688,26-30,1345,431,28_a
BGL04,2270499.8627929688,26-30,1340,565,29_a
BGL04,2308307.8627929688,26-30,1490,700,30_d
BGL04,2344954.8627929688,31-33,724,273,31_b
BGL04,2347882.8627929688,31-33,985,540,32_c
BGL04,2350842.8627929688,31-33,732,821,33_b
BGL04,2352570.8627929688,31-33,1555,943,continue
BGL04,2356850.86328125,34-36,1205,305,34_d
BGL04,2365466.8627929688,34-36,737,563,35_b
BGL04,2369066.8627929688,34-36,487,842,36_a
BGL04,2371458.8627929688,34-36,1543,936,continue
BGL04,2378338.8627929688,37-39,1433,286,37_e
BGL04,2386898.8627929688,37-39,492,565,38_a
BGL04,2402450.8627929688,37-39,967,834,39_c
BGL04,2403826.8627929688,37-39,1543,932,continue
BGL04,2422770.8627929688,40-42,491,294,40_a
BGL04,2432818.8627929688,40-42,1213,303,40_d
BGL04,2452794.8627929688,40-42,491,566,41_a
BGL04,2479874.8627929688,40-42,971,832,42_c
BGL04,2482666.86328125,40-42,1425,830,42_e
BGL04,2483586.8627929688,40-42,1522,922,continue
BGL04,2494298.8627929688,43-45,1212,295,43_d
BGL04,2515058.8627929688,43-45,1442,552,44_e
BGL04,2520218.8627929688,43-45,730,783,45_b
BGL04,2621929.86328125,46-48,1200,284,46_d
BGL04,2633857.8627929688,46-48,1446,501,47_e
BGL04,2643873.8627929688,46-48,1196,765,48_d
BGL04,2644953.8627929688,46-48,1539,924,continue
BGL04,2655250.8627929688,49-51,723,239,49_b
BGL04,2681554.86328125,49-51,1208,501,50_d
BGL04,2708113.86328125,49-51,480,768,51_a
BGL04,2709145.86328125,49-51,1548,921,continue
BGL04,2718489.8627929688,52-54,729,243,52_b
BGL04,2734585.8627929688,52-54,965,509,53_c
BGL04,2751641.8627929688,52-54,1203,766,54_d
BGL04,2752449.86328125,52-54,1544,934,continue
BGL04,2790425.8627929688,55-56,722,502,56_b
BGS31,20174475.18310547,1-3,1199,236,1_d
BGS31,20182023.18310547,1-3,721,466,2_b
BGS31,20189583.18310547,1-3,1440,693,3_e
BGS31,20192882.182617188,1-3,1531,840,continue
BGS31,20202338.18310547,4-6,479,217,4_a
BGS31,20253305.18310547,4-6,1199,451,5_d
BGS31,20261620.18310547,4-6,722,678,6_b
BGS31,20265524.18310547,4-6,1531,815,continue
BGS31,20276427.18359375,7-9,957,221,7_c
BGS31,20299180.18310547,7-9,957,450,8_c
BGS31,20333376.18310547,7-9,1200,685,9_d
BGS31,20336181.18310547,7-9,1511,822,continue
BGS31,20363720.18310547,10-12,717,220,10_b
BGS31,20381963.18310547,10-12,721,451,11_b
BGS31,20451447.18310547,16-20,1486,158,16_d
BGS31,20461048.18310547,16-20,1337,294,17_a
BGS31,20466837.18310547,16-20,1386,429,18_b
BGS31,20475925.18310547,16-20,1386,429,18_b
BGS31,20477923.18310547,16-20,1336,566,19_a
BGS31,20515078.18310547,16-20,1533,702,20_e
BGS31,20516692.18310547,16-20,1528,855,continue
BGS31,20539061.18310547,21-25,1386,292,22_b
BGS31,20611897.18310547,21-25,1337,431,23_a
BGS31,20613128.18310547,21-25,1337,431,23_a
BGS31,20637703.18310547,21-25,1335,565,24_a
BGS31,20673824.18310547,21-25,1441,161,21_c
BGS31,20723170.18310547,31-33,721,264,31_b
BGS31,20733262.18310547,31-33,962,539,32_c
BGS31,20733504.18310547,31-33,962,539,32_c
BGS31,20737717.18310547,31-33,722,798,33_b
BGS31,20741358.18310547,31-33,1528,929,continue
BGS31,20749059.18359375,34-36,1198,270,34_d
BGS31,20765286.18310547,34-36,723,538,35_b
BGS31,20770914.18310547,34-36,479,800,36_a
BGS31,20774494.182617188,34-36,1534,934,continue
BGS31,20784762.18310547,37-39,721,265,37_b
BGS31,20800721.18310547,37-39,1202,531,38_d
BGS31,20841674.18310547,37-39,1202,531,38_d
BGS31,20859079.18310547,37-39,963,792,39_c
BGS31,20864563.18310547,37-39,1510,938,continue
BGS31,20890498.18310547,40-42,478,268,40_a
BGS31,21016234.18310547,46-48,1199,242,46_d
BGS31,21032917.18310547,46-48,719,496,47_b
BGS31,21053371.18310547,46-48,1200,759,48_d
BGS31,21057103.18310547,46-48,1519,931,continue
BGS31,21081148.18310547,49-51,729,229,49_b
BGS31,21131712.18310547,49-51,597,734,not on any aoi
BGS31,21132126.182617188,49-51,597,734,not on any aoi
BGS31,21135404.18310547,49-51,482,764,51_a
BGS31,21169829.18310547,49-51,958,501,50_c
BGS31,21175934.18310547,49-51,1525,921,continue
BHF02,20039119.645996094,1-3,1205,292,1_d
BHF02,20041095.645996094,1-3,727,496,2_b
BHF02,20042943.645996094,1-3,1449,741,3_e
BHF02,20043415.645996094,1-3,1513,833,continue
BHF02,20046910.645996094,4-6,483,271,4_a
BHF02,20050335.645996094,4-6,1443,509,5_e
BHF02,20053646.645996094,4-6,728,730,6_b
BHF02,20054838.645996094,4-6,1553,832,continue
BHF02,20058062.645996094,7-9,950,269,7_c
BHF02,20063414.645996094,7-9,946,502,8_c
BHF02,20070518.64648437,7-9,1191,734,9_d
BHF02,20071366.645996094,7-9,1503,822,continue
BHF02,20075286.645996094,10-12,493,283,10_a
BHF02,20084574.645996094,10-12,735,495,11_b
BHF02,20090358.645996094,10-12,497,717,12_a
BHF02,20092014.645996094,10-12,1530,828,continue
BHF02,20104479.645996094,13-15,954,277,13_c
BHF02,20127519.645996094,13-15,1206,514,14_d
BHF02,20138815.645996094,13-15,1449,741,15_e
BHF02,20169935.645996094,13-15,363,824,back
BHF02,20189150.645996094,10-12,404,832,back
BHF02,20196230.645996094,7-9,404,832,back
BHF02,20203086.645996094,4-6,404,832,back
BHF02,20208270.645996094,1-3,1513,825,continue
BHF02,20208566.645996094,4-6,1513,825,continue
BHF02,20208918.645996094,7-9,1513,825,continue
BHF02,20209414.645996094,10-12,1513,825,continue
BHF02,20210262.645996094,13-15,1513,825,continue
BHF02,20292357.645996094,16-20,1490,157,16_d
BHF02,20296213.645996094,16-20,1344,294,17_a
BHF02,20298725.645996094,16-20,1399,420,18_b
BHF02,20305958.645996094,16-20,1330,564,19_a
BHF02,20315141.645996094,16-20,1538,695,20_e
BHF02,20315733.645996094,16-20,1528,846,continue
BHF02,20322517.645996094,21-25,1422,175,21_c
BHF02,20326837.645996094,21-25,1384,294,22_b
BHF02,20335581.645996094,21-25,1335,434,23_a
BHF02,20343837.645996094,21-25,1434,558,24_c
BHF02,20352885.645996094,21-25,1537,697,25_e
BHF02,20353437.645996094,21-25,1526,839,continue
BHF02,20353821.645996094,21-25,1526,841,continue
BHF02,20355429.645996094,21-25,1528,846,continue
BHF02,20364606.645996094,26-30,1444,162,26_c
BHF02,20374134.645996094,26-30,1541,295,27_e
BHF02,20383222.64648437,26-30,1496,425,28_d
BHF02,20397990.645996094,26-30,1481,570,29_d
BHF02,20411310.645996094,26-30,1383,690,30_b
BHF02,20447686.645996094,26-30,392,838,back
BHF02,20448030.645996094,26-30,401,849,back
BHF02,20466973.64550781,21-25,403,854,back
BHF02,20483309.64550781,16-20,1508,854,continue
BHF02,20484909.645996094,21-25,411,858,back
BHF02,20488669.645996094,16-20,1522,847,continue
BHF02,20489229.64550781,21-25,1522,847,continue
BHF02,20489654.645996094,26-30,1522,847,continue
BHF02,20553742.645996094,31-33,717,267,31_b
BHF02,20556173.645996094,31-33,952,538,32_c
BHF02,20558885.645996094,31-33,728,797,33_b
BHF02,20559877.645996094,31-33,1508,934,continue
BHF02,20562301.645996094,34-36,1226,318,34_d
BHF02,20569509.645996094,34-36,724,544,35_b
BHF02,20573261.645996094,34-36,483,804,36_a
BHF02,20576293.645996094,34-36,1544,939,continue
BHF02,20585045.64550781,37-39,1452,288,37_e
BHF02,20589517.645996094,37-39,1176,568,38_d
BHF02,20597229.64550781,37-39,973,828,39_c
BHF02,20605725.645996094,37-39,1519,921,continue
BHF02,20606365.645996094,37-39,1539,933,continue
BHF02,20621613.645996094,40-42,485,288,40_a
BHF02,20656245.645996094,40-42,478,536,41_a
BHF02,20678717.64550781,40-42,960,844,42_c
BHF02,20680965.645996094,40-42,1505,921,continue
BHF02,20689653.645996094,43-45,1207,313,43_d
BHF02,20708917.645996094,43-45,1444,561,44_e
BHF02,20796460.64550781,46-48,1208,248,46_d
BHF02,20809180.645996094,46-48,710,515,47_b
BHF02,20843188.645996094,46-48,714,792,48_b
BHF02,20844084.645996094,46-48,1528,927,continue
BHF02,20856821.645996094,49-51,719,233,49_b
BHF02,20869701.645996094,49-51,975,531,50_c
BHF02,20879884.645996094,49-51,471,828,51_a
BHF02,20882012.64550781,49-51,1511,925,continue
BHF02,20900189.645996094,52-54,1208,251,52_d
BHF02,20929637.64550781,52-54,496,557,53_a
BHF02,20944909.645996094,52-54,491,832,54_a
BHF02,20945644.64550781,52-54,1541,923,continue
BHF02,20958772.645996094,55-56,483,303,55_a
BHF02,20966572.645996094,55-56,719,569,56_b
BHH11,2230832.538085937,1-3,1216,272,1_d
BHH11,2233704.538085937,1-3,739,502,2_b
BHH11,2238336.538085937,1-3,1421,746,3_e
BHH11,2240800.5385742188,1-3,1523,844,continue
BHH11,2244168.538085937,4-6,477,248,4_a
BHH11,2251776.538085937,4-6,1448,510,5_e
BHH11,2255512.538085937,4-6,730,718,6_b
BHH11,2256744.538085937,4-6,1502,823,continue
BHH11,2263792.538085937,7-9,974,267,7_c
BHH11,2270368.538085937,7-9,956,490,8_c
BHH11,2287880.538085937,7-9,1205,724,9_d
BHH11,2289376.538085937,7-9,1551,828,continue
BHH11,2298776.538085937,10-12,462,273,10_a
BHH11,2308208.5385742188,10-12,709,502,11_b
BHH11,2316512.538085937,10-12,477,726,12_a
BHH11,2318272.538085937,10-12,1527,831,continue
BHH11,2335128.538085937,13-15,474,271,13_a
BHH11,2352488.538085937,13-15,1208,513,14_d
BHH11,2395040.538085937,13-15,1429,740,15_e
BHH11,2458280.538085937,13-15,963,267,13_c
BHH11,2491471.538085937,16-20,1481,163,16_d
BHH11,2496895.538085937,16-20,1336,296,17_a
BHH11,2499351.538085937,16-20,1389,429,18_b
BHH11,2504295.537597656,16-20,1338,560,19_a
BHH11,2510223.537597656,16-20,1535,701,20_e
BHH11,2512103.538085937,16-20,1541,851,continue
BHH11,2520423.538085937,21-25,1437,159,21_c
BHH11,2528239.538085937,21-25,1385,293,22_b
BHH11,2533279.538085937,21-25,1338,432,23_a
BHH11,2555287.538085937,21-25,1435,565,24_c
BHH11,2569767.538085937,21-25,1535,695,25_e
BHH11,2570631.537597656,21-25,1537,850,continue
BHH11,2591831.538085937,26-30,1433,158,26_c
BHH11,2611383.538085937,26-30,1489,298,27_d
BHH11,2621927.537597656,26-30,1487,430,28_d
BHH11,2632151.537597656,26-30,1484,563,29_d
BHH11,2652087.538085937,26-30,1483,703,30_d
BHH11,2706207.538085937,26-30,1341,701,30_a
BHH11,2753711.538085937,31-33,731,309,31_b
BHH11,2756719.538085937,31-33,964,571,32_c
BHH11,2759191.538085937,31-33,711,836,33_b
BHH11,2763071.537597656,31-33,1499,944,continue
BHH11,2766575.538085937,34-36,1186,315,34_d
BHH11,2772455.538085937,34-36,716,575,35_b
BHH11,2776847.537597656,34-36,485,841,36_a
BHH11,2779103.538085937,34-36,1512,934,continue
BHH11,2786711.538085937,37-39,1439,323,37_e
BHH11,2793847.537597656,37-39,1203,585,38_d
BHH11,2806479.537597656,37-39,958,854,39_c
BHH11,2807807.538085937,37-39,1512,935,continue
BHH11,2824079.5380859375,40-42,481,314,40_a
BHH11,2857855.5375976562,40-42,712,574,41_b
BHH11,2872711.5380859375,40-42,958,827,42_c
BHH11,2874431.5380859375,40-42,1537,924,continue
BHH11,2887278.5380859375,43-45,1196,309,43_d
BHH11,2916454.5380859375,43-45,1451,565,44_e
BHH11,2986126.5380859375,46-48,1201,301,46_d
BHH11,2997054.5380859375,46-48,708,559,47_b
BHH11,3040214.5380859375,46-48,750,835,48_b
BHH11,3042406.5380859375,46-48,1526,933,continue
BHH11,3051614.5380859375,49-51,673,296,49_b
BHH11,3076366.5380859375,49-51,967,565,50_c
BHH11,3093350.5380859375,49-51,470,825,51_a
BHH11,3095142.5380859375,49-51,1502,929,continue
BHH11,3116845.5380859375,52-54,1207,291,52_d
BHH11,3135573.5380859375,52-54,500,574,53_a
BHH11,3149213.5380859375,52-54,1454,835,54_e
BHH11,3150413.5380859375,52-54,1510,923,continue
BHL06,20909269.93701172,1-3,1201,290,1_d
BHL06,20912621.93701172,1-3,717,516,2_b
BHL06,20916941.93701172,1-3,1419,742,3_e
BHL06,20917909.93701172,1-3,1533,845,continue
BHL06,20921628.93701172,4-6,472,280,4_a
BHL06,20926764.93701172,4-6,1456,516,5_e
BHL06,20930860.93652344,4-6,718,741,6_b
BHL06,20932620.93701172,4-6,1533,828,continue
BHL06,20936477.93701172,7-9,972,277,7_c
BHL06,20941205.93701172,7-9,723,507,8_b
BHL06,20949413.93701172,7-9,465,714,9_a
BHL06,20955285.93701172,7-9,1204,735,9_d
BHL06,20956525.93701172,7-9,1524,829,continue
BHL06,20966132.93701172,10-12,728,259,10_b
BHL06,20969788.93652344,10-12,1194,243,10_d
BHL06,20985796.93701172,10-12,720,512,11_b
BHL06,20994820.93701172,10-12,1167,740,12_d
BHL06,20995788.93652344,10-12,1542,831,continue
BHL06,21009548.93701172,13-15,948,279,13_c
BHL06,21018260.93701172,13-15,1202,506,14_d
BHL06,21038268.93652344,13-15,1440,727,15_e
BHL06,21047876.93701172,13-15,712,814,not on any aoi
BHL06,21050900.93652344,13-15,886,770,15_c
BHL06,21062412.93701172,10-12,1535,832,continue
BHL06,21104708.93701172,13-15,1201,485,14_d
BHL06,21169163.93652344,16-20,1488,164,16_d
BHL06,21175283.93701172,16-20,1342,301,17_a
BHL06,21182427.93701172,16-20,1383,428,18_b
BHL06,21188243.93701172,16-20,1345,559,19_a
BHL06,21198515.93701172,16-20,1539,709,20_e
BHL06,21199627.93701172,16-20,1520,846,continue
BHL06,21217715.93701172,21-25,1384,303,22_b
BHL06,21221635.93701172,21-25,1324,166,21_a
BHL06,21246651.93701172,21-25,1377,565,24_b
BHL06,21263387.93701172,21-25,1372,703,25_b
BHL06,21273043.93701172,21-25,1374,421,23_b
BHL06,21274019.93701172,21-25,1533,848,continue
BHL06,21285499.93701172,26-30,1380,168,26_b
BHL06,21295562.93701172,26-30,1545,300,27_e
BHL06,21307562.93701172,26-30,1429,429,28_c
BHL06,21335418.93701172,26-30,1485,557,29_d
BHL06,21347642.93701172,26-30,1341,709,30_a
BHL06,21436522.93701172,31-33,730,313,31_b
BHL06,21438298.93701172,31-33,951,574,32_c
BHL06,21439698.93701172,31-33,733,852,33_b
BHL06,21440474.93701172,31-33,1518,932,continue
BHL06,21445114.93701172,34-36,1199,312,34_d
BHL06,21451018.93701172,34-36,717,580,35_b
BHL06,21453490.93701172,34-36,495,833,36_a
BHL06,21454546.93701172,34-36,1539,938,continue
BHL06,21461377.93701172,37-39,1471,325,37_e
BHL06,21465289.93701172,37-39,1207,578,38_d
BHL06,21469545.93701172,37-39,967,823,39_c
BHL06,21470857.93701172,37-39,1510,937,continue
BHL06,21480466.93701172,40-42,1208,317,40_d
BHL06,21501914.93701172,40-42,486,574,41_a
BHL06,21520082.93701172,40-42,460,826,42_a
BHL06,21521362.93701172,40-42,1527,925,continue
BHL06,21544482.93701172,43-45,1204,315,43_d
BHL06,21549458.93701172,43-45,741,323,43_b
BHL06,21568737.93701172,43-45,1190,558,44_d
BHL06,21612065.93701172,43-45,718,812,45_b
BHL06,21691993.93701172,46-48,1216,267,46_d
BHL06,21698753.93701172,46-48,728,534,47_b
BHL06,21707520.93701172,46-48,1211,831,48_d
BHL06,21708609.9375,46-48,1536,926,continue
BHL06,21721352.9375,49-51,736,299,49_b
BHL06,21742816.93701172,49-51,966,558,50_c
BHL06,21749728.9375,49-51,471,832,51_a
BHL06,21750944.9375,49-51,1513,935,continue
BHL06,21764752.93701172,52-54,1195,289,52_d
BHL06,21766184.93701172,52-54,949,304,52_c
BHL06,21769744.93701172,52-54,719,271,52_b
BHL06,21771024.9375,52-54,964,273,52_c
BHL06,21773185.93701172,52-54,1204,288,52_d
BHL06,21784072.93701172,52-54,487,561,53_a
BHL06,21789048.93701172,52-54,474,823,54_a
BHL06,21790216.93701172,52-54,1524,935,continue
BHL06,21801543.93701172,55-56,492,302,55_a
BHL06,21809543.93701172,55-56,722,563,56_b
BJH04,2377972.5263671875,1-3,1203,240,1_d
BJH04,2381276.5258789062,1-3,720,460,2_b
BJH04,2385740.5258789062,1-3,1439,695,3_e
BJH04,2393652.5258789062,1-3,1536,836,continue
BJH04,2396524.5258789062,4-6,481,224,4_a
BJH04,2402836.5258789062,4-6,1436,454,5_e
BJH04,2408868.5258789062,4-6,721,677,6_b
BJH04,2413068.5258789062,4-6,1537,825,continue
BJH04,2421075.5258789062,7-9,965,223,7_c
BJH04,2426819.5258789062,7-9,956,451,8_c
BJH04,2443427.5258789062,7-9,1201,684,9_d
BJH04,2444635.5258789062,7-9,1542,827,continue
BJH04,2457428.5258789062,10-12,480,220,10_a
BJH04,2478412.5258789062,10-12,722,453,11_b
BJH04,2495124.5263671875,10-12,1203,685,12_d
BJH04,2498588.5258789062,10-12,1203,685,12_d
BJH04,2500156.5263671875,10-12,484,684,12_a
BJH04,2503444.5258789062,10-12,1533,824,continue
BJH04,2530396.5258789062,13-15,964,217,13_c
BJH04,2551083.5258789062,13-15,1201,447,14_d
BJH04,2590163.5258789062,13-15,718,680,15_b
BJH04,2643515.5258789062,16-20,1487,160,16_d
BJH04,2648275.5258789062,16-20,1333,296,17_a
BJH04,2651187.5258789062,16-20,1387,429,18_b
BJH04,2662995.5258789062,16-20,1441,562,19_c
BJH04,2672235.5258789062,16-20,1536,703,20_e
BJH04,2673043.5258789062,16-20,1538,855,continue
BJH04,2707507.525390625,21-25,1432,157,21_c
BJH04,2713819.5258789062,21-25,1529,296,22_e
BJH04,2726099.525390625,21-25,1382,423,23_b
BJH04,2735739.5258789062,21-25,1486,567,24_d
BJH04,2752875.525390625,21-25,1385,699,25_b
BJH04,2753635.5258789062,21-25,1548,846,continue
BJH04,2767714.5258789062,26-30,1436,151,26_c
BJH04,2790130.5258789062,26-30,1427,292,27_c
BJH04,2808050.5258789062,26-30,1484,427,28_d
BJH04,2834642.5258789062,26-30,1422,558,29_c
BJH04,2851466.5258789062,26-30,1485,694,30_d
BJH04,2911019.5258789062,31-33,724,265,31_b
BJH04,2913731.5258789062,31-33,951,531,32_c
BJH04,2918395.525390625,31-33,724,797,33_b
BJH04,2919723.5258789062,31-33,1551,925,continue
BJH04,2923995.5258789062,34-36,1200,267,34_d
BJH04,2928475.5258789062,34-36,722,531,35_b
BJH04,2937699.5258789062,34-36,483,797,36_a
BJH04,2938603.5258789062,34-36,1518,936,continue
BJH04,2943914.5258789062,37-39,1447,270,37_e
BJH04,2949562.5258789062,37-39,1203,531,38_d
BJH04,2965634.5258789062,37-39,965,803,39_c
BJH04,2966738.5258789062,37-39,1551,930,continue
BJH04,3006778.5258789062,40-42,1197,274,40_d
BJH04,3023850.5258789062,40-42,481,539,41_a
BJH04,3047610.5258789062,40-42,1434,799,42_e
BJH04,3048338.5258789062,40-42,1549,917,continue
BJH04,3087026.5258789062,43-45,1203,271,43_d
BJH04,3159546.5258789062,46-48,1201,235,46_d
BJH04,3187442.5258789062,46-48,717,495,47_b
BJH04,3215586.5258789062,46-48,715,764,48_b
BJH04,3219762.5258789062,46-48,1555,924,continue
BJH04,3227089.5258789062,49-51,717,236,49_b
BJH04,3250833.5258789062,49-51,959,497,50_c
BJH04,3260513.5258789062,49-51,481,759,51_a
BJH04,3267465.5258789062,49-51,1532,924,continue
BJH04,3282178.5258789062,52-54,724,237,52_b
BJH04,3305266.5258789062,52-54,483,495,53_a
BJH04,3316114.5258789062,52-54,481,766,54_a
BJH04,3316962.5258789062,52-54,1539,918,continue
BMM19,2094454.2612304688,1-3,1199,239,1_d
BMM19,2098831.2612304688,1-3,722,461,2_b
BMM19,2101231.2612304688,1-3,1451,700,3_e
BMM19,2101362.2612304688,1-3,1451,700,3_e
BMM19,2102844.2612304688,1-3,1525,842,continue
BMM19,2105506.2612304688,4-6,488,226,4_a
BMM19,2110598.2612304688,4-6,1446,451,5_e
BMM19,2116207.2612304688,4-6,721,684,6_b
BMM19,2117669.2612304688,4-6,1530,821,continue
BMM19,2122782.2607421875,7-9,964,226,7_c
BMM19,2128403.2612304688,7-9,953,456,8_c
BMM19,2135191.2612304688,7-9,1204,686,9_d
BMM19,2136421.2612304688,7-9,1528,820,continue
BMM19,2141654.2612304688,10-12,1198,217,10_d
BMM19,2146867.2607421875,10-12,725,440,11_b
BMM19,2157815.2612304688,10-12,495,692,12_a
BMM19,2160598.2612304688,10-12,1534,828,continue
BMM19,2175497.2612304688,13-15,962,231,13_c
BMM19,2196739.2612304688,13-15,1231,458,14_d
BMM19,2231079.2612304688,13-15,1442,682,15_e
BMM19,2342749.2612304688,16-20,1486,165,16_d
BMM19,2348296.2612304688,16-20,1334,304,17_a
BMM19,2351150.2607421875,16-20,1397,431,18_b
BMM19,2351765.2612304688,16-20,1388,433,18_b
BMM19,2352289.2612304688,16-20,1388,433,18_b
BMM19,2359981.2612304688,16-20,1336,563,19_a
BMM19,2369843.2612304688,16-20,1539,704,20_e
BMM19,2371063.26171875,16-20,1531,849,continue
BMM19,2376869.2612304688,21-25,1434,160,21_c
BMM19,2380462.2612304688,21-25,1390,295,22_b
BMM19,2387155.2612304688,21-25,1338,434,23_a
BMM19,2411526.2612304688,21-25,1439,568,24_c
BMM19,2425335.2612304688,21-25,1539,705,25_e
BMM19,2426575.2612304688,21-25,1522,851,continue
BMM19,2441432.26171875,26-30,1434,151,26_c
BMM19,2452904.2612304688,26-30,1541,301,27_e
BMM19,2464538.2607421875,26-30,1487,436,28_d
BMM19,2498520.2612304688,26-30,1487,568,29_d
BMM19,2559047.2612304688,26-30,1538,690,30_e
BMM19,2605375.2612304688,31-33,727,271,31_b
BMM19,2606857.2612304688,31-33,956,538,32_c
BMM19,2608389.2612304688,31-33,714,798,33_b
BMM19,2610677.2612304688,31-33,1508,938,continue
BMM19,2613617.2612304688,34-36,1214,271,34_d
BMM19,2617195.2612304688,34-36,1441,548,35_e
BMM19,2620330.2612304688,34-36,484,797,36_a
BMM19,2622053.2612304688,34-36,1531,928,continue
BMM19,2627582.2612304688,37-39,1447,282,37_e
BMM19,2632383.2612304688,37-39,1199,530,38_d
BMM19,2646970.2612304688,37-39,952,819,39_c
BMM19,2648775.2612304688,37-39,1544,939,continue
BMM19,2666871.2612304688,40-42,479,267,40_a
BMM19,2703212.2612304688,40-42,485,537,41_a
BMM19,2724139.2612304688,40-42,959,797,42_c
BMM19,2726426.2612304688,40-42,1528,927,continue
BMM19,2743266.2612304688,43-45,1198,278,43_d
BMM19,2755809.2612304688,43-45,1442,518,44_e
BMM19,2780139.2612304688,43-45,483,780,45_a
BMM19,2845589.2612304688,46-48,1203,231,46_d
BMM19,2855208.26171875,46-48,715,506,47_b
BMM19,2875543.26171875,46-48,713,756,48_b
BMM19,2883883.2612304688,46-48,1531,931,continue
BMM19,2891385.2612304688,49-51,720,227,49_b
BMM19,2911788.2612304688,49-51,973,545,50_c
BMM19,2928008.2612304688,49-51,477,756,51_a
BMM19,2936492.2612304688,49-51,1521,923,continue
BMM19,2952902.2612304688,52-54,1206,239,52_d
BMM19,2989535.2612304688,52-54,498,516,53_a
BMM19,3000001.2612304688,52-54,723,767,54_b
BMM19,3015684.2612304688,52-54,1438,763,54_e
BMM19,3016732.2612304688,52-54,1525,921,continue
BMT19,2003249.3627929688,1-3,1206,261,1_d
BMT19,2007353.3627929688,1-3,711,494,2_b
BMT19,2013793.3627929688,1-3,1441,737,3_e
BMT19,2015305.36328125,1-3,1520,833,continue
BMT19,2019304.3627929688,4-6,470,267,4_a
BMT19,2032040.3627929688,4-6,1464,499,5_e
BMT19,2039744.3627929688,4-6,717,730,6_b
BMT19,2040984.3623046875,4-6,1514,824,continue
BMT19,2046417.36328125,7-9,952,276,7_c
BMT19,2055729.3627929688,7-9,1445,498,8_e
BMT19,2060225.3627929688,7-9,969,496,8_c
BMT19,2076017.3627929688,7-9,1192,739,9_d
BMT19,2083561.3627929688,7-9,1544,828,continue
BMT19,2115488.3627929688,10-12,1188,261,10_d
BMT19,2119072.3627929688,10-12,484,272,10_a
BMT19,2144080.3627929688,10-12,718,504,11_b
BMT19,2164032.3627929688,10-12,474,744,12_a
BMT19,2169504.3623046875,10-12,1522,830,continue
BMT19,2195912.3623046875,13-15,960,277,13_c
BMT19,2215320.3623046875,13-15,1205,509,14_d
BMT19,2271143.3627929688,16-20,1477,160,16_d
BMT19,2275151.3627929688,16-20,1337,298,17_a
BMT19,2278455.3627929688,16-20,1382,431,18_b
BMT19,2286759.3627929688,16-20,1337,562,19_a
BMT19,2294951.3627929688,16-20,1523,703,20_e
BMT19,2296495.3627929688,16-20,1530,852,continue
BMT19,2308904.3627929688,21-25,1445,161,21_c
BMT19,2315376.3627929688,21-25,1526,296,22_e
BMT19,2325016.3623046875,21-25,1336,429,23_a
BMT19,2343392.3623046875,21-25,1534,568,24_e
BMT19,2357888.3627929688,21-25,1490,695,25_d
BMT19,2359704.3627929688,21-25,1520,854,continue
BMT19,2374448.3627929688,26-30,1441,160,26_c
BMT19,2387736.3627929688,26-30,1533,297,27_e
BMT19,2396320.3623046875,26-30,1485,426,28_d
BMT19,2401560.3627929688,26-30,402,848,back
BMT19,2402536.3623046875,21-25,401,852,back
BMT19,2404224.3627929688,16-20,401,852,back
BMT19,2414967.3627929688,16-20,1533,857,continue
BMT19,2424103.3627929688,21-25,1533,856,continue
BMT19,2436815.3627929688,26-30,1439,702,30_c
BMT19,2461767.3627929688,26-30,1539,565,29_e
BMT19,2500535.3627929688,26-30,1389,431,28_b
BMT19,2550183.3627929688,31-33,720,300,31_b
BMT19,2552503.3623046875,31-33,956,578,32_c
BMT19,2554743.3627929688,31-33,738,811,33_b
BMT19,2555367.3627929688,31-33,720,848,33_b
BMT19,2557831.3627929688,31-33,1532,933,continue
BMT19,2563279.3627929688,34-36,1196,315,34_d
BMT19,2573751.3627929688,34-36,714,579,35_b
BMT19,2577367.3627929688,34-36,480,844,36_a
BMT19,2580815.3627929688,34-36,1526,929,continue
BMT19,2584879.3627929688,37-39,1434,308,37_e
BMT19,2591975.3627929688,37-39,1203,580,38_d
BMT19,2619919.3627929688,37-39,968,842,39_c
BMT19,2626911.3623046875,37-39,1512,928,continue
BMT19,2636055.3627929688,40-42,329,237,not on any aoi
BMT19,2649086.3627929688,40-42,494,309,40_a
BMT19,2703646.3627929688,40-42,725,577,41_b
BMT19,2834431.3623046875,46-48,1208,294,46_d
BMT19,2846655.3627929688,46-48,1448,555,47_e
BMT19,2870767.3627929688,46-48,707,806,48_b
BMT19,2871999.3627929688,46-48,1511,927,continue
BMT19,2883374.3627929688,49-51,677,283,49_b
BMT19,2897982.3627929688,49-51,955,565,50_c
BMT19,2909174.3627929688,49-51,440,823,51_a
BMT19,2910222.3627929688,49-51,1495,917,continue
BMT19,2936318.3627929688,52-54,1201,310,52_d
BMT19,2959718.3627929688,52-54,483,569,53_a
BMT19,2988590.3627929688,52-54,1433,828,54_e
BMT19,2997350.3627929688,52-54,478,835,54_a
BMT19,3000310.3627929688,52-54,1533,932,continue
BOF26,3095462.6645507812,1-3,1203,240,1_d
BOF26,3098862.6650390625,1-3,726,462,2_b
BOF26,3102942.6645507812,1-3,1438,692,3_e
BOF26,3103630.6650390625,1-3,1527,842,continue
BOF26,3108446.6650390625,4-6,479,226,4_a
BOF26,3112766.6650390625,4-6,1440,458,5_e
BOF26,3114534.6645507812,4-6,1440,454,5_e
BOF26,3125733.6650390625,4-6,716,682,6_b
BOF26,3126821.6650390625,4-6,1528,823,continue
BOF26,3132526.6650390625,7-9,961,226,7_c
BOF26,3135598.6650390625,7-9,719,454,8_b
BOF26,3139190.6650390625,7-9,1444,452,8_e
BOF26,3143918.6650390625,7-9,960,446,8_c
BOF26,3157934.6650390625,7-9,1203,681,9_d
BOF26,3159062.6650390625,7-9,1537,819,continue
BOF26,3172966.6650390625,10-12,483,223,10_a
BOF26,3184774.6650390625,10-12,713,452,11_b
BOF26,3200318.6650390625,10-12,481,683,12_a
BOF26,3201686.6645507812,10-12,1522,823,continue
BOF26,3223830.6650390625,13-15,481,221,13_a
BOF26,3254750.6650390625,13-15,1442,460,14_e
BOF26,3317861.6650390625,13-15,722,683,15_b
BOF26,3328813.6650390625,13-15,1199,687,15_d
BOF26,3351182.6650390625,16-20,734,190,not on any aoi
BOF26,3353549.6650390625,16-20,1498,159,16_d
BOF26,3359029.6650390625,16-20,1339,294,17_a
BOF26,3361509.6650390625,16-20,1384,427,18_b
BOF26,3371549.6650390625,16-20,1344,561,19_a
BOF26,3379013.6650390625,16-20,1537,696,20_e
BOF26,3379733.6650390625,16-20,1536,853,continue
BOF26,3385557.6650390625,21-25,1532,164,21_e
BOF26,3389669.6650390625,21-25,1385,295,22_b
BOF26,3398821.6650390625,21-25,1386,422,23_b
BOF26,3414957.6650390625,21-25,1438,563,24_c
BOF26,3426813.6650390625,21-25,1537,699,25_e
BOF26,3428141.6650390625,21-25,1530,847,continue
BOF26,3432789.6650390625,26-30,1492,167,26_d
BOF26,3442884.6650390625,26-30,1436,158,26_c
BOF26,3456052.6650390625,26-30,1528,296,27_e
BOF26,3471420.6650390625,26-30,1484,430,28_d
BOF26,3486372.6650390625,26-30,1489,564,29_d
BOF26,3497276.6650390625,26-30,1486,695,30_d
BOF26,3502732.6650390625,26-30,1208,842,not on any aoi
BOF26,3508412.6650390625,26-30,1208,836,not on any aoi
BOF26,3536148.6650390625,26-30,1433,292,27_c
BOF26,3538652.6655273438,26-30,1541,295,27_e
BOF26,3611981.665039063,31-33,726,270,31_b
BOF26,3613941.665039063,31-33,959,538,32_c
BOF26,3616365.665039063,31-33,716,797,33_b
BOF26,3617181.665039063,31-33,1559,931,continue
BOF26,3620285.665039063,34-36,1203,272,34_d
BOF26,3625740.665039063,34-36,1441,537,35_e
BOF26,3630389.665039063,34-36,480,797,36_a
BOF26,3631596.665039063,34-36,1504,927,continue
BOF26,3636748.665039063,37-39,1435,276,37_e
BOF26,3647732.665039063,37-39,1197,533,38_d
BOF26,3651956.665039063,37-39,959,802,39_c
BOF26,3652860.665039063,37-39,1542,929,continue
BOF26,3667469.665039063,40-42,481,272,40_a
BOF26,3701420.665039063,40-42,483,539,41_a
BOF26,3721492.665039063,40-42,958,808,42_c
BOF26,3722852.665039063,40-42,1549,928,continue
BOF26,3737932.665039063,43-45,963,269,43_c
BOF26,3760420.665039063,43-45,721,517,44_b
BOF26,3763908.6655273438,43-45,1440,525,44_e
BOF26,3874499.665039063,46-48,1202,290,46_d
BOF26,3890491.665039063,46-48,714,502,47_b
BOF26,3919499.665039063,46-48,739,831,48_b
BOF26,3927235.665039063,46-48,1535,927,continue
BOF26,3940884.665039063,49-51,724,307,49_b
BOF26,3959540.6655273438,49-51,964,555,50_c
BOF26,3969660.665039063,49-51,494,834,51_a
BOF26,3975372.665039063,49-51,974,846,51_c
BOF26,3982020.6655273438,49-51,496,800,51_a
BOF26,3982892.665039063,49-51,1528,928,continue
BOF26,4004171.6655273438,52-54,1223,314,52_d
BOF26,4019331.665039063,52-54,739,301,52_b
BOF26,4032995.665039063,52-54,970,571,53_c
BPF12,2074083.607421875,1-3,1200,240,1_d
BPF12,2077755.607421875,1-3,720,466,2_b
BPF12,2086187.607910156,1-3,1440,696,3_e
BPF12,2088635.607910156,1-3,1516,848,continue
BPF12,2093122.607421875,4-6,481,221,4_a
BPF12,2099466.607910156,4-6,1439,454,5_e
BPF12,2104178.607910156,4-6,721,682,6_b
BPF12,2105354.607910156,4-6,1534,820,continue
BPF12,2111370.607910156,7-9,960,219,7_c
BPF12,2125922.607910156,7-9,960,454,8_c
BPF12,2137394.607910156,7-9,1199,684,9_d
BPF12,2140082.607910156,7-9,1553,827,continue
BPF12,2151530.607421875,10-12,480,227,10_a
BPF12,2159882.607910156,10-12,720,451,11_b
BPF12,2172970.607910156,10-12,1440,685,12_e
BPF12,2174354.607910156,10-12,1522,828,continue
BPF12,2199555.607910156,13-15,480,219,13_a
BPF12,2201555.607910156,13-15,480,219,13_a
BPF12,2203515.607910156,13-15,963,223,13_c
BPF12,2229331.607910156,13-15,1193,453,14_d
BPF12,2250971.607421875,13-15,1438,682,15_e
BPF12,2329826.607421875,16-20,1491,160,16_d
BPF12,2333362.607910156,16-20,1334,299,17_a
BPF12,2335954.607910156,16-20,1384,431,18_b
BPF12,2345218.607910156,16-20,1338,563,19_a
BPF12,2370498.607910156,16-20,1534,700,20_e
BPF12,2371698.607910156,16-20,1529,858,continue
BPF12,2379979.607910156,21-25,1434,161,21_c
BPF12,2391603.607421875,21-25,1384,298,22_b
BPF12,2415315.607910156,21-25,1330,431,23_a
BPF12,2438451.607421875,21-25,1433,564,24_c
BPF12,2451547.607910156,21-25,1533,700,25_e
BPF12,2453331.607910156,21-25,1540,852,continue
BPF12,2476962.607910156,26-30,1436,159,26_c
BPF12,2484722.607910156,26-30,1533,297,27_e
BPF12,2504914.607910156,26-30,1481,428,28_d
BPF12,2518178.607910156,26-30,1490,565,29_d
BPF12,2598483.607910156,31-33,724,267,31_b
BPF12,2603067.607910156,31-33,962,530,32_c
BPF12,2605995.607910156,31-33,719,799,33_b
BPF12,2608291.607910156,31-33,1510,942,continue
BPF12,2611955.607910156,34-36,1193,278,34_d
BPF12,2617627.607910156,34-36,1438,540,35_e
BPF12,2619547.607910156,34-36,721,533,35_b
BPF12,2624123.607421875,34-36,478,803,36_a
BPF12,2625891.607910156,34-36,1525,935,continue
BPF12,2634386.607910156,37-39,1438,268,37_e
BPF12,2638762.607910156,37-39,1203,532,38_d
BPF12,2654114.607910156,37-39,959,797,39_c
BPF12,2655946.607910156,37-39,1513,936,continue
BPF12,2667811.607910156,40-42,477,266,40_a
BPF12,2687395.607910156,40-42,716,537,41_b
BPF12,2707651.607910156,40-42,961,809,42_c
BPF12,2709147.607910156,40-42,1532,921,continue
BPF12,2723666.607910156,43-45,718,270,43_b
BPF12,2742330.607910156,43-45,1203,273,43_d
BPF12,2768474.607910156,43-45,1444,523,44_e
BPF12,2843242.6079101562,46-48,1200,243,46_d
BPF12,2855506.6079101562,46-48,721,498,47_b
BPF12,2864266.6079101562,46-48,1199,765,48_d
BPF12,2871810.6079101562,46-48,1531,925,continue
BPF12,2882739.6079101562,49-51,720,240,49_b
BPF12,2906331.6079101562,49-51,959,503,50_c
BPF12,2920635.6079101562,49-51,482,766,51_a
BPF12,2921827.607421875,49-51,1547,926,continue
BPF12,2945707.6079101562,52-54,1202,237,52_d
BPF12,2956267.607421875,52-54,478,504,53_a
BPF12,2981531.607421875,52-54,481,767,54_a
BPF12,2982795.6079101562,52-54,1535,923,continue
BPF12,2997842.6079101562,55-56,960,499,56_c
BPF12,3008010.6079101562,55-56,1441,503,56_e
BPL13,1960746.978027344,1-3,1202,239,1_d
BPL13,1966930.978027344,1-3,714,465,2_b
BPL13,1971418.978027344,1-3,1441,699,3_e
BPL13,1972050.978027344,1-3,1526,837,continue
BPL13,1974898.978027344,4-6,484,222,4_a
BPL13,1979362.9775390625,4-6,1439,457,5_e
BPL13,1982386.978027344,4-6,732,680,6_b
BPL13,1985786.978027344,4-6,1513,816,continue
BPL13,1989066.9775390625,7-9,479,225,7_a
BPL13,1995570.978027344,7-9,961,218,7_c
BPL13,1998010.978027344,7-9,964,465,8_c
BPL13,2007674.978027344,7-9,488,712,9_a
BPL13,2009242.978027344,7-9,1530,825,continue
BPL13,2014962.978027344,10-12,973,223,10_c
BPL13,2033762.978027344,10-12,478,492,11_a
BPL13,2038546.9775390625,10-12,477,723,12_a
BPL13,2042826.978027344,10-12,1511,815,continue
BPL13,2057658.9775390625,13-15,942,244,13_c
BPL13,2070946.978027344,13-15,724,512,14_b
BPL13,2083258.978027344,13-15,1436,707,15_e
BPL13,2083954.9775390625,13-15,378,826,back
BPL13,2088106.978027344,10-12,1536,819,continue
BPL13,2111490.978027344,13-15,469,258,13_a
BPL13,2124914.9775390625,13-15,1209,507,14_d
BPL13,2132802.9775390625,13-15,1431,505,14_e
BPL13,2221001.978027344,16-20,1491,164,16_d
BPL13,2225497.978027344,16-20,1331,295,17_a
BPL13,2231433.978027344,16-20,1387,428,18_b
BPL13,2242225.978027344,16-20,1336,565,19_a
BPL13,2252537.978027344,16-20,1538,693,20_e
BPL13,2253433.978027344,16-20,1537,845,continue
BPL13,2272992.978027344,21-25,1334,158,21_a
BPL13,2277440.978027344,21-25,1387,289,22_b
BPL13,2287816.978027344,21-25,1483,427,23_d
BPL13,2327872.978027344,21-25,834,721,not on any aoi
BPL13,2329968.978027344,21-25,1534,694,25_e
BPL13,2336376.978027344,21-25,1489,564,24_d
BPL13,2337224.978027344,21-25,1506,847,continue
BPL13,2356400.978027344,26-30,1335,164,26_a
BPL13,2363232.978027344,26-30,1539,289,27_e
BPL13,2382016.978027344,26-30,1486,558,29_d
BPL13,2397704.978027344,26-30,1334,698,30_a
BPL13,2417840.978027344,26-30,1480,430,28_d
BPL13,2427264.978027344,26-30,1535,698,30_e
BPL13,2475872.978027344,31-33,720,289,31_b
BPL13,2480952.978027344,31-33,971,559,32_c
BPL13,2483464.978027344,31-33,713,824,33_b
BPL13,2484504.978027344,31-33,1519,932,continue
BPL13,2488143.978515625,34-36,1186,293,34_d
BPL13,2496751.978027344,34-36,1208,568,35_d
BPL13,2499695.978027344,34-36,955,817,36_c
BPL13,2500751.978027344,34-36,1563,937,continue
BPL13,2501391.978027344,34-36,1539,935,continue
BPL13,2504384.978027344,37-39,485,287,37_a
BPL13,2518840.978027344,37-39,1443,286,37_e
BPL13,2524616.978027344,37-39,1185,559,38_d
BPL13,2532904.978027344,37-39,950,844,39_c
BPL13,2534120.978027344,37-39,1534,923,continue
BPL13,2546031.978515625,40-42,1213,300,40_d
BPL13,2572127.978027344,40-42,492,562,41_a
BPL13,2606183.978515625,40-42,477,834,42_a
BPL13,2607511.978027344,40-42,1515,909,continue
BPL13,2623903.978027344,43-45,1228,265,43_d
BPL13,2650095.978027344,43-45,491,551,44_a
BPL13,2706982.978027344,46-48,1175,285,46_d
BPL13,2733398.978027344,46-48,1228,549,47_d
BPL13,2749030.978027344,46-48,967,812,48_c
BPL13,2750070.978515625,46-48,1513,935,continue
BPL13,2766743.978027344,49-51,737,271,49_b
BPL13,2784823.978027344,49-51,724,563,50_b
BPL13,2806671.978027344,49-51,1185,809,51_d
BPL13,2807286.978027344,49-51,1538,930,continue
BPL13,2816118.9780273438,52-54,1198,267,52_d
BPL13,2822158.9780273438,52-54,471,568,53_a
BPL13,2833126.9780273438,52-54,697,832,54_b
BPL13,2834318.9780273438,52-54,1523,932,continue
BPL13,2841046.9780273438,55-56,970,268,55_c
BPL13,2847742.978515625,55-56,1199,580,56_d
BSR23,1876312.3637695312,1-3,1202,237,1_d
BSR23,1878792.3637695312,1-3,730,465,2_b
BSR23,1882544.3637695312,1-3,1454,690,3_e
BSR23,1883592.3637695312,1-3,1528,847,continue
BSR23,1886392.3637695312,4-6,478,220,4_a
BSR23,1893792.3637695312,4-6,1442,455,5_e
BSR23,1900096.3637695312,4-6,722,676,6_b
BSR23,1901943.3637695312,4-6,1530,831,continue
BSR23,1906767.3637695312,7-9,961,225,7_c
BSR23,1912975.3637695312,7-9,960,450,8_c
BSR23,1920343.3637695312,7-9,477,680,9_a
BSR23,1921303.3637695312,7-9,1549,823,continue
BSR23,1932808.3637695312,10-12,478,219,10_a
BSR23,1938744.3637695312,10-12,723,451,11_b
BSR23,1945656.3637695312,10-12,480,676,12_a
BSR23,1948696.3637695312,10-12,1203,686,12_d
BSR23,1949480.3637695312,10-12,1528,822,continue
BSR23,1956464.3637695312,13-15,718,219,13_b
BSR23,1964696.3637695312,13-15,1207,452,14_d
BSR23,1974200.3637695312,13-15,715,678,15_b
BSR23,1974960.3637695312,13-15,395,825,back
BSR23,1976896.36328125,10-12,1546,829,continue
BSR23,1987160.3637695312,13-15,391,834,back
BSR23,1988823.3637695312,10-12,391,834,back
BSR23,1990240.3637695312,7-9,391,833,back
BSR23,1993352.3637695312,4-6,392,823,back
BSR23,2003232.36328125,1-3,1514,841,continue
BSR23,2018040.3637695312,4-6,1512,827,continue
BSR23,2037704.3637695312,7-9,1561,834,continue
BSR23,2039032.3637695312,7-9,1553,828,continue
BSR23,2084056.3637695312,10-12,481,682,12_a
BSR23,2088136.3637695312,10-12,1517,827,continue
BSR23,2104136.3637695312,13-15,960,219,13_c
BSR23,2137136.3637695312,16-20,1486,160,16_d
BSR23,2143736.3637695312,16-20,1338,296,17_a
BSR23,2148680.3637695312,16-20,1390,427,18_b
BSR23,2155376.3637695312,16-20,1332,566,19_a
BSR23,2163568.3637695312,16-20,1537,702,20_e
BSR23,2164400.3637695312,16-20,1524,852,continue
BSR23,2183200.3637695312,21-25,1540,295,22_e
BSR23,2192792.3637695312,21-25,1441,157,21_c
BSR23,2205264.3637695312,21-25,1335,428,23_a
BSR23,2226176.3637695312,21-25,1333,565,24_a
BSR23,2241488.36328125,21-25,1488,701,25_d
BSR23,2249104.3637695312,21-25,1512,853,continue
BSR23,2261072.3637695312,26-30,1439,162,26_c
BSR23,2275024.3637695312,26-30,1482,291,27_d
BSR23,2295784.36328125,26-30,1339,430,28_a
BSR23,2310400.3637695312,26-30,1487,564,29_d
BSR23,2328584.3637695312,26-30,1487,701,30_d
BSR23,2339160.3637695312,26-30,1341,566,29_a
BSR23,2410113.36328125,31-33,722,268,31_b
BSR23,2412233.3637695312,31-33,957,533,32_c
BSR23,2415929.36328125,31-33,722,799,33_b
BSR23,2417513.3637695312,31-33,1538,934,continue
BSR23,2421856.3637695312,34-36,1207,270,34_d
BSR23,2426521.36328125,34-36,1204,531,35_d
BSR23,2433000.3637695312,34-36,478,801,36_a
BSR23,2434857.36328125,34-36,1520,944,continue
BSR23,2440801.3637695312,37-39,1444,271,37_e
BSR23,2448121.36328125,37-39,1202,538,38_d
BSR23,2453121.36328125,37-39,961,795,39_c
BSR23,2455321.3637695312,37-39,1512,937,continue
BSR23,2471553.3637695312,40-42,485,262,40_a
BSR23,2483553.3637695312,40-42,720,535,41_b
BSR23,2493113.36328125,40-42,959,810,42_c
BSR23,2495241.3637695312,40-42,1523,917,continue
BSR23,2508144.3637695312,43-45,1199,270,43_d
BSR23,2522088.3637695312,43-45,476,519,44_a
BSR23,2536728.3637695312,43-45,719,772,45_b
BSR23,2647985.3637695312,46-48,1203,241,46_d
BSR23,2657161.3637695312,46-48,722,498,47_b
BSR23,2665505.3637695312,46-48,1200,762,48_d
BSR23,2666849.3637695312,46-48,1557,934,continue
BSR23,2677657.3637695312,49-51,721,236,49_b
BSR23,2687385.3637695312,49-51,964,500,50_c
BSR23,2702465.3637695312,49-51,483,759,51_a
BSR23,2704633.36328125,49-51,1545,929,continue
BSR23,2712441.3637695312,52-54,1203,235,52_d
BSR23,2725241.3637695312,52-54,477,497,53_a
BSR23,2744289.3637695312,52-54,481,763,54_a
BSR23,2752849.3637695312,52-54,1536,924,continue
BSR23,2771041.36328125,55-56,479,232,55_a
BSR23,2779465.3637695312,55-56,715,506,56_b
BUR13,1952557.3950195312,1-3,1200,240,1_d
BUR13,1955105.3950195312,1-3,725,462,2_b
BUR13,1960744.3950195312,1-3,1446,696,3_e
BUR13,1962124.3950195312,1-3,1535,835,continue
BUR13,1966091.3950195312,4-6,481,224,4_a
BUR13,1971977.3950195312,4-6,1440,447,5_e
BUR13,1979555.3955078125,4-6,722,683,6_b
BUR13,1981005.3950195312,4-6,1524,819,continue
BUR13,1986705.3950195312,7-9,959,224,7_c
BUR13,1991854.3950195312,7-9,963,450,8_c
BUR13,2000260.3950195312,7-9,1199,680,9_d
BUR13,2001449.3950195312,7-9,1533,827,continue
BUR13,2016916.3950195312,10-12,719,216,10_b
BUR13,2040503.39453125,10-12,725,448,11_b
BUR13,2055351.3950195312,10-12,479,683,12_a
BUR13,2058533.3950195312,10-12,1512,828,continue
BUR13,2082874.3950195312,13-15,721,224,13_b
BUR13,2088667.3950195312,13-15,721,224,13_b
BUR13,2089926.3950195312,13-15,956,222,13_c
BUR13,2120509.3950195312,13-15,1204,453,14_d
BUR13,2161365.3950195312,13-15,719,677,15_b
BUR13,2217373.3950195312,16-20,1482,159,16_d
BUR13,2221665.3950195312,16-20,1333,296,17_a
BUR13,2224964.3950195312,16-20,1382,427,18_b
BUR13,2230590.3950195312,16-20,1333,568,19_a
BUR13,2234774.3950195312,16-20,1537,707,20_e
BUR13,2236154.39453125,16-20,1508,863,continue
BUR13,2255437.3950195312,21-25,1436,162,21_c
BUR13,2284834.3950195312,21-25,1536,291,22_e
BUR13,2300533.3950195312,21-25,1339,423,23_a
BUR13,2313236.3950195312,21-25,1434,568,24_c
BUR13,2326620.3950195312,21-25,1533,700,25_e
BUR13,2330491.3950195312,21-25,1512,847,continue
BUR13,2341726.3950195312,26-30,1487,157,26_d
BUR13,2357912.3950195312,26-30,1536,296,27_e
BUR13,2366175.39453125,26-30,1487,432,28_d
BUR13,2378842.3950195312,26-30,1389,566,29_b
BUR13,2406619.3950195312,26-30,1389,699,30_b
BUR13,2418918.3950195312,26-30,1331,702,30_a
BUR13,2426276.3950195312,26-30,1532,699,30_e
BUR13,2445125.3950195312,26-30,402,867,not on any aoi
BUR13,2446132.3950195312,26-30,403,858,back
BUR13,2452397.3950195312,21-25,1523,856,continue
BUR13,2478960.3950195312,31-33,720,271,31_b
BUR13,2480943.3950195312,31-33,951,531,32_c
BUR13,2486017.3950195312,31-33,724,803,33_b
BUR13,2487537.3950195312,31-33,1544,948,continue
BUR13,2488483.3950195312,31-33,1537,941,continue
BUR13,2492605.3950195312,34-36,1203,273,34_d
BUR13,2498453.3950195312,34-36,715,529,35_b
BUR13,2503161.3950195312,34-36,483,804,36_a
BUR13,2505134.3950195312,34-36,1515,936,continue
BUR13,2509960.3950195312,37-39,1440,267,37_e
BUR13,2517017.3950195312,37-39,1202,535,38_d
BUR13,2524372.3950195312,37-39,968,800,39_c
BUR13,2529294.3950195312,37-39,1201,801,39_d
BUR13,2539343.3950195312,37-39,963,803,39_c
BUR13,2540470.39453125,37-39,1543,932,continue
BUR13,2557443.3955078125,40-42,483,272,40_a
BUR13,2568474.3950195312,40-42,726,531,41_b
BUR13,2601035.3955078125,40-42,1203,532,41_d
BUR13,2623604.3950195312,40-42,962,803,42_c
BUR13,2627378.39453125,40-42,1523,918,continue
BUR13,2640496.3950195312,43-45,1204,266,43_d
BUR13,2766239.3950195312,46-48,1203,230,46_d
BUR13,2776490.39453125,46-48,727,508,47_b
BUR13,2787854.3950195312,46-48,1203,760,48_d
BUR13,2788962.3950195312,46-48,1532,928,continue
BUR13,2799091.3950195312,49-51,720,233,49_b
BUR13,2815015.3950195312,49-51,480,504,50_a
BUR13,2832458.3950195312,49-51,480,768,51_a
BUR13,2839278.3950195312,49-51,1507,917,continue
BUR13,2861422.3950195312,52-54,1201,239,52_d
BUR13,2877667.3950195312,52-54,482,500,53_a
BUR13,2893165.3950195312,52-54,482,763,54_a
BUR13,2904124.3950195312,52-54,1510,919,continue
BUR13,2931180.3955078125,55-56,964,240,55_c
BUR13,2937372.3950195312,55-56,717,507,56_b
BWB04,18989480.06640625,1-3,1202,232,1_d
BWB04,18994160.06591797,1-3,718,463,2_b
BWB04,18998536.06591797,1-3,1438,691,3_e
BWB04,18999464.06591797,1-3,1529,836,continue
BWB04,19002920.06591797,4-6,481,221,4_a
BWB04,19013448.06591797,4-6,1444,451,5_e
BWB04,19018880.06591797,4-6,960,685,6_c
BWB04,19020208.06591797,4-6,1511,820,continue
BWB04,19024552.06640625,7-9,960,225,7_c
BWB04,19028784.06591797,7-9,962,449,8_c
BWB04,19042816.06591797,7-9,1199,681,9_d
BWB04,19043720.06591797,7-9,1567,821,continue
BWB04,19044096.06591797,7-9,1533,821,continue
BWB04,19051176.06591797,10-12,1441,224,10_e
BWB04,19055776.06640625,10-12,724,221,10_b
BWB04,19063384.06591797,10-12,714,451,11_b
BWB04,19069920.06591797,10-12,955,678,12_c
BWB04,19074272.06591797,10-12,1521,813,continue
BWB04,19074752.06591797,10-12,1520,814,continue
BWB04,19075680.06591797,10-12,1522,825,continue
BWB04,19090072.06640625,13-15,959,219,13_c
BWB04,19098936.06591797,13-15,478,450,14_a
BWB04,19110008.06591797,13-15,1437,683,15_e
BWB04,19119680.06591797,13-15,422,831,back
BWB04,19121824.06591797,10-12,1523,821,continue
BWB04,19129896.06591797,13-15,1530,823,continue
BWB04,19199616.06591797,13-15,1199,455,14_d
BWB04,19255575.06591797,16-20,1487,162,16_d
BWB04,19263759.06591797,16-20,1335,295,17_a
BWB04,19266519.06640625,16-20,1393,435,18_b
BWB04,19273575.06591797,16-20,1341,563,19_a
BWB04,19282719.06591797,16-20,1535,696,20_e
BWB04,19283631.06640625,16-20,1533,856,continue
BWB04,19300071.06640625,21-25,1437,158,21_c
BWB04,19304647.06591797,21-25,1381,292,22_b
BWB04,19313815.06640625,21-25,1333,428,23_a
BWB04,19344711.06591797,21-25,1434,561,24_c
BWB04,19353735.06640625,21-25,1435,699,25_c
BWB04,19354615.06591797,21-25,1538,861,continue
BWB04,19368959.06640625,26-30,1439,158,26_c
BWB04,19378351.06591797,26-30,1537,300,27_e
BWB04,19389415.06591797,26-30,1488,429,28_d
BWB04,19401967.06591797,26-30,1489,562,29_d
BWB04,19419791.06591797,26-30,1435,693,30_c
BWB04,19523414.06591797,31-33,723,265,31_b
BWB04,19525630.06591797,31-33,965,532,32_c
BWB04,19527694.06591797,31-33,721,796,33_b
BWB04,19528782.06591797,31-33,1502,932,continue
BWB04,19531998.06591797,34-36,1199,270,34_d
BWB04,19538966.06591797,34-36,718,534,35_b
BWB04,19543150.06591797,34-36,480,800,36_a
BWB04,19544630.06591797,34-36,1526,937,continue
BWB04,19549143.06640625,37-39,1443,270,37_e
BWB04,19553631.06640625,37-39,1202,538,38_d
BWB04,19563639.06591797,37-39,1196,798,39_d
BWB04,19566863.06591797,37-39,1510,932,continue
BWB04,19580838.06591797,40-42,481,271,40_a
BWB04,19605102.06591797,40-42,719,527,41_b
BWB04,19614174.06591797,40-42,486,806,42_a
BWB04,19620414.06591797,40-42,960,804,42_c
BWB04,19622982.06591797,40-42,1517,917,continue
BWB04,19639430.06591797,43-45,1203,277,43_d
BWB04,19654622.06591797,43-45,1442,526,44_e
BWB04,19699014.06591797,43-45,482,774,45_a
BWB04,19790302.06591797,46-48,1201,237,46_d
BWB04,19812421.06591797,46-48,718,498,47_b
BWB04,19822269.06591797,46-48,1201,767,48_d
BWB04,19823485.06591797,46-48,1546,928,continue
BWB04,19835613.06591797,49-51,718,242,49_b
BWB04,19845221.06591797,49-51,962,502,50_c
BWB04,19855933.06591797,49-51,480,767,51_a
BWB04,19857213.06591797,49-51,1510,929,continue
BWB04,19876029.06591797,52-54,1199,235,52_d
BWB04,19888805.06591797,52-54,482,497,53_a
BWB04,19898437.06591797,52-54,480,761,54_a
BWB04,19910189.06591797,52-54,1526,930,continue
BWB04,19950557.06591797,55-56,1439,495,56_e
BWÃƒâ€“06,2587383.9838867188,1-3,1205,238,1_d
BWÃƒâ€“06,2593159.9838867188,1-3,716,453,2_b
BWÃƒâ€“06,2597223.9838867188,1-3,1439,693,3_e
BWÃƒâ€“06,2598287.9838867188,1-3,1546,837,continue
BWÃƒâ€“06,2601287.9838867188,4-6,469,220,4_a
BWÃƒâ€“06,2608343.983398437,4-6,1440,459,5_e
BWÃƒâ€“06,2614703.9838867188,4-6,721,689,6_b
BWÃƒâ€“06,2615959.9838867188,4-6,1532,832,continue
BWÃƒâ€“06,2620472.9838867188,7-9,955,223,7_c
BWÃƒâ€“06,2629464.9838867188,7-9,965,477,8_c
BWÃƒâ€“06,2643479.9838867188,7-9,1196,681,9_d
BWÃƒâ€“06,2646095.9838867188,7-9,1523,822,continue
BWÃƒâ€“06,2655215.9838867188,10-12,1208,275,10_d
BWÃƒâ€“06,2658599.983398437,10-12,466,257,10_a
BWÃƒâ€“06,2670951.9838867188,10-12,706,499,11_b
BWÃƒâ€“06,2701871.9838867188,10-12,491,723,12_a
BWÃƒâ€“06,2704319.9838867188,10-12,1544,824,continue
BWÃƒâ€“06,2726670.9838867188,13-15,978,287,13_c
BWÃƒâ€“06,2728134.9838867188,13-15,479,494,14_a
BWÃƒâ€“06,2743102.9838867188,13-15,733,744,15_b
BWÃƒâ€“06,2751286.9838867188,13-15,1537,821,continue
BWÃƒâ€“06,2752038.9838867188,13-15,1537,837,continue
BWÃƒâ€“06,2753542.9838867188,13-15,1538,844,continue
BWÃƒâ€“06,2839334.9838867188,16-20,1490,164,16_d
BWÃƒâ€“06,2841566.9838867188,16-20,1386,298,17_b
BWÃƒâ€“06,2846758.9838867188,16-20,1484,434,18_d
BWÃƒâ€“06,2853758.9838867188,16-20,1330,562,19_a
BWÃƒâ€“06,2859150.9838867188,16-20,1541,704,20_e
BWÃƒâ€“06,2860062.9838867188,16-20,1516,851,continue
BWÃƒâ€“06,2873262.9838867188,21-25,1432,158,21_c
BWÃƒâ€“06,2882758.9838867188,21-25,1388,291,22_b
BWÃƒâ€“06,2928710.9833984375,21-25,1481,436,23_d
BWÃƒâ€“06,2945134.9838867188,21-25,1535,568,24_e
BWÃƒâ€“06,2951222.9838867188,21-25,1439,698,25_c
BWÃƒâ€“06,2952262.9838867188,21-25,1536,855,continue
BWÃƒâ€“06,2973734.9838867188,26-30,1489,164,26_d
BWÃƒâ€“06,2986110.9838867188,26-30,1534,300,27_e
BWÃƒâ€“06,3004157.9838867188,26-30,1486,424,28_d
BWÃƒâ€“06,3030381.9838867188,26-30,1432,566,29_c
BWÃƒâ€“06,3051925.9838867188,26-30,1337,698,30_a
BWÃƒâ€“06,3104973.9838867188,31-33,738,302,31_b
BWÃƒâ€“06,3107332.9838867188,31-33,993,568,32_c
BWÃƒâ€“06,3108813.9838867188,31-33,723,843,33_b
BWÃƒâ€“06,3109932.9838867188,31-33,1524,935,continue
BWÃƒâ€“06,3112492.984375,34-36,1202,303,34_d
BWÃƒâ€“06,3119356.9838867188,34-36,712,574,35_b
BWÃƒâ€“06,3124620.9838867188,34-36,479,840,36_a
BWÃƒâ€“06,3126036.9838867188,34-36,1530,944,continue
BWÃƒâ€“06,3131396.9838867188,37-39,1446,315,37_e
BWÃƒâ€“06,3135612.9838867188,37-39,1198,583,38_d
BWÃƒâ€“06,3138684.9838867188,37-39,962,843,39_c
BWÃƒâ€“06,3139596.9838867188,37-39,1537,936,continue
BWÃƒâ€“06,3164252.9838867188,40-42,484,312,40_a
BWÃƒâ€“06,3197876.9838867188,40-42,464,574,41_a
BWÃƒâ€“06,3214620.9838867188,40-42,1188,833,42_d
BWÃƒâ€“06,3217524.9838867188,40-42,1520,926,continue
BWÃƒâ€“06,3242908.9838867188,43-45,1202,289,43_d
BWÃƒâ€“06,3258492.984375,43-45,968,557,44_c
BWÃƒâ€“06,3265460.9838867188,43-45,1445,560,44_e
BWÃƒâ€“06,3279564.9838867188,43-45,1196,773,45_d
BWÃƒâ€“06,3321947.9838867188,46-48,979,267,46_c
BWÃƒâ€“06,3324235.984375,46-48,1201,283,46_d
BWÃƒâ€“06,3337579.9838867188,46-48,742,563,47_b
BWÃƒâ€“06,3359123.984375,46-48,498,834,48_a
BWÃƒâ€“06,3360563.9838867188,46-48,1528,929,continue
BWÃƒâ€“06,3378427.9838867188,49-51,726,310,49_b
BWÃƒâ€“06,3392091.984375,49-51,967,572,50_c
BWÃƒâ€“06,3399659.9838867188,49-51,494,829,51_a
BWÃƒâ€“06,3400587.9838867188,49-51,1507,925,continue
BWÃƒâ€“06,3417651.9838867188,52-54,712,309,52_b
BWÃƒâ€“06,3441611.9838867188,52-54,489,553,53_a
BWÃƒâ€“06,3458715.984375,52-54,482,831,54_a
BWÃƒâ€“06,3459899.984375,52-54,1519,931,continue
BWÃƒâ€“06,3475691.9838867188,55-56,499,562,56_a
BWÃƒâ€“06,3487275.984375,55-56,735,305,55_b
CAH13,480944.0258789063,1-3,1199,237,1_d
CAH13,485156.0258789063,1-3,719,469,2_b
CAH13,487705.0258789063,1-3,1442,693,3_e
CAH13,488999.0258789063,1-3,1525,836,continue
CAH13,492644.0258789063,4-6,504,272,4_a
CAH13,496856.0258789063,4-6,1441,456,5_e
CAH13,502999.0258789063,4-6,717,685,6_b
CAH13,504536.0258789063,4-6,1540,827,continue
CAH13,511849.0258789063,7-9,478,228,7_a
CAH13,519853.0258789063,7-9,958,457,8_c
CAH13,530203.0258789061,7-9,719,693,9_b
CAH13,531872.0258789061,7-9,1545,828,continue
CAH13,541669.0258789061,10-12,481,225,10_a
CAH13,546285.0258789061,10-12,719,457,11_b
CAH13,560981.0263671875,10-12,480,683,12_a
CAH13,562589.0258789061,10-12,1529,820,continue
CAH13,570019.0258789061,13-15,967,225,13_c
CAH13,587836.0258789061,13-15,1441,454,14_e
CAH13,592461.0263671875,13-15,788,616,not on any aoi
CAH13,593573.0263671875,13-15,1439,687,15_e
CAH13,595748.0258789061,13-15,884,625,not on any aoi
CAH13,602730.0258789061,13-15,715,677,15_b
CAH13,744540.0258789062,16-20,1492,158,16_d
CAH13,749138.0258789062,16-20,1337,298,17_a
CAH13,751711.0258789062,16-20,1387,428,18_b
CAH13,762990.0258789062,16-20,1338,564,19_a
CAH13,772012.0258789062,16-20,1536,702,20_e
CAH13,776815.0258789062,16-20,1504,862,continue
CAH13,788853.0258789062,21-25,1439,161,21_c
CAH13,798192.0258789062,21-25,1385,296,22_b
CAH13,809960.0258789062,21-25,1336,428,23_a
CAH13,825195.0258789062,21-25,1337,562,24_a
CAH13,847339.0258789062,21-25,1387,702,25_b
CAH13,847440.0258789062,21-25,1387,702,25_b
CAH13,847500.0258789062,21-25,1387,702,25_b
CAH13,848755.0258789062,21-25,1538,859,continue
CAH13,859767.0258789062,26-30,1435,162,26_c
CAH13,860050.0258789062,26-30,1435,162,26_c
CAH13,882913.0258789062,26-30,1487,296,27_d
CAH13,893739.0258789062,26-30,1487,433,28_d
CAH13,909360.0258789062,26-30,1390,566,29_b
CAH13,931554.0263671876,26-30,1438,699,30_c
CAH13,1022702.0258789062,31-33,723,274,31_b
CAH13,1024502.0258789062,31-33,960,534,32_c
CAH13,1026110.0258789062,31-33,719,800,33_b
CAH13,1027878.0258789062,31-33,1512,932,continue
CAH13,1032586.0258789062,34-36,1199,268,34_d
CAH13,1044030.0258789062,34-36,1203,533,35_d
CAH13,1047762.0258789062,34-36,481,801,36_a
CAH13,1049470.0258789062,34-36,1521,935,continue
CAH13,1055166.0263671877,37-39,1440,272,37_e
CAH13,1060068.025390625,37-39,1202,537,38_d
CAH13,1071754.0258789062,37-39,958,802,39_c
CAH13,1072896.0258789062,37-39,1514,939,continue
CAH13,1083661.0258789062,40-42,1196,272,40_d
CAH13,1109519.0258789062,40-42,486,535,41_a
CAH13,1129368.0258789062,40-42,960,814,42_c
CAH13,1130541.0263671877,40-42,1539,916,continue
CAH13,1142476.025390625,43-45,1200,269,43_d
CAH13,1179024.0258789062,43-45,722,522,44_b
CAH13,1302766.0258789062,46-48,1200,234,46_d
CAH13,1318109.0258789062,46-48,1205,502,47_d
CAH13,1333863.0258789062,46-48,964,764,48_c
CAH13,1335915.0258789062,46-48,1542,930,continue
CAH13,1349986.0258789062,49-51,962,234,49_c
CAH13,1365536.0258789062,49-51,961,497,50_c
CAH13,1379533.0263671877,49-51,482,769,51_a
CAH13,1381413.0258789062,49-51,1499,922,continue
CAH13,1399293.0258789062,52-54,484,234,52_a
CAH13,1417781.0258789062,52-54,718,499,53_b
CAH13,1429031.0258789062,52-54,1439,764,54_e
CAH13,1429850.0263671875,52-54,1519,919,continue
CAH13,1430042.0258789062,55-56,1519,919,not on any aoi
CAH13,1454510.0258789062,55-56,959,238,55_c
CBS11,2093320.0659179688,1-3,1203,271,1_d
CBS11,2094832.0659179688,1-3,723,498,2_b
CBS11,2097184.0659179688,1-3,1445,734,3_e
CBS11,2097968.0659179688,1-3,1505,826,continue
CBS11,2099880.0659179688,4-6,484,260,4_a
CBS11,2105416.0659179688,4-6,1447,495,5_e
CBS11,2109896.0659179688,4-6,720,685,6_b
CBS11,2110897.0659179688,4-6,1530,826,continue
CBS11,2115071.0659179688,7-9,963,217,7_c
CBS11,2118943.0659179688,7-9,968,453,8_c
CBS11,2124383.0659179688,7-9,1183,670,9_d
CBS11,2127071.0659179688,7-9,1520,826,continue
CBS11,2137103.0654296875,10-12,490,254,10_a
CBS11,2146959.0659179688,10-12,718,495,11_b
CBS11,2151351.0659179688,10-12,493,721,12_a
CBS11,2152783.0659179688,10-12,1534,823,continue
CBS11,2164311.0659179688,13-15,961,226,13_c
CBS11,2176791.0659179688,13-15,1207,465,14_d
CBS11,2200431.0654296875,13-15,1430,698,15_e
CBS11,2353542.0659179688,16-20,735,207,not on any aoi
CBS11,2356406.0659179688,16-20,1489,158,16_d
CBS11,2364558.0659179688,16-20,1335,295,17_a
CBS11,2366710.0659179688,16-20,1384,433,18_b
CBS11,2372214.0654296875,16-20,1335,562,19_a
CBS11,2383686.0659179688,16-20,1536,694,20_e
CBS11,2384598.0659179688,16-20,1520,844,continue
CBS11,2393943.0659179688,21-25,1436,160,21_c
CBS11,2397855.0659179688,21-25,1387,298,22_b
CBS11,2401463.0659179688,21-25,1335,427,23_a
CBS11,2417367.0659179688,21-25,1431,563,24_c
CBS11,2435127.0659179688,21-25,1541,695,25_e
CBS11,2436263.0659179688,21-25,1543,860,continue
CBS11,2456791.0659179688,26-30,1434,161,26_c
CBS11,2487119.0659179688,26-30,1535,290,27_e
CBS11,2515343.0659179688,26-30,1489,428,28_d
CBS11,2520319.0654296875,26-30,1489,295,27_d
CBS11,2532431.0654296875,26-30,1485,564,29_d
CBS11,2543471.0654296875,26-30,1387,699,30_b
CBS11,2558471.0654296875,26-30,1542,154,26_e
CBS11,2572711.0659179688,26-30,1431,160,26_c
CBS11,2614671.0659179688,31-33,727,274,31_b
CBS11,2616791.0659179688,31-33,968,545,32_c
CBS11,2619479.0659179688,31-33,735,806,33_b
CBS11,2620695.0654296875,31-33,1524,931,continue
CBS11,2624062.0659179688,34-36,1201,273,34_d
CBS11,2627902.0659179688,34-36,741,528,35_b
CBS11,2630966.0659179688,34-36,493,808,36_a
CBS11,2631958.0659179688,34-36,1525,932,continue
CBS11,2636279.0659179688,37-39,1438,275,37_e
CBS11,2638935.0659179688,37-39,1208,534,38_d
CBS11,2648630.0659179688,37-39,1197,807,39_d
CBS11,2649870.0659179688,37-39,1510,934,continue
CBS11,2665854.0659179688,40-42,475,268,40_a
CBS11,2686222.0659179688,40-42,722,533,41_b
CBS11,2727614.0659179688,40-42,955,809,42_c
CBS11,2729366.0659179688,40-42,1535,926,continue
CBS11,2737550.0659179688,43-45,1196,267,43_d
CBS11,2751422.0659179688,43-45,1437,521,44_e
CBS11,2765046.0659179688,43-45,485,777,45_a
CBS11,2860334.0659179688,46-48,1208,234,46_d
CBS11,2870382.0659179688,46-48,717,497,47_b
CBS11,2881270.0659179688,46-48,711,764,48_b
CBS11,2887046.0659179688,46-48,1541,930,continue
CBS11,2895654.0659179688,49-51,723,240,49_b
CBS11,2905566.0659179688,49-51,960,495,50_c
CBS11,2918325.0659179688,49-51,493,819,51_a
CBS11,2920686.0659179688,49-51,1557,933,continue
CBS11,2933589.0659179688,52-54,1204,282,52_d
CBS11,2945629.0659179688,52-54,483,497,53_a
CBS11,2958373.0659179688,52-54,485,776,54_a
CBS11,2960253.0659179688,52-54,1539,925,continue
CBS11,3003613.0659179688,55-56,963,285,55_c
CBS11,3031821.0659179688,55-56,1440,518,56_e
CCE16,8063081.388183594,1-3,1204,283,1_d
CCE16,8066561.388183594,1-3,717,466,2_b
CCE16,8069569.388183594,1-3,1434,725,3_e
CCE16,8070457.388183594,1-3,1518,838,continue
CCE16,8076666.3876953125,4-6,476,274,4_a
CCE16,8081858.388183594,4-6,1440,495,5_e
CCE16,8088066.388183594,4-6,721,686,6_b
CCE16,8089066.388183594,4-6,1536,822,continue
CCE16,8095202.388183594,7-9,959,272,7_c
CCE16,8098746.388183594,7-9,996,493,8_c
CCE16,8107122.388183594,7-9,729,715,9_b
CCE16,8108002.388183594,7-9,1524,822,continue
CCE16,8120266.388183594,10-12,1422,268,10_e
CCE16,8133481.388183594,10-12,1206,501,11_d
CCE16,8142401.388183594,10-12,479,737,12_a
CCE16,8147185.388183594,10-12,1508,826,continue
CCE16,8158618.388183594,13-15,489,269,13_a
CCE16,8182442.3876953125,13-15,491,482,14_a
CCE16,8203281.388183594,13-15,969,728,15_c
CCE16,8238193.388183594,13-15,948,266,13_c
CCE16,8342528.388183594,16-20,1489,162,16_d
CCE16,8358600.388183594,16-20,1331,299,17_a
CCE16,8368032.388183594,16-20,1386,431,18_b
CCE16,8382264.388183594,16-20,1430,566,19_c
CCE16,8397520.388671875,16-20,1535,700,20_e
CCE16,8398304.388183594,16-20,1523,859,continue
CCE16,8417392.388183594,21-25,1427,157,21_c
CCE16,8432312.388183594,21-25,1384,298,22_b
CCE16,8438248.388183594,21-25,1334,426,23_a
CCE16,8474152.388183594,21-25,1430,563,24_c
CCE16,8506520.388671875,21-25,1384,696,25_b
CCE16,8507456.388183594,21-25,1500,852,continue
CCE16,8527216.388183594,26-30,1439,161,26_c
CCE16,8544448.388671875,26-30,1432,704,30_c
CCE16,8559936.388183594,26-30,1485,430,28_d
CCE16,8565784.388183594,26-30,1438,297,27_c
CCE16,8650351.387695312,31-33,721,272,31_b
CCE16,8653375.388183594,31-33,968,549,32_c
CCE16,8655639.388183594,31-33,718,830,33_b
CCE16,8656967.388183594,31-33,1544,938,continue
CCE16,8661176.388183594,34-36,1202,293,34_d
CCE16,8665088.388183594,34-36,1446,570,35_e
CCE16,8669648.388183594,34-36,718,581,35_b
CCE16,8676840.388183594,34-36,493,843,36_a
CCE16,8678200.388183594,34-36,1524,942,continue
CCE16,8688791.387695312,37-39,1448,301,37_e
CCE16,8697463.387695312,37-39,1188,576,38_d
CCE16,8718367.388183594,37-39,464,839,39_a
CCE16,8722199.387695312,37-39,957,849,39_c
CCE16,8725103.388183594,37-39,1522,945,continue
CCE16,8735023.388183594,40-42,969,326,40_c
CCE16,8743863.387695312,40-42,720,577,41_b
CCE16,8760503.388183594,40-42,488,828,42_a
CCE16,8761543.388183594,40-42,1510,925,continue
CCE16,8769359.388183594,43-45,729,301,43_b
CCE16,8775879.388183594,43-45,967,307,43_c
CCE16,8790191.388183594,43-45,1447,564,44_e
CCE16,8807327.388183594,43-45,1212,814,45_d
CCE16,8953646.387695312,46-48,1219,305,46_d
CCE16,8967870.387695312,46-48,745,528,47_b
CCE16,8978510.388183594,46-48,1222,804,48_d
CCE16,8979582.388183594,46-48,1538,931,continue
CCE16,8986870.387695312,49-51,742,304,49_b
CCE16,9007198.388183594,49-51,967,549,50_c
CCE16,9020846.388183594,49-51,481,817,51_a
CCE16,9021678.388183594,49-51,1527,928,continue
CCE16,9050622.388183594,52-54,945,307,52_c
CCE16,9085982.388183594,52-54,494,554,53_a
CCE16,9107182.388183594,52-54,962,798,54_c
CCE16,9108358.388183594,52-54,1528,917,continue
CDF08,1439560.7319335938,1-3,1205,239,1_d
CDF08,1442336.7319335938,1-3,717,465,2_b
CDF08,1445920.7319335938,1-3,1435,705,3_e
CDF08,1446816.7319335938,1-3,1515,832,continue
CDF08,1449464.7319335938,4-6,490,272,4_a
CDF08,1455984.7319335938,4-6,1447,505,5_e
CDF08,1460736.7319335938,4-6,726,725,6_b
CDF08,1462296.7319335938,4-6,1525,822,continue
CDF08,1469168.7319335938,7-9,940,262,7_c
CDF08,1472296.7319335938,7-9,958,490,8_c
CDF08,1481856.7319335938,7-9,1198,733,9_d
CDF08,1484128.7319335938,7-9,1548,821,continue
CDF08,1495248.7319335938,10-12,471,262,10_a
CDF08,1507080.7319335938,10-12,722,495,11_b
CDF08,1511240.7319335938,10-12,478,735,12_a
CDF08,1519296.7319335938,10-12,1523,827,continue
CDF08,1532104.7319335938,13-15,728,267,13_b
CDF08,1555096.7319335938,13-15,1436,500,14_e
CDF08,1601384.7319335938,13-15,737,733,15_b
CDF08,1643999.7319335938,13-15,1442,727,15_e
CDF08,1659343.7319335938,13-15,1192,504,14_d
CDF08,1703583.7319335938,16-20,1491,160,16_d
CDF08,1707759.732421875,16-20,1333,297,17_a
CDF08,1711207.7319335938,16-20,1387,432,18_b
CDF08,1724615.7319335938,16-20,1339,562,19_a
CDF08,1730791.7319335938,16-20,1536,699,20_e
CDF08,1732527.7319335938,16-20,1552,850,continue
CDF08,1742359.7319335938,21-25,1432,162,21_c
CDF08,1752015.7319335938,21-25,1540,300,22_e
CDF08,1767199.7319335938,21-25,1341,433,23_a
CDF08,1780615.7319335938,21-25,1434,563,24_c
CDF08,1821999.7319335938,21-25,1541,698,25_e
CDF08,1822951.7319335938,21-25,1520,853,continue
CDF08,1844191.7319335938,26-30,644,207,not on any aoi
CDF08,1845487.7319335938,26-30,1439,162,26_c
CDF08,1868279.732421875,26-30,1538,290,27_e
CDF08,1915175.7319335938,26-30,1482,427,28_d
CDF08,1975607.7319335938,31-33,720,268,31_b
CDF08,1978375.7319335938,31-33,955,580,32_c
CDF08,1981311.7319335938,31-33,707,826,33_b
CDF08,1982527.7319335938,31-33,1517,934,continue
CDF08,1987591.7319335938,34-36,1183,313,34_d
CDF08,1993127.7319335938,34-36,725,576,35_b
CDF08,1996727.7319335938,34-36,482,837,36_a
CDF08,1998247.7319335938,34-36,1551,925,continue
CDF08,2004655.7319335938,37-39,1442,306,37_e
CDF08,2009399.7319335938,37-39,1197,577,38_d
CDF08,2021407.7319335938,37-39,484,830,39_a
CDF08,2026183.7319335938,37-39,949,836,39_c
CDF08,2033631.7319335938,37-39,1195,839,39_d
CDF08,2049175.7319335938,37-39,965,832,39_c
CDF08,2050231.7319335938,37-39,1513,938,continue
CDF08,2057487.7319335938,40-42,490,315,40_a
CDF08,2110975.7319335938,40-42,722,568,41_b
CDF08,2140927.7319335938,40-42,966,833,42_c
CDF08,2143087.7319335938,40-42,1531,920,continue
CDF08,2252798.7319335938,46-48,1183,297,46_d
CDF08,2265486.7319335938,46-48,729,559,47_b
CDF08,2314918.7314453125,46-48,1204,766,48_d
CDF08,2320422.7319335938,46-48,1523,922,continue
CDF08,2331863.7319335938,49-51,703,301,49_b
CDF08,2349319.7319335938,49-51,970,562,50_c
CDF08,2369495.7319335938,49-51,487,829,51_a
CDF08,2373111.7319335938,49-51,1540,937,continue
CDF08,2409926.7319335938,52-54,721,303,52_b
CGB04,21018363.85791016,1-3,1204,240,1_d
CGB04,21021203.85791016,1-3,717,458,2_b
CGB04,21025011.85791016,1-3,1433,691,3_e
CGB04,21025915.85791016,1-3,1535,837,continue
CGB04,21028314.85791016,4-6,470,226,4_a
CGB04,21035946.85791016,4-6,1441,454,5_e
CGB04,21044234.85791016,4-6,720,690,6_b
CGB04,21045626.85791016,4-6,1539,828,continue
CGB04,21050746.85791016,7-9,958,234,7_c
CGB04,21056683.85791016,7-9,982,493,8_c
CGB04,21064930.85791016,7-9,1217,719,9_d
CGB04,21066770.85791016,7-9,1544,829,continue
CGB04,21080498.85791016,10-12,503,271,10_a
CGB04,21088914.85791016,10-12,731,475,11_b
CGB04,21099986.85791016,10-12,478,717,12_a
CGB04,21102746.85791016,10-12,1536,828,continue
CGB04,21146234.85791016,13-15,955,259,13_c
CGB04,21165642.85791016,13-15,476,506,14_a
CGB04,21182450.85791016,13-15,1203,737,15_d
CGB04,21190138.85791016,13-15,404,822,back
CGB04,21192634.85791016,10-12,1524,822,continue
CGB04,21193418.85791016,13-15,1495,819,continue
CGB04,21209106.85791016,13-15,1195,497,14_d
CGB04,21221290.85791016,13-15,1451,737,15_e
CGB04,21276026.85791016,16-20,1486,163,16_d
CGB04,21282314.85791016,16-20,1344,299,17_a
CGB04,21287482.85791016,16-20,1387,416,18_b
CGB04,21301425.85791016,16-20,1541,701,20_e
CGB04,21308489.85791016,16-20,1345,565,19_a
CGB04,21309657.85839844,16-20,1545,865,continue
CGB04,21316569.85791016,21-25,1436,164,21_c
CGB04,21320409.85791016,21-25,1373,291,22_b
CGB04,21348233.85791016,21-25,1336,568,24_a
CGB04,21372065.85839844,21-25,1538,429,23_e
CGB04,21386545.85839844,21-25,151,0,not on any aoi
CGB04,21389697.85791016,21-25,1682,698,not on any aoi
CGB04,21404897.85791016,21-25,1553,711,25_e
CGB04,21406049.85791016,21-25,1549,861,continue
CGB04,21419136.85791016,26-30,1437,159,26_c
CGB04,21428256.85791016,26-30,1535,296,27_e
CGB04,21437976.85791016,26-30,1482,424,28_d
CGB04,21460320.85791016,26-30,1484,566,29_d
CGB04,21478632.857421875,26-30,1339,698,30_a
CGB04,21536536.85791016,31-33,726,293,31_b
CGB04,21538920.85791016,31-33,960,566,32_c
CGB04,21540424.85791016,31-33,739,829,33_b
CGB04,21545944.85791016,31-33,1535,940,continue
CGB04,21549256.85791016,34-36,1230,306,34_d
CGB04,21555704.857421875,34-36,725,586,35_b
CGB04,21558712.85791016,34-36,480,849,36_a
CGB04,21560672.857421875,34-36,1535,933,continue
CGB04,21565839.85791016,37-39,1436,301,37_e
CGB04,21571847.85791016,37-39,1206,571,38_d
CGB04,21590863.85791016,37-39,946,844,39_c
CGB04,21593335.85791016,37-39,1519,938,continue
CGB04,21605488.857421875,40-42,478,304,40_a
CGB04,21627856.857421875,40-42,720,572,41_b
CGB04,21679455.85791016,40-42,479,831,42_a
CGB04,21685575.85791016,40-42,952,842,42_c
CGB04,21689111.85791016,40-42,1523,924,continue
CGB04,21704159.85791016,43-45,1194,303,43_d
CGB04,21710775.85791016,43-45,1449,557,44_e
CGB04,21713911.85791016,43-45,489,810,45_a
CGB04,21798294.85791016,46-48,1224,284,46_d
CGB04,21806238.85791016,46-48,722,557,47_b
CGB04,21825622.85791016,46-48,734,821,48_b
CGB04,21827166.85791016,46-48,1531,929,continue
CGB04,21835766.85791016,49-51,718,305,49_b
CGB04,21858086.85791016,49-51,959,555,50_c
CGB04,21875878.85791016,49-51,478,818,51_a
CGB04,21877102.85791016,49-51,1536,932,continue
CGB04,21895510.85791016,52-54,737,308,52_b
CGB04,21905158.85791016,52-54,496,564,53_a
CGB04,21911678.85791016,52-54,490,833,54_a
CGB04,21913302.85791016,52-54,520,853,54_a
CGB04,21928022.85791016,52-54,1524,925,continue
CGB04,21970990.85791016,55-56,970,327,55_c
CIE20,3247247.3627929688,1-3,1207,286,1_d
CIE20,3250183.3627929688,1-3,724,518,2_b
CIE20,3254239.3627929688,1-3,1455,747,3_e
CIE20,3254807.3627929688,1-3,1511,837,continue
CIE20,3259512.3627929688,4-6,466,275,4_a
CIE20,3265328.3627929688,4-6,1448,505,5_e
CIE20,3272264.3627929688,4-6,732,715,6_b
CIE20,3273296.3627929688,4-6,1513,835,continue
CIE20,3278527.3627929688,7-9,959,260,7_c
CIE20,3282735.3627929688,7-9,974,507,8_c
CIE20,3293591.3627929688,7-9,1194,741,9_d
CIE20,3294551.3627929688,7-9,1526,831,continue
CIE20,3300479.3627929688,10-12,965,280,10_c
CIE20,3309615.3627929688,10-12,714,510,11_b
CIE20,3317135.3627929688,10-12,470,741,12_a
CIE20,3318855.3627929688,10-12,1549,830,continue
CIE20,3331135.3627929688,13-15,982,274,13_c
CIE20,3332583.3627929688,13-15,970,243,13_c
CIE20,3347431.3627929688,13-15,1441,515,14_e
CIE20,3371967.3627929688,13-15,1454,720,15_e
CIE20,3378399.3627929688,13-15,1446,683,15_e
CIE20,3378959.3627929688,13-15,1446,683,15_e
CIE20,3379935.3627929688,13-15,1193,687,15_d
CIE20,3381047.3627929688,13-15,955,688,15_c
CIE20,3381831.3627929688,13-15,726,686,15_b
CIE20,3382599.3627929688,13-15,485,695,15_a
CIE20,3384199.3627929688,13-15,1433,686,15_e
CIE20,3393359.3627929688,13-15,1438,679,15_e
CIE20,3413031.3627929688,13-15,1477,842,not on any aoi
CIE20,3423223.3627929688,13-15,1202,449,14_d
CIE20,3509134.3627929688,16-20,1483,157,16_d
CIE20,3512742.3627929688,16-20,1333,298,17_a
CIE20,3515462.36328125,16-20,1379,423,18_b
CIE20,3518990.3627929688,16-20,1335,566,19_a
CIE20,3523182.3627929688,16-20,1528,699,20_e
CIE20,3525254.3627929688,16-20,1532,856,continue
CIE20,3535783.3627929688,21-25,1433,160,21_c
CIE20,3540111.3627929688,21-25,1527,289,22_e
CIE20,3546687.3627929688,21-25,1341,439,23_a
CIE20,3558111.3627929688,21-25,1491,567,24_d
CIE20,3576263.3627929688,21-25,1496,706,25_d
CIE20,3576623.3627929688,21-25,1486,703,25_d
CIE20,3577183.3627929688,21-25,1542,846,continue
CIE20,3591726.3627929688,26-30,1440,167,26_c
CIE20,3599318.3627929688,26-30,1538,296,27_e
CIE20,3607102.3627929688,26-30,1490,429,28_d
CIE20,3620366.3627929688,26-30,1382,566,29_b
CIE20,3635510.3627929688,26-30,1481,700,30_d
CIE20,3675142.3627929688,26-30,1489,563,29_d
CIE20,3691302.3627929688,26-30,1439,699,30_c
CIE20,3698838.3627929688,26-30,387,854,back
CIE20,3710878.3627929688,21-25,1429,562,24_c
CIE20,3724430.3627929688,21-25,1539,699,25_e
CIE20,3736366.3627929688,21-25,406,850,back
CIE20,3745638.3627929688,16-20,1528,846,continue
CIE20,3745902.3627929688,21-25,1528,846,continue
CIE20,3746238.36328125,26-30,1528,846,continue
CIE20,3771606.3627929688,31-33,719,280,31_b
CIE20,3773662.3627929688,31-33,955,533,32_c
CIE20,3777310.3627929688,31-33,727,808,33_b
CIE20,3778254.3627929688,31-33,1523,933,continue
CIE20,3781542.3627929688,34-36,1186,279,34_d
CIE20,3785062.3627929688,34-36,1427,538,35_e
CIE20,3787438.3627929688,34-36,461,823,36_a
CIE20,3788726.3627929688,34-36,1529,926,continue
CIE20,3792598.3627929688,37-39,1431,302,37_e
CIE20,3797486.3627929688,37-39,1207,534,38_d
CIE20,3802190.3627929688,37-39,975,823,39_c
CIE20,3815334.3627929688,37-39,1194,812,39_d
CIE20,3816022.3627929688,37-39,1544,938,continue
CIE20,3820421.3627929688,40-42,1208,294,40_d
CIE20,3845005.3627929688,40-42,1210,569,41_d
CIE20,3855797.36328125,40-42,473,567,41_a
CIE20,3869221.3627929688,40-42,725,828,42_b
CIE20,3875573.36328125,40-42,1542,928,continue
CIE20,3888446.3627929688,43-45,1208,306,43_d
CIE20,3900614.3627929688,43-45,1427,557,44_e
CIE20,3937861.3627929688,43-45,486,813,45_a
CIE20,4043477.3627929688,46-48,1221,278,46_d
CIE20,4051052.3627929688,46-48,735,535,47_b
CIE20,4082356.3627929688,46-48,1191,812,48_d
CIE20,4083260.3627929688,46-48,1553,926,continue
CIE20,4094012.3627929688,49-51,731,276,49_b
CIE20,4118892.3627929688,49-51,969,566,50_c
CIE20,4127468.3627929688,49-51,733,585,50_b
CIE20,4140532.3627929688,49-51,502,818,51_a
CIE20,4147892.3627929688,49-51,1541,928,continue
CIE20,4165084.3627929688,52-54,1199,306,52_d
CIE20,4179068.362304688,52-54,491,544,53_a
CIE20,4201116.362792969,52-54,509,803,54_a
CIE20,4215268.362792969,52-54,1546,940,continue
CJT12,2361144.1450195312,1-3,1199,240,1_d
CJT12,2363304.1455078125,1-3,723,468,2_b
CJT12,2367648.1450195312,1-3,1437,696,3_e
CJT12,2368560.1450195312,1-3,1541,844,continue
CJT12,2371631.1450195312,4-6,484,228,4_a
CJT12,2375607.1455078125,4-6,1442,456,5_e
CJT12,2377055.1450195312,4-6,1433,448,5_e
CJT12,2382783.1455078125,4-6,725,680,6_b
CJT12,2384023.1450195312,4-6,1523,813,continue
CJT12,2390000.1450195312,7-9,955,218,7_c
CJT12,2398144.1450195312,7-9,972,460,8_c
CJT12,2403456.1450195312,7-9,1184,692,9_d
CJT12,2405336.1450195312,7-9,1530,829,continue
CJT12,2424312.1450195312,10-12,486,220,10_a
CJT12,2435600.1455078125,10-12,721,452,11_b
CJT12,2442464.1450195312,10-12,475,681,12_a
CJT12,2444472.1450195312,10-12,1536,837,continue
CJT12,2452711.1455078125,13-15,966,220,13_c
CJT12,2464247.1450195312,13-15,1207,458,14_d
CJT12,2483591.1450195312,13-15,1490,687,15_e
CJT12,2493456.1450195312,13-15,429,828,back
CJT12,2493999.1450195312,13-15,405,834,back
CJT12,2498511.1450195312,10-12,1542,838,continue
CJT12,2625439.1450195312,16-20,1489,162,16_d
CJT12,2630303.1455078125,16-20,1335,301,17_a
CJT12,2635583.1450195312,16-20,1384,427,18_b
CJT12,2641007.1455078125,16-20,1339,568,19_a
CJT12,2650703.1450195312,16-20,1542,703,20_e
CJT12,2651863.1455078125,16-20,1548,855,continue
CJT12,2663327.1450195312,21-25,1436,161,21_c
CJT12,2673455.1455078125,21-25,1383,294,22_b
CJT12,2682391.1450195312,21-25,1333,430,23_a
CJT12,2729519.1450195312,21-25,1496,568,24_d
CJT12,2743447.1450195312,21-25,1544,697,25_e
CJT12,2746447.1450195312,21-25,1526,857,continue
CJT12,2759727.1450195312,26-30,1445,158,26_c
CJT12,2766231.1455078125,26-30,1547,299,27_e
CJT12,2805519.1450195312,26-30,1482,572,29_d
CJT12,2834390.1450195312,26-30,1437,704,30_c
CJT12,2843366.1450195312,26-30,1484,438,28_d
CJT12,2890302.1450195312,31-33,716,264,31_b
CJT12,2892118.1450195312,31-33,966,530,32_c
CJT12,2894318.14453125,31-33,723,797,33_b
CJT12,2895454.1450195312,31-33,1523,931,continue
CJT12,2898055.1450195312,34-36,1203,266,34_d
CJT12,2904606.1450195312,34-36,728,533,35_b
CJT12,2908263.1450195312,34-36,480,801,36_a
CJT12,2910510.1450195312,34-36,1532,940,continue
CJT12,2915263.1450195312,37-39,1440,269,37_e
CJT12,2920479.1450195312,37-39,1193,542,38_d
CJT12,2939831.1450195312,37-39,960,809,39_c
CJT12,2941247.1450195312,37-39,1555,939,continue
CJT12,2952862.1450195312,40-42,486,268,40_a
CJT12,2969862.1450195312,40-42,954,795,42_c
CJT12,2982278.1450195312,40-42,723,533,41_b
CJT12,2985694.1450195312,40-42,1550,914,continue
CJT12,3012391.1450195312,43-45,478,770,45_a
CJT12,3023199.1455078125,43-45,1207,271,43_d
CJT12,3036135.1450195312,43-45,1443,522,44_e
CJT12,3119327.1450195312,46-48,1197,226,46_d
CJT12,3134607.1455078125,46-48,718,502,47_b
CJT12,3155511.1450195312,46-48,721,770,48_b
CJT12,3156415.1455078125,46-48,1542,929,continue
CJT12,3163910.14453125,49-51,722,236,49_b
CJT12,3179278.1450195312,49-51,961,499,50_c
CJT12,3189022.14453125,49-51,484,765,51_a
CJT12,3193990.1450195312,49-51,1539,927,continue
CJT12,3216174.1450195312,52-54,1198,233,52_d
CJT12,3236846.1450195312,52-54,479,495,53_a
CJT12,3244398.1450195312,52-54,481,759,54_a
CJT12,3251870.1450195312,52-54,1538,929,continue
CJT12,3288822.1450195312,55-56,968,235,55_c
CKF08,2698692.078125,1-3,1207,275,1_d
CKF08,2702996.078125,1-3,1202,239,1_d
CKF08,2707644.078125,1-3,718,465,2_b
CKF08,2713428.078125,1-3,1441,691,3_e
CKF08,2715316.078125,1-3,1536,837,continue
CKF08,2719444.0776367188,4-6,484,224,4_a
CKF08,2724556.0776367188,4-6,1436,451,5_e
CKF08,2730876.078125,4-6,711,682,6_b
CKF08,2732276.078125,4-6,1509,814,continue
CKF08,2741604.078125,7-9,484,222,7_a
CKF08,2745892.0776367188,7-9,960,453,8_c
CKF08,2755396.078125,7-9,1205,680,9_d
CKF08,2756228.078125,7-9,1527,822,continue
CKF08,2772676.078125,10-12,474,226,10_a
CKF08,2783812.078125,10-12,723,457,11_b
CKF08,2799747.078125,10-12,1435,682,12_e
CKF08,2801411.078125,10-12,1519,823,continue
CKF08,2819179.078125,13-15,714,222,13_b
CKF08,2824859.078125,13-15,963,224,13_c
CKF08,2845747.078125,13-15,1441,452,14_e
CKF08,2869451.078125,13-15,1448,682,15_e
CKF08,2971619.078125,16-20,1491,160,16_d
CKF08,2978491.078125,16-20,1329,294,17_a
CKF08,2990731.078125,16-20,1389,430,18_b
CKF08,3012419.078125,16-20,1335,569,19_a
CKF08,3023003.078125,16-20,1536,699,20_e
CKF08,3025291.078125,16-20,1510,856,continue
CKF08,3052355.078125,21-25,1433,163,21_c
CKF08,3061043.078125,21-25,1384,297,22_b
CKF08,3082539.078125,21-25,1337,426,23_a
CKF08,3109539.078125,21-25,1486,566,24_d
CKF08,3127114.0786132812,21-25,1488,694,25_d
CKF08,3130570.078125,21-25,1517,851,continue
CKF08,3138331.078125,26-30,1484,168,26_d
CKF08,3163083.078125,26-30,1534,293,27_e
CKF08,3174091.078125,26-30,1488,424,28_d
CKF08,3206723.078125,26-30,1434,699,30_c
CKF08,3264666.078125,31-33,731,321,31_b
CKF08,3270882.078125,31-33,964,534,32_c
CKF08,3274826.078125,31-33,709,806,33_b
CKF08,3276274.078125,31-33,1527,942,continue
CKF08,3281306.078125,34-36,1193,274,34_d
CKF08,3285962.078125,34-36,731,539,35_b
CKF08,3293930.0786132812,34-36,480,809,36_a
CKF08,3295410.0786132812,34-36,1540,928,continue
CKF08,3303810.078125,37-39,1435,272,37_e
CKF08,3309290.078125,37-39,1206,540,38_d
CKF08,3329058.078125,37-39,963,795,39_c
CKF08,3330666.078125,37-39,1524,920,continue
CKF08,3331738.078125,37-39,1526,940,continue
CKF08,3344857.0786132812,40-42,489,277,40_a
CKF08,3361705.078125,40-42,957,537,41_c
CKF08,3392585.078125,40-42,960,809,42_c
CKF08,3396001.078125,40-42,960,809,42_c
CKF08,3397385.078125,40-42,724,805,42_b
CKF08,3399297.078125,40-42,1538,925,continue
CKF08,3413977.078125,43-45,1203,267,43_d
CKF08,3422905.078125,43-45,723,531,44_b
CKF08,3436809.078125,43-45,723,775,45_b
CKF08,3553576.0776367188,46-48,1190,236,46_d
CKF08,3572240.0776367188,46-48,722,506,47_b
CKF08,3596576.0776367188,46-48,722,765,48_b
CKF08,3598216.078125,46-48,1537,921,continue
CKF08,3615697.078125,49-51,729,238,49_b
CKF08,3646592.078125,49-51,958,499,50_c
CKF08,3668632.078125,49-51,485,768,51_a
CMN05,3358061.111328125,1-3,1203,295,1_d
CMN05,3367357.111328125,1-3,725,520,2_b
CMN05,3372653.111328125,1-3,1435,718,3_e
CMN05,3374045.1118164062,1-3,1522,838,continue
CMN05,3376157.1118164062,4-6,485,271,4_a
CMN05,3385541.1118164062,4-6,1441,506,5_e
CMN05,3391684.1118164062,4-6,737,732,6_b
CMN05,3393373.1118164062,4-6,1519,823,continue
CMN05,3401589.1118164062,7-9,1455,284,7_e
CMN05,3407853.1118164062,7-9,717,499,8_b
CMN05,3414253.1118164062,7-9,961,499,8_c
CMN05,3445396.1118164062,7-9,731,726,9_b
CMN05,3454076.1118164062,7-9,492,713,9_a
CMN05,3455436.1118164062,7-9,1513,822,continue
CMN05,3467532.1118164062,10-12,707,283,10_b
CMN05,3477388.1118164062,10-12,727,505,11_b
CMN05,3505708.1118164062,10-12,491,715,12_a
CMN05,3510772.1118164062,10-12,1507,834,continue
CMN05,3535997.1118164062,13-15,959,285,13_c
CMN05,3629788.1118164062,16-20,746,210,not on any aoi
CMN05,3631636.1118164062,16-20,1492,158,16_d
CMN05,3638564.1118164062,16-20,1338,295,17_a
CMN05,3658252.1118164062,16-20,1485,428,18_d
CMN05,3670892.1118164062,16-20,1336,560,19_a
CMN05,3674988.1118164062,16-20,1539,694,20_e
CMN05,3676436.1118164062,16-20,1549,849,continue
CMN05,3697355.1118164062,21-25,1388,306,22_b
CMN05,3769755.1118164062,21-25,1342,158,21_a
CMN05,3774571.1118164062,21-25,1385,423,23_b
CMN05,3779395.1118164062,21-25,1539,567,24_e
CMN05,3788395.1118164062,21-25,1488,700,25_d
CMN05,3789435.112304688,21-25,1517,856,continue
CMN05,3806811.1118164062,26-30,1440,163,26_c
CMN05,3833267.1118164062,26-30,1486,431,28_d
CMN05,3861059.1118164062,26-30,1486,565,29_d
CMN05,3905883.1118164062,31-33,724,309,31_b
CMN05,3907747.1118164062,31-33,967,582,32_c
CMN05,3911179.1118164062,31-33,729,857,33_b
CMN05,3912491.1118164062,31-33,1512,945,continue
CMN05,3915748.1118164062,34-36,1207,316,34_d
CMN05,3922499.1118164062,34-36,733,579,35_b
CMN05,3925923.1118164062,34-36,471,852,36_a
CMN05,3927195.1118164062,34-36,1529,929,continue
CMN05,3933211.1118164062,37-39,1452,315,37_e
CMN05,3938427.1118164062,37-39,1225,589,38_d
CMN05,3960171.1118164062,37-39,957,844,39_c
CMN05,3961643.1118164062,37-39,1526,938,continue
CMN05,3971754.1118164062,40-42,1206,321,40_d
CMN05,3996418.1118164062,40-42,721,567,41_b
CMN05,4023186.111328125,40-42,960,840,42_c
CMN05,4024170.1118164062,40-42,1529,923,continue
CMN05,4046923.1118164062,43-45,1209,312,43_d
CMN05,4062491.1118164062,43-45,1454,554,44_e
CMN05,4075587.1118164062,43-45,957,813,45_c
CMN05,4154146.1118164062,46-48,1213,242,46_d
CMN05,4170410.111328125,46-48,1462,553,47_e
CMN05,4208442.111816406,46-48,1211,822,48_d
CMN05,4213450.111328125,46-48,1526,928,continue
CMN05,4226330.111816406,49-51,723,297,49_b
CMN05,4242274.111816406,49-51,952,574,50_c
CMN05,4255770.111816406,49-51,480,831,51_a
CMN05,4259370.111328125,49-51,1518,921,continue
CMN05,4271185.111816406,52-54,708,312,52_b
CMN05,4287593.111816406,52-54,1219,307,52_d
CMN05,4316377.111328125,52-54,481,559,53_a
CMT25,1907771.7377929688,1-3,1194,284,1_d
CMT25,1911691.7377929688,1-3,726,519,2_b
CMT25,1914939.73828125,1-3,971,743,3_c
CMT25,1916363.7377929688,1-3,1456,731,3_e
CMT25,1917099.7377929688,1-3,1516,841,continue
CMT25,1919715.73828125,4-6,487,270,4_a
CMT25,1925691.7377929688,4-6,1426,496,5_e
CMT25,1930843.7377929688,4-6,732,730,6_b
CMT25,1931755.73828125,4-6,1542,814,continue
CMT25,1943083.73828125,7-9,963,275,7_c
CMT25,1951915.7377929688,7-9,958,510,8_c
CMT25,1959899.73828125,7-9,1187,746,9_d
CMT25,1960915.7377929688,7-9,1513,829,continue
CMT25,1969675.73828125,10-12,491,268,10_a
CMT25,1973962.7377929688,10-12,733,504,11_b
CMT25,1985346.7377929688,10-12,482,745,12_a
CMT25,1988690.7373046875,10-12,1522,822,continue
CMT25,2017338.7377929688,13-15,973,261,13_c
CMT25,2040506.7373046875,13-15,1182,500,14_d
CMT25,2072642.7377929688,13-15,1437,736,15_e
CMT25,2172969.7377929688,16-20,754,208,not on any aoi
CMT25,2174553.7377929688,16-20,1487,159,16_d
CMT25,2181321.7377929688,16-20,1341,294,17_a
CMT25,2183409.7377929688,16-20,1388,426,18_b
CMT25,2191673.7377929688,16-20,1342,571,19_a
CMT25,2201337.7377929688,16-20,1539,699,20_e
CMT25,2202017.7377929688,16-20,1537,855,continue
CMT25,2209298.7377929688,21-25,1434,153,21_c
CMT25,2215050.7377929688,21-25,1388,299,22_b
CMT25,2224946.7377929688,21-25,1540,435,23_e
CMT25,2232090.7377929688,21-25,1332,423,23_a
CMT25,2253930.7377929688,21-25,1343,701,25_a
CMT25,2261529.7377929688,21-25,1441,567,24_c
CMT25,2262674.7377929688,21-25,1541,865,not on any aoi
CMT25,2283641.7377929688,26-30,1333,163,26_a
CMT25,2284673.7377929688,26-30,1485,159,26_d
CMT25,2291577.7377929688,26-30,1438,168,26_c
CMT25,2299897.7377929688,26-30,1540,297,27_e
CMT25,2309513.7377929688,26-30,1484,431,28_d
CMT25,2347721.7377929688,26-30,1481,564,29_d
CMT25,2391497.7377929688,26-30,1494,700,30_d
CMT25,2408113.7377929688,26-30,1546,708,30_e
CMT25,2450329.7377929688,31-33,717,281,31_b
CMT25,2453369.7377929688,31-33,961,546,32_c
CMT25,2456473.7377929688,31-33,723,825,33_b
CMT25,2457809.7377929688,31-33,1545,929,continue
CMT25,2463273.7377929688,34-36,1202,299,34_d
CMT25,2467257.7377929688,34-36,716,568,35_b
CMT25,2473257.7377929688,34-36,497,843,36_a
CMT25,2474521.7377929688,34-36,1548,933,continue
CMT25,2479777.7377929688,37-39,1449,304,37_e
CMT25,2483873.7377929688,37-39,964,574,38_c
CMT25,2485496.7377929688,37-39,1204,578,38_d
CMT25,2489872.7377929688,37-39,947,829,39_c
CMT25,2491664.7377929688,37-39,1182,822,39_d
CMT25,2498081.7377929688,37-39,966,849,39_c
CMT25,2499336.7377929688,37-39,1528,939,continue
CMT25,2510889.7377929688,40-42,511,291,40_a
CMT25,2511201.7377929688,40-42,470,323,40_a
CMT25,2520417.7377929688,40-42,730,566,41_b
CMT25,2540001.7377929688,40-42,1525,923,continue
CMT25,2547488.7377929688,43-45,722,277,43_b
CMT25,2554360.73828125,43-45,1214,296,43_d
CMT25,2558584.73828125,43-45,714,297,43_b
CMT25,2592232.7377929688,43-45,414,900,not on any aoi
CMT25,2593704.7377929688,40-42,725,830,42_b
CMT25,2600656.73828125,40-42,1550,921,continue
CMT25,2622104.73828125,43-45,724,564,44_b
CMT25,2624536.7377929688,43-45,962,796,45_c
CMT25,2717816.7377929688,46-48,1209,297,46_d
CMT25,2733503.7377929688,46-48,727,573,47_b
CMT25,2742815.7373046875,46-48,1207,831,48_d
CMT25,2744807.7377929688,46-48,1535,931,continue
CMT25,2752144.7377929688,49-51,721,301,49_b
CMT25,2792704.7377929688,49-51,952,551,50_c
CMT25,2804672.7377929688,49-51,470,825,51_a
CMT25,2809192.7377929688,49-51,1537,934,continue
CMT25,2824263.7373046875,52-54,1197,291,52_d
CMT25,2842207.7377929688,52-54,472,562,53_a
CMT25,2872095.7377929688,52-54,1197,812,54_d
CMT25,2872951.7377929688,52-54,1536,928,continue
CMT25,2887439.7377929688,55-56,958,293,55_c
CMT25,2888183.7377929688,55-56,674,559,56_b
CNS14,10649331.902832033,1-3,1205,243,1_d
CNS14,10655843.902832033,1-3,731,466,2_b
CNS14,10659059.902832033,1-3,1450,710,3_e
CNS14,10659875.902832033,1-3,1545,830,continue
CNS14,10662650.902832033,4-6,487,224,4_a
CNS14,10677170.902832033,4-6,1211,460,5_d
CNS14,10682258.902832033,4-6,715,688,6_b
CNS14,10683322.902832033,4-6,1531,825,continue
CNS14,10693699.902832033,7-9,954,227,7_c
CNS14,10698323.902832033,7-9,960,453,8_c
CNS14,10706019.902832033,7-9,1200,677,9_d
CNS14,10707251.902832033,7-9,1531,827,continue
CNS14,10714307.90234375,10-12,958,218,10_c
CNS14,10722571.902832033,10-12,721,455,11_b
CNS14,10733371.902832033,10-12,481,709,12_a
CNS14,10735347.902832033,10-12,1480,809,continue
CNS14,10737843.902832033,10-12,1522,822,continue
CNS14,10775259.902832033,13-15,957,235,13_c
CNS14,10786299.902832033,13-15,498,476,14_a
CNS14,10814123.902832033,13-15,1432,720,15_e
CNS14,10820107.902832033,13-15,396,834,back
CNS14,10822290.902832033,10-12,1520,821,continue
CNS14,10830619.902832033,13-15,1612,238,not on any aoi
CNS14,10833971.90234375,13-15,1413,85,not on any aoi
CNS14,10902459.902832033,16-20,1485,161,16_d
CNS14,10907147.902832033,16-20,1338,298,17_a
CNS14,10911619.902832033,16-20,1382,426,18_b
CNS14,10942283.902832033,16-20,457,643,not on any aoi
CNS14,10943979.902832033,16-20,1342,565,19_a
CNS14,10955811.902832033,16-20,1548,703,20_e
CNS14,10956627.902832033,16-20,1532,849,continue
CNS14,10972259.902832033,21-25,1484,160,21_d
CNS14,10986627.902832033,21-25,1373,302,22_b
CNS14,11000467.902832033,21-25,1397,431,23_b
CNS14,11011043.902832033,21-25,1428,567,24_c
CNS14,11032003.902832033,21-25,1486,709,25_d
CNS14,11032587.902832033,21-25,1529,872,not on any aoi
CNS14,11032979.902832033,21-25,1534,854,continue
CNS14,11042443.902832033,26-30,1430,157,26_c
CNS14,11049731.902832033,26-30,1544,300,27_e
CNS14,11062211.902832033,26-30,1486,430,28_d
CNS14,11101643.902832033,26-30,1486,576,29_d
CNS14,11121075.902832033,26-30,1423,706,30_c
CNS14,11148675.90234375,31-33,382,929,back
CNS14,11172554.902832033,31-33,725,278,31_b
CNS14,11174362.902832033,31-33,974,570,32_c
CNS14,11176418.902832033,31-33,726,826,33_b
CNS14,11177202.902832033,31-33,1492,935,continue
CNS14,11177546.902832033,31-33,1511,936,continue
CNS14,11183643.902832033,34-36,1192,272,34_d
CNS14,11196651.902832033,34-36,726,548,35_b
CNS14,11212539.902832033,34-36,483,815,36_a
CNS14,11214347.902832033,34-36,1512,933,continue
CNS14,11222275.902832033,37-39,1455,305,37_e
CNS14,11226851.902832033,37-39,1199,578,38_d
CNS14,11235267.90234375,37-39,943,830,39_c
CNS14,11244499.902832033,37-39,1537,922,continue
CNS14,11265403.902832033,40-42,490,271,40_a
CNS14,11287731.902832033,40-42,742,534,41_b
CNS14,11306851.902832033,40-42,955,820,42_c
CNS14,11307667.902832033,40-42,1524,927,continue
CNS14,11319291.902832033,43-45,1205,290,43_d
CNS14,11333403.902832033,46-48,418,925,back
CNS14,11353827.902832033,46-48,411,929,back
CNS14,11379939.902832033,46-48,391,921,back
CNS14,11395659.902832033,46-48,1196,237,46_d
CNS14,11402531.902832033,46-48,484,495,47_a
CNS14,11416755.902832033,46-48,491,828,48_a
CNS14,11417939.902832033,46-48,1513,929,continue
CNS14,11433747.902832033,49-51,722,296,49_b
CNS14,11443707.902832033,49-51,474,549,50_a
CNS14,11455019.902832033,49-51,490,835,51_a
CNS14,11463259.902832033,49-51,1531,924,continue
CNS14,11470115.902832033,52-54,711,304,52_b
CNS14,11478771.902832033,52-54,1557,923,continue
CNS14,11480195.90234375,55-56,392,653,back
CNS14,11487339.902832033,52-54,483,569,53_a
CNS14,11503555.902832033,52-54,1214,825,54_d
CNS14,11504443.902832033,52-54,1520,920,continue
CRL12,2130647.87109375,1-3,1203,242,1_d
CRL12,2134735.87109375,1-3,720,461,2_b
CRL12,2138239.87109375,1-3,1444,688,3_e
CRL12,2138991.87109375,1-3,1526,826,continue
CRL12,2142431.87109375,4-6,476,222,4_a
CRL12,2150919.87109375,4-6,1435,445,5_e
CRL12,2155911.87109375,4-6,719,687,6_b
CRL12,2156895.87109375,4-6,1546,821,continue
CRL12,2164935.87109375,7-9,962,224,7_c
CRL12,2171591.87109375,7-9,963,449,8_c
CRL12,2178399.87109375,7-9,1199,681,9_d
CRL12,2179975.87109375,7-9,1531,822,continue
CRL12,2196991.87109375,10-12,1445,224,10_e
CRL12,2219822.87109375,10-12,723,447,11_b
CRL12,2233246.87109375,10-12,486,681,12_a
CRL12,2234334.87109375,10-12,1526,830,continue
CRL12,2261735.87109375,13-15,959,220,13_c
CRL12,2279087.87109375,13-15,1207,448,14_d
CRL12,2311591.87109375,13-15,962,680,15_c
CRL12,2329078.87109375,13-15,1437,456,14_e
CRL12,2346958.87109375,13-15,1199,456,14_d
CRL12,2392470.87109375,16-20,1490,159,16_d
CRL12,2396398.8715820312,16-20,1332,294,17_a
CRL12,2402318.87109375,16-20,1383,425,18_b
CRL12,2408894.87109375,16-20,1334,564,19_a
CRL12,2415198.87109375,16-20,1539,698,20_e
CRL12,2416150.87109375,16-20,1520,848,continue
CRL12,2432102.8715820312,21-25,1441,155,21_c
CRL12,2436566.87109375,21-25,1389,295,22_b
CRL12,2459126.87109375,21-25,1441,568,24_c
CRL12,2467230.87109375,21-25,1543,424,23_e
CRL12,2491222.87109375,21-25,1343,701,25_a
CRL12,2492030.8715820312,21-25,1535,851,continue
CRL12,2518654.87109375,26-30,1430,156,26_c
CRL12,2534830.87109375,26-30,1536,293,27_e
CRL12,2544038.87109375,26-30,1486,426,28_d
CRL12,2588158.87109375,26-30,1435,698,30_c
CRL12,2614574.87109375,26-30,1338,561,29_a
CRL12,2647797.87109375,31-33,726,268,31_b
CRL12,2650565.87109375,31-33,961,540,32_c
CRL12,2652821.8706054688,31-33,716,808,33_b
CRL12,2653917.87109375,31-33,1533,926,continue
CRL12,2656597.8706054688,34-36,1203,271,34_d
CRL12,2662077.8706054688,34-36,1440,536,35_e
CRL12,2664901.87109375,34-36,481,806,36_a
CRL12,2665717.87109375,34-36,1544,936,continue
CRL12,2670341.8706054688,37-39,1447,276,37_e
CRL12,2675997.87109375,37-39,1207,539,38_d
CRL12,2693485.8706054688,37-39,962,797,39_c
CRL12,2695365.87109375,37-39,1522,931,continue
CRL12,2709765.87109375,40-42,488,269,40_a
CRL12,2737140.87109375,40-42,719,535,41_b
CRL12,2755940.87109375,40-42,960,801,42_c
CRL12,2757524.8706054688,40-42,1534,922,continue
CRL12,2776053.87109375,43-45,1202,274,43_d
CRL12,2807733.87109375,43-45,477,519,44_a
CRL12,2824349.87109375,43-45,716,777,45_b
CRL12,2925428.87109375,46-48,1208,232,46_d
CRL12,2941052.87109375,46-48,727,500,47_b
CRL12,2963156.8706054688,46-48,1202,770,48_d
CRL12,2967812.87109375,46-48,1515,931,continue
CRL12,2979956.87109375,49-51,719,239,49_b
CRL12,2997460.87109375,49-51,966,510,50_c
CRL12,3003428.87109375,49-51,484,766,51_a
CRL12,3004996.87109375,49-51,1509,917,continue
CRL12,3036348.87109375,52-54,1201,235,52_d
CRL12,3053203.87109375,52-54,967,501,53_c
CRL12,3080435.87109375,52-54,481,772,54_a
CRW25,2059805.1791992188,1-3,1198,235,1_d
CRW25,2065005.1791992188,1-3,720,460,2_b
CRW25,2076189.1791992188,1-3,1439,693,3_e
CRW25,2079461.1791992188,1-3,1532,833,continue
CRW25,2084406.1791992188,4-6,480,222,4_a
CRW25,2096742.1791992188,4-6,1442,450,5_e
CRW25,2103093.1791992188,4-6,722,682,6_b
CRW25,2104389.1791992188,4-6,1544,829,continue
CRW25,2111318.178710937,7-9,960,223,7_c
CRW25,2122438.1791992188,7-9,957,454,8_c
CRW25,2157790.1791992188,7-9,479,690,9_a
CRW25,2159326.1791992188,7-9,1526,828,continue
CRW25,2169237.1791992188,10-12,1199,221,10_d
CRW25,2172125.1791992188,10-12,479,221,10_a
CRW25,2181853.1791992188,10-12,726,450,11_b
CRW25,2194813.1791992188,10-12,479,682,12_a
CRW25,2196181.1791992188,10-12,1514,817,continue
CRW25,2208877.1791992188,13-15,958,222,13_c
CRW25,2251853.1791992188,13-15,1199,451,14_d
CRW25,2321821.1791992188,16-20,1487,159,16_d
CRW25,2327397.1791992188,16-20,1334,295,17_a
CRW25,2337589.1791992188,16-20,1384,429,18_b
CRW25,2350725.1791992188,16-20,1330,562,19_a
CRW25,2361997.1791992188,16-20,1536,700,20_e
CRW25,2363477.1791992188,16-20,1519,853,continue
CRW25,2381652.1791992188,21-25,1432,165,21_c
CRW25,2388572.1791992188,21-25,1384,295,22_b
CRW25,2415836.1791992188,21-25,1333,423,23_a
CRW25,2435500.1791992188,21-25,1387,567,24_b
CRW25,2449244.1791992188,21-25,1534,698,25_e
CRW25,2449908.1791992188,21-25,1542,853,continue
CRW25,2469028.1791992188,26-30,1488,162,26_d
CRW25,2476796.1791992188,26-30,1534,297,27_e
CRW25,2486812.1791992188,26-30,1491,427,28_d
CRW25,2514764.1796875,26-30,1332,564,29_a
CRW25,2535764.1796875,26-30,1488,694,30_d
CRW25,2592540.1791992188,31-33,728,270,31_b
CRW25,2595020.1791992188,31-33,963,538,32_c
CRW25,2599460.1791992188,31-33,719,800,33_b
CRW25,2600708.1791992188,31-33,1527,936,continue
CRW25,2605459.1791992188,34-36,1202,272,34_d
CRW25,2618691.1791992188,34-36,1203,540,35_d
CRW25,2626307.1791992188,34-36,721,537,35_b
CRW25,2633971.1791992188,34-36,485,801,36_a
CRW25,2635571.1791992188,34-36,1535,935,continue
CRW25,2641675.1791992188,37-39,1441,273,37_e
CRW25,2652795.1791992188,37-39,1197,533,38_d
CRW25,2660771.1791992188,37-39,963,800,39_c
CRW25,2662451.1791992188,37-39,1541,930,continue
CRW25,2678715.1791992188,40-42,487,266,40_a
CRW25,2706763.1791992188,40-42,720,538,41_b
CRW25,2750458.1791992188,40-42,720,800,42_b
CRW25,2755522.178710937,40-42,960,796,42_c
CRW25,2756898.1791992188,40-42,1521,924,continue
CRW25,2764355.1791992188,43-45,956,267,43_c
CRW25,2870706.1787109375,46-48,1202,236,46_d
CRW25,2895498.1791992188,46-48,719,498,47_b
CRW25,2946258.1791992188,46-48,1201,762,48_d
CRW25,2958002.1787109375,46-48,721,766,48_b
CRW25,2959402.1791992188,46-48,1504,926,continue
CRW25,2970298.1787109375,49-51,715,234,49_b
CRW25,3005842.1791992188,49-51,1204,497,50_d
CRW25,3018506.1791992188,49-51,476,764,51_a
CRW25,3020010.1791992188,49-51,1525,921,continue
CTT11,430630.212890625,1-3,1198,292,1_d
CTT11,432758.212890625,1-3,714,514,2_b
CTT11,434782.212890625,1-3,1433,757,3_e
CTT11,435590.212890625,1-3,1513,845,continue
CTT11,438367.212890625,4-6,483,271,4_a
CTT11,441127.212890625,4-6,1432,504,5_e
CTT11,445655.2133789063,4-6,726,731,6_b
CTT11,447031.212890625,4-6,1509,832,continue
CTT11,454527.212890625,7-9,963,279,7_c
CTT11,457287.2133789063,7-9,724,502,8_b
CTT11,467199.212890625,7-9,494,731,9_a
CTT11,468967.212890625,7-9,1519,827,continue
CTT11,477342.212890625,10-12,1439,260,10_e
CTT11,481711.212890625,10-12,717,505,11_b
CTT11,489166.212890625,10-12,485,728,12_a
CTT11,490158.212890625,10-12,1519,825,continue
CTT11,505998.212890625,13-15,722,286,13_b
CTT11,516222.212890625,13-15,478,501,14_a
CTT11,525166.212890625,13-15,1200,507,14_d
CTT11,535838.212890625,13-15,960,735,15_c
CTT11,629589.212890625,13-15,1494,815,continue
CTT11,630397.212890625,13-15,1514,785,not on any aoi
CTT11,633629.212890625,13-15,413,829,back
CTT11,635077.2124023439,10-12,1549,823,continue
CTT11,686741.212890625,16-20,1485,163,16_d
CTT11,689725.212890625,16-20,1336,296,17_a
CTT11,693365.212890625,16-20,1395,433,18_b
CTT11,701533.212890625,16-20,1436,566,19_c
CTT11,727405.212890625,16-20,1404,697,20_b
CTT11,727645.212890625,16-20,1394,698,20_b
CTT11,728397.212890625,16-20,1519,849,continue
CTT11,739245.212890625,21-25,1436,157,21_c
CTT11,745405.212890625,21-25,1383,293,22_b
CTT11,756037.212890625,21-25,1336,429,23_a
CTT11,774629.212890625,21-25,1435,565,24_c
CTT11,801677.212890625,21-25,1436,700,25_c
CTT11,802557.212890625,21-25,1506,852,continue
CTT11,828125.212890625,26-30,1436,160,26_c
CTT11,850020.212890625,26-30,1387,298,27_b
CTT11,855140.212890625,26-30,1536,299,27_e
CTT11,864236.212890625,26-30,1341,430,28_a
CTT11,877516.212890625,26-30,1537,566,29_e
CTT11,885004.212890625,26-30,1534,702,30_e
CTT11,954147.212890625,31-33,731,306,31_b
CTT11,956731.212890625,31-33,985,571,32_c
CTT11,961707.212890625,31-33,711,840,33_b
CTT11,962995.212890625,31-33,1531,933,continue
CTT11,968043.2133789062,34-36,1200,313,34_d
CTT11,976571.212890625,34-36,733,580,35_b
CTT11,981603.212890625,34-36,491,854,36_a
CTT11,982675.2133789062,34-36,1514,935,continue
CTT11,990068.212890625,37-39,1438,311,37_e
CTT11,997292.212890625,37-39,1197,583,38_d
CTT11,1004621.212890625,37-39,1205,839,39_d
CTT11,1011268.212890625,37-39,1496,938,continue
CTT11,1018412.212890625,40-42,491,309,40_a
CTT11,1037564.212890625,40-42,965,570,41_c
CTT11,1053731.212890625,40-42,1197,850,42_d
CTT11,1055299.212890625,40-42,1513,924,continue
CTT11,1069291.212890625,43-45,1204,305,43_d
CTT11,1098675.2133789062,43-45,477,554,44_a
CTT11,1110083.2133789062,43-45,494,815,45_a
CTT11,1221154.212890625,46-48,928,307,46_c
CTT11,1225802.2124023438,46-48,1182,315,46_d
CTT11,1242426.2124023438,46-48,489,567,47_a
CTT11,1257938.212890625,46-48,1200,812,48_d
CTT11,1260554.212890625,46-48,1527,936,continue
CTT11,1272034.212890625,49-51,716,299,49_b
CTT11,1291850.212890625,49-51,967,574,50_c
CTT11,1300274.212890625,49-51,485,833,51_a
CTT11,1305746.212890625,49-51,1515,929,continue
CTT11,1317690.2124023438,52-54,958,238,52_c
CTT11,1330266.212890625,52-54,481,502,53_a
CTT11,1350353.212890625,52-54,1439,762,54_e
CTT11,1352282.2124023438,52-54,1510,930,continue
CTT11,1368746.212890625,55-56,471,309,55_a
CTT11,1383810.212890625,55-56,484,560,56_a
CTT11,1386066.212890625,55-56,957,582,56_c
CUB03,504929.337890625,1-3,1196,278,1_d
CUB03,508017.3374023438,1-3,722,498,2_b
CUB03,511689.337890625,1-3,1444,736,3_e
CUB03,512713.337890625,1-3,1521,836,continue
CUB03,516136.337890625,4-6,489,264,4_a
CUB03,520400.337890625,4-6,1437,495,5_e
CUB03,533312.337890625,4-6,735,713,6_b
CUB03,534568.337890625,4-6,1507,832,continue
CUB03,540169.337890625,7-9,968,263,7_c
CUB03,545425.3374023439,7-9,724,486,8_b
CUB03,548057.337890625,7-9,960,494,8_c
CUB03,560833.337890625,7-9,1219,740,9_d
CUB03,562601.337890625,7-9,1539,826,continue
CUB03,571873.337890625,10-12,1201,267,10_d
CUB03,577257.337890625,10-12,1433,506,11_e
CUB03,586417.337890625,10-12,478,733,12_a
CUB03,592441.337890625,10-12,1515,825,continue
CUB03,601352.337890625,13-15,479,254,13_a
CUB03,614912.337890625,13-15,486,501,14_a
CUB03,618816.337890625,13-15,498,498,14_a
CUB03,639400.337890625,13-15,968,714,15_c
CUB03,649456.337890625,13-15,1461,730,15_e
CUB03,667400.337890625,13-15,948,266,13_c
CUB03,701072.337890625,13-15,1204,503,14_d
CUB03,732096.337890625,13-15,400,829,back
CUB03,773032.337890625,16-20,1488,171,16_d
CUB03,791920.337890625,16-20,1327,295,17_a
CUB03,799032.337890625,16-20,1381,427,18_b
CUB03,832352.337890625,16-20,1334,570,19_a
CUB03,842832.337890625,16-20,1538,702,20_e
CUB03,847568.337890625,16-20,1522,844,continue
CUB03,862480.337890625,21-25,1436,158,21_c
CUB03,867528.337890625,21-25,1381,293,22_b
CUB03,885224.337890625,21-25,1333,426,23_a
CUB03,914096.337890625,21-25,1386,571,24_b
CUB03,935480.337890625,21-25,1381,696,25_b
CUB03,938281.337890625,21-25,1529,850,continue
CUB03,971015.337890625,26-30,1403,166,26_b
CUB03,971440.337890625,26-30,1453,162,26_c
CUB03,971823.337890625,26-30,1453,161,26_c
CUB03,974991.337890625,26-30,1380,158,26_b
CUB03,987831.337890625,26-30,1530,294,27_e
CUB03,1049319.337890625,31-33,734,285,31_b
CUB03,1053176.337890625,31-33,947,584,32_c
CUB03,1056864.337890625,31-33,716,815,33_b
CUB03,1057736.337890625,31-33,1542,937,continue
CUB03,1061807.337890625,34-36,1199,296,34_d
CUB03,1066319.337890625,34-36,724,579,35_b
CUB03,1071367.337890625,34-36,721,828,36_b
CUB03,1073839.337890625,34-36,1525,926,continue
CUB03,1080895.337890625,37-39,1437,325,37_e
CUB03,1087975.337890625,37-39,1205,554,38_d
CUB03,1095439.337890625,37-39,733,827,39_b
CUB03,1097815.337890625,37-39,1205,836,39_d
CUB03,1102631.337890625,37-39,1542,938,continue
CUB03,1115471.337890625,40-42,718,315,40_b
CUB03,1120791.337890625,40-42,1429,308,40_e
CUB03,1154183.337890625,40-42,723,576,41_b
CUB03,1192719.337890625,40-42,721,820,42_b
CUB03,1193847.337890625,40-42,1212,814,42_d
CUB03,1194879.337890625,40-42,1544,919,continue
CUB03,1205207.337890625,43-45,1190,316,43_d
CUB03,1214127.337890625,43-45,1447,551,44_e
CUB03,1341999.337890625,46-48,1196,239,46_d
CUB03,1350607.337890625,46-48,1430,504,47_e
CUB03,1357567.337890625,46-48,1200,760,48_d
CUB03,1358599.337890625,46-48,1546,919,continue
CUB03,1370087.337890625,49-51,730,239,49_b
CUB03,1382711.337890625,49-51,953,504,50_c
CUB03,1390223.337890625,49-51,482,763,51_a
CUB03,1397327.337890625,49-51,1537,929,continue
CUB03,1409839.337890625,52-54,716,242,52_b
CUB03,1424055.3383789062,52-54,475,496,53_a
CUB03,1446143.337890625,52-54,475,765,54_a
CUB03,1447719.337890625,52-54,1502,928,continue
CUB03,1490974.337890625,55-56,957,239,55_c
CWA07,2389069.6362304688,1-3,1209,277,1_d
CWA07,2391997.6362304688,1-3,717,503,2_b
CWA07,2394917.6362304688,1-3,1445,739,3_e
CWA07,2395989.6362304688,1-3,1521,835,continue
CWA07,2399341.6362304688,4-6,508,305,4_a
CWA07,2399829.6357421875,4-6,484,276,4_a
CWA07,2404197.6362304688,4-6,1431,510,5_e
CWA07,2407949.6362304688,4-6,752,729,6_b
CWA07,2409397.6362304688,4-6,1572,832,continue
CWA07,2409829.6357421875,4-6,1550,833,continue
CWA07,2416877.6362304688,7-9,935,264,7_c
CWA07,2426909.6357421875,7-9,944,500,8_c
CWA07,2439477.6362304688,7-9,1189,704,9_d
CWA07,2440501.6357421875,7-9,1537,830,continue
CWA07,2449317.6357421875,10-12,722,275,10_b
CWA07,2455941.6357421875,10-12,491,258,10_a
CWA07,2468965.6362304688,10-12,716,495,11_b
CWA07,2476957.6362304688,10-12,484,728,12_a
CWA07,2481101.6362304688,10-12,1521,824,continue
CWA07,2502749.6362304688,13-15,956,280,13_c
CWA07,2507653.6362304688,13-15,473,273,13_a
CWA07,2521805.6362304688,13-15,1192,504,14_d
CWA07,2546949.6362304688,13-15,1455,733,15_e
CWA07,2558861.6362304688,13-15,944,275,13_c
CWA07,2580204.6357421875,13-15,960,724,15_c
CWA07,2595204.6357421875,13-15,711,713,15_b
CWA07,2643653.6362304688,16-20,1490,162,16_d
CWA07,2646669.6362304688,16-20,1346,299,17_a
CWA07,2652325.6362304688,16-20,1384,425,18_b
CWA07,2662341.6362304688,16-20,1339,572,19_a
CWA07,2674173.6362304688,16-20,1527,702,20_e
CWA07,2676837.6362304688,16-20,1509,848,continue
CWA07,2685356.6362304688,21-25,1436,163,21_c
CWA07,2689500.6357421875,21-25,1389,291,22_b
CWA07,2698644.6362304688,21-25,1332,438,23_a
CWA07,2712228.6362304688,21-25,1491,564,24_d
CWA07,2747852.6362304688,21-25,1543,704,25_e
CWA07,2762021.6357421875,21-25,1528,861,continue
CWA07,2782779.6362304688,26-30,1345,161,26_a
CWA07,2788595.6362304688,26-30,1538,296,27_e
CWA07,2800779.6362304688,26-30,1335,438,28_a
CWA07,2814075.6362304688,26-30,1485,564,29_d
CWA07,2822459.6362304688,26-30,1339,696,30_a
CWA07,2879835.6362304688,26-30,1384,565,29_b
CWA07,2903476.6362304688,31-33,711,307,31_b
CWA07,2907019.6362304688,31-33,962,576,32_c
CWA07,2908460.6362304688,31-33,723,835,33_b
CWA07,2912107.6362304688,31-33,1543,941,continue
CWA07,2916435.6362304688,34-36,1200,300,34_d
CWA07,2922579.6362304688,34-36,719,576,35_b
CWA07,2925091.6362304688,34-36,444,825,36_a
CWA07,2927571.6362304688,34-36,1500,938,continue
CWA07,2932115.6362304688,37-39,1451,302,37_e
CWA07,2938419.6362304688,37-39,1203,582,38_d
CWA07,2949339.6362304688,37-39,1210,850,39_d
CWA07,2951643.6362304688,37-39,941,838,39_c
CWA07,2960211.6362304688,37-39,1552,938,continue
CWA07,2970571.6362304688,40-42,497,321,40_a
CWA07,3014106.6362304688,40-42,476,566,41_a
CWA07,3046858.6362304688,40-42,955,842,42_c
CWA07,3058314.6362304688,40-42,1544,919,continue
CWA07,3072483.6362304688,43-45,1213,287,43_d
CWA07,3151034.6362304688,46-48,1185,296,46_d
CWA07,3162570.6362304688,46-48,1447,543,47_e
CWA07,3166426.6362304688,46-48,746,558,47_b
CWA07,3184682.6362304688,46-48,733,831,48_b
CWA07,3191577.63671875,46-48,1531,930,continue
CWA07,3206122.6362304688,49-51,727,307,49_b
CWA07,3223466.63671875,49-51,974,544,50_c
CWA07,3233506.63671875,49-51,462,831,51_a
CWA07,3244434.6362304688,49-51,1523,925,continue
CWA07,3253337.6362304688,52-54,726,294,52_b
CWA07,3272145.6362304688,52-54,456,543,53_a
CWA07,3280689.63671875,52-54,491,804,54_a
CWA07,3284329.6362304688,52-54,1543,927,continue
CWA07,3308097.63671875,55-56,705,297,55_b
CWA07,3316729.63671875,55-56,950,576,56_c
DAN23,1637279.9619140625,1-3,1185,281,1_d
DAN23,1652583.9619140625,1-3,731,510,2_b
DAN23,1659767.9619140625,1-3,1430,752,3_e
DAN23,1662695.9619140625,1-3,1513,844,continue
DAN23,1667207.9619140625,4-6,484,264,4_a
DAN23,1674495.9614257812,4-6,1441,499,5_e
DAN23,1681135.9619140625,4-6,731,720,6_b
DAN23,1686287.9619140625,4-6,1538,827,continue
DAN23,1698207.9619140625,7-9,486,273,7_a
DAN23,1718159.9614257812,7-9,719,447,8_b
DAN23,1741839.9619140625,7-9,728,689,9_b
DAN23,1746367.9619140625,7-9,1528,821,continue
DAN23,1761360.9619140625,10-12,720,262,10_b
DAN23,1767415.9614257812,10-12,731,497,11_b
DAN23,1791879.9619140625,10-12,475,725,12_a
DAN23,1793575.9619140625,10-12,1528,831,continue
DAN23,1813095.9619140625,13-15,470,271,13_a
DAN23,1821895.961425781,13-15,472,510,14_a
DAN23,1845895.961425781,13-15,729,734,15_b
DAN23,1903078.9619140625,16-20,1487,162,16_d
DAN23,1913830.9619140625,16-20,1337,302,17_a
DAN23,1921262.9619140625,16-20,1382,425,18_b
DAN23,1932398.9619140625,16-20,1329,567,19_a
DAN23,1944542.9619140625,16-20,1532,703,20_e
DAN23,1945798.9619140625,16-20,1527,860,continue
DAN23,1957998.9619140625,21-25,1436,160,21_c
DAN23,1963494.961425781,21-25,1387,299,22_b
DAN23,1986830.9619140625,21-25,1335,435,23_a
DAN23,1998894.9619140625,21-25,1438,560,24_c
DAN23,2009126.9619140625,21-25,1533,698,25_e
DAN23,2015046.9619140625,21-25,1513,847,continue
DAN23,2032862.9619140625,26-30,1436,159,26_c
DAN23,2042814.9619140625,26-30,1432,297,27_c
DAN23,2057406.9619140625,26-30,1485,431,28_d
DAN23,2063654.9619140625,26-30,1440,560,29_c
DAN23,2084702.9619140625,26-30,1535,701,30_e
DAN23,2170374.9619140625,31-33,718,270,31_b
DAN23,2173726.9619140625,31-33,962,537,32_c
DAN23,2176822.9619140625,31-33,720,802,33_b
DAN23,2178950.9619140625,31-33,1534,944,continue
DAN23,2183469.9619140625,34-36,1201,286,34_d
DAN23,2187989.9619140625,34-36,1445,579,35_e
DAN23,2192461.9619140625,34-36,478,840,36_a
DAN23,2194261.9619140625,34-36,1520,935,continue
DAN23,2202677.9619140625,37-39,1452,306,37_e
DAN23,2209581.9619140625,37-39,1196,575,38_d
DAN23,2226181.9619140625,37-39,1192,843,39_d
DAN23,2228893.9619140625,37-39,1537,935,continue
DAN23,2240957.9619140625,40-42,486,314,40_a
DAN23,2253469.9619140625,40-42,958,561,41_c
DAN23,2297397.9619140625,40-42,1199,844,42_d
DAN23,2298165.9619140625,40-42,1511,919,continue
DAN23,2315733.9619140625,43-45,1172,287,43_d
DAN23,2447580.9619140625,46-48,955,304,46_c
DAN23,2461764.9619140625,46-48,725,566,47_b
DAN23,2472924.9619140625,46-48,1212,821,48_d
DAN23,2474780.9619140625,46-48,1528,924,continue
DAN23,2496364.9619140625,49-51,971,288,49_c
DAN23,2505804.9619140625,49-51,967,550,50_c
DAN23,2519700.9619140625,49-51,472,819,51_a
DAN23,2521652.9619140625,49-51,1538,920,continue
DAN23,2530812.9619140625,52-54,1187,297,52_d
DAN23,2543452.9619140625,52-54,497,543,53_a
DAN23,2555924.9619140625,52-54,983,830,54_c
DAN23,2558484.9619140625,52-54,1522,929,continue
DAN23,2587388.962402344,55-56,479,297,55_a
DAN23,2603067.9619140625,55-56,1191,557,56_d
DGT10,2586561.021972656,1-3,1204,291,1_d
DGT10,2590464.021972656,1-3,715,529,2_b
DGT10,2595112.021972656,1-3,1422,725,3_e
DGT10,2596728.021972656,1-3,1498,831,continue
DGT10,2599113.021484375,4-6,492,289,4_a
DGT10,2604737.021972656,4-6,1434,511,5_e
DGT10,2616577.021972656,4-6,717,737,6_b
DGT10,2619465.021972656,4-6,1532,829,continue
DGT10,2626200.021972656,7-9,982,263,7_c
DGT10,2629545.021972656,7-9,723,505,8_b
DGT10,2648208.021972656,7-9,479,726,9_a
DGT10,2652608.021972656,7-9,1225,760,9_d
DGT10,2661264.021972656,7-9,1536,832,continue
DGT10,2672649.021972656,10-12,1208,274,10_d
DGT10,2689297.021484375,10-12,716,510,11_b
DGT10,2705569.021972656,10-12,486,745,12_a
DGT10,2714513.021972656,10-12,1540,832,continue
DGT10,2747576.021972656,13-15,957,279,13_c
DGT10,2780960.021972656,13-15,1194,513,14_d
DGT10,2811888.021972656,13-15,1442,744,15_e
DGT10,2850816.0219726562,16-20,1496,159,16_d
DGT10,2854224.0219726562,16-20,1341,301,17_a
DGT10,2863976.0219726562,16-20,1387,433,18_b
DGT10,2873520.0219726562,16-20,1339,560,19_a
DGT10,2878376.0219726562,16-20,1539,704,20_e
DGT10,2883000.0219726562,16-20,1524,850,continue
DGT10,2894824.0219726562,21-25,1432,164,21_c
DGT10,2927480.0219726562,21-25,1556,310,22_e
DGT10,2938416.0219726562,21-25,1329,426,23_a
DGT10,2949432.0219726562,21-25,1440,554,24_c
DGT10,2969551.0219726562,21-25,1530,703,25_e
DGT10,2970559.0219726562,21-25,1516,848,continue
DGT10,2978911.0219726562,26-30,1485,168,26_d
DGT10,2986583.0219726562,26-30,1437,168,26_c
DGT10,2999807.0219726562,26-30,1541,301,27_e
DGT10,3029231.0219726562,26-30,1490,427,28_d
DGT10,3039095.0219726562,26-30,1340,572,29_a
DGT10,3070511.0219726562,26-30,1494,570,29_d
DGT10,3084959.0219726562,26-30,1388,697,30_b
DGT10,3119183.0219726562,31-33,723,280,31_b
DGT10,3122543.0219726562,31-33,961,556,32_c
DGT10,3125447.0219726562,31-33,728,840,33_b
DGT10,3126847.0219726562,31-33,1543,940,continue
DGT10,3130095.0219726562,34-36,1203,309,34_d
DGT10,3133823.0224609375,34-36,1167,582,35_d
DGT10,3136855.0219726562,34-36,493,855,36_a
DGT10,3138631.0219726562,34-36,1533,932,continue
DGT10,3146287.0219726562,37-39,1452,313,37_e
DGT10,3152863.0219726562,37-39,1215,570,38_d
DGT10,3172591.0219726562,37-39,970,847,39_c
DGT10,3182382.0219726562,37-39,1521,923,continue
DGT10,3201487.0224609375,40-42,1195,316,40_d
DGT10,3241598.0219726562,40-42,729,576,41_b
DGT10,3273558.0219726562,40-42,1213,843,42_d
DGT10,3275574.021484375,40-42,1527,920,continue
DGT10,3286870.021484375,43-45,1273,314,43_d
DGT10,3384413.0219726562,46-48,1207,297,46_d
DGT10,3402621.0219726562,46-48,720,573,47_b
DGT10,3425645.0219726562,46-48,729,838,48_b
DGT10,3427333.0219726562,46-48,1525,931,continue
DGT10,3435741.0219726562,49-51,727,294,49_b
DGT10,3450501.021484375,49-51,1200,574,50_d
DGT10,3459837.021484375,49-51,483,835,51_a
DGT10,3463253.0219726562,49-51,1538,932,continue
DGT10,3472622.0219726562,52-54,726,304,52_b
DGT10,3488014.0219726562,52-54,484,576,53_a
DGT10,3501469.0219726562,52-54,480,829,54_a
DGT10,3503157.0219726562,52-54,1527,931,continue
DGT10,3530821.0219726562,55-56,727,305,55_b
DGT10,3550477.0219726562,55-56,1452,568,56_e
DHB23,522731.8037109375,1-3,1208,288,1_d
DHB23,525923.8032226561,1-3,727,519,2_b
DHB23,527723.8032226561,1-3,966,743,3_c
DHB23,529739.8032226561,1-3,1456,732,3_e
DHB23,530347.8032226561,1-3,1529,841,continue
DHB23,533884.8032226561,4-6,477,274,4_a
DHB23,540867.8032226561,4-6,1435,501,5_e
DHB23,545979.8032226561,4-6,705,737,6_b
DHB23,546971.8032226561,4-6,1533,829,continue
DHB23,553715.8032226561,7-9,944,276,7_c
DHB23,558763.8032226561,7-9,728,505,8_b
DHB23,561147.8032226561,7-9,721,495,8_b
DHB23,565315.8032226561,7-9,969,502,8_c
DHB23,574883.8037109375,7-9,1205,725,9_d
DHB23,575971.8032226561,7-9,1538,827,continue
DHB23,582963.8032226561,10-12,1208,275,10_d
DHB23,587979.8032226561,10-12,726,505,11_b
DHB23,597899.8032226561,10-12,491,742,12_a
DHB23,602203.8032226561,10-12,1542,830,continue
DHB23,613795.8032226561,13-15,969,275,13_c
DHB23,631339.8032226561,13-15,1191,503,14_d
DHB23,658666.8032226561,13-15,730,733,15_b
DHB23,669330.8032226561,13-15,405,829,back
DHB23,691106.8032226561,10-12,395,823,back
DHB23,699810.8032226561,7-9,1534,829,continue
DHB23,701643.8032226561,10-12,1534,829,continue
DHB23,716210.8032226562,13-15,1199,502,14_d
DHB23,780770.8032226562,16-20,1489,160,16_d
DHB23,784738.8032226562,16-20,1334,295,17_a
DHB23,787962.8032226562,16-20,1384,427,18_b
DHB23,799330.8032226562,16-20,1335,563,19_a
DHB23,806354.8032226562,16-20,1537,700,20_e
DHB23,808746.802734375,16-20,1530,850,continue
DHB23,840754.8032226562,21-25,1539,299,22_e
DHB23,853945.8032226562,21-25,1334,430,23_a
DHB23,866697.8032226562,21-25,1444,564,24_c
DHB23,877705.8032226562,21-25,1539,706,25_e
DHB23,888801.8032226562,21-25,1389,157,21_b
DHB23,889705.8032226562,21-25,1513,850,continue
DHB23,892129.8032226562,26-30,372,859,back
DHB23,894857.802734375,21-25,1435,169,21_c
DHB23,897465.8032226562,21-25,1511,849,continue
DHB23,918433.8032226562,26-30,1441,160,26_c
DHB23,926825.8032226562,26-30,1536,300,27_e
DHB23,941161.8032226562,26-30,1483,434,28_d
DHB23,961865.8032226562,26-30,1491,568,29_d
DHB23,990112.8032226562,26-30,1332,697,30_a
DHB23,992008.8032226562,26-30,397,848,back
DHB23,1008841.8032226562,21-25,379,852,back
DHB23,1024048.8032226562,31-33,721,272,31_b
DHB23,1028456.8032226562,31-33,961,537,32_c
DHB23,1030640.8032226562,31-33,719,793,33_b
DHB23,1041064.8032226562,31-33,369,932,back
DHB23,1050392.8032226562,31-33,1512,933,continue
DHB23,1056017.8032226562,34-36,1201,314,34_d
DHB23,1060609.8032226562,34-36,735,584,35_b
DHB23,1063289.8032226562,34-36,490,843,36_a
DHB23,1064297.8032226562,34-36,1547,931,continue
DHB23,1077072.8032226562,37-39,1444,322,37_e
DHB23,1080928.8032226562,37-39,1199,572,38_d
DHB23,1091664.8032226562,37-39,962,803,39_c
DHB23,1093280.8032226562,37-39,1550,928,continue
DHB23,1114000.8032226562,40-42,481,313,40_a
DHB23,1140208.8032226562,40-42,729,574,41_b
DHB23,1145759.8032226562,40-42,1202,570,41_d
DHB23,1158271.8037109377,40-42,955,841,42_c
DHB23,1162071.8032226562,40-42,1536,920,continue
DHB23,1173992.8032226562,43-45,1205,295,43_d
DHB23,1339918.8032226562,46-48,1208,238,46_d
DHB23,1348046.8037109377,46-48,721,503,47_b
DHB23,1376030.8032226562,46-48,715,768,48_b
DHB23,1377814.8032226562,46-48,1528,921,continue
DHB23,1385150.8032226562,49-51,727,235,49_b
DHB23,1406382.8037109377,49-51,961,497,50_c
DHB23,1420582.8032226562,49-51,481,765,51_a
DHB23,1427006.8032226562,49-51,1551,926,continue
DHB23,1446870.8032226562,52-54,947,239,52_c
DHB23,1459878.8032226562,52-54,480,498,53_a
DHB23,1481278.8032226562,52-54,482,771,54_a
DHB23,1482878.8032226562,52-54,1536,930,continue
DHB23,1485982.8032226562,55-56,411,669,back
DHB23,1498502.8032226562,52-54,1538,932,continue
DHB23,1502278.8032226562,55-56,726,241,55_b
DHB23,1504158.8037109375,55-56,477,505,56_a
DHN07,20823464.659179688,1-3,1191,268,1_d
DHN07,20826000.65966797,1-3,742,485,2_b
DHN07,20828024.659179688,1-3,965,733,3_c
DHN07,20830360.659179688,1-3,1463,734,3_e
DHN07,20831664.659179688,1-3,1536,834,continue
DHN07,20833984.659179688,4-6,461,259,4_a
DHN07,20839968.659179688,4-6,1429,497,5_e
DHN07,20844616.659179688,4-6,712,734,6_b
DHN07,20846008.659179688,4-6,1546,826,continue
DHN07,20851431.659179688,7-9,954,240,7_c
DHN07,20858303.659179688,7-9,972,499,8_c
DHN07,20865855.659179688,7-9,1177,733,9_d
DHN07,20869015.658691406,7-9,1544,821,continue
DHN07,20873911.659179688,10-12,731,242,10_b
DHN07,20885575.658691406,10-12,727,493,11_b
DHN07,20897023.659179688,10-12,1426,721,12_e
DHN07,20908231.659179688,10-12,485,741,12_a
DHN07,20912783.659179688,10-12,1533,828,continue
DHN07,20937071.659179688,13-15,969,254,13_c
DHN07,20980423.658691406,13-15,1438,495,14_e
DHN07,20982927.659179688,13-15,1249,507,14_d
DHN07,21008551.659179688,13-15,1432,717,15_e
DHN07,21010071.659179688,13-15,382,827,back
DHN07,21021399.659179688,10-12,1538,817,continue
DHN07,21077390.659179688,16-20,1486,158,16_d
DHN07,21082822.659179688,16-20,1345,304,17_a
DHN07,21086046.659179688,16-20,1389,435,18_b
DHN07,21095654.659179688,16-20,1343,566,19_a
DHN07,21113118.659179688,16-20,1539,695,20_e
DHN07,21117534.658691406,16-20,1520,853,continue
DHN07,21126030.659179688,21-25,1455,160,21_c
DHN07,21131934.659179688,21-25,1385,297,22_b
DHN07,21149670.659179688,21-25,1536,433,23_e
DHN07,21150326.659179688,21-25,1539,414,23_e
DHN07,21171062.659179688,21-25,1438,556,24_c
DHN07,21197374.659179688,21-25,1550,708,25_e
DHN07,21215726.659179688,21-25,1526,848,continue
DHN07,21238454.659179688,26-30,1395,157,26_b
DHN07,21249790.659179688,26-30,1529,303,27_e
DHN07,21294061.659179688,26-30,1388,424,28_b
DHN07,21311037.659179688,26-30,1338,697,30_a
DHN07,21312685.659179688,26-30,1434,568,29_c
DHN07,21332949.659179688,31-33,724,265,31_b
DHN07,21334709.659179688,31-33,960,537,32_c
DHN07,21337061.659179688,31-33,729,803,33_b
DHN07,21338325.659179688,31-33,1527,932,continue
DHN07,21342486.659179688,34-36,1198,264,34_d
DHN07,21345774.659179688,34-36,732,541,35_b
DHN07,21348998.659179688,34-36,964,802,36_c
DHN07,21352590.659179688,34-36,478,798,36_a
DHN07,21353926.659179688,34-36,1541,918,continue
DHN07,21354302.659179688,34-36,1541,925,continue
DHN07,21360301.659179688,37-39,1445,278,37_e
DHN07,21376381.659179688,37-39,1181,534,38_d
DHN07,21385733.659179688,37-39,968,826,39_c
DHN07,21394869.659179688,37-39,1538,928,continue
DHN07,21404557.659179688,40-42,476,273,40_a
DHN07,21419653.659179688,40-42,731,534,41_b
DHN07,21466125.659179688,40-42,963,808,42_c
DHN07,21469029.659179688,40-42,1541,942,continue
DHN07,21469325.659179688,40-42,1538,930,continue
DHN07,21480549.659179688,43-45,1211,285,43_d
DHN07,21495605.659179688,43-45,733,528,44_b
DHN07,21508549.659179688,43-45,724,778,45_b
DHN07,21588868.659179688,46-48,1191,241,46_d
DHN07,21609604.659179688,46-48,1451,519,47_e
DHN07,21615292.659179688,46-48,1196,775,48_d
DHN07,21619172.659179688,46-48,1533,922,continue
DHN07,21633397.659179688,49-51,736,302,49_b
DHN07,21661381.659179688,49-51,952,516,50_c
DHN07,21669133.659179688,49-51,479,787,51_a
DHN07,21683380.659179688,49-51,1537,926,continue
DHN07,21701157.659179688,52-54,721,227,52_b
DHN07,21714277.659179688,52-54,1222,261,52_d
DHN07,21728525.659179688,52-54,509,578,53_a
DHN07,21734716.659179688,52-54,960,784,54_c
DHN07,21738301.659179688,52-54,1538,920,continue
DHN07,21744036.659179688,55-56,699,279,55_b
DHN07,21745892.659179688,55-56,1434,255,55_e
DHN07,21749484.659179688,55-56,1188,551,56_d
DHT19,20008908.99023437,1-3,1202,261,1_d
DHT19,20015404.99023437,1-3,735,519,2_b
DHT19,20018548.99023437,1-3,1462,746,3_e
DHT19,20019204.99023437,1-3,1451,747,3_e
DHT19,20020404.99023437,1-3,1519,847,continue
DHT19,20023651.99023437,4-6,484,289,4_a
DHT19,20024795.99023437,4-6,487,276,4_a
DHT19,20030883.99023437,4-6,1460,514,5_e
DHT19,20035331.99023437,4-6,707,743,6_b
DHT19,20038451.99023437,4-6,1505,831,continue
DHT19,20043731.990722656,7-9,959,281,7_c
DHT19,20050931.99023437,7-9,1450,511,8_e
DHT19,20063883.99023437,7-9,1198,727,9_d
DHT19,20065115.99023437,7-9,1551,836,continue
DHT19,20073259.99023437,10-12,489,285,10_a
DHT19,20079995.99023437,10-12,732,508,11_b
DHT19,20088811.99023437,10-12,472,742,12_a
DHT19,20090987.99023437,10-12,1544,839,continue
DHT19,20107787.99023437,13-15,959,281,13_c
DHT19,20121243.99023437,13-15,475,514,14_a
DHT19,20144035.99023437,13-15,1435,731,15_e
DHT19,20194363.990722656,13-15,1201,507,14_d
DHT19,20266946.99023437,16-20,1482,173,16_d
DHT19,20271226.99023437,16-20,1336,298,17_a
DHT19,20275682.99023437,16-20,1392,439,18_b
DHT19,20283106.990722656,16-20,1338,576,19_a
DHT19,20292474.990722656,16-20,1533,709,20_e
DHT19,20299682.99023437,16-20,1522,863,continue
DHT19,20311667.99023437,21-25,1435,163,21_c
DHT19,20319802.99023437,21-25,1385,302,22_b
DHT19,20333994.990722656,21-25,1337,434,23_a
DHT19,20376602.99023437,21-25,1540,705,25_e
DHT19,20394530.99023437,21-25,1423,570,24_c
DHT19,20396226.99023437,21-25,1538,848,continue
DHT19,20415490.99023437,26-30,1435,172,26_c
DHT19,20432562.99023437,26-30,1429,302,27_c
DHT19,20471402.990722656,26-30,1338,567,29_a
DHT19,20497594.99023437,26-30,1488,440,28_d
DHT19,20525537.99023437,31-33,723,305,31_b
DHT19,20529849.99023437,31-33,970,572,32_c
DHT19,20532257.99023437,31-33,696,857,33_b
DHT19,20534753.99023437,31-33,1536,934,continue
DHT19,20538761.99023437,34-36,1211,317,34_d
DHT19,20549737.99023437,34-36,1447,583,35_e
DHT19,20555153.989746094,34-36,503,839,36_a
DHT19,20556873.99023437,34-36,1517,952,continue
DHT19,20561873.99023437,37-39,1438,322,37_e
DHT19,20566609.99023437,37-39,1213,578,38_d
DHT19,20573321.99023437,37-39,954,847,39_c
DHT19,20575569.99023437,37-39,1525,945,continue
DHT19,20582161.99023437,40-42,484,319,40_a
DHT19,20601097.99023437,40-42,957,584,41_c
DHT19,20604561.989746094,40-42,723,584,41_b
DHT19,20618745.989746094,40-42,964,851,42_c
DHT19,20620865.99023437,40-42,1536,942,continue
DHT19,20623609.99023437,40-42,1538,931,continue
DHT19,20639201.99023437,43-45,1207,314,43_d
DHT19,20649017.99023437,43-45,1448,545,44_e
DHT19,20668585.99023437,43-45,474,821,45_a
DHT19,20767584.99023437,46-48,1228,319,46_d
DHT19,20780344.99023437,46-48,1428,566,47_e
DHT19,20812536.99023437,46-48,734,837,48_b
DHT19,20836479.99023437,46-48,1177,833,48_d
DHT19,20838815.99023437,46-48,1529,936,continue
DHT19,20848240.99023437,49-51,712,301,49_b
DHT19,20873568.99023437,49-51,970,582,50_c
DHT19,20881840.99023437,49-51,487,835,51_a
DHT19,20894816.99023437,49-51,1522,941,continue
DHT19,20908784.99023437,52-54,1192,296,52_d
DHT19,20927312.99023437,52-54,478,585,53_a
DIB15,2500126.333984375,1-3,1202,274,1_d
DIB15,2504662.333984375,1-3,722,461,2_b
DIB15,2508597.333984375,1-3,1443,693,3_e
DIB15,2509886.333984375,1-3,1531,835,continue
DIB15,2513429.333984375,4-6,478,229,4_a
DIB15,2521901.333984375,4-6,1441,451,5_e
DIB15,2530445.333984375,4-6,718,682,6_b
DIB15,2531437.333984375,4-6,1547,823,continue
DIB15,2540093.333984375,7-9,960,219,7_c
DIB15,2548557.333984375,7-9,962,451,8_c
DIB15,2557253.333984375,7-9,1198,680,9_d
DIB15,2558413.333984375,7-9,1529,826,continue
DIB15,2576701.333984375,10-12,480,219,10_a
DIB15,2587661.333984375,10-12,961,449,11_c
DIB15,2602477.333984375,10-12,483,689,12_a
DIB15,2604677.333984375,10-12,1544,821,continue
DIB15,2639028.333984375,13-15,725,229,13_b
DIB15,2643396.333984375,13-15,1444,452,14_e
DIB15,2650508.333984375,13-15,722,685,15_b
DIB15,2682700.333984375,13-15,1201,684,15_d
DIB15,2707852.333984375,13-15,1442,679,15_e
DIB15,2725628.333984375,13-15,479,449,14_a
DIB15,2729300.333984375,13-15,1439,453,14_e
DIB15,2760468.333984375,16-20,1487,162,16_d
DIB15,2770044.334472656,16-20,1334,298,17_a
DIB15,2774516.333984375,16-20,1337,428,18_a
DIB15,2776196.333984375,16-20,1391,428,18_b
DIB15,2790156.334472656,16-20,1338,565,19_a
DIB15,2800476.333984375,16-20,1540,706,20_e
DIB15,2802116.333984375,16-20,1506,845,continue
DIB15,2821124.333984375,21-25,1384,295,22_b
DIB15,2834868.333984375,21-25,1337,432,23_a
DIB15,2852628.333984375,21-25,1540,703,25_e
DIB15,2887988.333984375,21-25,1442,161,21_c
DIB15,2896572.333984375,21-25,1486,566,24_d
DIB15,2898580.333984375,21-25,1525,858,continue
DIB15,2911283.333984375,26-30,1435,156,26_c
DIB15,2920531.3344726562,26-30,1440,295,27_c
DIB15,2943299.333984375,26-30,1382,431,28_b
DIB15,2946971.3344726562,26-30,1386,570,29_b
DIB15,2973219.333984375,26-30,1441,699,30_c
DIB15,3024555.333984375,31-33,716,269,31_b
DIB15,3026507.333984375,31-33,960,534,32_c
DIB15,3029379.3344726562,31-33,725,802,33_b
DIB15,3031851.333984375,31-33,1532,930,continue
DIB15,3037259.333984375,34-36,1199,270,34_d
DIB15,3060307.3344726562,34-36,725,537,35_b
DIB15,3063843.333984375,34-36,474,798,36_a
DIB15,3065011.3344726562,34-36,482,798,36_a
DIB15,3067075.333984375,34-36,1534,947,continue
DIB15,3068267.3344726562,34-36,1526,927,continue
DIB15,3075075.333984375,37-39,719,267,37_b
DIB15,3089411.333984375,37-39,1204,536,38_d
DIB15,3103803.333984375,37-39,962,801,39_c
DIB15,3106939.3344726562,37-39,1520,934,continue
DIB15,3127586.333984375,40-42,483,270,40_a
DIB15,3161986.3334960938,40-42,480,563,41_a
DIB15,3172570.333984375,40-42,713,827,42_b
DIB15,3173786.333984375,40-42,1547,925,continue
DIB15,3177707.333984375,43-45,488,295,43_a
DIB15,3178619.333984375,43-45,728,296,43_b
DIB15,3195891.333984375,43-45,1192,303,43_d
DIB15,3297242.333984375,46-48,1202,238,46_d
DIB15,3309770.333984375,46-48,720,502,47_b
DIB15,3330674.333984375,46-48,713,760,48_b
DIB15,3332042.333984375,46-48,1541,927,continue
DIB15,3345138.333984375,49-51,717,233,49_b
DIB15,3356362.333984375,49-51,956,502,50_c
DIB15,3372418.333984375,49-51,484,764,51_a
DIB15,3373978.333984375,49-51,1546,921,continue
DIB15,3385650.3334960938,52-54,722,237,52_b
DIB15,3393138.333984375,52-54,481,500,53_a
DIB15,3403810.333984375,52-54,1442,766,54_e
DIB15,3404682.333984375,52-54,1521,928,continue
DIB15,3421234.333984375,55-56,1446,500,56_e
DIB15,3438626.333984375,55-56,1442,237,55_e
DJF02,11062332.549316406,1-3,1204,240,1_d
DJF02,11064875.548828123,1-3,723,459,2_b
DJF02,11068787.548339844,1-3,1439,693,3_e
DJF02,11069747.548828123,1-3,1519,833,continue
DJF02,11073268.548828123,4-6,481,223,4_a
DJF02,11081996.549316406,4-6,1436,456,5_e
DJF02,11090132.548828123,4-6,728,684,6_b
DJF02,11091404.549316406,4-6,1545,824,continue
DJF02,11102740.549316406,7-9,484,241,7_a
DJF02,11108468.548828123,7-9,723,491,8_b
DJF02,11123788.548828123,7-9,1211,697,9_d
DJF02,11125268.548828123,7-9,1550,828,continue
DJF02,11144019.548828123,10-12,480,227,10_a
DJF02,11150979.548828123,10-12,730,481,11_b
DJF02,11166267.548339844,10-12,483,743,12_a
DJF02,11167619.548828123,10-12,1540,819,continue
DJF02,11191323.548828123,13-15,493,276,13_a
DJF02,11216403.548828123,13-15,495,505,14_a
DJF02,11245099.548828123,13-15,483,730,15_a
DJF02,11329650.548828125,16-20,1489,163,16_d
DJF02,11334986.548828125,16-20,1342,295,17_a
DJF02,11348410.548828125,16-20,1385,427,18_b
DJF02,11357538.548828125,16-20,1338,561,19_a
DJF02,11361674.548828125,16-20,1531,701,20_e
DJF02,11362866.548828125,16-20,1528,851,continue
DJF02,11375210.548828125,21-25,1435,161,21_c
DJF02,11380394.548828125,21-25,1393,295,22_b
DJF02,11388866.548828125,21-25,1346,427,23_a
DJF02,11413066.548828125,21-25,1434,564,24_c
DJF02,11439242.548828125,21-25,1330,703,25_a
DJF02,11440114.548828125,21-25,1527,854,continue
DJF02,11466666.548828125,26-30,1489,160,26_d
DJF02,11474490.548828125,26-30,1536,294,27_e
DJF02,11485010.548828125,26-30,1484,428,28_d
DJF02,11524385.549316404,26-30,1341,573,29_a
DJF02,11538097.548828125,26-30,1435,699,30_c
DJF02,11601305.548828125,31-33,722,268,31_b
DJF02,11603353.548828125,31-33,969,546,32_c
DJF02,11606497.548828125,31-33,723,801,33_b
DJF02,11607993.548828125,31-33,1543,933,continue
DJF02,11611488.548828125,34-36,1197,274,34_d
DJF02,11621088.548828125,34-36,1204,543,35_d
DJF02,11627185.548828125,34-36,485,812,36_a
DJF02,11628432.548339846,34-36,1520,927,continue
DJF02,11637993.548828125,37-39,1444,272,37_e
DJF02,11645225.548828125,37-39,1195,545,38_d
DJF02,11655809.548828125,37-39,968,806,39_c
DJF02,11659337.548828125,37-39,1514,939,continue
DJF02,11668393.548828125,40-42,479,294,40_a
DJF02,11690401.548828125,40-42,723,542,41_b
DJF02,11712721.548828125,40-42,966,799,42_c
DJF02,11713561.548828125,40-42,1526,916,continue
DJF02,11733873.548828125,43-45,718,274,43_b
DJF02,11745977.549316404,43-45,481,521,44_a
DJF02,11777584.548339846,43-45,1205,776,45_d
DJF02,11850248.548339846,46-48,1195,241,46_d
DJF02,11871287.548339846,46-48,730,503,47_b
DJF02,11879447.548828125,46-48,1200,777,48_d
DJF02,11880479.548828125,46-48,1535,923,continue
DJF02,11897479.548828125,49-51,720,237,49_b
DJF02,11905335.548828125,49-51,963,495,50_c
DJF02,11923375.548828125,49-51,482,802,51_a
DJF02,11924743.548828125,49-51,1520,920,continue
DJF02,11934424.548828125,52-54,1205,230,52_d
DJF02,11953248.548339846,52-54,962,506,53_c
DJF02,11978903.548828125,52-54,480,756,54_a
DJF02,11979991.548339846,52-54,1538,920,continue
DJF02,11998823.548828125,55-56,490,269,55_a
DJF02,12010791.548828125,55-56,718,500,56_b
DKS05,3215634.9838867188,1-3,1200,294,1_d
DKS05,3218234.9838867188,1-3,741,520,2_b
DKS05,3220314.9833984375,1-3,1424,737,3_e
DKS05,3220970.9838867188,1-3,1538,827,continue
DKS05,3222579.9838867188,4-6,468,271,4_a
DKS05,3227122.9838867188,4-6,1442,500,5_e
DKS05,3229826.9838867188,4-6,724,728,6_b
DKS05,3231915.9838867188,4-6,1552,826,continue
DKS05,3236778.9838867188,7-9,971,266,7_c
DKS05,3240858.9838867188,7-9,713,508,8_b
DKS05,3248322.9838867188,7-9,1204,720,9_d
DKS05,3249746.9838867188,7-9,1543,834,continue
DKS05,3264474.9838867188,10-12,484,282,10_a
DKS05,3272866.9838867188,10-12,1204,490,11_d
DKS05,3278834.9833984375,10-12,492,734,12_a
DKS05,3283586.9838867188,10-12,1535,830,continue
DKS05,3301514.9838867188,13-15,483,276,13_a
DKS05,3311146.9838867188,13-15,1210,506,14_d
DKS05,3342506.9838867188,13-15,1439,750,15_e
DKS05,3395881.9838867188,13-15,961,723,15_c
DKS05,3470705.9838867188,16-20,760,224,not on any aoi
DKS05,3472193.9838867188,16-20,1483,153,16_d
DKS05,3480913.9838867188,16-20,1345,298,17_a
DKS05,3485634.9838867188,16-20,1393,436,18_b
DKS05,3490649.9838867188,16-20,1347,574,19_a
DKS05,3508497.9838867188,16-20,1547,701,20_e
DKS05,3509513.9838867188,16-20,1531,853,continue
DKS05,3519282.9838867188,21-25,1439,167,21_c
DKS05,3524634.9838867188,21-25,1396,295,22_b
DKS05,3535482.9838867188,21-25,1327,430,23_a
DKS05,3562594.9838867188,21-25,1540,695,25_e
DKS05,3573714.9838867188,21-25,1475,558,24_d
DKS05,3574618.9838867188,21-25,1504,856,continue
DKS05,3578585.9838867188,26-30,1476,160,26_d
DKS05,3586977.9838867188,26-30,1478,299,27_d
DKS05,3588257.9838867188,26-30,1532,292,27_e
DKS05,3608849.9838867188,26-30,1492,430,28_d
DKS05,3639977.9838867188,26-30,1388,568,29_b
DKS05,3663945.9838867188,26-30,1381,703,30_b
DKS05,3701377.9838867188,26-30,1503,696,30_d
DKS05,3737225.9838867188,31-33,709,301,31_b
DKS05,3738977.9838867188,31-33,978,581,32_c
DKS05,3742633.9838867188,31-33,733,850,33_b
DKS05,3743641.9838867188,31-33,1554,933,continue
DKS05,3746322.9838867188,34-36,1239,307,34_d
DKS05,3752282.9838867188,34-36,741,582,35_b
DKS05,3754874.9838867188,34-36,499,856,36_a
DKS05,3756050.9838867188,34-36,1556,945,continue
DKS05,3765361.9838867188,37-39,1435,302,37_e
DKS05,3769649.9838867188,37-39,1203,575,38_d
DKS05,3782337.9838867188,37-39,947,850,39_c
DKS05,3783321.9838867188,37-39,1545,943,continue
DKS05,3792385.9838867188,40-42,488,316,40_a
DKS05,3808937.9838867188,40-42,962,579,41_c
DKS05,3814313.9838867188,40-42,1205,838,42_d
DKS05,3832153.9838867188,40-42,715,801,42_b
DKS05,3832873.9838867188,40-42,728,831,42_b
DKS05,3836673.9838867188,40-42,1546,931,continue
DKS05,3846233.9838867188,43-45,1197,307,43_d
DKS05,3857625.9838867188,43-45,1447,554,44_e
DKS05,3885969.9838867188,43-45,502,820,45_a
DKS05,3998601.9838867188,46-48,1217,308,46_d
DKS05,4019377.9838867188,46-48,1421,580,47_e
DKS05,4030825.9838867188,46-48,1211,822,48_d
DKS05,4032489.9838867188,46-48,1539,925,continue
DKS05,4044217.9838867188,49-51,747,297,49_b
DKS05,4062081.9838867188,49-51,964,555,50_c
DKS05,4068113.9838867188,49-51,489,831,51_a
DKS05,4080585.9838867188,49-51,1510,923,continue
DKS05,4094321.9838867188,52-54,712,295,52_b
DKS05,4112809.9838867188,52-54,476,576,53_a
DKS05,4146840.9838867188,52-54,483,839,54_a
DKS05,4164824.9838867188,52-54,1518,920,continue
DMS25,1650572.6030273438,1-3,1201,239,1_d
DMS25,1655828.6030273438,1-3,721,464,2_b
DMS25,1661500.6030273438,1-3,1443,694,3_e
DMS25,1662467.6030273438,1-3,1529,839,continue
DMS25,1667427.6030273438,4-6,480,224,4_a
DMS25,1676227.6030273438,4-6,1441,454,5_e
DMS25,1686635.6030273438,4-6,724,680,6_b
DMS25,1688595.6030273438,4-6,1514,827,continue
DMS25,1696379.6030273438,7-9,958,226,7_c
DMS25,1707787.6030273438,7-9,722,454,8_b
DMS25,1711163.6030273438,7-9,961,459,8_c
DMS25,1721179.6030273438,7-9,1202,687,9_d
DMS25,1724659.6030273438,7-9,1545,832,continue
DMS25,1735371.6030273438,10-12,484,220,10_a
DMS25,1743019.6030273438,10-12,718,453,11_b
DMS25,1765499.6030273438,10-12,480,684,12_a
DMS25,1766523.6030273438,10-12,1497,823,continue
DMS25,1824547.603027344,13-15,1204,224,13_d
DMS25,1867971.603027344,13-15,1200,455,14_d
DMS25,1911587.603027344,16-20,1484,161,16_d
DMS25,1920523.603027344,16-20,1341,297,17_a
DMS25,1924291.603027344,16-20,1389,431,18_b
DMS25,1931155.603027344,16-20,1339,565,19_a
DMS25,1938331.603515625,16-20,1532,705,20_e
DMS25,1939635.603027344,16-20,1525,857,continue
DMS25,1951947.603027344,21-25,1385,296,22_b
DMS25,1959091.603027344,21-25,1336,431,23_a
DMS25,1979843.603027344,21-25,1526,854,continue
DMS25,2016642.603027344,26-30,413,848,back
DMS25,2028898.603027344,21-25,1444,160,21_c
DMS25,2042562.603027344,21-25,1438,566,24_c
DMS25,2096346.603027344,21-25,1537,702,25_e
DMS25,2097034.603515625,21-25,1542,855,continue
DMS25,2122850.603515625,26-30,1484,432,28_d
DMS25,2192714.603027344,31-33,724,272,31_b
DMS25,2195714.603027344,31-33,967,537,32_c
DMS25,2197834.603027344,31-33,713,801,33_b
DMS25,2199402.603027344,31-33,1526,952,continue
DMS25,2200266.603027344,31-33,1529,935,continue
DMS25,2204201.603027344,34-36,1199,274,34_d
DMS25,2211073.603027344,34-36,722,538,35_b
DMS25,2215833.603027344,34-36,480,802,36_a
DMS25,2217649.603027344,34-36,1556,936,continue
DMS25,2223545.603027344,37-39,1436,270,37_e
DMS25,2226641.6025390625,37-39,1205,544,38_d
DMS25,2237097.603027344,37-39,962,804,39_c
DMS25,2240057.603027344,37-39,1549,938,continue
DMS25,2258601.603027344,40-42,480,269,40_a
DMS25,2281193.603027344,40-42,720,536,41_b
DMS25,2296409.603027344,40-42,956,801,42_c
DMS25,2298241.603027344,40-42,1530,937,continue
DMS25,2301425.603027344,40-42,1542,919,continue
DMS25,2325625.603027344,43-45,1199,521,44_d
DMS25,2336993.603027344,43-45,722,262,43_b
DMS25,2363289.603027344,43-45,482,777,45_a
DMS25,2442489.603027344,46-48,1208,240,46_d
DMS25,2460425.603027344,46-48,723,503,47_b
DMS25,2470617.603027344,46-48,1197,769,48_d
DMS25,2473817.603027344,46-48,1540,930,continue
DMS25,2484025.603027344,49-51,722,243,49_b
DMS25,2508521.603027344,49-51,960,498,50_c
DMS25,2523289.603027344,49-51,478,765,51_a
DMS25,2524689.603027344,49-51,1542,934,continue
DMS25,2534032.603027344,52-54,714,235,52_b
DMS25,2541320.603027344,52-54,482,503,53_a
DMS25,2564632.603027344,52-54,480,766,54_a
DMS25,2586064.603027344,52-54,1555,926,continue
DMS25,2609440.603027344,55-56,963,242,55_c
EAR16,3120605.5278320312,1-3,1206,236,1_d
EAR16,3123045.5278320312,1-3,719,464,2_b
EAR16,3126189.5283203125,1-3,1439,695,3_e
EAR16,3127045.5278320312,1-3,1531,837,continue
EAR16,3132149.5278320312,4-6,484,226,4_a
EAR16,3140021.5278320312,4-6,1440,450,5_e
EAR16,3145381.5278320312,4-6,720,688,6_b
EAR16,3146677.5278320312,4-6,1507,818,continue
EAR16,3154221.5278320312,7-9,960,223,7_c
EAR16,3159717.5278320312,7-9,961,454,8_c
EAR16,3174293.5278320312,7-9,1200,682,9_d
EAR16,3175293.5278320312,7-9,1518,817,continue
EAR16,3182854.5278320312,10-12,1198,219,10_d
EAR16,3190102.5278320312,10-12,1201,448,11_d
EAR16,3199446.5278320312,10-12,479,682,12_a
EAR16,3200398.5278320312,10-12,1547,834,continue
EAR16,3215037.5278320312,13-15,959,225,13_c
EAR16,3227661.5278320312,13-15,1437,456,14_e
EAR16,3249733.5278320312,13-15,718,686,15_b
EAR16,3279581.5278320312,13-15,959,682,15_c
EAR16,3296133.5278320312,13-15,414,825,back
EAR16,3309893.5283203125,10-12,404,834,back
EAR16,3333941.5278320312,7-9,404,833,back
EAR16,3338796.52734375,4-6,1541,826,continue
EAR16,3339597.5283203125,7-9,1541,826,continue
EAR16,3341332.5278320312,10-12,1541,826,continue
EAR16,3387092.52734375,16-20,1487,164,16_d
EAR16,3393260.5278320312,16-20,1335,294,17_a
EAR16,3395492.5278320312,16-20,1387,431,18_b
EAR16,3403268.5278320312,16-20,1338,566,19_a
EAR16,3408964.5278320312,16-20,1537,700,20_e
EAR16,3409956.5278320312,16-20,1522,848,continue
EAR16,3423500.52734375,21-25,1337,160,21_a
EAR16,3431596.5278320312,21-25,1389,296,22_b
EAR16,3437436.5278320312,21-25,1337,431,23_a
EAR16,3449428.52734375,21-25,1432,568,24_c
EAR16,3467492.5278320312,21-25,1334,697,25_a
EAR16,3468348.52734375,21-25,1526,847,continue
EAR16,3476268.5278320312,26-30,1432,160,26_c
EAR16,3486780.5278320312,26-30,1536,296,27_e
EAR16,3495076.5278320312,26-30,1482,426,28_d
EAR16,3507124.5278320312,26-30,1536,566,29_e
EAR16,3531828.5278320312,26-30,1332,703,30_a
EAR16,3555244.52734375,26-30,413,854,back
EAR16,3615971.5278320312,21-25,1500,850,continue
EAR16,3647036.5278320312,31-33,717,268,31_b
EAR16,3649236.52734375,31-33,958,535,32_c
EAR16,3653932.5278320312,31-33,720,804,33_b
EAR16,3654988.5278320312,31-33,1497,931,continue
EAR16,3658556.5278320312,34-36,1196,270,34_d
EAR16,3663596.5278320312,34-36,718,537,35_b
EAR16,3666924.5278320312,34-36,482,799,36_a
EAR16,3669044.5278320312,34-36,1520,928,continue
EAR16,3673835.52734375,37-39,1442,266,37_e
EAR16,3678459.5278320312,37-39,1198,539,38_d
EAR16,3690171.5278320312,37-39,965,800,39_c
EAR16,3691675.5278320312,37-39,1544,928,continue
EAR16,3701603.5278320312,40-42,476,271,40_a
EAR16,3729475.5278320312,40-42,721,536,41_b
EAR16,3744291.5278320312,40-42,478,532,41_a
EAR16,3756651.52734375,40-42,960,811,42_c
EAR16,3758291.5278320312,40-42,1504,923,continue
EAR16,3770892.5278320312,43-45,1203,266,43_d
EAR16,3792380.5278320312,43-45,480,520,44_a
EAR16,3814083.5278320312,43-45,480,773,45_a
EAR16,3900475.5278320312,46-48,1195,237,46_d
EAR16,3914443.5278320312,46-48,717,496,47_b
EAR16,3927027.5278320312,46-48,1203,761,48_d
EAR16,3936387.5278320312,46-48,720,765,48_b
EAR16,3937547.5278320312,46-48,1540,935,continue
EAR16,3948490.5278320312,49-51,720,231,49_b
EAR16,3958138.5278320312,49-51,959,501,50_c
EAR16,3974778.5278320312,49-51,1444,760,51_e
EAR16,3975570.5278320312,49-51,1539,925,continue
EAR16,3997010.5278320312,52-54,1202,240,52_d
EAR16,4010882.5278320312,52-54,480,506,53_a
EAR16,4030290.5278320312,52-54,481,767,54_a
EAR16,4031290.5278320312,52-54,1532,918,continue
EAR16,4068786.5278320312,55-56,1444,499,56_e
ECF10,403593.634765625,1-3,1208,237,1_d
ECF10,405632.634765625,1-3,718,469,2_b
ECF10,408821.634765625,1-3,1457,705,3_e
ECF10,409648.634765625,1-3,1504,828,continue
ECF10,413472.634765625,4-6,488,211,4_a
ECF10,416671.6352539063,4-6,1453,453,5_e
ECF10,419593.634765625,4-6,726,690,6_b
ECF10,420915.634765625,4-6,1526,815,continue
ECF10,425259.63427734375,7-9,1441,225,7_e
ECF10,428982.634765625,7-9,961,459,8_c
ECF10,438789.634765625,7-9,1197,680,9_d
ECF10,439535.634765625,7-9,1538,815,continue
ECF10,448533.634765625,10-12,480,231,10_a
ECF10,462274.634765625,10-12,734,457,11_b
ECF10,473138.634765625,10-12,481,677,12_a
ECF10,474390.6342773438,10-12,1521,819,continue
ECF10,493853.634765625,13-15,970,226,13_c
ECF10,533493.634765625,13-15,954,684,15_c
ECF10,576031.634765625,13-15,1335,654,14_1
ECF10,576243.634765625,13-15,1335,654,14_a
ECF10,579620.6352539061,13-15,1443,681,15_e
ECF10,654030.634765625,16-20,753,212,not on any aoi
ECF10,655857.634765625,16-20,1491,160,16_d
ECF10,659860.634765625,16-20,1341,304,17_a
ECF10,668747.634765625,16-20,1386,431,18_b
ECF10,676245.634765625,16-20,1333,563,19_a
ECF10,683908.634765625,16-20,1533,691,20_e
ECF10,685573.634765625,16-20,1511,858,continue
ECF10,706053.634765625,21-25,1438,157,21_c
ECF10,717403.634765625,21-25,1379,292,22_b
ECF10,725507.634765625,21-25,1338,436,23_a
ECF10,736071.634765625,21-25,1430,565,24_c
ECF10,755582.634765625,21-25,1535,700,25_e
ECF10,756702.634765625,21-25,1535,861,continue
ECF10,771084.634765625,26-30,1343,159,26_a
ECF10,772073.634765625,26-30,1435,167,26_c
ECF10,799814.634765625,26-30,1541,296,27_e
ECF10,868445.634765625,26-30,1490,434,28_d
ECF10,884784.6352539062,26-30,1390,565,29_b
ECF10,909838.6342773438,31-33,725,277,31_b
ECF10,912380.634765625,31-33,970,537,32_c
ECF10,914882.634765625,31-33,724,803,33_b
ECF10,916042.6342773438,31-33,1527,922,continue
ECF10,920778.634765625,34-36,1202,276,34_d
ECF10,929511.634765625,34-36,720,534,35_b
ECF10,933092.634765625,34-36,480,805,36_a
ECF10,934464.634765625,34-36,1554,950,continue
ECF10,934958.634765625,34-36,1536,923,continue
ECF10,942550.634765625,37-39,1444,274,37_e
ECF10,948250.634765625,37-39,1207,538,38_d
ECF10,952977.634765625,37-39,968,801,39_c
ECF10,955227.6342773438,37-39,1506,939,continue
ECF10,971610.634765625,40-42,473,264,40_a
ECF10,989622.634765625,40-42,714,528,41_b
ECF10,1032981.634765625,40-42,958,812,42_c
ECF10,1033939.634765625,40-42,1554,910,continue
ECF10,1052621.634765625,43-45,959,272,43_c
ECF10,1058298.6342773438,43-45,1207,264,43_d
ECF10,1067346.634765625,43-45,716,530,44_b
ECF10,1143194.634765625,46-48,1207,235,46_d
ECF10,1157819.6342773438,46-48,963,494,47_c
ECF10,1166789.634765625,46-48,1442,503,47_e
ECF10,1180495.6352539062,46-48,1200,769,48_d
ECF10,1181695.634765625,46-48,1494,914,continue
ECF10,1182562.634765625,46-48,1495,915,continue
ECF10,1183289.634765625,46-48,1504,918,continue
ECF10,1194882.634765625,49-51,724,237,49_b
ECF10,1220916.6352539062,49-51,964,505,50_c
ECF10,1236746.6342773438,49-51,488,771,51_a
ECF10,1238138.634765625,49-51,1531,913,continue
ECF10,1238784.6352539062,49-51,1531,924,continue
ECF10,1254723.634765625,52-54,724,226,52_b
ECF10,1276336.634765625,52-54,477,499,53_a
ECF10,1285533.634765625,52-54,475,768,54_a
ECF10,1287198.634765625,52-54,1441,765,54_e
ECF10,1288045.634765625,52-54,1535,936,continue
ECF10,1307097.634765625,55-56,716,493,56_b
EGS02,1601011.1909179688,1-3,1207,235,1_d
EGS02,1608115.1909179688,1-3,721,460,2_b
EGS02,1615451.1909179688,1-3,1434,692,3_e
EGS02,1622675.1909179688,1-3,1549,841,continue
EGS02,1625082.1909179688,4-6,477,229,4_a
EGS02,1632202.1909179688,4-6,1443,504,5_e
EGS02,1643570.1909179688,4-6,724,681,6_b
EGS02,1646994.1909179688,4-6,1516,828,continue
EGS02,1650971.1909179688,7-9,957,225,7_c
EGS02,1666899.1909179688,7-9,946,457,8_c
EGS02,1690707.1909179688,7-9,1192,715,9_d
EGS02,1692331.1909179688,7-9,1534,830,continue
EGS02,1711594.1909179688,10-12,482,263,10_a
EGS02,1727834.1909179688,10-12,712,502,11_b
EGS02,1741818.19140625,10-12,968,741,12_c
EGS02,1748202.1909179688,10-12,482,736,12_a
EGS02,1752779.1909179688,10-12,1530,828,continue
EGS02,1766178.1909179688,13-15,970,278,13_c
EGS02,1782794.1909179688,13-15,481,272,13_a
EGS02,1799002.1909179688,13-15,1209,508,14_d
EGS02,1816778.1909179688,13-15,1445,512,14_e
EGS02,1859794.1909179688,16-20,1477,172,16_d
EGS02,1866970.19140625,16-20,1336,298,17_a
EGS02,1871618.1909179688,16-20,1392,429,18_b
EGS02,1880778.1909179688,16-20,1351,566,19_a
EGS02,1894362.1909179688,16-20,1543,700,20_e
EGS02,1894922.1909179688,16-20,1543,864,continue
EGS02,1909818.19140625,21-25,1381,157,21_b
EGS02,1923514.1909179688,21-25,1389,283,22_b
EGS02,1923842.1909179688,21-25,1383,297,22_b
EGS02,1953818.19140625,21-25,1522,435,23_e
EGS02,1964506.1909179688,21-25,1437,558,24_c
EGS02,1993217.1909179688,21-25,1476,708,25_d
EGS02,1993993.1909179688,21-25,1545,855,continue
EGS02,2001545.1909179688,26-30,1438,160,26_c
EGS02,2016945.1909179688,26-30,1341,292,27_a
EGS02,2027577.1909179688,26-30,1481,427,28_d
EGS02,2053065.1909179688,26-30,1351,566,29_a
EGS02,2064249.1909179688,26-30,1323,710,30_a
EGS02,2065721.1909179688,26-30,1388,700,30_b
EGS02,2078449.19140625,26-30,384,858,back
EGS02,2081696.1909179688,21-25,1518,851,continue
EGS02,2083561.19140625,26-30,398,854,back
EGS02,2121073.1909179688,31-33,721,288,31_b
EGS02,2124793.1909179688,31-33,972,566,32_c
EGS02,2128145.1909179688,31-33,714,819,33_b
EGS02,2129345.19140625,31-33,1552,934,continue
EGS02,2132040.1909179688,34-36,1184,304,34_d
EGS02,2137848.1909179688,34-36,971,583,35_c
EGS02,2140824.1909179688,34-36,1449,568,35_e
EGS02,2145120.1909179688,34-36,734,588,35_b
EGS02,2154008.1909179688,34-36,478,834,36_a
EGS02,2155672.1909179688,34-36,1524,930,continue
EGS02,2161776.1909179688,37-39,1425,309,37_e
EGS02,2174944.1904296875,37-39,1209,582,38_d
EGS02,2197776.1909179688,37-39,964,860,39_c
EGS02,2205928.1909179688,37-39,1217,846,39_d
EGS02,2208488.1909179688,37-39,1537,933,continue
EGS02,2231736.1909179688,40-42,497,311,40_a
EGS02,2255048.1909179688,40-42,473,569,41_a
EGS02,2260168.1904296875,40-42,720,576,41_b
EGS02,2371152.1909179688,46-48,1204,271,46_d
EGS02,2384576.1904296875,46-48,708,550,47_b
EGS02,2421384.1909179688,46-48,735,838,48_b
EGS02,2422800.1909179688,46-48,1516,925,continue
EGS02,2429048.1909179688,49-51,730,299,49_b
EGS02,2460144.1909179688,49-51,964,533,50_c
EGS02,2482856.1909179688,49-51,474,828,51_a
EGS02,2493088.1909179688,49-51,1551,921,continue
EGS02,2504247.1909179688,52-54,714,300,52_b
EGS02,2509935.1909179688,52-54,722,304,52_b
EGS02,2543839.1909179688,52-54,474,552,53_a
EHK09,2099829.056152344,1-3,1199,233,1_d
EHK09,2102261.056152344,1-3,725,459,2_b
EHK09,2105957.0556640625,1-3,1448,690,3_e
EHK09,2106925.056152344,1-3,1533,833,continue
EHK09,2109965.056152344,4-6,495,224,4_a
EHK09,2115373.056152344,4-6,1449,448,5_e
EHK09,2117805.0556640625,4-6,723,680,6_b
EHK09,2119349.056152344,4-6,1536,817,continue
EHK09,2123917.0556640625,7-9,961,223,7_c
EHK09,2125269.056152344,7-9,960,450,8_c
EHK09,2140429.056152344,7-9,1201,684,9_d
EHK09,2141445.056152344,7-9,1529,818,continue
EHK09,2149149.056152344,10-12,463,212,10_a
EHK09,2162773.0556640625,10-12,724,454,11_b
EHK09,2180069.0556640625,10-12,480,684,12_a
EHK09,2182221.056152344,10-12,1513,824,continue
EHK09,2209420.056152344,13-15,952,221,13_c
EHK09,2247044.056152344,13-15,1201,455,14_d
EHK09,2266420.056152344,13-15,1440,677,15_e
EHK09,2355092.056152344,16-20,1485,158,16_d
EHK09,2360132.056152344,16-20,1335,298,17_a
EHK09,2364028.0556640625,16-20,1386,432,18_b
EHK09,2372652.056152344,16-20,1539,700,20_e
EHK09,2379444.056152344,16-20,1338,571,19_a
EHK09,2380356.056152344,16-20,1539,857,continue
EHK09,2397883.056152344,21-25,1441,159,21_c
EHK09,2402931.056152344,21-25,1382,291,22_b
EHK09,2411115.056152344,21-25,1330,429,23_a
EHK09,2429131.056152344,21-25,1441,571,24_c
EHK09,2441563.056152344,21-25,1535,697,25_e
EHK09,2442283.056152344,21-25,1554,851,continue
EHK09,2461507.056152344,26-30,1435,160,26_c
EHK09,2475435.056152344,26-30,1539,299,27_e
EHK09,2487459.056152344,26-30,1486,430,28_d
EHK09,2502291.056152344,26-30,1486,562,29_d
EHK09,2512315.056152344,26-30,1383,696,30_b
EHK09,2611130.056152344,31-33,717,266,31_b
EHK09,2612730.056152344,31-33,966,539,32_c
EHK09,2615154.056152344,31-33,725,802,33_b
EHK09,2616114.056152344,31-33,1548,937,continue
EHK09,2619794.056152344,34-36,1214,274,34_d
EHK09,2624954.056152344,34-36,1199,528,35_d
EHK09,2629698.056640625,34-36,491,804,36_a
EHK09,2631522.056152344,34-36,1540,923,continue
EHK09,2636914.056152344,37-39,1438,263,37_e
EHK09,2639154.056152344,37-39,1206,538,38_d
EHK09,2647522.056152344,37-39,963,803,39_c
EHK09,2657298.056152344,37-39,1532,932,continue
EHK09,2678346.056152344,40-42,485,279,40_a
EHK09,2738602.056152344,40-42,485,535,41_a
EHK09,2759362.056152344,40-42,957,799,42_c
EHK09,2763209.056152344,40-42,1543,918,continue
EHK09,2780377.056152344,43-45,1210,272,43_d
EHK09,2900609.0561523438,46-48,1201,233,46_d
EHK09,2907601.0561523438,46-48,719,504,47_b
EHK09,2930633.0561523438,46-48,1211,769,48_d
EHK09,2942081.0561523438,46-48,1527,932,continue
EHK09,2949337.0561523438,49-51,722,237,49_b
EHK09,2992697.0561523438,49-51,479,499,50_a
EHK09,3009865.0561523438,49-51,483,768,51_a
EHK09,3015961.056640625,49-51,1541,937,continue
EHK09,3031408.0561523438,52-54,486,240,52_a
EHK17,20554799.571777344,1-3,1201,240,1_d
EHK17,20557879.571777344,1-3,721,463,2_b
EHK17,20563047.571777344,1-3,1437,689,3_e
EHK17,20564311.571777344,1-3,1519,832,continue
EHK17,20569527.571777344,4-6,483,218,4_a
EHK17,20576159.571777344,4-6,1440,457,5_e
EHK17,20581783.571777344,4-6,730,690,6_b
EHK17,20583111.571777344,4-6,1499,822,continue
EHK17,20587471.571777344,7-9,962,227,7_c
EHK17,20593879.571777344,7-9,963,449,8_c
EHK17,20604143.571777344,7-9,1198,685,9_d
EHK17,20605183.571777344,7-9,1515,829,continue
EHK17,20618527.571777344,10-12,485,224,10_a
EHK17,20628575.571777344,10-12,721,458,11_b
EHK17,20646175.571777344,10-12,479,684,12_a
EHK17,20647447.571777344,10-12,1518,826,continue
EHK17,20674863.571777344,13-15,958,226,13_c
EHK17,20696207.571777344,13-15,1199,452,14_d
EHK17,20726031.571777344,13-15,1191,680,15_d
EHK17,20742015.571777344,13-15,716,682,15_b
EHK17,20762639.571777344,13-15,1442,678,15_e
EHK17,20812415.571777344,16-20,1488,161,16_d
EHK17,20816823.571777344,16-20,1334,293,17_a
EHK17,20819231.571777344,16-20,1383,433,18_b
EHK17,20830543.571777344,16-20,1334,567,19_a
EHK17,20842327.571777344,16-20,1537,700,20_e
EHK17,20849383.571777344,16-20,1507,853,continue
EHK17,20865966.571777344,21-25,1385,158,21_b
EHK17,20873022.571777344,21-25,1386,296,22_b
EHK17,20879087.571777344,21-25,1336,424,23_a
EHK17,20889838.571777344,21-25,1438,562,24_c
EHK17,20901510.571777344,21-25,1534,697,25_e
EHK17,20903654.571777344,21-25,1530,857,continue
EHK17,20916207.571777344,26-30,1436,159,26_c
EHK17,20922783.571777344,26-30,1537,293,27_e
EHK17,20933135.571777344,26-30,1483,432,28_d
EHK17,20971847.571777344,26-30,1381,697,30_b
EHK17,21017871.571777344,26-30,1489,562,29_d
EHK17,21071647.571777344,31-33,722,268,31_b
EHK17,21073902.571777344,31-33,969,534,32_c
EHK17,21076062.571777344,31-33,716,802,33_b
EHK17,21077078.571777344,31-33,1541,935,continue
EHK17,21082718.571777344,34-36,1205,272,34_d
EHK17,21085846.571777344,34-36,721,540,35_b
EHK17,21088766.571777344,34-36,483,799,36_a
EHK17,21089958.571777344,34-36,1519,928,continue
EHK17,21096070.571777344,37-39,1440,268,37_e
EHK17,21101662.571777344,37-39,1201,536,38_d
EHK17,21112822.571777344,37-39,961,801,39_c
EHK17,21121246.571777344,37-39,1529,938,continue
EHK17,21128902.571777344,40-42,482,268,40_a
EHK17,21163030.571777344,40-42,483,541,41_a
EHK17,21174693.571777344,40-42,964,798,42_c
EHK17,21175941.572265625,40-42,1531,917,continue
EHK17,21180486.571777344,43-45,408,894,not on any aoi
EHK17,21181694.571777344,40-42,408,894,42_a
EHK17,21189478.571777344,40-42,1535,924,continue
EHK17,21198214.571777344,43-45,1202,273,43_d
EHK17,21207366.571777344,43-45,1438,527,44_e
EHK17,21248462.571777344,43-45,475,775,45_a
EHK17,21322029.571777344,46-48,1200,237,46_d
EHK17,21341101.571777344,46-48,722,500,47_b
EHK17,21391909.571777344,46-48,720,770,48_b
EHK17,21393349.572265625,46-48,1545,920,continue
EHK17,21402685.571777344,49-51,724,233,49_b
EHK17,21415581.571777344,49-51,958,501,50_c
EHK17,21457237.572265625,49-51,1438,763,51_e
EHK17,21459109.571777344,49-51,1513,930,continue
EHK17,21474181.571777344,52-54,723,238,52_b
EHK17,21488693.571777344,52-54,481,502,53_a
EHS13,2216809.687988281,1-3,1196,241,1_d
EHS13,2219937.687988281,1-3,721,467,2_b
EHS13,2224241.687988281,1-3,1440,693,3_e
EHS13,2225329.687988281,1-3,1510,834,continue
EHS13,2229440.687988281,4-6,482,221,4_a
EHS13,2237304.687988281,4-6,1441,452,5_e
EHS13,2243392.687988281,4-6,723,695,6_b
EHS13,2244848.687988281,4-6,1545,828,continue
EHS13,2250320.687988281,7-9,974,225,7_c
EHS13,2257408.687988281,7-9,720,451,8_b
EHS13,2265592.687988281,7-9,962,454,8_c
EHS13,2283520.687988281,7-9,1205,690,9_d
EHS13,2285592.687988281,7-9,1531,824,continue
EHS13,2302816.687988281,10-12,488,223,10_a
EHS13,2317536.687988281,10-12,1199,463,11_d
EHS13,2330160.687988281,10-12,486,670,12_a
EHS13,2334280.687988281,10-12,1533,830,continue
EHS13,2356839.687988281,13-15,957,222,13_c
EHS13,2377999.687988281,13-15,1438,453,14_e
EHS13,2399703.687988281,13-15,1444,684,15_e
EHS13,2437623.687988281,13-15,1208,452,14_d
EHS13,2481791.687988281,16-20,1484,160,16_d
EHS13,2485711.687988281,16-20,1337,293,17_a
EHS13,2488247.687988281,16-20,1387,433,18_b
EHS13,2495535.687988281,16-20,1346,560,19_a
EHS13,2503167.687988281,16-20,1542,701,20_e
EHS13,2504471.687988281,16-20,1549,853,continue
EHS13,2525551.687988281,21-25,1540,301,22_e
EHS13,2537671.6884765625,21-25,1443,162,21_c
EHS13,2542727.687988281,21-25,1384,296,22_b
EHS13,2563647.687988281,21-25,1333,436,23_a
EHS13,2595310.687988281,21-25,1336,567,24_a
EHS13,2605630.687988281,21-25,1438,707,25_c
EHS13,2608606.687988281,21-25,1540,856,continue
EHS13,2622815.687988281,26-30,1432,166,26_c
EHS13,2639343.687988281,26-30,1540,299,27_e
EHS13,2654366.687988281,26-30,1489,431,28_d
EHS13,2688846.687988281,26-30,1487,568,29_d
EHS13,2716710.6884765625,26-30,1335,697,30_a
EHS13,2755182.687988281,31-33,721,266,31_b
EHS13,2757558.6884765625,31-33,962,532,32_c
EHS13,2759462.687988281,31-33,726,801,33_b
EHS13,2760502.687988281,31-33,1551,930,continue
EHS13,2763662.687988281,34-36,1203,280,34_d
EHS13,2775541.687988281,34-36,725,536,35_b
EHS13,2779814.687988281,34-36,477,800,36_a
EHS13,2781181.687988281,34-36,1520,932,continue
EHS13,2785493.687988281,37-39,1446,275,37_e
EHS13,2792797.6875,37-39,1197,537,38_d
EHS13,2803069.687988281,37-39,961,804,39_c
EHS13,2812373.687988281,37-39,1533,936,continue
EHS13,2828950.6879882812,40-42,479,265,40_a
EHS13,2857262.6884765625,40-42,720,534,41_b
EHS13,2868206.6879882812,40-42,977,808,42_c
EHS13,2870501.6875,40-42,1557,922,continue
EHS13,2883494.6879882812,43-45,1210,272,43_d
EHS13,2903597.6879882812,43-45,1454,518,44_e
EHS13,2927149.6879882812,43-45,966,773,45_c
EHS13,3012564.6879882812,46-48,1202,236,46_d
EHS13,3027764.6879882812,46-48,719,503,47_b
EHS13,3033956.6879882812,46-48,1202,776,48_d
EHS13,3034892.6879882812,46-48,1538,931,continue
EHS13,3038285.6879882812,49-51,722,242,49_b
EHS13,3061853.6879882812,49-51,963,504,50_c
EHS13,3071709.6879882812,49-51,487,765,51_a
EHS13,3072749.6879882812,49-51,1531,923,continue
EHS13,3096460.6879882812,52-54,1202,235,52_d
EHS13,3099268.6879882812,52-54,727,233,52_b
EHS13,3106292.6879882812,52-54,1202,240,52_d
EHS13,3131148.6879882812,52-54,485,497,53_a
EHS13,3143276.6879882812,52-54,481,765,54_a
EHS13,3145796.6879882812,52-54,1547,929,continue
EHS13,3164324.6879882812,55-56,488,239,55_a
EHS13,3171588.6879882812,55-56,722,512,56_b
EJH31,759856.5131835938,1-3,1202,231,1_d
EJH31,764613.5131835938,1-3,724,465,2_b
EJH31,769058.5131835938,1-3,1447,687,3_e
EJH31,770315.5131835938,1-3,1541,841,continue
EJH31,775300.5131835938,4-6,475,238,4_a
EJH31,783767.5131835938,4-6,1435,447,5_e
EJH31,796533.5131835938,4-6,723,672,6_b
EJH31,798081.5126953125,4-6,1502,825,continue
EJH31,810233.5131835938,7-9,964,215,7_c
EJH31,824455.513671875,7-9,962,451,8_c
EJH31,846472.5131835938,7-9,956,684,9_c
EJH31,848156.5131835938,7-9,1524,832,continue
EJH31,875374.5131835938,10-12,479,222,10_a
EJH31,896489.5126953125,10-12,1200,457,11_d
EJH31,926267.5131835938,10-12,484,678,12_a
EJH31,928690.5131835938,10-12,1552,819,continue
EJH31,947385.5131835938,13-15,955,216,13_c
EJH31,980443.5131835938,13-15,1200,449,14_d
EJH31,1027855.5131835938,16-20,1487,158,16_d
EJH31,1033867.5131835938,16-20,1332,296,17_a
EJH31,1037999.5131835938,16-20,1380,426,18_b
EJH31,1049377.5126953123,16-20,1335,565,19_a
EJH31,1072663.5131835938,16-20,1538,693,20_e
EJH31,1074654.5126953123,16-20,1531,848,continue
EJH31,1085818.5131835938,21-25,1438,150,21_c
EJH31,1092424.5131835938,21-25,1389,300,22_b
EJH31,1107216.5131835938,21-25,1341,432,23_a
EJH31,1125228.5131835938,21-25,1537,567,24_e
EJH31,1132667.5131835938,21-25,1484,698,25_d
EJH31,1133753.5131835938,21-25,1542,854,continue
EJH31,1150939.5131835938,26-30,1533,157,26_e
EJH31,1159877.5126953123,26-30,1533,295,27_e
EJH31,1171225.5131835938,26-30,1488,441,28_d
EJH31,1188776.5131835938,26-30,1436,564,29_c
EJH31,1210942.5131835938,26-30,1430,698,30_c
EJH31,1212219.5131835938,26-30,393,847,back
EJH31,1221049.5131835938,21-25,1536,852,continue
EJH31,1230889.5131835938,26-30,1247,789,not on any aoi
EJH31,1296552.5131835938,31-33,723,279,31_b
EJH31,1298663.5131835938,31-33,952,545,32_c
EJH31,1301950.5126953123,31-33,716,793,33_b
EJH31,1303448.5131835938,31-33,1538,939,continue
EJH31,1307910.5126953123,34-36,1198,279,34_d
EJH31,1316755.5131835938,34-36,735,537,35_b
EJH31,1320376.5131835938,34-36,475,791,36_a
EJH31,1322577.5131835938,34-36,1544,927,continue
EJH31,1326974.5131835938,37-39,488,268,37_a
EJH31,1333527.5131835938,37-39,962,529,38_c
EJH31,1346843.513671875,37-39,953,800,39_c
EJH31,1349224.5131835938,37-39,1526,937,continue
EJH31,1371485.5131835938,40-42,961,267,40_c
EJH31,1391573.5131835938,40-42,1442,278,40_e
EJH31,1423787.5131835938,40-42,964,541,41_c
EJH31,1452742.5131835938,40-42,958,807,42_c
EJH31,1454069.5131835938,40-42,1545,931,continue
EJH31,1472569.5131835938,43-45,1210,272,43_d
EJH31,1570079.5131835938,46-48,1201,234,46_d
EJH31,1585641.5131835938,46-48,1444,497,47_e
EJH31,1598780.5131835938,46-48,1201,768,48_d
EJH31,1602308.5131835938,46-48,1545,940,continue
EJH31,1623081.5126953125,49-51,722,231,49_b
EJH31,1638691.5131835938,49-51,962,497,50_c
EJH31,1651455.513671875,49-51,484,771,51_a
EJH31,1652963.5131835938,49-51,1534,929,continue
EJH31,1669559.5131835938,52-54,719,244,52_b
EJH31,1684244.5131835938,52-54,477,507,53_a
EJH31,1687842.513671875,52-54,954,762,54_c
EJH31,1689038.5131835938,52-54,1533,926,continue
EJH31,1693593.5131835938,55-56,724,230,55_b
EJH31,1695765.5126953125,55-56,956,499,56_c
EJH31,1712741.5131835938,55-56,720,505,56_b
EJH31,1728828.5131835938,55-56,1435,230,55_e
EKT18,1797320.8798828125,1-3,1203,241,1_d
EKT18,1800976.8798828125,1-3,724,466,2_b
EKT18,1805160.8798828125,1-3,1439,704,3_e
EKT18,1806352.8798828125,1-3,1510,831,continue
EKT18,1809320.8798828125,4-6,486,234,4_a
EKT18,1814552.8798828125,4-6,1439,451,5_e
EKT18,1819248.8798828125,4-6,717,684,6_b
EKT18,1821080.8798828125,4-6,1519,826,continue
EKT18,1825416.8798828125,7-9,952,225,7_c
EKT18,1830648.8798828125,7-9,719,450,8_b
EKT18,1850720.8798828125,7-9,1200,686,9_d
EKT18,1851928.8798828125,7-9,1541,831,continue
EKT18,1859768.8798828125,10-12,478,231,10_a
EKT18,1877832.8798828125,10-12,722,454,11_b
EKT18,1890304.8798828125,10-12,483,685,12_a
EKT18,1895712.8798828125,10-12,1526,824,continue
EKT18,1912663.8798828125,13-15,962,220,13_c
EKT18,1934247.8798828125,13-15,1438,458,14_e
EKT18,1936591.8798828125,13-15,1197,465,14_d
EKT18,1958063.8798828125,13-15,1445,688,15_e
EKT18,1967415.8798828125,13-15,1521,830,continue
EKT18,2062615.8798828125,16-20,1490,158,16_d
EKT18,2066351.8798828125,16-20,1336,294,17_a
EKT18,2071039.8798828125,16-20,1381,434,18_b
EKT18,2082167.8798828125,16-20,1334,566,19_a
EKT18,2089599.8798828125,16-20,1544,696,20_e
EKT18,2089895.8798828125,16-20,1536,697,20_e
EKT18,2091407.8798828125,16-20,1508,851,continue
EKT18,2097895.8798828125,21-25,1440,158,21_c
EKT18,2103327.8798828125,21-25,1385,296,22_b
EKT18,2112039.8798828125,21-25,1343,431,23_a
EKT18,2121743.8798828125,21-25,1436,559,24_c
EKT18,2140255.8798828125,21-25,1533,704,25_e
EKT18,2142231.8803710938,21-25,1521,847,continue
EKT18,2153415.8798828125,26-30,1434,173,26_c
EKT18,2171719.8798828125,26-30,1559,297,not on any aoi
EKT18,2172119.8798828125,26-30,1545,297,27_e
EKT18,2221975.8803710938,26-30,1483,431,28_d
EKT18,2298631.8798828125,26-30,1331,703,30_a
EKT18,2330638.8803710938,31-33,717,265,31_b
EKT18,2333534.8803710938,31-33,963,538,32_c
EKT18,2337446.8798828125,31-33,721,802,33_b
EKT18,2339134.8798828125,31-33,1520,929,continue
EKT18,2342207.8798828125,34-36,1205,267,34_d
EKT18,2347655.8798828125,34-36,1199,543,35_d
EKT18,2352055.8798828125,34-36,487,811,36_a
EKT18,2353911.8798828125,34-36,1526,941,continue
EKT18,2359902.8803710938,37-39,482,275,37_a
EKT18,2369078.8798828125,37-39,1203,542,38_d
EKT18,2382310.8803710938,37-39,958,802,39_c
EKT18,2387502.8798828125,37-39,1525,933,continue
EKT18,2406686.8798828125,40-42,485,269,40_a
EKT18,2438030.8798828125,40-42,481,534,41_a
EKT18,2486014.8803710938,40-42,1448,803,42_e
EKT18,2490910.8798828125,40-42,1534,914,continue
EKT18,2498391.8798828125,43-45,1199,269,43_d
EKT18,2573078.8798828125,46-48,1204,237,46_d
EKT18,2593958.8798828125,46-48,722,493,47_b
EKT18,2595822.8798828125,46-48,1203,507,47_d
EKT18,2596926.8798828125,46-48,720,499,47_b
EKT18,2608174.8798828125,46-48,1436,495,47_e
EKT18,2643758.8803710938,46-48,1207,765,48_d
EKT18,2645974.8803710938,46-48,1514,926,continue
EKT18,2664406.8798828125,49-51,714,237,49_b
EKT18,2683086.8803710938,49-51,967,505,50_c
EKT18,2699750.8803710938,49-51,483,767,51_a
EKT18,2701229.8798828125,49-51,1523,932,continue
EKT18,2716518.8798828125,52-54,724,236,52_b
EKT18,2736117.8798828125,52-54,481,509,53_a
EMK22,1666781.7231445312,1-3,1199,240,1_d
EMK22,1669788.7231445312,1-3,729,470,2_b
EMK22,1675180.7231445312,1-3,1427,705,3_e
EMK22,1676140.7231445312,1-3,1523,828,continue
EMK22,1679661.7231445312,4-6,481,227,4_a
EMK22,1684717.7231445312,4-6,1440,455,5_e
EMK22,1690541.7231445312,4-6,724,705,6_b
EMK22,1691661.7231445312,4-6,1529,831,continue
EMK22,1694541.7231445312,7-9,971,233,7_c
EMK22,1698652.7231445312,7-9,726,486,8_b
EMK22,1702604.7231445312,7-9,946,528,8_c
EMK22,1703173.7231445312,7-9,956,502,8_c
EMK22,1714172.7231445312,7-9,1197,731,9_d
EMK22,1715333.7231445312,7-9,1515,825,continue
EMK22,1723733.7231445312,10-12,496,290,10_a
EMK22,1732557.7231445312,10-12,711,507,11_b
EMK22,1742325.7231445312,10-12,475,742,12_a
EMK22,1744421.7231445312,10-12,1524,827,continue
EMK22,1758020.7231445312,13-15,977,293,13_c
EMK22,1767340.7231445312,13-15,499,495,14_a
EMK22,1786988.7231445312,13-15,1428,726,15_e
EMK22,1790996.7231445312,13-15,1569,545,not on any aoi
EMK22,1803540.7231445312,13-15,398,832,back
EMK22,1843133.7231445312,10-12,398,832,back
EMK22,1848052.7231445312,7-9,398,832,back
EMK22,1849541.7231445312,4-6,398,832,back
EMK22,1850533.7231445312,1-3,398,832,back
EMK22,1851941.7231445312,1-3,1507,829,continue
EMK22,1852284.7231445312,4-6,1507,829,continue
EMK22,1852820.7231445312,7-9,1507,829,continue
EMK22,1855364.7231445312,10-12,1507,829,continue
EMK22,1917884.7231445312,16-20,1489,155,16_d
EMK22,1923148.7236328125,16-20,1350,298,17_a
EMK22,1926492.7231445312,16-20,1386,436,18_b
EMK22,1934124.7231445312,16-20,1339,562,19_a
EMK22,1940356.7231445312,16-20,1529,698,20_e
EMK22,1941076.7231445312,16-20,1511,845,continue
EMK22,1950156.7231445312,21-25,1423,168,21_c
EMK22,1964780.7231445312,21-25,1388,297,22_b
EMK22,1976204.7231445312,21-25,1505,434,23_d
EMK22,1985196.7231445312,21-25,1440,563,24_c
EMK22,2009428.7231445312,21-25,1352,701,25_a
EMK22,2010204.7231445312,21-25,1555,826,continue
EMK22,2010628.7236328125,21-25,1551,857,continue
EMK22,2020123.7231445312,26-30,1482,161,26_d
EMK22,2031267.7231445312,26-30,1522,293,27_e
EMK22,2046475.7231445312,26-30,1490,428,28_d
EMK22,2066203.7231445312,26-30,1487,569,29_d
EMK22,2079779.7236328125,26-30,1341,698,30_a
EMK22,2175931.7236328125,31-33,737,331,31_b
EMK22,2178267.7231445312,31-33,957,589,32_c
EMK22,2179859.7231445312,31-33,759,824,33_b
EMK22,2180827.7231445312,31-33,1516,940,continue
EMK22,2183499.7231445312,34-36,1232,308,34_d
EMK22,2189387.7231445312,34-36,1443,563,35_e
EMK22,2192131.7231445312,34-36,489,843,36_a
EMK22,2193555.7236328125,34-36,1519,933,continue
EMK22,2199155.7231445312,37-39,1439,302,37_e
EMK22,2204915.7231445312,37-39,1208,580,38_d
EMK22,2213035.7236328125,37-39,970,843,39_c
EMK22,2218747.7231445312,37-39,1555,934,continue
EMK22,2227883.7231445312,40-42,480,306,40_a
EMK22,2259026.7231445312,40-42,712,557,41_b
EMK22,2260747.7231445312,40-42,1179,553,41_d
EMK22,2261122.7231445312,40-42,1212,573,41_d
EMK22,2276490.7231445312,40-42,1196,827,42_d
EMK22,2277458.72265625,40-42,1513,931,continue
EMK22,2293379.7231445312,43-45,1206,306,43_d
EMK22,2328115.7236328125,43-45,1440,559,44_e
EMK22,2346474.7231445312,43-45,727,773,45_b
EMK22,2352082.7231445312,43-45,1190,810,45_d
EMK22,2426459.7231445312,46-48,1195,290,46_d
EMK22,2439314.7231445312,46-48,401,934,back
EMK22,2453642.72265625,46-48,486,569,47_a
EMK22,2459490.7231445312,46-48,964,583,47_c
EMK22,2466770.7231445312,46-48,503,581,47_a
EMK22,2476434.7231445312,46-48,946,852,48_c
EMK22,2477298.7231445312,46-48,1528,935,continue
EMK22,2499618.7231445312,49-51,739,300,49_b
EMK22,2517922.7231445312,49-51,971,548,50_c
EMK22,2527738.7231445312,49-51,475,828,51_a
EMK22,2528722.7231445312,49-51,1553,929,continue
EMK22,2545674.7231445312,52-54,713,296,52_b
EMK22,2553954.7231445312,52-54,476,561,53_a
EMK22,2572266.7231445312,52-54,1452,851,54_e
EMK22,2572970.7231445312,52-54,1529,932,continue
EOM12,20956151.83984375,1-3,1202,278,1_d
EOM12,20958455.83984375,1-3,728,513,2_b
EOM12,20961439.84033203,1-3,1411,730,3_e
EOM12,20962575.83984375,1-3,1518,840,continue
EOM12,20965400.83984375,4-6,480,277,4_a
EOM12,20971567.83984375,4-6,1436,499,5_e
EOM12,20978448.83984375,4-6,742,730,6_b
EOM12,20979975.83984375,4-6,1527,822,continue
EOM12,20983351.83984375,7-9,966,236,7_c
EOM12,20989527.83984375,7-9,965,472,8_c
EOM12,21011287.84033203,7-9,1202,679,9_d
EOM12,21012135.83984375,7-9,1528,822,continue
EOM12,21023191.83984375,10-12,483,235,10_a
EOM12,21033039.83984375,10-12,711,445,11_b
EOM12,21040143.83984375,10-12,481,685,12_a
EOM12,21041951.83984375,10-12,1512,821,continue
EOM12,21073791.83984375,13-15,1198,457,14_d
EOM12,21097791.83984375,13-15,964,237,13_c
EOM12,21109415.83984375,13-15,1443,693,15_e
EOM12,21116048.83984375,13-15,1454,883,not on any aoi
EOM12,21125184.83984375,13-15,962,227,13_c
EOM12,21126479.83984375,13-15,1198,456,14_d
EOM12,21127544.83984375,13-15,1437,680,15_e
EOM12,21131936.83984375,13-15,382,820,back
EOM12,21134712.83984375,10-12,1527,821,continue
EOM12,21213608.83984375,16-20,1482,161,16_d
EOM12,21217120.83984375,16-20,1331,295,17_a
EOM12,21222248.83984375,16-20,1390,432,18_b
EOM12,21229024.83984375,16-20,1331,564,19_a
EOM12,21233592.83984375,16-20,1534,693,20_e
EOM12,21234408.83984375,16-20,1543,859,continue
EOM12,21244687.83984375,21-25,1430,158,21_c
EOM12,21251007.83984375,21-25,1389,291,22_b
EOM12,21260351.83984375,21-25,1326,427,23_a
EOM12,21272111.83984375,21-25,1330,569,24_a
EOM12,21287951.83984375,21-25,1528,698,25_e
EOM12,21288935.83984375,21-25,1550,853,continue
EOM12,21302824.83984375,26-30,1534,294,27_e
EOM12,21310096.83984375,26-30,1477,426,28_d
EOM12,21338376.83984375,26-30,1382,700,30_b
EOM12,21377440.83984375,26-30,1489,564,29_d
EOM12,21390896.83984375,26-30,1441,164,26_c
EOM12,21478535.83984375,31-33,730,307,31_b
EOM12,21480783.83984375,31-33,963,572,32_c
EOM12,21483447.83984375,31-33,702,837,33_b
EOM12,21484927.83984375,31-33,1533,936,continue
EOM12,21487975.83984375,34-36,1194,311,34_d
EOM12,21493695.84033203,34-36,708,561,35_b
EOM12,21498039.83984375,34-36,490,844,36_a
EOM12,21499199.83984375,34-36,1532,929,continue
EOM12,21505735.84033203,37-39,1441,317,37_e
EOM12,21509735.84033203,37-39,1196,579,38_d
EOM12,21518495.83984375,37-39,971,847,39_c
EOM12,21519631.83984375,37-39,1525,937,continue
EOM12,21531904.83984375,40-42,485,300,40_a
EOM12,21546512.83984375,40-42,475,559,41_a
EOM12,21560336.83984375,40-42,964,823,42_c
EOM12,21561368.83984375,40-42,1542,922,continue
EOM12,21592040.83984375,43-45,483,777,45_a
EOM12,21616832.83984375,43-45,1448,521,44_e
EOM12,21712295.83984375,46-48,1197,236,46_d
EOM12,21723127.83984375,46-48,712,493,47_b
EOM12,21744391.83984375,46-48,1203,774,48_d
EOM12,21745416.83984375,46-48,1523,921,continue
EOM12,21753352.83984375,49-51,725,240,49_b
EOM12,21765672.83984375,49-51,963,499,50_c
EOM12,21776136.83984375,49-51,481,775,51_a
EOM12,21777704.83984375,49-51,1518,915,continue
EOM12,21778816.83984375,49-51,1510,921,continue
EOM12,21821384.83984375,52-54,963,763,54_c
EOM12,21843784.83984375,52-54,1197,244,52_d
EOM12,21853896.83984375,52-54,484,504,53_a
EOM12,21854920.83984375,52-54,1537,913,continue
EOM12,21855576.83984375,52-54,1535,924,continue
EOM12,21874928.83984375,55-56,1442,500,56_e
ERT20,1648505.2309570312,1-3,1194,259,1_d
ERT20,1651217.2309570312,1-3,722,533,2_b
ERT20,1654833.2309570312,1-3,1463,748,3_e
ERT20,1655617.2309570312,1-3,1535,843,continue
ERT20,1659338.2309570312,4-6,492,277,4_a
ERT20,1664978.2309570312,4-6,1441,490,5_e
ERT20,1668138.23046875,4-6,710,726,6_b
ERT20,1671050.2309570312,4-6,1558,812,continue
ERT20,1671378.2309570312,4-6,1549,818,continue
ERT20,1674242.2309570312,7-9,957,268,7_c
ERT20,1678546.23046875,7-9,957,505,8_c
ERT20,1686074.2309570312,7-9,1201,721,9_d
ERT20,1686690.2309570312,7-9,1516,821,continue
ERT20,1692673.2309570312,10-12,465,276,10_a
ERT20,1700633.2309570312,10-12,726,505,11_b
ERT20,1713801.2309570312,10-12,480,736,12_a
ERT20,1718145.2309570312,10-12,1510,824,continue
ERT20,1744569.2309570312,13-15,956,286,13_c
ERT20,1764353.2309570312,13-15,1210,501,14_d
ERT20,1801161.2309570312,13-15,730,737,15_b
ERT20,1812817.2309570312,13-15,969,740,15_c
ERT20,1823057.2309570312,13-15,1114,815,not on any aoi
ERT20,1824249.2309570312,13-15,1520,793,not on any aoi
ERT20,1824649.2309570312,13-15,1504,854,not on any aoi
ERT20,1830041.2309570312,13-15,421,833,back
ERT20,1832272.2309570312,10-12,1522,826,continue
ERT20,1924528.2309570312,16-20,1482,176,16_d
ERT20,1927656.2309570312,16-20,1331,290,17_a
ERT20,1929848.2309570312,16-20,1391,414,18_b
ERT20,1938896.2309570312,16-20,1330,569,19_a
ERT20,1962368.2309570312,16-20,1528,701,20_e
ERT20,1963168.2309570312,16-20,1529,842,continue
ERT20,1972455.2309570312,21-25,1431,161,21_c
ERT20,1979279.2309570312,21-25,1387,293,22_b
ERT20,1990487.2309570312,21-25,1342,433,23_a
ERT20,2022479.2314453125,21-25,1527,559,24_e
ERT20,2042159.2309570312,21-25,1485,709,25_d
ERT20,2042767.2309570312,21-25,1532,863,continue
ERT20,2058343.2309570312,26-30,1440,165,26_c
ERT20,2085263.2309570312,26-30,1394,294,27_b
ERT20,2094495.2309570312,26-30,1440,305,27_c
ERT20,2121327.2314453125,26-30,1338,429,28_a
ERT20,2212670.2309570312,31-33,676,293,31_b
ERT20,2214974.2309570312,31-33,973,575,32_c
ERT20,2216638.23046875,31-33,730,845,33_b
ERT20,2217806.2309570312,31-33,1537,930,continue
ERT20,2220903.2309570312,34-36,1203,317,34_d
ERT20,2223991.2314453125,34-36,732,579,35_b
ERT20,2225895.2309570312,34-36,498,840,36_a
ERT20,2226735.2314453125,34-36,484,838,36_a
ERT20,2227551.2314453125,34-36,1529,945,continue
ERT20,2231998.2309570312,37-39,1445,312,37_e
ERT20,2235438.2309570312,37-39,962,579,38_c
ERT20,2236950.2309570312,37-39,1196,575,38_d
ERT20,2241942.2309570312,37-39,958,830,39_c
ERT20,2250566.2309570312,37-39,1531,933,continue
ERT20,2261526.23046875,40-42,491,325,40_a
ERT20,2262398.2309570312,40-42,480,299,40_a
ERT20,2284966.2309570312,40-42,490,573,41_a
ERT20,2295510.2309570312,40-42,959,568,41_c
ERT20,2304406.2309570312,40-42,721,572,41_b
ERT20,2323742.2309570312,40-42,729,839,42_b
ERT20,2327702.2309570312,40-42,1542,919,continue
ERT20,2331597.2309570312,43-45,421,892,not on any aoi
ERT20,2340686.2309570312,40-42,1507,925,continue
ERT20,2357454.2309570312,43-45,1206,307,43_d
ERT20,2372854.2309570312,43-45,1424,559,44_e
ERT20,2497189.2309570312,46-48,1198,297,46_d
ERT20,2508949.2309570312,46-48,1458,558,47_e
ERT20,2544813.2309570312,46-48,1239,816,48_d
ERT20,2549005.2309570312,46-48,1551,930,continue
ERT20,2556805.2309570312,49-51,740,305,49_b
ERT20,2576005.2309570312,49-51,931,553,50_c
ERT20,2601661.2309570312,49-51,489,840,51_a
ERT20,2614925.2309570312,49-51,1550,928,continue
ERT20,2623492.2314453125,52-54,971,302,52_c
ERT20,2628172.2309570312,52-54,1224,310,52_d
ERT20,2642604.2314453125,52-54,757,292,52_b
ESS06,21031225.58300781,1-3,1195,296,1_d
ESS06,21035617.58300781,1-3,725,464,2_b
ESS06,21040185.58300781,1-3,1443,701,3_e
ESS06,21041593.58300781,1-3,1538,828,continue
ESS06,21045601.58300781,4-6,481,227,4_a
ESS06,21050649.58300781,4-6,1441,448,5_e
ESS06,21058713.58300781,4-6,717,687,6_b
ESS06,21060361.58300781,4-6,1538,825,continue
ESS06,21069825.58300781,7-9,962,226,7_c
ESS06,21076225.58300781,7-9,958,453,8_c
ESS06,21088081.58300781,7-9,1201,691,9_d
ESS06,21089544.58300781,7-9,1517,819,continue
ESS06,21109728.58300781,10-12,483,230,10_a
ESS06,21132184.58300781,10-12,723,460,11_b
ESS06,21145400.58300781,10-12,483,693,12_a
ESS06,21149488.58251953,10-12,1521,835,continue
ESS06,21172880.58300781,13-15,1441,222,13_e
ESS06,21189160.58251953,13-15,1198,459,14_d
ESS06,21222240.58300781,13-15,963,684,15_c
ESS06,21299615.58300781,16-20,1485,156,16_d
ESS06,21305791.58251953,16-20,1337,295,17_a
ESS06,21310031.58300781,16-20,1384,425,18_b
ESS06,21319207.58300781,16-20,1325,569,19_a
ESS06,21337327.58300781,16-20,1538,700,20_e
ESS06,21338103.58300781,16-20,1524,857,continue
ESS06,21347231.58300781,21-25,1438,158,21_c
ESS06,21359639.58300781,21-25,1393,295,22_b
ESS06,21395967.58300781,21-25,1387,427,23_b
ESS06,21403735.58300781,21-25,1442,566,24_c
ESS06,21411351.58300781,21-25,1530,694,25_e
ESS06,21412175.58300781,21-25,1537,861,continue
ESS06,21436495.58251953,26-30,1435,166,26_c
ESS06,21443335.58300781,26-30,1537,291,27_e
ESS06,21454903.58251953,26-30,1490,429,28_d
ESS06,21475815.58300781,26-30,1485,567,29_d
ESS06,21494455.58251953,26-30,1386,701,30_b
ESS06,21558679.58251953,31-33,725,274,31_b
ESS06,21561063.58300781,31-33,962,534,32_c
ESS06,21562631.58300781,31-33,723,803,33_b
ESS06,21563791.58251953,31-33,1550,935,continue
ESS06,21567895.58300781,34-36,1202,274,34_d
ESS06,21572567.58251953,34-36,1201,537,35_d
ESS06,21575263.58300781,34-36,721,806,36_b
ESS06,21578255.58300781,34-36,723,812,36_b
ESS06,21578959.58300781,34-36,722,806,36_b
ESS06,21580127.58300781,34-36,484,807,36_a
ESS06,21582879.58300781,34-36,1510,939,continue
ESS06,21588671.58300781,37-39,1443,279,37_e
ESS06,21591623.58300781,37-39,1199,531,38_d
ESS06,21607079.58300781,37-39,959,804,39_c
ESS06,21608031.58300781,37-39,1515,923,continue
ESS06,21628919.58300781,40-42,483,275,40_a
ESS06,21656575.58300781,40-42,1444,532,41_e
ESS06,21664927.58300781,40-42,962,539,41_c
ESS06,21677766.58300781,40-42,480,538,41_a
ESS06,21693686.58300781,40-42,961,800,42_c
ESS06,21694886.58300781,40-42,1535,926,continue
ESS06,21710399.58300781,43-45,1200,274,43_d
ESS06,21722695.58300781,43-45,1444,525,44_e
ESS06,21731958.58300781,43-45,1204,776,45_d
ESS06,21813590.58300781,46-48,1200,237,46_d
ESS06,21820990.58300781,46-48,717,516,47_b
ESS06,21837894.58300781,46-48,1202,760,48_d
ESS06,21839750.58300781,46-48,1533,936,continue
ESS06,21847790.58300781,49-51,719,239,49_b
ESS06,21862069.58300781,49-51,963,506,50_c
ESS06,21873021.58300781,49-51,1201,776,51_d
ESS06,21890125.583496094,49-51,488,773,51_a
ESS06,21890541.58300781,49-51,486,773,51_a
ESS06,21892477.58300781,49-51,1538,933,continue
ESS06,21923390.58300781,52-54,719,244,52_b
ESS06,21936390.58300781,52-54,483,508,53_a
ESS06,21946358.58300781,52-54,965,768,54_c
ESS06,21947278.58300781,52-54,1536,923,continue
ESS06,21961862.58300781,55-56,474,236,55_a
ESS06,21972054.58300781,55-56,724,503,56_b
ETF23,1698315.6430664062,1-3,1202,239,1_d
ETF23,1703627.6430664062,1-3,719,464,2_b
ETF23,1707123.642578125,1-3,1440,696,3_e
ETF23,1708587.6430664062,1-3,1529,840,continue
ETF23,1713572.6430664062,4-6,489,227,4_a
ETF23,1722428.6430664062,4-6,1443,450,5_e
ETF23,1728316.6430664062,4-6,721,682,6_b
ETF23,1730252.6430664062,4-6,1518,820,continue
ETF23,1735379.642578125,7-9,963,223,7_c
ETF23,1749131.6430664062,7-9,725,456,8_b
ETF23,1767099.6430664062,7-9,1195,684,9_d
ETF23,1768339.642578125,7-9,1530,825,continue
ETF23,1784532.6430664062,10-12,482,228,10_a
ETF23,1802499.6430664062,10-12,728,456,11_b
ETF23,1825939.6430664062,10-12,486,677,12_a
ETF23,1827219.6430664062,10-12,1503,825,continue
ETF23,1859699.6430664062,13-15,960,224,13_c
ETF23,1880491.642578125,13-15,1202,453,14_d
ETF23,1926803.6430664062,13-15,718,683,15_b
ETF23,1957882.6430664062,16-20,1488,159,16_d
ETF23,1963338.6430664062,16-20,1341,297,17_a
ETF23,1966386.6430664062,16-20,1382,427,18_b
ETF23,1973514.6430664062,16-20,1340,563,19_a
ETF23,1979418.642578125,16-20,1534,701,20_e
ETF23,1980282.6430664062,16-20,1513,861,continue
ETF23,2014490.642578125,21-25,1432,161,21_c
ETF23,2021898.642578125,21-25,1393,298,22_b
ETF23,2042706.6430664062,21-25,1336,434,23_a
ETF23,2063722.6430664062,21-25,1441,566,24_c
ETF23,2080562.6430664062,21-25,1391,700,25_b
ETF23,2081434.6430664062,21-25,1535,858,continue
ETF23,2117370.6430664062,26-30,1489,161,26_d
ETF23,2132490.642578125,26-30,1486,293,27_d
ETF23,2149482.6430664062,26-30,1393,430,28_b
ETF23,2168498.6430664062,26-30,1485,567,29_d
ETF23,2185410.6430664062,26-30,1382,701,30_b
ETF23,2211601.6430664062,31-33,723,264,31_b
ETF23,2215481.6430664062,31-33,960,540,32_c
ETF23,2218265.6430664062,31-33,725,802,33_b
ETF23,2219817.6430664062,31-33,1522,934,continue
ETF23,2223362.6430664062,34-36,1195,272,34_d
ETF23,2234826.642578125,34-36,1202,537,35_d
ETF23,2240786.642578125,34-36,481,796,36_a
ETF23,2241786.642578125,34-36,1533,935,continue
ETF23,2251761.6430664062,37-39,1442,279,37_e
ETF23,2259993.6430664062,37-39,1209,538,38_d
ETF23,2276001.6430664062,37-39,961,803,39_c
ETF23,2277313.6430664062,37-39,1533,936,continue
ETF23,2293457.6430664062,40-42,487,274,40_a
ETF23,2313497.6430664062,40-42,721,537,41_b
ETF23,2327697.6430664062,40-42,962,800,42_c
ETF23,2328569.6430664062,40-42,1533,924,continue
ETF23,2342281.6430664062,43-45,1202,272,43_d
ETF23,2373161.6430664062,43-45,1442,521,44_e
ETF23,2457272.6435546875,46-48,1203,240,46_d
ETF23,2482448.6430664062,46-48,728,500,47_b
ETF23,2498168.6430664062,46-48,722,768,48_b
ETF23,2499216.6430664062,46-48,1522,922,continue
ETF23,2514920.6430664062,49-51,720,232,49_b
ETF23,2532280.6430664062,49-51,961,505,50_c
ETF23,2566352.6430664062,49-51,478,762,51_a
ETF23,2567432.6430664062,49-51,1510,928,continue
ETF23,2588568.6435546875,52-54,1199,235,52_d
ETF23,2618952.6430664062,52-54,1440,505,53_e
ETF23,2628072.6430664062,52-54,721,764,54_b
ETP14,9484713.982910156,1-3,1200,240,1_d
ETP14,9489881.982910156,1-3,720,467,2_b
ETP14,9494025.982910156,1-3,1443,692,3_e
ETP14,9494969.982910156,1-3,1531,839,continue
ETP14,9498808.982910156,4-6,481,227,4_a
ETP14,9503920.982910156,4-6,1437,450,5_e
ETP14,9512232.982910156,4-6,728,683,6_b
ETP14,9513392.982910156,4-6,1572,819,continue
ETP14,9513896.982910156,4-6,1532,825,continue
ETP14,9519992.982910156,7-9,961,224,7_c
ETP14,9529752.982910156,7-9,723,455,8_b
ETP14,9547336.982910156,7-9,1198,682,9_d
ETP14,9548320.982910156,7-9,1549,819,continue
ETP14,9557193.982910156,10-12,1443,223,10_e
ETP14,9568705.982910156,10-12,477,223,10_a
ETP14,9576825.982910156,10-12,722,457,11_b
ETP14,9591697.982910156,10-12,480,681,12_a
ETP14,9592953.982910156,10-12,1531,822,continue
ETP14,9621520.982910156,13-15,479,218,13_a
ETP14,9650664.982910156,13-15,1203,451,14_d
ETP14,9695088.982910156,13-15,1444,684,15_e
ETP14,9751544.982910156,16-20,1490,158,16_d
ETP14,9758568.982910156,16-20,1338,292,17_a
ETP14,9765952.982910156,16-20,1386,424,18_b
ETP14,9783888.982910156,16-20,1434,565,19_c
ETP14,9804488.982910156,16-20,1532,695,20_e
ETP14,9805784.982910156,16-20,1535,853,continue
ETP14,9815800.982910156,21-25,1438,159,21_c
ETP14,9823952.982910156,21-25,1387,295,22_b
ETP14,9833976.982910156,21-25,1390,431,23_b
ETP14,9865320.982910156,21-25,1535,696,25_e
ETP14,9875623.982421877,21-25,1489,565,24_d
ETP14,9876815.982910156,21-25,1526,855,continue
ETP14,9918536.983398438,26-30,1436,158,26_c
ETP14,9936304.982910156,26-30,1539,297,27_e
ETP14,9976848.982910156,26-30,1342,423,28_a
ETP14,10019896.982910156,31-33,725,272,31_b
ETP14,10022144.982910156,31-33,949,531,32_c
ETP14,10024912.982910156,31-33,723,802,33_b
ETP14,10026464.982910156,31-33,1550,936,continue
ETP14,10030464.982910156,34-36,1202,275,34_d
ETP14,10042719.982910156,34-36,1201,543,35_d
ETP14,10048223.982910156,34-36,479,799,36_a
ETP14,10049511.982421877,34-36,1547,934,continue
ETP14,10057576.982910156,37-39,1444,269,37_e
ETP14,10069536.983398438,37-39,1202,535,38_d
ETP14,10085976.982910156,37-39,966,805,39_c
ETP14,10089728.982910156,37-39,1520,932,continue
ETP14,10115832.983398438,40-42,482,270,40_a
ETP14,10166432.982910156,40-42,719,540,41_b
ETP14,10186880.982910156,40-42,958,801,42_c
ETP14,10187832.983398438,40-42,1561,925,continue
ETP14,10188336.982910156,40-42,1551,920,continue
ETP14,10300735.982421877,46-48,1206,244,46_d
ETP14,10311607.982910156,46-48,1441,499,47_e
ETP14,10337319.982910156,46-48,1198,766,48_d
ETP14,10338319.982910156,46-48,1529,919,continue
ETP14,10352063.982421877,49-51,726,237,49_b
ETP14,10384783.982910156,49-51,963,502,50_c
ETP14,10400223.982910156,49-51,483,763,51_a
ETP14,10405151.982910156,49-51,1546,924,continue
ETP14,10431271.982910156,52-54,957,240,52_c
ETP14,10459775.982910156,52-54,480,502,53_a
EXT10,1653189.2138671875,1-3,1205,237,1_d
EXT10,1655421.2138671875,1-3,723,466,2_b
EXT10,1657837.2138671875,1-3,1438,693,3_e
EXT10,1659013.2138671875,1-3,1527,845,continue
EXT10,1662357.2138671875,4-6,486,224,4_a
EXT10,1668693.2138671875,4-6,1439,451,5_e
EXT10,1673693.2138671875,4-6,716,689,6_b
EXT10,1678341.2138671875,4-6,1537,825,continue
EXT10,1682973.2138671875,7-9,964,227,7_c
EXT10,1687669.2138671875,7-9,962,451,8_c
EXT10,1692701.2143554688,7-9,1202,691,9_d
EXT10,1693829.2138671875,7-9,1537,821,continue
EXT10,1698541.2138671875,10-12,716,215,10_b
EXT10,1714821.2138671875,10-12,725,454,11_b
EXT10,1721765.2138671875,10-12,478,678,12_a
EXT10,1724637.2138671875,10-12,1506,839,continue
EXT10,1725933.2138671875,10-12,1506,830,continue
EXT10,1737765.2138671875,13-15,962,225,13_c
EXT10,1745253.2138671875,13-15,1197,452,14_d
EXT10,1767877.2138671875,13-15,1440,687,15_e
EXT10,1772309.2138671875,13-15,387,822,back
EXT10,1773764.2138671875,10-12,1559,837,continue
EXT10,1831357.2138671875,13-15,392,823,back
EXT10,1851229.2138671875,10-12,390,831,back
EXT10,1860997.2143554688,7-9,401,826,back
EXT10,1876357.2138671875,4-6,389,819,back
EXT10,1883885.2143554688,1-3,1504,828,continue
EXT10,1884629.2138671875,4-6,1509,829,continue
EXT10,1885285.2138671875,7-9,1522,826,continue
EXT10,1887444.2138671875,10-12,1522,826,continue
EXT10,1904373.2138671875,16-20,1490,167,16_d
EXT10,1908453.2138671875,16-20,1340,300,17_a
EXT10,1912669.2138671875,16-20,1386,415,18_b
EXT10,1919005.2138671875,16-20,1334,571,19_a
EXT10,1934877.2138671875,16-20,1531,689,20_e
EXT10,1935965.2138671875,16-20,1543,839,continue
EXT10,1937677.2138671875,16-20,1536,850,continue
EXT10,1942581.2138671875,21-25,1441,154,21_c
EXT10,1946669.2138671875,21-25,1376,294,22_b
EXT10,1954229.2138671875,21-25,1333,435,23_a
EXT10,1961093.2138671875,21-25,1432,557,24_c
EXT10,1999821.2138671875,21-25,1541,690,25_e
EXT10,2000797.2138671875,21-25,1539,852,continue
EXT10,2009732.2138671875,26-30,1438,166,26_c
EXT10,2027428.2138671875,26-30,1525,300,27_e
EXT10,2036492.2133789062,26-30,1496,430,28_d
EXT10,2062708.2138671875,26-30,1478,565,29_d
EXT10,2094964.2138671875,26-30,1435,704,30_c
EXT10,2160717.2138671875,31-33,726,273,31_b
EXT10,2163253.2138671875,31-33,954,535,32_c
EXT10,2164853.2138671875,31-33,721,796,33_b
EXT10,2165821.2138671875,31-33,1528,933,continue
EXT10,2168340.2133789062,34-36,1196,275,34_d
EXT10,2171684.2138671875,34-36,722,536,35_b
EXT10,2173772.2138671875,34-36,478,795,36_a
EXT10,2174796.2138671875,34-36,1529,947,continue
EXT10,2176044.2133789062,34-36,1528,935,continue
EXT10,2180965.2138671875,37-39,1436,275,37_e
EXT10,2184949.2138671875,37-39,1201,547,38_d
EXT10,2185237.2138671875,37-39,1200,534,38_d
EXT10,2185677.2138671875,37-39,1200,534,38_d
EXT10,2195069.2143554688,37-39,963,809,39_c
EXT10,2212397.2138671875,37-39,1529,942,continue
EXT10,2236116.2133789062,40-42,480,269,40_a
EXT10,2262004.2138671875,40-42,480,539,41_a
EXT10,2274061.2138671875,40-42,1447,809,42_e
EXT10,2277125.2138671875,40-42,955,804,42_c
EXT10,2279532.2133789062,40-42,1522,925,continue
EXT10,2287733.2138671875,43-45,1211,269,43_d
EXT10,2297885.2143554688,43-45,1443,512,44_e
EXT10,2365757.2138671875,46-48,1208,232,46_d
EXT10,2366461.2138671875,46-48,1200,237,46_d
EXT10,2369957.2138671875,46-48,476,498,47_a
EXT10,2372501.2138671875,46-48,723,495,47_b
EXT10,2382149.2138671875,46-48,1199,751,48_d
EXT10,2383733.2138671875,46-48,1533,925,continue
EXT10,2388949.2138671875,49-51,721,232,49_b
EXT10,2421541.2138671875,49-51,963,496,50_c
EXT10,2432125.2138671875,49-51,478,762,51_a
EXT10,2433573.2138671875,49-51,1527,923,continue
EXT10,2448557.2138671875,52-54,1199,244,52_d
EXT10,2453805.2138671875,52-54,721,504,53_b
EXT10,2466517.2143554688,52-54,485,504,53_a
EXT10,2476205.2138671875,52-54,481,756,54_a
EXT10,2487173.2138671875,52-54,1524,921,continue
EXT10,2498285.2138671875,55-56,483,236,55_a
EXT10,2515669.2138671875,55-56,973,234,55_c
EXT10,2536277.2138671875,55-56,1441,501,56_e
FEF06,1624558.4038085938,1-3,1202,246,1_d
FEF06,1626670.4038085938,1-3,732,478,2_b
FEF06,1630750.4038085938,1-3,1448,715,3_e
FEF06,1631486.4038085938,1-3,1544,844,continue
FEF06,1635086.4038085938,4-6,481,233,4_a
FEF06,1653166.4038085938,4-6,725,708,6_b
FEF06,1668814.4038085938,4-6,1428,508,5_e
FEF06,1669798.4038085938,4-6,1529,820,continue
FEF06,1677110.4038085938,7-9,951,268,7_c
FEF06,1681238.4038085938,7-9,963,459,8_c
FEF06,1697006.4038085938,7-9,487,691,9_a
FEF06,1698486.4038085938,7-9,1550,819,continue
FEF06,1706757.4038085938,10-12,1209,231,10_d
FEF06,1715765.4038085938,10-12,699,506,11_b
FEF06,1726645.4038085938,10-12,491,746,12_a
FEF06,1732181.4038085938,10-12,1516,819,continue
FEF06,1749198.4038085938,13-15,980,284,13_c
FEF06,1768006.4038085938,13-15,1209,505,14_d
FEF06,1804086.4038085938,13-15,1453,726,15_e
FEF06,1888422.4038085938,16-20,1493,158,16_d
FEF06,1894326.4038085938,16-20,1318,308,17_a
FEF06,1898318.4038085938,16-20,1389,429,18_b
FEF06,1904646.4038085938,16-20,1326,555,19_a
FEF06,1905014.4038085938,16-20,1332,557,19_a
FEF06,1911278.4038085938,16-20,1546,694,20_e
FEF06,1911990.4038085938,16-20,1556,856,continue
FEF06,1923262.4038085938,21-25,1429,164,21_c
FEF06,1931270.4038085938,21-25,1387,300,22_b
FEF06,1937742.4038085938,21-25,1333,432,23_a
FEF06,1982046.4038085938,21-25,1534,698,25_e
FEF06,1985069.4038085938,21-25,1542,564,24_e
FEF06,1985990.4038085938,21-25,1519,850,continue
FEF06,2005533.4038085938,26-30,1449,167,26_c
FEF06,2020669.4038085938,26-30,1523,300,27_e
FEF06,2032725.4038085938,26-30,1487,431,28_d
FEF06,2071957.4038085938,26-30,1343,700,30_a
FEF06,2083605.4038085938,26-30,770,604,not on any aoi
FEF06,2084381.4038085938,26-30,744,589,not on any aoi
FEF06,2085317.4038085938,26-30,706,570,not on any aoi
FEF06,2093533.4038085938,26-30,1493,565,29_d
FEF06,2147836.4038085938,31-33,723,280,31_b
FEF06,2150252.404296875,31-33,938,562,32_c
FEF06,2152300.4038085938,31-33,721,827,33_b
FEF06,2153268.4038085938,31-33,1542,931,continue
FEF06,2155517.4038085938,34-36,1203,303,34_d
FEF06,2162837.4038085938,34-36,1446,580,35_e
FEF06,2165229.4038085938,34-36,501,848,36_a
FEF06,2166637.4038085938,34-36,1536,936,continue
FEF06,2170196.4038085938,37-39,1427,296,37_e
FEF06,2174780.4038085938,37-39,1188,579,38_d
FEF06,2188420.4038085938,37-39,980,831,39_c
FEF06,2191972.4038085938,37-39,1546,938,continue
FEF06,2206412.4038085938,40-42,1209,296,40_d
FEF06,2217452.4038085938,40-42,1198,581,41_d
FEF06,2255340.4038085938,40-42,953,827,42_c
FEF06,2257548.404296875,40-42,1511,923,continue
FEF06,2266596.4038085938,43-45,723,275,43_b
FEF06,2273748.4038085938,43-45,958,262,43_c
FEF06,2274548.404296875,43-45,718,272,43_b
FEF06,2317763.4038085938,43-45,476,567,44_a
FEF06,2395419.4038085938,46-48,1197,233,46_d
FEF06,2411571.4038085938,46-48,1473,558,47_e
FEF06,2423123.4038085938,46-48,1209,779,48_d
FEF06,2423955.4038085938,46-48,1551,926,continue
FEF06,2430084.4038085938,49-51,725,291,49_b
FEF06,2458716.4038085938,49-51,969,562,50_c
FEF06,2471668.4038085938,49-51,469,838,51_a
FEF06,2474244.4038085938,49-51,1521,922,continue
FEF06,2490388.4038085938,52-54,1191,289,52_d
FEF06,2505916.404296875,52-54,508,528,53_a
FEF06,2520908.4038085938,52-54,1217,807,54_d
FEF06,2521628.4038085938,52-54,1530,923,continue
FEF06,2540899.4038085938,55-56,968,307,55_c
FEF06,2551243.4038085938,55-56,715,560,56_b
FLU30,3104156.1918945312,1-3,1197,237,1_d
FLU30,3106204.1918945312,1-3,726,469,2_b
FLU30,3110516.1918945312,1-3,1443,698,3_e
FLU30,3111220.1918945312,1-3,1509,835,continue
FLU30,3114883.1918945312,4-6,488,229,4_a
FLU30,3122139.19140625,4-6,1444,455,5_e
FLU30,3127043.1918945312,4-6,717,689,6_b
FLU30,3129259.1918945312,4-6,1537,826,continue
FLU30,3135660.19140625,7-9,967,220,7_c
FLU30,3142068.1918945312,7-9,963,457,8_c
FLU30,3154012.1918945312,7-9,1198,682,9_d
FLU30,3156812.1918945312,7-9,1540,830,continue
FLU30,3167084.1918945312,10-12,478,221,10_a
FLU30,3178540.19140625,10-12,720,452,11_b
FLU30,3185852.1918945312,10-12,487,675,12_a
FLU30,3192020.1918945312,10-12,1541,833,continue
FLU30,3212651.1918945312,13-15,963,226,13_c
FLU30,3235027.19140625,13-15,1208,460,14_d
FLU30,3259907.1918945312,13-15,722,688,15_b
FLU30,3303290.1918945312,13-15,1439,699,15_e
FLU30,3333818.1918945312,13-15,391,822,back
FLU30,3371483.1918945312,16-20,1488,166,16_d
FLU30,3375715.1918945312,16-20,1341,300,17_a
FLU30,3382387.1918945312,16-20,1392,431,18_b
FLU30,3392259.1918945312,16-20,1341,566,19_a
FLU30,3396107.1918945312,16-20,1539,698,20_e
FLU30,3396851.1918945312,16-20,1530,858,continue
FLU30,3407194.1918945312,21-25,1432,158,21_c
FLU30,3411658.1918945312,21-25,1387,298,22_b
FLU30,3419162.1918945312,21-25,1337,431,23_a
FLU30,3436114.1918945312,21-25,1433,569,24_c
FLU30,3447642.1918945312,21-25,1539,700,25_e
FLU30,3448498.1918945312,21-25,1528,859,continue
FLU30,3464642.1918945312,26-30,1436,164,26_c
FLU30,3472482.1918945312,26-30,1538,291,27_e
FLU30,3483402.1918945312,26-30,1492,422,28_d
FLU30,3499786.1918945312,26-30,1485,560,29_d
FLU30,3535825.1918945312,26-30,1385,710,30_b
FLU30,3575177.1918945312,26-30,402,854,back
FLU30,3600498.1918945312,21-25,402,852,back
FLU30,3612673.1918945312,31-33,728,271,31_b
FLU30,3615962.1918945312,31-33,949,529,32_c
FLU30,3618449.1918945312,31-33,724,805,33_b
FLU30,3635081.1918945312,31-33,391,933,back
FLU30,3639706.1918945312,31-33,1525,936,continue
FLU30,3643258.1918945312,34-36,1211,281,34_d
FLU30,3648106.1918945312,34-36,1200,543,35_d
FLU30,3652818.1918945312,34-36,495,800,36_a
FLU30,3653898.1918945312,34-36,1507,932,continue
FLU30,3658889.1918945312,37-39,1198,276,37_d
FLU30,3661281.1918945312,37-39,1455,275,37_e
FLU30,3661569.1918945312,37-39,1445,278,37_e
FLU30,3667561.1918945312,37-39,1202,543,38_d
FLU30,3676729.1918945312,37-39,968,807,39_c
FLU30,3677305.1918945312,37-39,967,807,39_c
FLU30,3683601.1918945312,37-39,1530,934,continue
FLU30,3698353.1918945312,40-42,494,277,40_a
FLU30,3713017.1918945312,40-42,1204,538,41_d
FLU30,3731817.1918945312,40-42,1443,805,42_e
FLU30,3735497.1918945312,40-42,969,796,42_c
FLU30,3739017.1918945312,40-42,1536,927,continue
FLU30,3874121.1918945312,46-48,1198,236,46_d
FLU30,3883281.1918945312,46-48,720,497,47_b
FLU30,3918328.1923828125,46-48,722,764,48_b
FLU30,3919737.1923828125,46-48,1547,922,continue
FLU30,3926544.1918945312,49-51,718,239,49_b
FLU30,3951080.1918945312,49-51,964,494,50_c
FLU30,3966520.1923828125,49-51,486,769,51_a
FLU30,3972576.1918945312,49-51,1523,925,continue
FLU30,3990392.1918945312,52-54,726,249,52_b
FLU30,3990712.1918945312,52-54,723,247,52_b
FLU30,4000312.1918945312,52-54,959,506,53_c
FLU30,4010984.1918945312,52-54,1198,760,54_d
FLU30,4013152.1918945312,52-54,1515,921,continue
FLU30,4024064.1918945312,55-56,968,235,55_c
FLU30,4032544.1918945312,55-56,717,506,56_b
GAH15,2183976.790527344,1-3,1220,276,1_d
GAH15,2185968.791015625,1-3,726,485,2_b
GAH15,2189760.791015625,1-3,1421,722,3_e
GAH15,2190456.790527344,1-3,1523,824,continue
GAH15,2194745.7915039062,4-6,478,256,4_a
GAH15,2200201.791015625,4-6,1448,490,5_e
GAH15,2203553.7915039062,4-6,724,701,6_b
GAH15,2204609.791015625,4-6,1544,830,continue
GAH15,2210416.791015625,7-9,964,263,7_c
GAH15,2214152.791015625,7-9,969,501,8_c
GAH15,2231688.791015625,7-9,470,726,9_a
GAH15,2232872.791015625,7-9,1543,833,continue
GAH15,2237912.791015625,10-12,476,263,10_a
GAH15,2241800.791015625,10-12,721,484,11_b
GAH15,2258511.791015625,10-12,1194,723,12_d
GAH15,2261599.791015625,10-12,1178,725,12_d
GAH15,2262383.791015625,10-12,462,709,12_a
GAH15,2263255.791015625,10-12,1498,822,continue
GAH15,2282016.791015625,13-15,967,272,13_c
GAH15,2294056.791015625,13-15,474,485,14_a
GAH15,2308696.791015625,13-15,1404,736,15_e
GAH15,2346664.791015625,13-15,1185,509,14_d
GAH15,2448423.791015625,16-20,1487,163,16_d
GAH15,2452055.791015625,16-20,1339,295,17_a
GAH15,2456759.791015625,16-20,1387,433,18_b
GAH15,2468743.791015625,16-20,1339,570,19_a
GAH15,2476767.791015625,16-20,1538,703,20_e
GAH15,2477927.791015625,16-20,1509,842,continue
GAH15,2485663.791015625,21-25,1429,161,21_c
GAH15,2490895.791015625,21-25,1382,292,22_b
GAH15,2511231.791015625,21-25,1333,430,23_a
GAH15,2528519.791015625,21-25,1435,564,24_c
GAH15,2558094.791015625,21-25,1485,697,25_d
GAH15,2562422.7915039062,21-25,1482,698,25_d
GAH15,2563438.791015625,21-25,1341,699,25_a
GAH15,2564118.791015625,21-25,1535,850,continue
GAH15,2578830.7915039062,26-30,1539,163,26_e
GAH15,2582478.791015625,26-30,1433,159,26_c
GAH15,2598870.7915039062,26-30,1535,297,27_e
GAH15,2606750.791015625,26-30,1492,429,28_d
GAH15,2636078.791015625,26-30,1495,563,29_d
GAH15,2681965.791015625,26-30,1437,700,30_c
GAH15,2725373.791015625,31-33,733,325,31_b
GAH15,2727269.791015625,31-33,947,573,32_c
GAH15,2729045.791015625,31-33,723,836,33_b
GAH15,2730341.791015625,31-33,1531,930,continue
GAH15,2732909.791015625,34-36,1201,295,34_d
GAH15,2737877.790527344,34-36,736,563,35_b
GAH15,2740837.791015625,34-36,482,840,36_a
GAH15,2742109.791015625,34-36,1529,940,continue
GAH15,2749837.791015625,37-39,1447,312,37_e
GAH15,2753205.791015625,37-39,1207,569,38_d
GAH15,2756445.791015625,37-39,951,839,39_c
GAH15,2766413.791015625,37-39,1553,935,continue
GAH15,2778877.790527344,40-42,468,324,40_a
GAH15,2803532.791015625,40-42,480,561,41_a
GAH15,2814772.7905273438,40-42,971,834,42_c
GAH15,2815764.791015625,40-42,1546,924,continue
GAH15,2834164.791015625,43-45,1212,306,43_d
GAH15,2853916.791015625,43-45,1447,549,44_e
GAH15,2902188.791015625,43-45,481,805,45_a
GAH15,2990884.7905273438,46-48,1227,271,46_d
GAH15,3015028.791015625,46-48,715,549,47_b
GAH15,3041019.791015625,46-48,1199,813,48_d
GAH15,3071091.791015625,46-48,1521,928,continue
GAH15,3079195.791015625,49-51,703,308,49_b
GAH15,3092907.791015625,49-51,963,556,50_c
GAH15,3099555.791015625,49-51,470,822,51_a
GAH15,3105603.791015625,49-51,1480,923,continue
GAH15,3106027.791015625,49-51,1516,924,continue
GAH15,3124867.791015625,52-54,1194,283,52_d
GAH15,3135875.791015625,52-54,484,556,53_a
GAH15,3151595.791015625,52-54,500,821,54_a
GAH15,3156611.791015625,52-54,1528,931,continue
GAH15,3163227.791015625,55-56,968,280,55_c
GAS01,2149515.328125,1-3,1203,236,1_d
GAS01,2152899.328125,1-3,723,470,2_b
GAS01,2156059.328125,1-3,1434,694,3_e
GAS01,2156859.328125,1-3,1530,839,continue
GAS01,2161715.328125,4-6,478,224,4_a
GAS01,2173915.328125,4-6,1438,452,5_e
GAS01,2180668.328125,4-6,717,690,6_b
GAS01,2181827.328125,4-6,1518,821,continue
GAS01,2189348.328125,7-9,959,223,7_c
GAS01,2195644.328125,7-9,961,449,8_c
GAS01,2217036.328125,7-9,1205,678,9_d
GAS01,2218404.328125,7-9,1546,823,continue
GAS01,2238812.328125,10-12,481,230,10_a
GAS01,2250612.328125,10-12,720,455,11_b
GAS01,2263004.328125,10-12,481,682,12_a
GAS01,2265117.328125,10-12,1522,827,continue
GAS01,2294620.3276367188,13-15,952,216,13_c
GAS01,2317860.328125,13-15,1201,452,14_d
GAS01,2349428.328125,13-15,719,682,15_b
GAS01,2358044.328125,13-15,412,822,back
GAS01,2363341.328125,10-12,1543,824,continue
GAS01,2366981.328125,13-15,1542,824,continue
GAS01,2406260.328125,16-20,1483,163,16_d
GAS01,2410620.3276367188,16-20,1332,294,17_a
GAS01,2417180.328125,16-20,1393,429,18_b
GAS01,2434084.328125,16-20,1332,571,19_a
GAS01,2440212.3276367188,16-20,1534,696,20_e
GAS01,2442460.328125,16-20,1541,851,continue
GAS01,2453757.328125,21-25,1432,163,21_c
GAS01,2459261.328125,21-25,1387,295,22_b
GAS01,2470965.328125,21-25,1333,430,23_a
GAS01,2500365.328125,21-25,1428,565,24_c
GAS01,2512821.328125,21-25,1536,698,25_e
GAS01,2513813.328125,21-25,1521,850,continue
GAS01,2536805.3276367188,26-30,1431,292,27_c
GAS01,2556253.328125,26-30,1431,155,26_c
GAS01,2586189.328125,26-30,1439,424,28_c
GAS01,2618157.328125,26-30,1391,564,29_b
GAS01,2695046.328613281,31-33,726,262,31_b
GAS01,2697302.328125,31-33,965,537,32_c
GAS01,2698942.328125,31-33,727,805,33_b
GAS01,2700558.328125,31-33,1529,928,continue
GAS01,2705326.328125,34-36,1203,272,34_d
GAS01,2709646.328125,34-36,717,539,35_b
GAS01,2713814.328125,34-36,961,806,36_c
GAS01,2715302.328125,34-36,1542,935,continue
GAS01,2717318.328125,37-39,413,938,back
GAS01,2720534.328125,34-36,473,798,36_a
GAS01,2721966.328125,34-36,1514,925,continue
GAS01,2727870.328125,37-39,1442,270,37_e
GAS01,2732422.328125,37-39,1205,540,38_d
GAS01,2738318.328125,37-39,957,807,39_c
GAS01,2740070.328125,37-39,1530,933,continue
GAS01,2748950.328125,40-42,1199,269,40_d
GAS01,2759590.328125,40-42,478,540,41_a
GAS01,2786934.328125,40-42,1205,803,42_d
GAS01,2788078.328125,40-42,1567,924,continue
GAS01,2788614.328125,40-42,1557,924,continue
GAS01,2800022.328125,43-45,1203,271,43_d
GAS01,2824102.328125,43-45,1444,521,44_e
GAS01,2832854.328125,43-45,477,770,45_a
GAS01,2847486.328125,43-45,421,888,not on any aoi
GAS01,2851062.328125,40-42,411,911,back
GAS01,2854289.3286132812,37-39,405,928,back
GAS01,2857246.328125,34-36,404,931,back
GAS01,2859895.328125,31-33,1531,928,continue
GAS01,2860543.328125,34-36,1531,928,continue
GAS01,2861575.328125,37-39,1531,928,continue
GAS01,2864702.328125,40-42,1531,928,continue
GAS01,2988863.328125,46-48,425,934,back
GAS01,3037464.328125,46-48,1535,917,continue
GAS01,3052759.328125,49-51,1536,921,continue
GAS01,3062712.3276367188,52-54,1536,921,continue
GAS01,3067351.328125,55-56,387,655,back
GAS01,3067792.328125,52-54,387,655,not on any aoi
GAS01,3069600.3276367188,52-54,406,919,back
GAS01,3070096.328125,49-51,401,923,back
GAS01,3070791.328125,46-48,401,923,back
GAS01,3098359.328125,46-48,427,933,back
GAS01,3131112.328125,46-48,1206,236,46_d
GAS01,3135808.328125,46-48,717,508,47_b
GHF01,3275848.8173828125,1-3,1199,241,1_d
GHF01,3278328.8173828125,1-3,727,486,2_b
GHF01,3281776.8178710938,1-3,1452,732,3_e
GHF01,3282544.8178710938,1-3,1525,839,continue
GHF01,3285065.8178710938,4-6,484,263,4_a
GHF01,3291425.818359375,4-6,1450,511,5_e
GHF01,3295784.8178710938,4-6,745,733,6_b
GHF01,3297041.8178710938,4-6,1544,830,continue
GHF01,3300688.8178710938,7-9,960,269,7_c
GHF01,3302832.8178710938,7-9,979,510,8_c
GHF01,3317656.8178710938,7-9,1206,738,9_d
GHF01,3318480.8178710938,7-9,1536,829,continue
GHF01,3325320.8178710938,10-12,736,274,10_b
GHF01,3340536.8178710938,10-12,732,476,11_b
GHF01,3348472.8178710938,10-12,491,726,12_a
GHF01,3350336.8178710938,10-12,1523,827,continue
GHF01,3362312.8178710938,13-15,983,279,13_c
GHF01,3382760.8178710938,13-15,1194,503,14_d
GHF01,3413008.8178710938,13-15,1443,746,15_e
GHF01,3452559.8178710938,13-15,410,836,back
GHF01,3454103.8178710938,10-12,1532,826,continue
GHF01,3455991.8178710938,13-15,405,828,back
GHF01,3461167.8178710938,10-12,420,821,back
GHF01,3466879.8178710938,7-9,1536,824,continue
GHF01,3467312.8178710938,10-12,1533,824,continue
GHF01,3544079.8178710938,16-20,1483,157,16_d
GHF01,3548287.8178710938,16-20,1341,296,17_a
GHF01,3552871.8178710938,16-20,1387,427,18_b
GHF01,3565487.8178710938,16-20,1337,567,19_a
GHF01,3572503.8178710938,16-20,1543,703,20_e
GHF01,3573599.8178710938,16-20,1544,862,continue
GHF01,3584879.8178710938,21-25,1438,165,21_c
GHF01,3595975.8178710938,21-25,1388,292,22_b
GHF01,3616663.8178710938,21-25,1329,430,23_a
GHF01,3643631.8178710938,21-25,1434,563,24_c
GHF01,3672279.8178710938,21-25,1535,699,25_e
GHF01,3672975.8178710938,21-25,1532,853,continue
GHF01,3689543.8178710938,26-30,1433,160,26_c
GHF01,3711599.8178710938,26-30,1540,296,27_e
GHF01,3729023.8178710938,26-30,1493,433,28_d
GHF01,3754855.8178710938,26-30,1486,565,29_d
GHF01,3825006.8178710938,31-33,728,317,31_b
GHF01,3828054.8178710938,31-33,957,573,32_c
GHF01,3829982.8178710938,31-33,721,834,33_b
GHF01,3830886.818359375,31-33,1546,941,continue
GHF01,3833798.8178710938,34-36,1199,301,34_d
GHF01,3837158.8178710938,34-36,730,568,35_b
GHF01,3839622.8178710938,34-36,490,839,36_a
GHF01,3840590.818359375,34-36,1543,946,continue
GHF01,3844902.8178710938,37-39,1432,316,37_e
GHF01,3851526.8178710938,37-39,1201,577,38_d
GHF01,3859606.8178710938,37-39,960,851,39_c
GHF01,3860446.8178710938,37-39,1540,936,continue
GHF01,3869637.8173828125,40-42,487,315,40_a
GHF01,3898813.8178710938,40-42,480,572,41_a
GHF01,3916549.8178710938,40-42,954,838,42_c
GHF01,3917493.8173828125,40-42,1530,925,continue
GHF01,3927597.8178710938,43-45,1200,306,43_d
GHF01,3942157.8173828125,43-45,1434,555,44_e
GHF01,3966365.8178710938,43-45,958,801,45_c
GHF01,3976301.8178710938,43-45,428,700,not on any aoi
GHF01,3999565.8173828125,43-45,479,801,45_a
GHF01,4069581.8178710938,46-48,1205,296,46_d
GHF01,4087621.8178710938,46-48,735,560,47_b
GHF01,4104109.8178710938,46-48,1198,819,48_d
GHF01,4105341.8173828125,46-48,1554,924,continue
GHF01,4114269.8173828125,49-51,723,308,49_b
GHF01,4125021.8178710938,49-51,970,567,50_c
GHF01,4138349.8178710938,49-51,475,838,51_a
GHF01,4139397.8178710938,49-51,1525,921,continue
GHF01,4151229.8173828125,52-54,957,287,52_c
GHF01,4164677.8173828125,52-54,958,557,53_c
GHF01,4178837.8178710938,52-54,1419,833,54_e
GHF01,4179781.8178710938,52-54,1532,922,continue
GHF01,4217148.817871094,55-56,966,288,55_c
GHF01,4237580.817871094,55-56,1202,537,56_d
GHH31,2444663.641113281,1-3,1197,242,1_d
GHH31,2449279.641113281,1-3,718,458,2_b
GHH31,2452319.641113281,1-3,1446,697,3_e
GHH31,2453839.641113281,1-3,1534,833,continue
GHH31,2457503.641113281,4-6,481,226,4_a
GHH31,2468631.641113281,4-6,1440,450,5_e
GHH31,2475647.641113281,4-6,723,680,6_b
GHH31,2477903.641113281,4-6,1521,823,continue
GHH31,2483175.641113281,7-9,959,219,7_c
GHH31,2488687.641113281,7-9,723,453,8_b
GHH31,2491415.641113281,7-9,721,453,8_b
GHH31,2492479.641113281,7-9,962,450,8_c
GHH31,2504327.641113281,7-9,1195,678,9_d
GHH31,2507527.641113281,7-9,1536,830,continue
GHH31,2531735.641113281,10-12,1443,222,10_e
GHH31,2540543.641113281,10-12,726,461,11_b
GHH31,2546871.641113281,10-12,483,668,12_a
GHH31,2563455.641113281,10-12,1524,829,continue
GHH31,2588975.641113281,13-15,1440,451,14_e
GHH31,2623191.641113281,13-15,1439,672,15_e
GHH31,2646447.641113281,13-15,967,217,13_c
GHH31,2704087.641113281,16-20,1484,161,16_d
GHH31,2707599.641113281,16-20,1333,295,17_a
GHH31,2712671.641113281,16-20,1391,431,18_b
GHH31,2717639.641113281,16-20,1344,560,19_a
GHH31,2731215.641113281,16-20,1535,698,20_e
GHH31,2731975.641113281,16-20,1533,848,continue
GHH31,2749551.641113281,21-25,1438,159,21_c
GHH31,2756439.641113281,21-25,1540,297,22_e
GHH31,2770119.641113281,21-25,1331,432,23_a
GHH31,2783711.641113281,21-25,1488,565,24_d
GHH31,2798615.641113281,21-25,1530,698,25_e
GHH31,2799638.641113281,21-25,1527,847,continue
GHH31,2810302.641113281,26-30,1440,155,26_c
GHH31,2821734.6416015625,26-30,1541,295,27_e
GHH31,2852182.6416015625,26-30,1482,437,28_d
GHH31,2922829.6411132812,26-30,1540,703,30_e
GHH31,2927629.6416015625,26-30,1334,565,29_a
GHH31,2976157.6411132812,31-33,719,270,31_b
GHH31,2978885.6416015625,31-33,962,540,32_c
GHH31,2981885.6416015625,31-33,732,804,33_b
GHH31,2983309.6411132812,31-33,1523,930,continue
GHH31,2987910.6411132812,34-36,1206,272,34_d
GHH31,2994662.6416015625,34-36,718,549,35_b
GHH31,3001366.6416015625,34-36,475,797,36_a
GHH31,3002654.6411132812,34-36,1526,941,continue
GHH31,3008165.6411132812,37-39,1440,273,37_e
GHH31,3017501.6411132812,37-39,959,533,38_c
GHH31,3019589.6416015625,37-39,1202,536,38_d
GHH31,3038661.6416015625,37-39,963,801,39_c
GHH31,3043837.6411132812,37-39,1522,928,continue
GHH31,3069814.6411132812,40-42,479,301,40_a
GHH31,3089845.6416015625,40-42,966,535,41_c
GHH31,3103453.6411132812,40-42,486,539,41_a
GHH31,3249668.6411132812,46-48,1206,229,46_d
GHH31,3267245.6411132812,46-48,716,498,47_b
GHH31,3277236.6411132812,46-48,1209,763,48_d
GHH31,3282245.6411132812,46-48,1543,922,continue
GHH31,3291188.6411132812,49-51,724,243,49_b
GHH31,3309924.6411132812,49-51,958,505,50_c
GHH31,3326220.6411132812,49-51,490,759,51_a
GHH31,3341180.6411132812,49-51,1535,927,continue
GHH31,3360740.6411132812,52-54,1199,230,52_d
GHH31,3401604.640625,52-54,487,499,53_a
GHS03,1993057.134765625,1-3,1207,236,1_d
GHS03,1996369.1352539062,1-3,718,464,2_b
GHS03,2000633.134765625,1-3,1444,695,3_e
GHS03,2003033.134765625,1-3,1524,838,continue
GHS03,2007201.134765625,4-6,480,229,4_a
GHS03,2019457.134765625,4-6,1445,447,5_e
GHS03,2024921.134765625,4-6,723,678,6_b
GHS03,2029017.134765625,4-6,1527,824,continue
GHS03,2034137.134765625,7-9,963,223,7_c
GHS03,2043705.1352539062,7-9,961,449,8_c
GHS03,2070985.134765625,7-9,1200,686,9_d
GHS03,2073185.1352539062,7-9,1554,820,continue
GHS03,2081241.134765625,10-12,484,222,10_a
GHS03,2104913.134765625,10-12,721,447,11_b
GHS03,2119201.134765625,10-12,485,685,12_a
GHS03,2126409.1352539062,10-12,1543,832,continue
GHS03,2153089.134765625,13-15,961,226,13_c
GHS03,2173257.1352539062,13-15,1203,457,14_d
GHS03,2192665.1352539062,13-15,1438,683,15_e
GHS03,2249136.134765625,16-20,1487,159,16_d
GHS03,2252576.134765625,16-20,1335,294,17_a
GHS03,2255408.1352539062,16-20,1389,434,18_b
GHS03,2270984.134765625,16-20,1390,567,19_b
GHS03,2310384.134765625,16-20,1334,703,20_a
GHS03,2311760.134765625,16-20,1535,852,continue
GHS03,2326568.134765625,21-25,1435,158,21_c
GHS03,2331952.134765625,21-25,1387,290,22_b
GHS03,2354552.134765625,21-25,1340,428,23_a
GHS03,2424656.134765625,21-25,1391,702,25_b
GHS03,2452056.134765625,21-25,1490,567,24_d
GHS03,2452992.134765625,21-25,1529,863,continue
GHS03,2522063.134765625,31-33,727,269,31_b
GHS03,2528407.134765625,31-33,959,534,32_c
GHS03,2534447.134765625,31-33,717,805,33_b
GHS03,2536543.134765625,31-33,1532,941,continue
GHS03,2539943.134765625,34-36,1202,267,34_d
GHS03,2546359.134765625,34-36,722,540,35_b
GHS03,2549383.134277344,34-36,478,812,36_a
GHS03,2556479.134765625,34-36,1552,934,continue
GHS03,2565695.134765625,37-39,1452,274,37_e
GHS03,2573543.134765625,37-39,1205,534,38_d
GHS03,2615423.134277344,37-39,967,806,39_c
GHS03,2635807.134765625,37-39,1536,938,continue
GHS03,2658119.134765625,40-42,479,273,40_a
GHS03,2679383.134277344,40-42,479,538,41_a
GHS03,2799045.134765625,46-48,1202,238,46_d
GHS03,2805845.134765625,46-48,719,500,47_b
GHS03,2819573.1352539062,46-48,720,762,48_b
GHS03,2822005.134765625,46-48,1513,921,continue
GHS03,2835366.134765625,49-51,722,233,49_b
GHS03,2854446.134765625,49-51,964,500,50_c
GHS03,2862702.134765625,49-51,479,769,51_a
GHS03,2873662.134765625,49-51,1536,928,continue
GHS03,2895117.134765625,52-54,1202,235,52_d
GHS03,2909157.134765625,52-54,482,501,53_a
GHS03,2923301.134765625,52-54,477,764,54_a
GHS03,2940045.134765625,52-54,1523,930,continue
GHS03,2963733.134765625,55-56,955,239,55_c
GMB09,2415963.16015625,1-3,1198,243,1_d
GMB09,2423211.16015625,1-3,735,458,2_b
GMB09,2423515.16015625,1-3,719,465,2_b
GMB09,2424011.1596679688,1-3,718,466,2_b
GMB09,2428891.16015625,1-3,1444,711,3_e
GMB09,2429843.16015625,1-3,1519,829,continue
GMB09,2432659.16015625,4-6,473,265,4_a
GMB09,2437907.16015625,4-6,1435,485,5_e
GMB09,2450283.16015625,4-6,711,730,6_b
GMB09,2451587.16015625,4-6,1528,820,continue
GMB09,2455483.16015625,7-9,972,271,7_c
GMB09,2458563.1596679688,7-9,974,501,8_c
GMB09,2459243.16015625,7-9,974,501,8_c
GMB09,2474642.1596679688,7-9,734,728,9_b
GMB09,2485210.16015625,7-9,1196,737,9_d
GMB09,2486826.1596679688,7-9,1537,823,continue
GMB09,2497731.16015625,10-12,488,260,10_a
GMB09,2509451.1596679688,10-12,1215,491,11_d
GMB09,2518587.16015625,10-12,476,739,12_a
GMB09,2526019.16015625,10-12,1542,834,continue
GMB09,2551018.16015625,13-15,966,273,13_c
GMB09,2574362.16015625,13-15,1211,502,14_d
GMB09,2603866.1596679688,13-15,1454,734,15_e
GMB09,2672898.16015625,16-20,714,204,not on any aoi
GMB09,2675842.16015625,16-20,1486,157,16_d
GMB09,2682530.1596679688,16-20,1332,298,17_a
GMB09,2685506.16015625,16-20,1381,430,18_b
GMB09,2695762.16015625,16-20,1537,702,20_e
GMB09,2703321.16015625,16-20,1330,557,19_a
GMB09,2705169.16015625,16-20,1517,855,continue
GMB09,2710793.16015625,21-25,634,220,not on any aoi
GMB09,2712201.16015625,21-25,1433,159,21_c
GMB09,2717777.16015625,21-25,1392,294,22_b
GMB09,2725161.16015625,21-25,1333,433,23_a
GMB09,2744729.16015625,21-25,1436,567,24_c
GMB09,2770833.16015625,21-25,1537,699,25_e
GMB09,2771561.16015625,21-25,1521,849,continue
GMB09,2795801.16015625,26-30,1534,288,27_e
GMB09,2813801.16015625,26-30,1335,703,30_a
GMB09,2814377.16015625,26-30,1439,687,30_c
GMB09,2814665.16015625,26-30,1439,698,30_c
GMB09,2816185.16015625,26-30,1414,715,30_c
GMB09,2816785.16015625,26-30,1437,699,30_c
GMB09,2832193.16015625,26-30,1533,700,30_e
GMB09,2848321.16015625,26-30,1487,429,28_d
GMB09,2866561.16015625,26-30,1490,563,29_d
GMB09,2882545.16015625,26-30,1433,161,26_c
GMB09,2940880.16015625,31-33,699,319,31_b
GMB09,2943320.16015625,31-33,980,580,32_c
GMB09,2945096.16015625,31-33,723,842,33_b
GMB09,2946592.16015625,31-33,1525,933,continue
GMB09,2949880.16015625,34-36,1191,305,34_d
GMB09,2953128.1606445312,34-36,732,576,35_b
GMB09,2956856.16015625,34-36,727,848,36_b
GMB09,2958488.16015625,34-36,493,837,36_a
GMB09,2960192.16015625,34-36,1515,939,continue
GMB09,2965280.16015625,37-39,1427,313,37_e
GMB09,2967992.16015625,37-39,1204,567,38_d
GMB09,2972648.16015625,37-39,963,831,39_c
GMB09,2978720.1606445312,37-39,1512,936,continue
GMB09,2987728.16015625,40-42,458,308,40_a
GMB09,2993296.16015625,40-42,1194,291,40_d
GMB09,3047391.1606445312,40-42,475,568,41_a
GMB09,3063671.16015625,40-42,960,833,42_c
GMB09,3065207.1606445312,40-42,1537,917,continue
GMB09,3075159.16015625,43-45,1198,302,43_d
GMB09,3089735.16015625,43-45,1439,552,44_e
GMB09,3112503.1606445312,43-45,485,806,45_a
GMB09,3183718.16015625,46-48,1199,281,46_d
GMB09,3192062.16015625,46-48,713,558,47_b
GMB09,3217566.16015625,46-48,708,832,48_b
GMB09,3225158.16015625,46-48,1547,934,continue
GMB09,3231199.1606445312,49-51,715,295,49_b
GMB09,3243463.1606445312,49-51,958,570,50_c
GMB09,3263110.16015625,49-51,473,834,51_a
GMB09,3264534.16015625,49-51,1538,922,continue
GMB09,3278679.16015625,52-54,1205,242,52_d
GMB09,3296926.16015625,52-54,474,559,53_a
GMB09,3334502.16015625,52-54,483,822,54_a
GMB09,3335558.16015625,52-54,1544,925,continue
GTK31,1557920.83984375,1-3,1205,235,1_d
GTK31,1560707.83984375,1-3,727,462,2_b
GTK31,1563419.83984375,1-3,1438,696,3_e
GTK31,1564491.83984375,1-3,1528,837,continue
GTK31,1567759.83984375,4-6,478,223,4_a
GTK31,1572685.83984375,4-6,1440,452,5_e
GTK31,1578911.83984375,4-6,720,683,6_b
GTK31,1580490.83984375,4-6,1521,824,continue
GTK31,1582106.83984375,4-6,1521,824,continue
GTK31,1585709.83984375,7-9,959,218,7_c
GTK31,1590577.83984375,7-9,965,450,8_c
GTK31,1595996.83984375,7-9,1204,682,9_d
GTK31,1597382.83984375,7-9,1542,823,continue
GTK31,1604468.8403320312,10-12,482,220,10_a
GTK31,1611008.83984375,10-12,720,449,11_b
GTK31,1620281.83984375,10-12,964,680,12_c
GTK31,1621738.83984375,10-12,1517,826,continue
GTK31,1636111.83984375,13-15,957,224,13_c
GTK31,1665348.83984375,13-15,478,451,14_a
GTK31,1668198.83984375,13-15,478,451,14_a
GTK31,1677905.83984375,13-15,1441,683,15_e
GTK31,1679433.83984375,13-15,405,829,back
GTK31,1683720.83984375,10-12,1535,831,continue
GTK31,1688580.8403320312,13-15,1626,798,not on any aoi
GTK31,1721596.83984375,13-15,1205,453,14_d
GTK31,1731009.83984375,13-15,407,832,back
GTK31,1770442.83984375,10-12,481,678,12_a
GTK31,1772800.83984375,10-12,393,832,back
GTK31,1783919.83984375,7-9,1537,831,continue
GTK31,1784597.83984375,10-12,1537,831,continue
GTK31,1786417.83984375,13-15,1630,798,not on any aoi
GTK31,1820313.83984375,16-20,1488,163,16_d
GTK31,1824714.83984375,16-20,1339,294,17_a
GTK31,1829023.83984375,16-20,1383,429,18_b
GTK31,1841032.83984375,16-20,1436,562,19_c
GTK31,1846642.83984375,16-20,1533,705,20_e
GTK31,1847775.83984375,16-20,1530,847,continue
GTK31,1856303.8403320312,21-25,1441,162,21_c
GTK31,1864721.83984375,21-25,1538,295,22_e
GTK31,1872974.83984375,21-25,1339,432,23_a
GTK31,1883875.83984375,21-25,1440,564,24_c
GTK31,1896674.83984375,21-25,1532,704,25_e
GTK31,1897756.83984375,21-25,1522,847,continue
GTK31,1910202.83984375,26-30,1432,161,26_c
GTK31,1915582.83984375,26-30,1537,294,27_e
GTK31,1943842.83984375,26-30,1483,429,28_d
GTK31,1966889.83984375,26-30,1489,565,29_d
GTK31,1992542.83984375,26-30,1438,696,30_c
GTK31,2022700.83984375,26-30,1335,697,30_a
GTK31,2110893.83984375,31-33,719,272,31_b
GTK31,2114417.83984375,31-33,961,540,32_c
GTK31,2117057.83984375,31-33,723,806,33_b
GTK31,2118584.83984375,31-33,1509,930,continue
GTK31,2122377.83984375,34-36,1200,272,34_d
GTK31,2127343.8403320312,34-36,1202,534,35_d
GTK31,2131448.8403320312,34-36,484,802,36_a
GTK31,2132884.83984375,34-36,1530,936,continue
GTK31,2138938.83984375,37-39,1443,269,37_e
GTK31,2144573.83984375,37-39,1199,535,38_d
GTK31,2159606.83984375,37-39,958,806,39_c
GTK31,2161719.83984375,37-39,1527,931,continue
GTK31,2184205.83984375,40-42,482,269,40_a
GTK31,2199385.83984375,40-42,1199,533,41_d
GTK31,2233353.83984375,40-42,958,803,42_c
GTK31,2235865.83984375,40-42,1527,922,continue
GTK31,2249300.83984375,43-45,1202,266,43_d
GTK31,2258606.83984375,43-45,1437,523,44_e
GTK31,2286958.83984375,43-45,480,771,45_a
GTK31,2364634.83984375,46-48,1202,235,46_d
GTK31,2375483.8393554688,46-48,715,498,47_b
GTK31,2388483.8393554688,46-48,722,765,48_b
GTK31,2395957.83984375,46-48,1517,918,continue
GTK31,2414049.83984375,49-51,719,234,49_b
GTK31,2429270.83984375,49-51,959,501,50_c
GTK31,2443666.8393554688,49-51,718,767,51_b
GTK31,2445698.83984375,49-51,1509,923,continue
GTK31,2473270.83984375,52-54,720,240,52_b
GTK31,2508752.83984375,52-54,481,496,53_a
GTK31,2528200.83984375,52-54,478,764,54_a
GTK31,2531309.83984375,52-54,1528,923,continue
HAG24,1717773.0590820312,1-3,1214,291,1_d
HAG24,1720981.0590820312,1-3,731,511,2_b
HAG24,1725645.0590820312,1-3,1446,754,3_e
HAG24,1726933.0590820312,1-3,1517,849,continue
HAG24,1730061.0590820312,4-6,482,277,4_a
HAG24,1736037.0590820312,4-6,1450,510,5_e
HAG24,1747157.0590820312,4-6,712,724,6_b
HAG24,1748685.0590820312,4-6,1518,825,continue
HAG24,1753758.0590820312,7-9,954,278,7_c
HAG24,1757622.0590820312,7-9,978,508,8_c
HAG24,1764550.0590820312,7-9,1209,737,9_d
HAG24,1767126.0590820312,7-9,1522,830,continue
HAG24,1778957.0590820312,10-12,481,288,10_a
HAG24,1799693.0590820312,10-12,1202,497,11_d
HAG24,1810565.0590820312,10-12,1208,743,12_d
HAG24,1811813.0590820312,10-12,1508,833,continue
HAG24,1833542.0590820312,13-15,969,289,13_c
HAG24,1861806.0590820312,13-15,1213,511,14_d
HAG24,1881245.0590820312,13-15,1447,742,15_e
HAG24,1981565.0590820312,16-20,1488,169,16_d
HAG24,1998413.0590820312,16-20,1382,435,18_b
HAG24,2005333.0590820312,16-20,1336,572,19_a
HAG24,2011045.0590820312,16-20,1532,708,20_e
HAG24,2015317.0590820312,16-20,1339,303,17_a
HAG24,2017077.0590820312,16-20,1517,850,continue
HAG24,2028116.0590820312,21-25,1439,165,21_c
HAG24,2033700.0590820312,21-25,1385,304,22_b
HAG24,2084284.0590820312,21-25,1534,573,24_e
HAG24,2101572.0595703125,21-25,1344,430,23_a
HAG24,2111884.0590820312,21-25,1536,700,25_e
HAG24,2112860.0590820312,21-25,1506,854,continue
HAG24,2127677.0595703125,26-30,1438,167,26_c
HAG24,2174109.0590820312,26-30,1489,571,29_d
HAG24,2194061.0590820312,26-30,1487,436,28_d
HAG24,2203685.0590820312,26-30,1540,306,27_e
HAG24,2208501.0590820312,26-30,1533,709,30_e
HAG24,2287012.0595703125,31-33,721,327,31_b
HAG24,2290500.0595703125,31-33,975,580,32_c
HAG24,2292900.0595703125,31-33,723,855,33_b
HAG24,2294404.0590820312,31-33,1514,942,continue
HAG24,2298700.0590820312,34-36,1207,321,34_d
HAG24,2306076.0590820312,34-36,1455,583,35_e
HAG24,2309388.0595703125,34-36,489,855,36_a
HAG24,2311652.0590820312,34-36,1529,939,continue
HAG24,2318108.0590820312,37-39,1445,320,37_e
HAG24,2324492.0595703125,37-39,1209,586,38_d
HAG24,2330060.0590820312,37-39,969,841,39_c
HAG24,2346708.0590820312,37-39,1536,936,continue
HAG24,2365187.0590820312,40-42,486,308,40_a
HAG24,2402771.0590820312,40-42,1209,588,41_d
HAG24,2425667.0590820312,40-42,956,842,42_c
HAG24,2426891.0590820312,40-42,1536,930,continue
HAG24,2446156.0590820312,43-45,1442,306,43_e
HAG24,2541291.0590820312,46-48,1205,309,46_d
HAG24,2625643.0590820312,46-48,719,804,48_b
HAG24,2639907.0590820312,46-48,726,572,47_b
HAG24,2642667.0590820312,46-48,1516,931,continue
HAG24,2653579.0590820312,49-51,709,307,49_b
HAG24,2709522.0590820312,49-51,475,840,51_a
HAG24,2713058.0590820312,49-51,1201,570,50_d
HAS05,21028687.231933594,1-3,1197,242,1_d
HAS05,21032911.231933594,1-3,714,464,2_b
HAS05,21036479.232421875,1-3,1437,703,3_e
HAS05,21037431.231933594,1-3,1538,839,continue
HAS05,21040695.231933594,4-6,462,217,4_a
HAS05,21045439.231933594,4-6,1437,452,5_e
HAS05,21049887.232421875,4-6,743,693,6_b
HAS05,21050879.231933594,4-6,1527,828,continue
HAS05,21055671.232421875,7-9,968,214,7_c
HAS05,21066591.232421875,7-9,965,464,8_c
HAS05,21074975.231933594,7-9,720,492,8_b
HAS05,21086199.231933594,7-9,981,706,9_c
HAS05,21086767.231933594,7-9,971,696,9_c
HAS05,21090959.231933594,7-9,476,702,9_a
HAS05,21093199.231933594,7-9,970,696,9_c
HAS05,21103711.231933594,7-9,1201,707,9_d
HAS05,21105055.231933594,7-9,1529,828,continue
HAS05,21116463.231933594,10-12,485,236,10_a
HAS05,21121007.231933594,10-12,718,499,11_b
HAS05,21134231.231933594,10-12,488,716,12_a
HAS05,21135567.231933594,10-12,1514,823,continue
HAS05,21139030.231933594,13-15,725,268,13_b
HAS05,21144534.231445312,13-15,962,244,13_c
HAS05,21171590.231933594,13-15,493,493,14_a
HAS05,21178326.231933594,13-15,1202,467,14_d
HAS05,21189054.231933594,13-15,984,691,15_c
HAS05,21238110.231933594,13-15,1452,707,15_e
HAS05,21294822.231933594,16-20,1474,156,16_d
HAS05,21303854.231933594,16-20,1337,300,17_a
HAS05,21306222.231933594,16-20,1382,426,18_b
HAS05,21323429.231933594,16-20,1487,566,19_d
HAS05,21328053.231933594,16-20,1544,692,20_e
HAS05,21329006.231933594,16-20,1554,859,continue
HAS05,21336717.231933594,21-25,1436,165,21_c
HAS05,21342093.231933594,21-25,1389,303,22_b
HAS05,21356437.231933594,21-25,1332,433,23_a
HAS05,21380357.231933594,21-25,1542,565,24_e
HAS05,21388669.231933594,21-25,1487,569,24_d
HAS05,21392853.231933594,21-25,1440,569,24_c
HAS05,21428093.231933594,21-25,1428,702,25_c
HAS05,21429117.231933594,21-25,1560,864,not on any aoi
HAS05,21429997.231933594,21-25,1551,852,continue
HAS05,21439205.231933594,26-30,1377,157,26_b
HAS05,21439773.231933594,26-30,1427,156,26_c
HAS05,21476533.231933594,26-30,1440,298,27_c
HAS05,21483493.231933594,26-30,1493,430,28_d
HAS05,21502820.231933594,26-30,1490,567,29_d
HAS05,21510189.231933594,26-30,1541,701,30_e
HAS05,21562020.232421875,31-33,707,285,31_b
HAS05,21565284.231933594,31-33,965,540,32_c
HAS05,21569604.231933594,31-33,717,806,33_b
HAS05,21570644.231933594,31-33,1520,942,continue
HAS05,21573156.231933594,34-36,1213,280,34_d
HAS05,21578364.231933594,34-36,717,543,35_b
HAS05,21582532.231933594,34-36,484,802,36_a
HAS05,21585124.231933594,34-36,1537,927,continue
HAS05,21597924.231933594,37-39,1443,272,37_e
HAS05,21602780.231933594,37-39,485,536,38_a
HAS05,21612692.231933594,37-39,960,802,39_c
HAS05,21616315.231933594,37-39,1526,931,continue
HAS05,21628259.231933594,40-42,475,293,40_a
HAS05,21644619.231445312,40-42,727,548,41_b
HAS05,21645131.231933594,40-42,727,534,41_b
HAS05,21661939.231933594,40-42,1446,809,42_e
HAS05,21665035.231445312,40-42,1525,918,continue
HAS05,21673539.231933594,43-45,719,270,43_b
HAS05,21704923.231445312,43-45,1206,267,43_d
HAS05,21736011.231933594,43-45,962,772,45_c
HAS05,21841019.231933594,46-48,1196,249,46_d
HAS05,21853595.231933594,46-48,720,511,47_b
HAS05,21859091.231933594,46-48,1191,780,48_d
HAS05,21860059.231933594,46-48,1535,936,continue
HAS05,21865794.231933594,49-51,735,236,49_b
HAS05,21884602.231933594,49-51,959,525,50_c
HAS05,21888834.231933594,49-51,495,789,51_a
HAS05,21890154.231933594,49-51,1534,926,continue
HAS05,21908634.231933594,52-54,1180,243,52_d
HAS05,21919274.231933594,52-54,957,516,53_c
HAS05,21930514.231445312,52-54,959,785,54_c
HAS05,21931490.231933594,52-54,1537,947,continue
HAS05,21931794.231933594,52-54,1517,921,continue
HAS05,21943930.231933594,55-56,944,280,55_c
HAS05,21968138.231933594,55-56,1444,562,56_e
HAS05,22008178.231933594,55-56,737,525,56_b
HEK12,2560961.998046875,1-3,1201,229,1_d
HEK12,2563953.998046875,1-3,725,466,2_b
HEK12,2567793.998046875,1-3,1442,693,3_e
HEK12,2568513.998046875,1-3,1527,842,continue
HEK12,2571425.9975585938,4-6,478,224,4_a
HEK12,2581217.998046875,4-6,1442,444,5_e
HEK12,2588201.998046875,4-6,719,682,6_b
HEK12,2590609.9975585938,4-6,1536,826,continue
HEK12,2594521.998046875,7-9,964,227,7_c
HEK12,2601033.998046875,7-9,968,443,8_c
HEK12,2613201.998046875,7-9,1203,681,9_d
HEK12,2615217.998046875,7-9,1545,824,continue
HEK12,2631681.998046875,10-12,1201,223,10_d
HEK12,2639360.998046875,10-12,1442,440,11_e
HEK12,2652064.998046875,10-12,480,678,12_a
HEK12,2657704.998046875,10-12,1504,827,continue
HEK12,2689240.998046875,13-15,481,216,13_a
HEK12,2715568.998046875,13-15,1202,452,14_d
HEK12,2760952.998046875,13-15,486,681,15_a
HEK12,2823864.998046875,16-20,1492,165,16_d
HEK12,2839264.998046875,16-20,1388,429,18_b
HEK12,2862903.998046875,16-20,1342,300,17_a
HEK12,2877431.998046875,16-20,1546,701,20_e
HEK12,2883623.998046875,16-20,1336,566,19_a
HEK12,2895119.998046875,16-20,1519,847,continue
HEK12,2899408.998046875,21-25,1429,161,21_c
HEK12,2914048.998046875,21-25,1380,297,22_b
HEK12,2946512.998046875,21-25,1345,424,23_a
HEK12,2984856.998046875,21-25,1540,566,24_e
HEK12,3012832.998046875,21-25,1387,695,25_b
HEK12,3013967.998046875,21-25,1547,855,continue
HEK12,3052399.998046875,26-30,1393,298,27_b
HEK12,3094591.998046875,31-33,721,274,31_b
HEK12,3097143.998046875,31-33,957,528,32_c
HEK12,3098167.998046875,31-33,962,540,32_c
HEK12,3100159.998046875,31-33,720,801,33_b
HEK12,3101055.998046875,31-33,1523,927,continue
HEK12,3104294.998046875,34-36,1201,269,34_d
HEK12,3120367.998046875,34-36,1208,533,35_d
HEK12,3121198.998046875,34-36,1198,535,35_d
HEK12,3126758.998046875,34-36,719,536,35_b
HEK12,3130998.998046875,34-36,723,803,36_b
HEK12,3133270.998046875,34-36,1532,930,continue
HEK12,3143799.998046875,37-39,1441,267,37_e
HEK12,3154607.998046875,37-39,1198,530,38_d
HEK12,3163783.998046875,37-39,959,799,39_c
HEK12,3166655.998046875,37-39,1534,933,continue
HEK12,3169718.998046875,40-42,1534,923,continue
HEK12,3184918.998046875,43-45,725,271,43_b
HEK12,3195614.998046875,43-45,1203,520,44_d
HEK12,3252798.998046875,43-45,481,773,45_a
HEK12,3463725.998046875,46-48,967,238,46_c
HEK12,3477957.9985351562,46-48,419,931,back
HEK12,3508854.998046875,46-48,1204,234,46_d
HEK12,3515141.9985351562,46-48,715,500,47_b
HEK12,3522741.998046875,46-48,1203,769,48_d
HEK12,3534645.998046875,46-48,1530,937,continue
HEK12,3548014.998046875,49-51,724,231,49_b
HEK12,3578182.998046875,49-51,962,502,50_c
HHS20,3300871.7607421875,1-3,1202,240,1_d
HHS20,3302599.7612304688,1-3,737,511,2_b
HHS20,3305887.7612304688,1-3,1456,734,3_e
HHS20,3307151.7612304688,1-3,1520,840,continue
HHS20,3309575.7607421875,4-6,494,267,4_a
HHS20,3313767.7612304688,4-6,1462,497,5_e
HHS20,3320559.7612304688,4-6,739,728,6_b
HHS20,3322335.7612304688,4-6,1544,829,continue
HHS20,3331966.7612304688,7-9,1437,262,7_e
HHS20,3334686.7607421875,7-9,728,492,8_b
HHS20,3341646.7612304688,7-9,476,709,9_a
HHS20,3342678.7612304688,7-9,482,723,9_a
HHS20,3343974.7612304688,7-9,1514,831,continue
HHS20,3350342.7612304688,10-12,498,272,10_a
HHS20,3356198.7612304688,10-12,724,273,10_b
HHS20,3368238.7612304688,10-12,1201,487,11_d
HHS20,3378086.7612304688,10-12,483,722,12_a
HHS20,3379846.7612304688,10-12,1508,820,continue
HHS20,3398518.7612304688,13-15,967,263,13_c
HHS20,3423278.7607421875,13-15,1202,495,14_d
HHS20,3435174.7612304688,13-15,1448,725,15_e
HHS20,3443862.7612304688,13-15,1670,629,not on any aoi
HHS20,3448206.7607421875,13-15,1642,804,not on any aoi
HHS20,3533797.7612304688,13-15,388,826,back
HHS20,3571517.7612304688,16-20,1483,163,16_d
HHS20,3578677.7612304688,16-20,439,329,not on any aoi
HHS20,3580285.7612304688,16-20,1336,295,17_a
HHS20,3587837.7612304688,16-20,1385,430,18_b
HHS20,3596021.7612304688,16-20,1337,562,19_a
HHS20,3600013.7612304688,16-20,1542,696,20_e
HHS20,3602133.7612304688,16-20,1540,866,continue
HHS20,3606533.7612304688,16-20,1524,856,continue
HHS20,3618661.7612304688,21-25,1434,162,21_c
HHS20,3622021.7612304688,21-25,1378,292,22_b
HHS20,3636877.7612304688,21-25,1334,426,23_a
HHS20,3655581.7612304688,21-25,1441,566,24_c
HHS20,3669812.7612304688,21-25,1537,699,25_e
HHS20,3670660.7612304688,21-25,1539,856,continue
HHS20,3697596.7612304688,26-30,1533,295,27_e
HHS20,3707532.7612304688,26-30,1486,425,28_d
HHS20,3759100.76171875,26-30,1436,697,30_c
HHS20,3782020.7612304688,26-30,1434,155,26_c
HHS20,3849859.7612304688,31-33,722,275,31_b
HHS20,3852203.7612304688,31-33,967,575,32_c
HHS20,3854739.7612304688,31-33,732,844,33_b
HHS20,3856003.7612304688,31-33,1518,931,continue
HHS20,3861020.7612304688,34-36,1232,321,34_d
HHS20,3867195.7612304688,34-36,726,578,35_b
HHS20,3871163.7612304688,34-36,491,839,36_a
HHS20,3872915.76171875,34-36,1542,932,continue
HHS20,3875283.76171875,37-39,480,310,37_a
HHS20,3876059.76171875,37-39,481,310,37_a
HHS20,3879747.7612304688,37-39,1442,318,37_e
HHS20,3886307.7612304688,37-39,1201,577,38_d
HHS20,3895211.76171875,37-39,964,839,39_c
HHS20,3903835.7612304688,37-39,482,847,39_a
HHS20,3912787.7612304688,37-39,1516,937,continue
HHS20,3929539.7612304688,40-42,489,307,40_a
HHS20,3954075.7612304688,40-42,711,573,41_b
HHS20,3973283.76171875,40-42,963,837,42_c
HHS20,3975163.7612304688,40-42,1551,924,continue
HHS20,3986331.7612304688,43-45,718,300,43_b
HHS20,4167122.7612304688,46-48,1188,266,46_d
HHS20,4179242.7612304688,46-48,723,543,47_b
HHS20,4196353.761230469,46-48,1210,799,48_d
HHS20,4199362.761230469,46-48,1529,922,continue
HHS20,4206922.761230469,49-51,714,290,49_b
HHS20,4224666.761230469,49-51,956,541,50_c
HHS20,4238482.760742188,49-51,492,815,51_a
HHS20,4242594.760742188,49-51,1546,929,continue
HHS20,4259249.761230469,52-54,1207,292,52_d
HHS20,4287537.761230469,52-54,496,543,53_a
HHS20,4335545.761230469,52-54,483,830,54_a
HHS20,4336345.761230469,52-54,491,811,54_a
HHS20,4337601.761230469,52-54,1548,924,continue
HJF09,6802434.1591796875,1-3,1204,289,1_d
HJF09,6805546.1591796875,1-3,1204,246,1_d
HJF09,6809482.1591796875,1-3,721,473,2_b
HJF09,6815178.1591796875,1-3,1445,699,3_e
HJF09,6815642.1591796875,1-3,1445,692,3_e
HJF09,6816882.1591796875,1-3,1527,831,continue
HJF09,6822611.1591796875,4-6,482,223,4_a
HJF09,6826738.1591796875,4-6,1438,453,5_e
HJF09,6833018.1591796875,4-6,723,678,6_b
HJF09,6834474.1591796875,4-6,1545,829,continue
HJF09,6840146.1591796875,7-9,958,220,7_c
HJF09,6844778.1591796875,7-9,962,448,8_c
HJF09,6855986.1591796875,7-9,1197,672,9_d
HJF09,6856442.1591796875,7-9,1199,684,9_d
HJF09,6858226.1591796875,7-9,1539,826,continue
HJF09,6870186.1591796875,10-12,1197,227,10_d
HJF09,6878434.1591796875,10-12,722,452,11_b
HJF09,6883554.1591796875,10-12,475,688,12_a
HJF09,6892770.1591796875,10-12,1528,828,continue
HJF09,6894234.1591796875,10-12,1527,822,continue
HJF09,6897098.1591796875,10-12,1532,827,continue
HJF09,6897674.1591796875,10-12,1532,827,continue
HJF09,6897938.1591796875,10-12,1532,827,continue
HJF09,6898122.1591796875,10-12,1532,827,continue
HJF09,6898282.1591796875,10-12,1532,827,continue
HJF09,6898442.1591796875,10-12,1532,827,continue
HJF09,6898602.1591796875,10-12,1532,827,continue
HJF09,6934265.1591796875,13-15,1202,455,14_d
HJF09,6975801.1591796875,13-15,961,225,13_c
HJF09,6993697.1591796875,13-15,1442,682,15_e
HJF09,6998905.1591796875,13-15,1536,830,continue
HJF09,7016777.159667969,13-15,1514,815,continue
HJF09,7062953.1591796875,16-20,1482,157,16_d
HJF09,7066761.1591796875,16-20,1336,297,17_a
HJF09,7071481.159667969,16-20,1382,424,18_b
HJF09,7079929.1591796875,16-20,1337,557,19_a
HJF09,7092801.1591796875,16-20,1532,698,20_e
HJF09,7094097.1591796875,16-20,1533,852,continue
HJF09,7100721.1591796875,21-25,1437,164,21_c
HJF09,7111377.1591796875,21-25,1384,294,22_b
HJF09,7125961.159667969,21-25,1438,423,23_c
HJF09,7135633.1591796875,21-25,1333,422,23_a
HJF09,7159424.1591796875,21-25,1439,560,24_c
HJF09,7174000.159667969,21-25,1537,694,25_e
HJF09,7174920.1591796875,21-25,1516,850,continue
HJF09,7191840.1591796875,26-30,1439,159,26_c
HJF09,7230280.1591796875,26-30,1486,295,27_d
HJF09,7246096.1591796875,26-30,1536,293,27_e
HJF09,7297304.1591796875,26-30,1535,699,30_e
HJF09,7327215.1591796875,31-33,719,263,31_b
HJF09,7329711.1591796875,31-33,965,535,32_c
HJF09,7332071.1591796875,31-33,721,803,33_b
HJF09,7333183.1591796875,31-33,1529,929,continue
HJF09,7335727.1591796875,34-36,1200,268,34_d
HJF09,7338895.1591796875,34-36,716,533,35_b
HJF09,7341543.1591796875,34-36,489,806,36_a
HJF09,7342799.1591796875,34-36,1534,941,continue
HJF09,7348616.1591796875,37-39,1442,268,37_e
HJF09,7353399.1591796875,37-39,1203,534,38_d
HJF09,7360895.1591796875,37-39,962,807,39_c
HJF09,7362807.1591796875,37-39,1527,933,continue
HJF09,7370327.1591796875,40-42,481,266,40_a
HJF09,7379967.1591796875,40-42,957,542,41_c
HJF09,7403863.158691406,40-42,964,806,42_c
HJF09,7412023.1591796875,40-42,1509,916,continue
HJF09,7425079.1591796875,43-45,712,267,43_b
HJF09,7460255.1591796875,43-45,465,546,44_a
HJF09,7462383.158691406,43-45,478,523,44_a
HJF09,7608678.1591796875,46-48,1200,233,46_d
HJF09,7620373.1591796875,46-48,721,502,47_b
HJF09,7642285.1591796875,46-48,718,765,48_b
HJF09,7650789.1591796875,46-48,1527,926,continue
HJF09,7663374.1591796875,49-51,723,228,49_b
HJF09,7674494.1591796875,49-51,959,503,50_c
HJF09,7692526.1591796875,49-51,478,765,51_a
HJF09,7697622.1591796875,49-51,1527,931,continue
HJF09,7712277.159667969,52-54,1205,244,52_d
HJF09,7723741.1591796875,52-54,479,501,53_a
HJF09,7743037.1591796875,52-54,484,762,54_a
HJF09,7746917.1591796875,52-54,1522,921,continue
HJT20,2023225.453125,1-3,1195,229,1_d
HJT20,2026521.453125,1-3,720,465,2_b
HJT20,2032905.453125,1-3,1454,697,3_e
HJT20,2036081.453125,1-3,1509,834,continue
HJT20,2041000.453125,4-6,483,221,4_a
HJT20,2049320.453125,4-6,1437,455,5_e
HJT20,2056712.453125,4-6,723,678,6_b
HJT20,2059224.453125,4-6,1523,818,continue
HJT20,2066704.453125,7-9,961,224,7_c
HJT20,2072072.453613281,7-9,966,475,8_c
HJT20,2085048.453125,7-9,1199,699,9_d
HJT20,2086032.453613281,7-9,1506,825,continue
HJT20,2097320.453125,10-12,479,230,10_a
HJT20,2112016.453125,10-12,719,448,11_b
HJT20,2125376.453125,10-12,494,720,12_a
HJT20,2130984.453125,10-12,1506,829,continue
HJT20,2157848.453613281,13-15,942,226,13_c
HJT20,2183736.453613281,13-15,1203,484,14_d
HJT20,2210688.453125,13-15,1126,630,not on any aoi
HJT20,2221616.453125,13-15,1444,745,15_e
HJT20,2228656.453125,13-15,1191,730,15_d
HJT20,2230248.453125,13-15,1387,725,15_e
HJT20,2230712.453125,13-15,1443,724,15_e
HJT20,2292807.453125,16-20,1485,160,16_d
HJT20,2301463.453125,16-20,1327,294,17_a
HJT20,2304447.453613281,16-20,1387,424,18_b
HJT20,2312142.453125,16-20,1328,563,19_a
HJT20,2325086.4526367188,16-20,1532,708,20_e
HJT20,2325926.453125,16-20,1525,853,continue
HJT20,2336079.453125,21-25,1445,153,21_c
HJT20,2343535.453125,21-25,1392,294,22_b
HJT20,2355975.453125,21-25,1337,440,23_a
HJT20,2365527.453125,21-25,1438,561,24_c
HJT20,2378543.453125,21-25,1527,701,25_e
HJT20,2379487.453125,21-25,1535,858,continue
HJT20,2407342.453125,26-30,1432,160,26_c
HJT20,2424070.453125,26-30,1543,296,27_e
HJT20,2440022.453125,26-30,1493,430,28_d
HJT20,2516974.4526367188,26-30,1386,558,29_b
HJT20,2521118.453125,26-30,1437,701,30_c
HJT20,2562694.453125,31-33,718,272,31_b
HJT20,2565078.453125,31-33,953,546,32_c
HJT20,2569518.453125,31-33,712,831,33_b
HJT20,2570822.453125,31-33,1531,921,continue
HJT20,2571934.453125,31-33,1529,938,continue
HJT20,2575701.453125,34-36,1191,301,34_d
HJT20,2583053.453125,34-36,728,570,35_b
HJT20,2585957.453125,34-36,469,812,36_a
HJT20,2587749.453125,34-36,1501,931,continue
HJT20,2594845.453125,37-39,1452,314,37_e
HJT20,2600965.453125,37-39,1217,545,38_d
HJT20,2607877.453125,37-39,960,839,39_c
HJT20,2610597.453125,37-39,1528,942,continue
HJT20,2619901.453125,40-42,465,310,40_a
HJT20,2649541.453125,40-42,482,570,41_a
HJT20,2680525.453125,40-42,961,835,42_c
HJT20,2683717.453125,40-42,1532,915,continue
HJT20,2694396.453125,43-45,1211,291,43_d
HJT20,2737556.453125,43-45,485,812,45_a
HJT20,2832156.453125,46-48,1191,255,46_d
HJT20,2851260.453125,46-48,698,559,47_b
HJT20,2860436.453125,46-48,1227,814,48_d
HJT20,2863108.453125,46-48,1514,923,continue
HJT20,2873828.4536132812,49-51,722,300,49_b
HJT20,2915492.453125,49-51,469,826,51_a
HJT20,2938723.453125,49-51,511,547,50_a
HJT20,2940923.453125,49-51,1510,926,continue
HJT20,2953219.453125,52-54,1182,304,52_d
HJT20,2969843.4526367188,52-54,481,813,54_a
HJT20,2975755.453125,52-54,473,589,53_a
HJT20,2977131.453125,52-54,1535,932,continue
HJT20,2990995.4526367188,55-56,958,578,56_c
HMR03,2143020.4174804688,1-3,1200,233,1_d
HMR03,2144196.4169921875,1-3,1195,276,1_d
HMR03,2149092.4169921875,1-3,716,496,2_b
HMR03,2154620.4169921875,1-3,1446,734,3_e
HMR03,2157940.4169921875,1-3,1533,836,continue
HMR03,2161476.4169921875,4-6,482,268,4_a
HMR03,2168908.4169921875,4-6,1451,497,5_e
HMR03,2173700.4169921875,4-6,714,724,6_b
HMR03,2175628.4169921875,4-6,1527,824,continue
HMR03,2183524.4169921875,7-9,967,272,7_c
HMR03,2190476.4169921875,7-9,950,504,8_c
HMR03,2201340.4169921875,7-9,1206,733,9_d
HMR03,2202580.4169921875,7-9,1538,828,continue
HMR03,2215980.4169921875,10-12,485,267,10_a
HMR03,2229580.4169921875,10-12,727,500,11_b
HMR03,2237436.4169921875,10-12,487,730,12_a
HMR03,2239004.4169921875,10-12,1545,829,continue
HMR03,2269515.4169921875,13-15,969,280,13_c
HMR03,2290627.4169921875,13-15,484,485,14_a
HMR03,2297851.4169921875,13-15,1201,506,14_d
HMR03,2326059.4174804688,13-15,492,731,15_a
HMR03,2337595.4169921875,13-15,1513,816,continue
HMR03,2341571.4169921875,13-15,406,827,back
HMR03,2344131.4174804688,10-12,1539,820,continue
HMR03,2356787.4169921875,13-15,731,731,15_b
HMR03,2409507.4174804688,16-20,1487,162,16_d
HMR03,2413411.4169921875,16-20,1334,292,17_a
HMR03,2416187.4169921875,16-20,1393,436,18_b
HMR03,2423051.4169921875,16-20,1339,574,19_a
HMR03,2438987.4174804688,16-20,1439,560,19_c
HMR03,2445435.4174804688,16-20,1543,691,20_e
HMR03,2446459.4169921875,16-20,1536,855,continue
HMR03,2461642.4169921875,21-25,1436,162,21_c
HMR03,2472034.4169921875,21-25,1389,301,22_b
HMR03,2477850.4165039062,21-25,1334,431,23_a
HMR03,2525178.4169921875,21-25,1486,565,24_d
HMR03,2531762.4169921875,21-25,1384,703,25_b
HMR03,2536530.4169921875,21-25,1547,851,continue
HMR03,2556594.4165039062,26-30,1535,300,27_e
HMR03,2565634.4169921875,26-30,1493,439,28_d
HMR03,2606706.4169921875,26-30,451,738,not on any aoi
HMR03,2608330.4169921875,26-30,1340,703,30_a
HMR03,2627457.4169921875,26-30,1484,567,29_d
HMR03,2671434.4169921875,31-33,739,308,31_b
HMR03,2673722.4169921875,31-33,976,574,32_c
HMR03,2677826.4169921875,31-33,722,842,33_b
HMR03,2680266.4169921875,31-33,1523,929,continue
HMR03,2684769.4169921875,34-36,1213,322,34_d
HMR03,2691065.4169921875,34-36,722,581,35_b
HMR03,2703041.4169921875,34-36,481,835,36_a
HMR03,2707745.4169921875,34-36,1528,929,continue
HMR03,2717938.4169921875,37-39,1459,324,37_e
HMR03,2731138.4169921875,37-39,1200,586,38_d
HMR03,2750770.4169921875,37-39,958,849,39_c
HMR03,2762009.4169921875,37-39,1515,935,continue
HMR03,2782377.4169921875,40-42,484,302,40_a
HMR03,2805737.4169921875,40-42,486,562,41_a
HMR03,2929040.4174804688,46-48,1221,283,46_d
HMR03,2946584.4169921875,46-48,1450,561,47_e
HMR03,2964200.4169921875,46-48,1197,829,48_d
HMR03,2967944.4169921875,46-48,1519,923,continue
HMR03,2973656.4169921875,49-51,718,294,49_b
HMR03,3001312.4169921875,49-51,957,542,50_c
HMR03,3020464.4169921875,49-51,499,821,51_a
HMR03,3021808.4169921875,49-51,1536,924,continue
HMR03,3042896.4169921875,52-54,1192,282,52_d
HMR03,3065431.4169921875,52-54,497,563,53_a
HMR03,3070367.4169921875,52-54,490,833,54_a
HMR03,3073823.4169921875,52-54,1533,929,continue
HPE20,3711064.7109375,1-3,1200,239,1_d
HPE20,3713624.7114257812,1-3,716,462,2_b
HPE20,3717768.7109375,1-3,1438,695,3_e
HPE20,3720896.7109375,1-3,1505,831,continue
HPE20,3725352.7109375,4-6,481,223,4_a
HPE20,3730632.7109375,4-6,1436,450,5_e
HPE20,3740136.7109375,4-6,723,683,6_b
HPE20,3745928.7109375,4-6,1539,836,continue
HPE20,3750040.7109375,7-9,961,226,7_c
HPE20,3757496.7109375,7-9,724,454,8_b
HPE20,3767992.7114257812,7-9,1204,682,9_d
HPE20,3769112.7109375,7-9,1530,818,continue
HPE20,3785768.7109375,10-12,481,217,10_a
HPE20,3796808.7114257812,10-12,720,449,11_b
HPE20,3808560.7109375,10-12,478,682,12_a
HPE20,3810344.7109375,10-12,1518,829,continue
HPE20,3840376.7109375,13-15,965,215,13_c
HPE20,3855056.7109375,13-15,1203,443,14_d
HPE20,3939112.7109375,13-15,716,681,15_b
HPE20,3991768.7109375,16-20,1486,159,16_d
HPE20,3995648.7109375,16-20,1337,300,17_a
HPE20,4005936.7109375,16-20,1489,423,18_d
HPE20,4007544.7109375,16-20,1386,436,18_b
HPE20,4021280.7109375,16-20,1342,566,19_a
HPE20,4043080.7109375,16-20,1533,705,20_e
HPE20,4051168.7109375,16-20,1513,885,not on any aoi
HPE20,4051872.7109375,16-20,1512,857,continue
HPE20,4066976.7109375,21-25,1443,157,21_c
HPE20,4072672.7109375,21-25,1379,295,22_b
HPE20,4082384.7109375,21-25,1334,427,23_a
HPE20,4098032.7114257812,21-25,1433,569,24_c
HPE20,4124872.7109375,21-25,1391,698,25_b
HPE20,4126536.7109375,21-25,1541,849,continue
HPE20,4140351.7109375,26-30,1432,164,26_c
HPE20,4155143.7114257812,26-30,1536,296,27_e
HPE20,4169975.7109375,26-30,1485,427,28_d
HPE20,4182847.7114257812,26-30,1391,559,29_b
HPE20,4208919.711425781,26-30,1533,696,30_e
HPE20,4215095.7109375,26-30,1482,566,29_d
HPE20,4266783.7109375,31-33,721,272,31_b
HPE20,4269567.7109375,31-33,961,536,32_c
HPE20,4271703.711425781,31-33,714,791,33_b
HPE20,4275383.7109375,31-33,1507,944,continue
HPE20,4278711.7109375,34-36,1205,269,34_d
HPE20,4282519.711425781,34-36,1447,537,35_e
HPE20,4290375.7109375,34-36,485,802,36_a
HPE20,4293895.7109375,34-36,1530,935,continue
HPE20,4296463.7109375,37-39,411,939,back
HPE20,4300639.7109375,34-36,1513,943,continue
HPE20,4303174.7109375,37-39,401,926,back
HPE20,4309974.7109375,34-36,718,541,35_b
HPE20,4312126.7109375,34-36,1532,943,continue
HPE20,4318431.7109375,37-39,1444,270,37_e
HPE20,4323583.7109375,37-39,1202,533,38_d
HPE20,4335759.7109375,37-39,962,802,39_c
HPE20,4372151.7109375,37-39,1206,801,39_d
HPE20,4378687.7109375,37-39,1542,938,continue
HPE20,4404439.711425781,40-42,715,270,40_b
HPE20,4416295.711425781,40-42,484,267,40_a
HPE20,4542214.7109375,46-48,1203,239,46_d
HPE20,4555054.7109375,46-48,1454,504,47_e
HPE20,4579798.7109375,46-48,716,759,48_b
HPE20,4580926.7109375,46-48,1531,927,continue
HPE20,4592670.7109375,49-51,718,238,49_b
HPE20,4609910.7109375,49-51,958,500,50_c
HPE20,4618838.7109375,49-51,479,764,51_a
HPE20,4625814.7109375,49-51,1525,923,continue
HPE20,4635678.7109375,52-54,721,240,52_b
HPE20,4644702.7109375,52-54,469,503,53_a
HPE20,4683254.7109375,52-54,958,761,54_c
HPE20,4684398.7109375,52-54,1548,931,continue
HPE20,4705598.7109375,55-56,972,240,55_c
HPE20,4712822.710449219,55-56,721,501,56_b
HRK27,2660734.234863281,1-3,1198,236,1_d
HRK27,2663766.234863281,1-3,720,468,2_b
HRK27,2670358.234863281,1-3,1439,684,3_e
HRK27,2671646.234863281,1-3,1529,836,continue
HRK27,2674949.234863281,4-6,480,227,4_a
HRK27,2681541.234863281,4-6,1440,459,5_e
HRK27,2693245.234863281,4-6,727,715,6_b
HRK27,2694629.234863281,4-6,1526,823,continue
HRK27,2699093.2353515625,7-9,961,227,7_c
HRK27,2707901.2353515625,7-9,962,451,8_c
HRK27,2726653.234863281,7-9,1206,684,9_d
HRK27,2728453.234863281,7-9,1521,830,continue
HRK27,2735374.234863281,10-12,481,224,10_a
HRK27,2743854.234863281,10-12,716,453,11_b
HRK27,2753862.234863281,10-12,478,676,12_a
HRK27,2755766.234863281,10-12,1531,820,continue
HRK27,2777237.2353515625,13-15,480,218,13_a
HRK27,2793877.234863281,13-15,1199,451,14_d
HRK27,2811397.234863281,13-15,720,683,15_b
HRK27,2885229.2348632812,13-15,963,217,13_c
HRK27,2888285.2348632812,13-15,404,826,back
HRK27,2891813.2348632812,10-12,1545,826,continue
HRK27,2919260.2348632812,16-20,1490,161,16_d
HRK27,2925068.2348632812,16-20,1333,298,17_a
HRK27,2928516.2348632812,16-20,1384,433,18_b
HRK27,2935428.2348632812,16-20,1333,566,19_a
HRK27,2951108.2348632812,16-20,1379,698,20_b
HRK27,2952412.2348632812,16-20,1531,857,continue
HRK27,2971332.2348632812,21-25,1438,161,21_c
HRK27,2976765.2348632812,21-25,1384,294,22_b
HRK27,3001572.2348632812,21-25,1386,424,23_b
HRK27,3004340.2348632812,21-25,1436,428,23_c
HRK27,3023764.2348632812,21-25,1434,563,24_c
HRK27,3037828.2348632812,21-25,1532,694,25_e
HRK27,3039700.2348632812,21-25,1516,853,continue
HRK27,3049316.2348632812,26-30,1490,160,26_d
HRK27,3073860.2348632812,26-30,1381,296,27_b
HRK27,3101820.2348632812,26-30,1485,424,28_d
HRK27,3123524.2348632812,26-30,1383,561,29_b
HRK27,3134628.2348632812,26-30,1531,703,30_e
HRK27,3192963.2348632812,31-33,721,274,31_b
HRK27,3194979.2348632812,31-33,961,542,32_c
HRK27,3197715.2348632812,31-33,724,800,33_b
HRK27,3198883.2348632812,31-33,1535,933,continue
HRK27,3202611.2348632812,34-36,1197,263,34_d
HRK27,3206827.2348632812,34-36,723,534,35_b
HRK27,3209291.2348632812,34-36,483,804,36_a
HRK27,3210467.2348632812,34-36,1526,928,continue
HRK27,3215307.2348632812,37-39,1437,271,37_e
HRK27,3224235.2348632812,37-39,1201,539,38_d
HRK27,3234787.2348632812,37-39,955,797,39_c
HRK27,3236603.2348632812,37-39,1515,925,continue
HRK27,3247259.2348632812,40-42,486,270,40_a
HRK27,3284810.2353515625,40-42,714,536,41_b
HRK27,3302378.2348632812,40-42,962,804,42_c
HRK27,3303754.2348632812,40-42,1523,918,continue
HRK27,3313714.2348632812,43-45,1200,267,43_d
HRK27,3329050.2348632812,43-45,1441,519,44_e
HRK27,3360026.2348632812,43-45,479,775,45_a
HRK27,3431858.2348632812,46-48,1200,234,46_d
HRK27,3440298.2348632812,46-48,1436,503,47_e
HRK27,3453218.2353515625,46-48,720,768,48_b
HRK27,3454626.2353515625,46-48,1515,925,continue
HRK27,3465826.2348632812,49-51,723,237,49_b
HRK27,3488370.2348632812,49-51,961,502,50_c
HRK27,3501394.2348632812,49-51,486,767,51_a
HRK27,3510321.2348632812,49-51,1521,916,continue
HRK27,3537962.2348632812,52-54,1197,239,52_d
HRK27,3556370.2348632812,52-54,483,495,53_a
HRK27,3586009.234375,52-54,483,759,54_a
HRK27,3587497.2348632812,52-54,1537,931,continue
HTG14,3505375.6821289062,1-3,1236,274,1_d
HTG14,3508199.6821289062,1-3,718,515,2_b
HTG14,3512439.6821289062,1-3,1437,734,3_e
HTG14,3513647.6821289062,1-3,1551,843,continue
HTG14,3516615.6821289062,4-6,478,271,4_a
HTG14,3523351.6821289062,4-6,1431,497,5_e
HTG14,3527534.6821289062,4-6,737,747,6_b
HTG14,3529390.6821289062,4-6,1519,831,continue
HTG14,3534470.6821289062,7-9,482,277,7_a
HTG14,3539334.6821289062,7-9,727,517,8_b
HTG14,3554926.6821289062,7-9,1203,737,9_d
HTG14,3556406.6821289062,7-9,1517,818,continue
HTG14,3565806.6821289062,10-12,495,272,10_a
HTG14,3580254.6821289062,10-12,1201,501,11_d
HTG14,3595054.6821289062,10-12,484,734,12_a
HTG14,3596374.6821289062,10-12,1537,834,continue
HTG14,3609134.6821289062,13-15,476,278,13_a
HTG14,3611950.6821289062,13-15,995,285,13_c
HTG14,3628854.6821289062,13-15,1189,513,14_d
HTG14,3657190.6821289062,13-15,1433,740,15_e
HTG14,3661550.6821289062,13-15,1542,830,continue
HTG14,3662046.6821289062,13-15,1560,846,continue
HTG14,3662270.6821289062,13-15,1578,841,not on any aoi
HTG14,3662478.6821289062,13-15,1581,794,not on any aoi
HTG14,3662638.6821289062,13-15,1521,853,not on any aoi
HTG14,3662854.6821289062,13-15,1625,881,not on any aoi
HTG14,3690614.6821289062,13-15,378,828,back
HTG14,3703414.6821289062,10-12,725,491,11_b
HTG14,3725669.682617188,10-12,1525,824,continue
HTG14,3773181.6821289062,16-20,1488,167,16_d
HTG14,3777549.6821289062,16-20,1340,296,17_a
HTG14,3783437.6821289062,16-20,1387,427,18_b
HTG14,3794661.6821289062,16-20,1340,562,19_a
HTG14,3802005.682617188,16-20,1537,703,20_e
HTG14,3803109.6821289062,16-20,1536,856,continue
HTG14,3805781.682617188,16-20,1523,857,continue
HTG14,3808013.6821289062,16-20,1628,754,not on any aoi
HTG14,3811013.6821289062,16-20,1525,847,continue
HTG14,3812229.6821289062,16-20,1525,848,continue
HTG14,3813181.6821289062,16-20,1525,848,continue
HTG14,3813437.6821289062,16-20,1525,848,continue
HTG14,3818365.6821289062,16-20,405,849,back
HTG14,3820437.6821289062,16-20,1519,848,continue
HTG14,3821165.6821289062,16-20,1541,855,continue
HTG14,3821581.6821289062,16-20,1538,855,continue
HTG14,3821885.6821289062,16-20,1540,860,continue
HTG14,3824397.6821289062,16-20,1222,180,not on any aoi
HTG14,3825061.6821289062,16-20,1197,321,not on any aoi
HTG14,3825429.6821289062,16-20,1179,459,not on any aoi
HTG14,3825765.6821289062,16-20,1189,577,not on any aoi
HTG14,3826109.6821289062,16-20,1207,708,not on any aoi
HTG14,3826989.6821289062,16-20,1543,849,continue
HTG14,3828573.6821289062,16-20,1549,856,continue
HTG14,3830965.682617188,21-25,393,849,back
HTG14,3833085.6821289062,16-20,1515,857,continue
HTG14,3841860.682617188,21-25,1435,161,21_c
HTG14,3847092.6821289062,21-25,1392,300,22_b
HTG14,3861468.6821289062,21-25,1336,425,23_a
HTG14,3875836.6821289062,21-25,1428,568,24_c
HTG14,3885892.682617188,21-25,1543,698,25_e
HTG14,3886924.6821289062,21-25,1528,854,continue
HTG14,3904397.6821289062,26-30,1437,160,26_c
HTG14,3932213.6821289062,26-30,1541,294,27_e
HTG14,3944317.6821289062,26-30,1483,428,28_d
HTG14,3984012.6821289062,26-30,1481,564,29_d
HTG14,4004764.6821289062,26-30,1443,703,30_c
HTG14,4046220.6821289062,31-33,735,283,31_b
HTG14,4049244.6821289062,31-33,970,559,32_c
HTG14,4051068.6821289062,31-33,732,822,33_b
HTG14,4052516.6821289062,31-33,1537,940,continue
HTG14,4055604.6821289062,34-36,1215,307,34_d
HTG14,4058692.6821289062,34-36,710,566,35_b
HTG14,4065588.6821289062,34-36,479,838,36_a
HTG14,4067036.6821289062,34-36,1518,939,continue
HTG14,4075315.681640625,37-39,1455,320,37_e
HTG14,4081787.6821289062,37-39,1215,580,38_d
HTG14,4088627.6821289062,37-39,963,850,39_c
HTG14,4090443.6821289062,37-39,1532,941,continue
HTG14,4100324.6821289062,40-42,483,319,40_a
HTG14,4150611.681640625,40-42,726,574,41_b
HTG14,4189299.6821289062,40-42,722,837,42_b
HTG14,4196467.682128906,40-42,971,825,42_c
HTG14,4204035.682128906,40-42,1550,923,continue
HTG14,4213859.682128906,43-45,1194,306,43_d
HTG14,4222755.682128906,43-45,1442,537,44_e
HTG14,4299386.682128906,46-48,1194,302,46_d
HTG14,4310522.682128906,46-48,1445,563,47_e
HTG14,4348409.682128906,46-48,738,822,48_b
HTG14,4349433.682128906,46-48,689,804,48_b
HTG14,4350641.682128906,46-48,1547,928,continue
HTG14,4364746.682128906,49-51,745,281,49_b
HTG14,4377506.682128906,49-51,975,563,50_c
HTG14,4385218.682128906,49-51,469,831,51_a
HTG14,4391450.682128906,49-51,1541,934,continue
HTG14,4412193.682128906,52-54,1184,324,52_d
HTG14,4426113.682128906,52-54,504,561,53_a
HTG14,4447450.682128906,52-54,500,840,54_a
HTG14,4453353.682128906,52-54,1527,925,continue
HTS24,2022922.21484375,1-3,1212,288,1_d
HTS24,2027050.21484375,1-3,720,469,2_b
HTS24,2031602.21484375,1-3,1451,703,3_e
HTS24,2032322.21484375,1-3,1532,830,continue
HTS24,2035794.21484375,4-6,482,219,4_a
HTS24,2042050.21484375,4-6,1445,441,5_e
HTS24,2048418.21484375,4-6,726,695,6_b
HTS24,2049634.21484375,4-6,1540,825,continue
HTS24,2060306.21484375,7-9,963,233,7_c
HTS24,2066970.21484375,7-9,722,447,8_b
HTS24,2074898.21484375,7-9,485,682,9_a
HTS24,2075978.21484375,7-9,1552,814,continue
HTS24,2090025.21484375,10-12,476,216,10_a
HTS24,2105561.21484375,10-12,723,461,11_b
HTS24,2116793.21484375,10-12,963,682,12_c
HTS24,2118657.21484375,10-12,1537,822,continue
HTS24,2132873.21484375,13-15,961,221,13_c
HTS24,2148857.21484375,13-15,1199,455,14_d
HTS24,2152305.21484375,13-15,1440,450,14_e
HTS24,2159185.21484375,13-15,1197,448,14_d
HTS24,2189369.21484375,13-15,483,679,15_a
HTS24,2256233.21484375,13-15,483,460,14_a
HTS24,2290609.21484375,16-20,1485,161,16_d
HTS24,2299537.21484375,16-20,1330,296,17_a
HTS24,2302169.21484375,16-20,1391,434,18_b
HTS24,2310345.21484375,16-20,1342,562,19_a
HTS24,2328785.21484375,16-20,1540,703,20_e
HTS24,2330025.21484375,16-20,1537,850,continue
HTS24,2361225.21484375,21-25,1429,160,21_c
HTS24,2370401.21484375,21-25,1381,297,22_b
HTS24,2402976.21484375,21-25,1335,430,23_a
HTS24,2433632.21484375,21-25,1434,563,24_c
HTS24,2444920.21484375,21-25,1387,569,24_b
HTS24,2468272.21484375,21-25,1536,696,25_e
HTS24,2468912.21484375,21-25,1534,834,continue
HTS24,2469504.21484375,21-25,1535,849,continue
HTS24,2488776.21484375,26-30,1335,165,26_a
HTS24,2502936.21484375,26-30,1540,294,27_e
HTS24,2522992.21484375,26-30,1489,563,29_d
HTS24,2570056.21484375,31-33,731,266,31_b
HTS24,2572696.21484375,31-33,959,538,32_c
HTS24,2575464.21484375,31-33,720,791,33_b
HTS24,2576752.21484375,31-33,1525,941,continue
HTS24,2580320.21484375,34-36,1215,274,34_d
HTS24,2588000.21484375,34-36,1457,537,35_e
HTS24,2592920.21484375,34-36,487,801,36_a
HTS24,2594376.21484375,34-36,1505,932,continue
HTS24,2598705.21484375,37-39,489,273,37_a
HTS24,2605529.21484375,37-39,958,532,38_c
HTS24,2621672.21484375,37-39,953,811,39_c
HTS24,2622576.21484375,37-39,1530,940,continue
HTS24,2640216.21484375,40-42,491,267,40_a
HTS24,2659664.21484375,40-42,480,532,41_a
HTS24,2661432.2153320312,40-42,723,535,41_b
HTS24,2670184.21484375,40-42,483,532,41_a
HTS24,2692424.21484375,40-42,966,802,42_c
HTS24,2693264.21484375,40-42,1554,925,continue
HTS24,2710752.21484375,43-45,1212,278,43_d
HTS24,2730704.21484375,43-45,477,522,44_a
HTS24,2864896.21484375,46-48,1202,242,46_d
HTS24,2895543.2153320312,46-48,483,499,47_a
HTS24,2930599.21484375,46-48,1202,766,48_d
HTS24,2931319.21484375,46-48,1514,920,continue
HTS24,2949392.21484375,49-51,710,232,49_b
HTS24,2973112.21484375,49-51,711,500,50_b
HTS24,2985040.21484375,49-51,1442,504,50_e
HTS24,3016616.21484375,49-51,1441,768,51_e
HTS24,3017368.21484375,49-51,1546,924,continue
HVB30,1976306.8881835938,1-3,1202,236,1_d
HVB30,1980394.8876953125,1-3,721,464,2_b
HVB30,1986098.8876953125,1-3,1443,691,3_e
HVB30,1987978.8881835938,1-3,1534,843,continue
HVB30,1992362.8876953125,4-6,484,226,4_a
HVB30,1998762.8881835938,4-6,1442,449,5_e
HVB30,2005050.8881835938,4-6,723,677,6_b
HVB30,2007442.8881835938,4-6,1538,826,continue
HVB30,2013338.8881835938,7-9,968,261,7_c
HVB30,2025986.8876953125,7-9,971,517,8_c
HVB30,2033018.8881835938,7-9,1197,725,9_d
HVB30,2034274.8881835938,7-9,1542,821,continue
HVB30,2060385.8881835938,10-12,473,249,10_a
HVB30,2073769.8876953125,10-12,704,495,11_b
HVB30,2089865.8881835938,10-12,482,745,12_a
HVB30,2093321.8881835938,10-12,1509,829,continue
HVB30,2116001.8881835938,13-15,969,261,13_c
HVB30,2138017.8881835938,13-15,1207,502,14_d
HVB30,2177753.8881835938,13-15,966,730,15_c
HVB30,2191248.8881835938,13-15,1187,722,15_d
HVB30,2192928.8881835938,13-15,971,716,15_c
HVB30,2220081.8881835938,16-20,390,853,back
HVB30,2234344.8881835938,16-20,1485,160,16_d
HVB30,2238144.8881835938,16-20,1333,291,17_a
HVB30,2241816.8881835938,16-20,1390,431,18_b
HVB30,2252416.8881835938,16-20,1337,558,19_a
HVB30,2258808.8881835938,16-20,1536,704,20_e
HVB30,2259912.8881835938,16-20,1539,847,continue
HVB30,2267064.8881835938,21-25,1382,158,21_b
HVB30,2272912.8881835938,21-25,1390,296,22_b
HVB30,2283728.8881835938,21-25,1336,430,23_a
HVB30,2294968.8881835938,21-25,1438,564,24_c
HVB30,2307800.8881835938,21-25,1538,699,25_e
HVB30,2308776.8881835938,21-25,1514,852,continue
HVB30,2328976.8881835938,26-30,1538,297,27_e
HVB30,2343808.8881835938,26-30,1483,432,28_d
HVB30,2356480.8881835938,26-30,1487,563,29_d
HVB30,2369000.8881835938,26-30,1391,702,30_b
HVB30,2386376.8881835938,26-30,1438,159,26_c
HVB30,2479143.888671875,31-33,730,321,31_b
HVB30,2480879.8881835938,31-33,950,589,32_c
HVB30,2483647.8881835938,31-33,721,852,33_b
HVB30,2484799.8881835938,31-33,1548,935,continue
HVB30,2488039.8881835938,34-36,1209,307,34_d
HVB30,2493847.888671875,34-36,1202,581,35_d
HVB30,2498303.8881835938,34-36,479,842,36_a
HVB30,2499943.8881835938,34-36,1523,935,continue
HVB30,2507967.8881835938,37-39,1448,310,37_e
HVB30,2512807.8881835938,37-39,1192,583,38_d
HVB30,2521463.8881835938,37-39,964,850,39_c
HVB30,2522911.8881835938,37-39,1554,940,continue
HVB30,2535255.888671875,40-42,490,312,40_a
HVB30,2557895.8881835938,40-42,961,570,41_c
HVB30,2575479.8881835938,40-42,955,831,42_c
HVB30,2577703.8881835938,40-42,1529,921,continue
HVB30,2591079.8881835938,43-45,1200,295,43_d
HVB30,2609279.8881835938,43-45,1440,553,44_e
HVB30,2622487.8881835938,43-45,483,807,45_a
HVB30,2624559.8881835938,43-45,397,900,not on any aoi
HVB30,2627135.8881835938,40-42,1529,923,continue
HVB30,2697510.8881835938,46-48,1190,289,46_d
HVB30,2720718.8881835938,46-48,1459,579,47_e
HVB30,2732366.888671875,46-48,1199,821,48_d
HVB30,2734246.8881835938,46-48,1534,929,continue
HVB30,2742646.8881835938,49-51,721,307,49_b
HVB30,2760854.8881835938,49-51,957,566,50_c
HVB30,2775470.8881835938,49-51,480,823,51_a
HVB30,2777142.888671875,49-51,1520,926,continue
HVB30,2793613.8881835938,52-54,1191,272,52_d
HVB30,2811453.8876953125,52-54,479,563,53_a
HVB30,2850725.8881835938,52-54,1466,816,54_e
HVB30,2852149.8881835938,52-54,1536,925,continue
HWB04,20099843.58398437,1-3,1198,238,1_d
HWB04,20103563.58398437,1-3,718,464,2_b
HWB04,20109035.583496094,1-3,1444,695,3_e
HWB04,20130979.58398437,1-3,1517,838,continue
HWB04,20136523.58398437,4-6,482,225,4_a
HWB04,20144443.583496094,4-6,1437,450,5_e
HWB04,20151739.583496094,4-6,725,681,6_b
HWB04,20174787.58398437,4-6,1525,825,continue
HWB04,20180611.58398437,7-9,959,227,7_c
HWB04,20190203.58398437,7-9,958,449,8_c
HWB04,20204563.58398437,7-9,1204,678,9_d
HWB04,20242131.58398437,7-9,1526,830,continue
HWB04,20249922.58398437,10-12,477,226,10_a
HWB04,20264858.58398437,10-12,724,454,11_b
HWB04,20284162.58398437,10-12,480,683,12_a
HWB04,20324954.58398437,10-12,1527,823,continue
HWB04,20371498.58398437,16-20,1477,161,16_d
HWB04,20378730.58398437,16-20,1336,297,17_a
HWB04,20381234.58398437,16-20,1388,433,18_b
HWB04,20388986.58398437,16-20,1344,562,19_a
HWB04,20392922.58398437,16-20,1536,704,20_e
HWB04,20393586.58398437,16-20,1531,870,continue
HWB04,20395298.58398437,16-20,1536,850,continue
HWB04,20407298.58398437,21-25,1440,165,21_c
HWB04,20413450.58398437,21-25,1390,292,22_b
HWB04,20419818.58398437,21-25,1336,436,23_a
HWB04,20431682.58398437,21-25,1440,569,24_c
HWB04,20440698.58398437,21-25,1527,699,25_e
HWB04,20441482.58398437,21-25,1516,849,continue
HWB04,20456386.58398437,26-30,1437,155,26_c
HWB04,20467242.58398437,26-30,1542,298,27_e
HWB04,20481882.58398437,26-30,1340,429,28_a
HWB04,20523913.58398437,26-30,1433,567,29_c
HWB04,20538265.58398437,26-30,1433,702,30_c
HWB04,20547697.58398437,26-30,376,851,back
HWB04,20584257.58398437,21-25,376,851,back
HWB04,20598401.58398437,16-20,1511,851,continue
HWB04,20599089.58398437,21-25,1511,851,continue
HWB04,20599665.58398437,26-30,1511,851,continue
HWB04,20640960.58398437,31-33,723,274,31_b
HWB04,20643408.58398437,31-33,959,542,32_c
HWB04,20646624.58398437,31-33,721,799,33_b
HWB04,20648801.58398437,31-33,1516,937,continue
HWB04,20652641.58398437,34-36,1204,276,34_d
HWB04,20657265.58398437,34-36,1211,538,35_d
HWB04,20659097.58398437,34-36,728,544,35_b
HWB04,20660417.58398437,34-36,885,704,not on any aoi
HWB04,20668241.58398437,34-36,481,799,36_a
HWB04,20669857.58398437,34-36,1530,938,continue
HWB04,20678472.58398437,37-39,1438,270,37_e
HWB04,20690960.58398437,37-39,1208,536,38_d
HWB04,20691912.58398437,37-39,1122,698,not on any aoi
HWB04,20705016.583496094,37-39,726,803,39_b
HWB04,20713856.58398437,37-39,965,802,39_c
HWB04,20715144.58398437,37-39,1512,928,continue
HWB04,20731144.58398437,40-42,485,274,40_a
HWB04,20774024.58398437,40-42,724,537,41_b
HWB04,20801664.58398437,40-42,957,803,42_c
HWB04,20808776.58398437,40-42,1546,927,continue
HWB04,20919367.58398437,46-48,1205,238,46_d
HWB04,20932711.58398437,46-48,724,497,47_b
HWB04,20943063.58398437,46-48,1199,762,48_d
HWB04,20946071.58398437,46-48,1542,935,continue
HWB04,20954911.58398437,49-51,720,235,49_b
HWB04,20984679.58398437,49-51,964,498,50_c
HWB04,20994207.58398437,49-51,481,766,51_a
HWB04,21012511.58398437,49-51,1517,922,continue
HWB04,21028223.58398437,52-54,1200,237,52_d
HWB04,21050327.58398437,52-54,484,504,53_a
HWB04,21070335.58398437,52-54,1440,768,54_e
HWB04,21071263.58398437,52-54,1541,930,continue
HWB04,21091590.58398437,55-56,955,236,55_c
HWB04,21092422.58398437,55-56,718,501,56_b
IBL14,9550127.06982422,1-3,1195,291,1_d
IBL14,9552295.06982422,1-3,728,501,2_b
IBL14,9554679.069335938,1-3,1452,730,3_e
IBL14,9555591.06982422,1-3,1541,839,continue
IBL14,9558439.06982422,4-6,487,273,4_a
IBL14,9562743.06982422,4-6,1449,507,5_e
IBL14,9567295.06982422,4-6,724,720,6_b
IBL14,9568647.06982422,4-6,1532,823,continue
IBL14,9572999.06982422,7-9,977,273,7_c
IBL14,9575343.069335938,7-9,973,504,8_c
IBL14,9590727.06982422,7-9,1207,742,9_d
IBL14,9592383.069335938,7-9,1538,820,continue
IBL14,9600511.06982422,10-12,1211,277,10_d
IBL14,9613271.069335938,10-12,731,498,11_b
IBL14,9620607.06982422,10-12,480,729,12_a
IBL14,9627127.06982422,10-12,1524,816,continue
IBL14,9640871.06982422,13-15,946,264,13_c
IBL14,9652775.06982422,13-15,1418,493,14_e
IBL14,9657279.06982422,13-15,1200,508,14_d
IBL14,9694663.06982422,13-15,956,731,15_c
IBL14,9733759.06982422,13-15,476,224,13_a
IBL14,9764087.069335938,13-15,731,726,15_b
IBL14,9772199.06982422,13-15,420,826,back
IBL14,9815759.06982422,16-20,746,203,not on any aoi
IBL14,9817455.069335938,16-20,1483,157,16_d
IBL14,9833455.069335938,16-20,1334,296,17_a
IBL14,9836751.069335938,16-20,1388,432,18_b
IBL14,9850823.069335938,16-20,1340,572,19_a
IBL14,9858223.06982422,16-20,1533,700,20_e
IBL14,9859071.06982422,16-20,1531,848,continue
IBL14,9866695.06982422,21-25,1438,160,21_c
IBL14,9873583.06982422,21-25,1388,295,22_b
IBL14,9945007.069335938,21-25,1387,697,25_b
IBL14,9947855.06982422,21-25,1523,853,continue
IBL14,9969664.0703125,26-30,1539,294,27_e
IBL14,9978359.06982422,26-30,1487,425,28_d
IBL14,10033392.06982422,26-30,1433,160,26_c
IBL14,10047351.06982422,26-30,1533,563,29_e
IBL14,10088136.06982422,31-33,729,271,31_b
IBL14,10090128.06982422,31-33,966,565,32_c
IBL14,10092152.06982422,31-33,730,843,33_b
IBL14,10093448.06982422,31-33,1546,942,continue
IBL14,10095800.06982422,34-36,1214,317,34_d
IBL14,10100456.06982422,34-36,732,576,35_b
IBL14,10102776.06982422,34-36,957,835,36_c
IBL14,10104424.06982422,34-36,491,828,36_a
IBL14,10107208.06982422,34-36,1525,933,continue
IBL14,10111512.06982422,37-39,1437,301,37_e
IBL14,10115616.06982422,37-39,1191,581,38_d
IBL14,10123392.06982422,37-39,965,839,39_c
IBL14,10124936.06982422,37-39,1520,927,continue
IBL14,10134360.06982422,40-42,965,318,40_c
IBL14,10144536.06982422,40-42,479,304,40_a
IBL14,10159464.06982422,40-42,722,566,41_b
IBL14,10187520.06982422,40-42,1515,925,continue
IBL14,10198520.06982422,43-45,1223,295,43_d
IBL14,10215544.06982422,43-45,721,562,44_b
IBL14,10245448.06982422,43-45,483,799,45_a
IBL14,10247368.0703125,43-45,410,891,not on any aoi
IBL14,10257689.06982422,40-42,941,841,42_c
IBL14,10259553.06982422,40-42,1521,925,continue
IBL14,10362553.06982422,46-48,1200,233,46_d
IBL14,10371385.06982422,46-48,1441,505,47_e
IBL14,10394169.06982422,46-48,1208,761,48_d
IBL14,10395945.06982422,46-48,1523,927,continue
IBL14,10401792.06982422,49-51,724,235,49_b
IBL14,10428504.06982422,49-51,964,506,50_c
IBL14,10441304.06982422,49-51,474,766,51_a
IBL14,10442720.06982422,49-51,1527,926,continue
IBL14,10466553.06982422,52-54,1206,250,52_d
IBL14,10492257.06982422,52-54,479,502,53_a
IBL14,10517673.06982422,52-54,1536,924,continue
IBL14,10527449.06982422,55-56,473,276,55_a
IBL14,10536113.06982422,55-56,962,561,56_c
IGS06,2998417.3369140625,1-3,1191,254,1_d
IGS06,3002989.3369140625,1-3,725,476,2_b
IGS06,3006355.3369140625,1-3,1447,692,3_e
IGS06,3008058.3369140625,1-3,1522,843,continue
IGS06,3010794.3369140625,4-6,495,242,4_a
IGS06,3013754.3369140625,4-6,1453,451,5_e
IGS06,3017342.3364257812,4-6,736,715,6_b
IGS06,3019897.3369140625,4-6,1537,823,continue
IGS06,3022917.3369140625,7-9,962,272,7_c
IGS06,3030105.3369140625,7-9,965,476,8_c
IGS06,3038911.3369140625,7-9,499,711,9_a
IGS06,3040644.3369140625,7-9,1537,820,continue
IGS06,3048093.3369140625,10-12,1197,262,10_d
IGS06,3053901.3369140625,10-12,475,259,10_a
IGS06,3058108.3369140625,10-12,728,516,11_b
IGS06,3071400.3374023438,10-12,1203,733,12_d
IGS06,3079020.3369140625,10-12,486,727,12_a
IGS06,3084229.3369140625,10-12,1530,815,continue
IGS06,3098464.3369140625,13-15,975,279,13_c
IGS06,3109735.3369140625,13-15,496,486,14_a
IGS06,3140061.3369140625,13-15,1467,726,15_e
IGS06,3192692.3369140625,13-15,1216,507,14_d
IGS06,3227265.3369140625,13-15,1436,510,14_e
IGS06,3267807.3369140625,16-20,1484,167,16_d
IGS06,3277080.3369140625,16-20,1342,299,17_a
IGS06,3280282.3369140625,16-20,1385,430,18_b
IGS06,3293791.3369140625,16-20,1329,565,19_a
IGS06,3298541.3369140625,16-20,1530,700,20_e
IGS06,3299341.3369140625,16-20,1511,851,continue
IGS06,3311682.3369140625,21-25,1432,163,21_c
IGS06,3321629.3369140625,21-25,1382,296,22_b
IGS06,3337459.3374023438,21-25,1484,431,23_d
IGS06,3346103.3369140625,21-25,1439,557,24_c
IGS06,3360172.3369140625,21-25,1431,706,25_c
IGS06,3367015.3369140625,21-25,1535,857,continue
IGS06,3378420.3374023438,26-30,1431,164,26_c
IGS06,3387633.3369140625,26-30,1536,289,27_e
IGS06,3395918.3369140625,26-30,1482,429,28_d
IGS06,3418066.3364257812,26-30,1381,571,29_b
IGS06,3452804.3369140625,26-30,1432,697,30_c
IGS06,3485871.3369140625,26-30,422,858,back
IGS06,3544614.3369140625,31-33,731,279,31_b
IGS06,3546792.3369140625,31-33,968,578,32_c
IGS06,3548878.3369140625,31-33,728,843,33_b
IGS06,3550398.3369140625,31-33,1540,920,continue
IGS06,3551178.3369140625,31-33,1534,931,continue
IGS06,3554318.3369140625,34-36,1207,294,34_d
IGS06,3558836.3369140625,34-36,1463,578,35_e
IGS06,3563116.3369140625,34-36,729,562,35_b
IGS06,3566681.3369140625,34-36,488,841,36_a
IGS06,3570975.3369140625,34-36,1547,944,continue
IGS06,3582045.3369140625,37-39,1454,316,37_e
IGS06,3592810.3369140625,37-39,1205,573,38_d
IGS06,3613736.3374023438,37-39,959,843,39_c
IGS06,3619515.336914063,37-39,1201,825,39_d
IGS06,3628328.3374023438,37-39,948,838,39_c
IGS06,3631164.336914063,37-39,1539,944,continue
IGS06,3651492.3374023438,40-42,1203,304,40_d
IGS06,3664571.3374023438,40-42,722,574,41_b
IGS06,3687431.336914063,40-42,956,837,42_c
IGS06,3691415.3364257812,40-42,1524,912,continue
IGS06,3710300.336914063,43-45,1433,306,43_e
IGS06,3711170.336914063,43-45,1433,306,43_e
IGS06,3718717.336914063,43-45,1200,559,44_d
IGS06,3720024.336914063,43-45,984,794,45_c
IGS06,3828880.336914063,46-48,1202,238,46_d
IGS06,3838759.336914063,46-48,1460,568,47_e
IGS06,3846391.336914063,46-48,1185,811,48_d
IGS06,3848386.336914063,46-48,1561,934,continue
IGS06,3849622.336914063,46-48,1553,934,continue
IGS06,3860349.336914063,49-51,739,292,49_b
IGS06,3885795.3374023438,49-51,757,547,50_b
IGS06,3895915.336914063,49-51,513,819,51_a
IGS06,3898001.336914063,49-51,1510,919,continue
IGS06,3902899.3374023438,52-54,1064,315,not on any aoi
IGS06,3920962.336914063,52-54,1198,297,52_d
IGS06,3932256.336914063,52-54,483,560,53_a
IGS06,3937057.336914063,52-54,506,812,54_a
IGS06,3939164.336914063,52-54,1536,918,continue
IGS06,3969907.3374023438,55-56,497,303,55_a
IGS06,3976216.3374023438,55-56,736,554,56_b
IGS06,3979912.336914063,55-56,424,666,back
IGS06,3983002.336914063,52-54,1508,926,continue
IHA31,2644225.3774414062,1-3,1205,286,1_d
IHA31,2648025.3779296875,1-3,721,510,2_b
IHA31,2652665.3779296875,1-3,1453,738,3_e
IHA31,2653537.3779296875,1-3,1515,841,continue
IHA31,2656985.3779296875,4-6,491,258,4_a
IHA31,2664033.3779296875,4-6,1437,491,5_e
IHA31,2670153.3774414062,4-6,715,733,6_b
IHA31,2671849.3779296875,4-6,1512,830,continue
IHA31,2679185.3779296875,7-9,957,276,7_c
IHA31,2686841.3779296875,7-9,971,507,8_c
IHA31,2695481.3779296875,7-9,1199,724,9_d
IHA31,2698705.3779296875,7-9,1524,829,continue
IHA31,2718672.3779296875,10-12,708,282,10_b
IHA31,2727504.3779296875,10-12,732,504,11_b
IHA31,2744376.3779296875,10-12,493,736,12_a
IHA31,2755480.3779296875,10-12,1526,824,continue
IHA31,2783848.3779296875,13-15,966,276,13_c
IHA31,2806232.3774414062,13-15,1204,494,14_d
IHA31,2849727.3779296875,13-15,1439,733,15_e
IHA31,2905392.3779296875,16-20,1486,159,16_d
IHA31,2911240.3779296875,16-20,1328,295,17_a
IHA31,2914632.3779296875,16-20,1389,432,18_b
IHA31,2927424.3779296875,16-20,1336,559,19_a
IHA31,2944272.3779296875,16-20,1543,702,20_e
IHA31,2945696.3779296875,16-20,1521,853,continue
IHA31,2952760.3779296875,21-25,1425,162,21_c
IHA31,2958928.3779296875,21-25,1396,291,22_b
IHA31,2973111.3779296875,21-25,1342,430,23_a
IHA31,2992479.3779296875,21-25,1436,561,24_c
IHA31,3010863.3779296875,21-25,1528,696,25_e
IHA31,3011759.3779296875,21-25,1523,855,continue
IHA31,3024735.3779296875,26-30,1433,153,26_c
IHA31,3044559.3779296875,26-30,1491,294,27_d
IHA31,3103774.3779296875,26-30,1489,564,29_d
IHA31,3113830.3779296875,26-30,1490,428,28_d
IHA31,3187478.3779296875,31-33,724,275,31_b
IHA31,3194206.3779296875,31-33,964,540,32_c
IHA31,3198110.3779296875,31-33,730,820,33_b
IHA31,3199902.3784179688,31-33,1537,938,continue
IHA31,3203646.3779296875,34-36,1185,318,34_d
IHA31,3207854.3779296875,34-36,717,562,35_b
IHA31,3214838.3779296875,34-36,492,832,36_a
IHA31,3216166.3779296875,34-36,1540,940,continue
IHA31,3223438.3779296875,37-39,1442,307,37_e
IHA31,3233918.3779296875,37-39,1208,580,38_d
IHA31,3255694.3779296875,37-39,957,842,39_c
IHA31,3262086.3784179688,37-39,1527,932,continue
IHA31,3271534.3779296875,40-42,474,309,40_a
IHA31,3299878.3779296875,40-42,488,562,41_a
IHA31,3316869.3784179688,40-42,959,832,42_c
IHA31,3318149.3779296875,40-42,1554,920,continue
IHA31,3325037.3779296875,43-45,723,304,43_b
IHA31,3359725.3779296875,43-45,1448,546,44_e
IHA31,3443109.3779296875,46-48,1200,249,46_d
IHA31,3461510.3779296875,46-48,1434,561,47_e
IHA31,3509541.3779296875,46-48,1196,837,48_d
IHA31,3510317.3779296875,46-48,1547,925,continue
IHA31,3517524.3779296875,49-51,724,314,49_b
IHA31,3523412.3779296875,49-51,976,549,50_c
IHA31,3534516.3779296875,49-51,473,827,51_a
IHA31,3535812.3779296875,49-51,1533,935,continue
IHA31,3557068.3779296875,52-54,1199,312,52_d
IHA31,3585900.3779296875,52-54,495,540,53_a
IHA31,3606908.377929688,52-54,505,817,54_a
IHH03,2163659.389160156,1-3,1200,233,1_d
IHH03,2165651.389648437,1-3,720,469,2_b
IHH03,2168843.389160156,1-3,1451,700,3_e
IHH03,2170467.389648437,1-3,1531,839,continue
IHH03,2173083.389160156,4-6,484,226,4_a
IHH03,2179875.389648437,4-6,1434,464,5_e
IHH03,2183659.389160156,4-6,724,683,6_b
IHH03,2184619.389648437,4-6,1537,827,continue
IHH03,2192131.389648437,7-9,965,218,7_c
IHH03,2201035.389160156,7-9,956,452,8_c
IHH03,2207419.389160156,7-9,1208,679,9_d
IHH03,2208243.389648437,7-9,1557,824,continue
IHH03,2216699.389160156,10-12,476,222,10_a
IHH03,2224387.389160156,10-12,724,450,11_b
IHH03,2235435.389160156,10-12,484,683,12_a
IHH03,2236811.389160156,10-12,1529,819,continue
IHH03,2248155.389160156,13-15,965,234,13_c
IHH03,2261755.389160156,13-15,1211,452,14_d
IHH03,2275459.389160156,13-15,1455,699,15_e
IHH03,2415018.389160156,16-20,1491,168,16_d
IHH03,2421026.389160156,16-20,1338,302,17_a
IHH03,2423802.389160156,16-20,1381,434,18_b
IHH03,2434698.389160156,16-20,1339,574,19_a
IHH03,2446394.389160156,16-20,1390,708,20_b
IHH03,2447226.389160156,16-20,1552,852,continue
IHH03,2465090.389160156,21-25,1434,167,21_c
IHH03,2478058.389160156,21-25,1542,299,22_e
IHH03,2483811.389160156,21-25,1342,439,23_a
IHH03,2493274.389160156,21-25,1433,565,24_c
IHH03,2513962.388671875,21-25,1531,704,25_e
IHH03,2514866.389160156,21-25,1548,861,continue
IHH03,2542595.389160156,26-30,1433,162,26_c
IHH03,2568795.389648437,26-30,1491,431,28_d
IHH03,2580603.389160156,26-30,1474,555,29_d
IHH03,2587707.389160156,26-30,1432,705,30_c
IHH03,2592146.388671875,26-30,1485,304,27_d
IHH03,2678930.389160156,31-33,727,267,31_b
IHH03,2681762.389160156,31-33,960,531,32_c
IHH03,2684281.389160156,31-33,729,805,33_b
IHH03,2685441.389160156,31-33,1539,924,continue
IHH03,2689138.389160156,34-36,1202,274,34_d
IHH03,2692962.388671875,34-36,736,544,35_b
IHH03,2698146.388671875,34-36,727,805,36_b
IHH03,2700146.388671875,34-36,478,793,36_a
IHH03,2702282.389160156,34-36,1531,936,continue
IHH03,2707306.389160156,37-39,1443,276,37_e
IHH03,2716378.389160156,37-39,1195,533,38_d
IHH03,2728274.389160156,37-39,957,803,39_c
IHH03,2729122.389160156,37-39,1550,939,continue
IHH03,2743625.389160156,40-42,1196,271,40_d
IHH03,2796649.389160156,40-42,957,799,42_c
IHH03,2806225.389160156,40-42,712,524,41_b
IHH03,2810073.389160156,40-42,1526,916,continue
IHH03,2827081.3891601562,43-45,1203,263,43_d
IHH03,2851761.3891601562,43-45,1445,523,44_e
IHH03,2864754.3891601562,46-48,416,931,back
IHH03,2935737.3891601562,46-48,1221,237,46_d
IHH03,2955281.3891601562,46-48,718,496,47_b
IHH03,2971441.3891601562,46-48,1201,767,48_d
IHH03,2972425.3891601562,46-48,1525,931,continue
IHH03,2983497.3891601562,49-51,728,233,49_b
IHH03,2998057.3891601562,49-51,958,502,50_c
IHH03,3012009.3891601562,49-51,494,768,51_a
IHH03,3012825.3891601562,49-51,1515,914,continue
IHH03,3013385.3891601562,49-51,1520,921,continue
IHH03,3033785.3891601562,52-54,1205,239,52_d
IIF12,10512598.317871094,1-3,1197,242,1_d
IIF12,10515870.317871094,1-3,722,466,2_b
IIF12,10518774.317871094,1-3,1442,686,3_e
IIF12,10519822.317871094,1-3,1534,836,continue
IIF12,10522718.317871094,4-6,480,220,4_a
IIF12,10534582.317871094,4-6,1442,451,5_e
IIF12,10544150.317382812,4-6,727,683,6_b
IIF12,10545686.317871094,4-6,1540,831,continue
IIF12,10554182.317871094,7-9,958,223,7_c
IIF12,10562686.317871094,7-9,965,450,8_c
IIF12,10579110.317871094,7-9,1199,682,9_d
IIF12,10580310.317871094,7-9,1521,825,continue
IIF12,10594613.317871094,10-12,484,222,10_a
IIF12,10608885.317871094,10-12,721,455,11_b
IIF12,10628133.317871094,10-12,961,685,12_c
IIF12,10629445.317871094,10-12,1512,827,continue
IIF12,10634741.317871094,10-12,1523,827,continue
IIF12,10636389.317871094,13-15,1523,827,continue
IIF12,10660485.317871094,13-15,478,226,13_a
IIF12,10674773.317871094,13-15,1205,452,14_d
IIF12,10698165.317871094,13-15,1438,678,15_e
IIF12,10706005.317871094,13-15,378,822,back
IIF12,10711765.317871094,10-12,1538,827,continue
IIF12,10773477.317871094,16-20,1489,164,16_d
IIF12,10782445.317871094,16-20,1338,298,17_a
IIF12,10785301.317871094,16-20,1390,434,18_b
IIF12,10793173.317871094,16-20,1339,564,19_a
IIF12,10798581.317871094,16-20,1529,699,20_e
IIF12,10801373.317871094,16-20,1539,851,continue
IIF12,10816364.317871094,21-25,1436,166,21_c
IIF12,10834548.317871094,21-25,1393,295,22_b
IIF12,10846435.317871094,21-25,1336,430,23_a
IIF12,10862003.317871094,21-25,1490,565,24_d
IIF12,10876267.317871094,21-25,1537,702,25_e
IIF12,10877163.317382812,21-25,1529,853,continue
IIF12,10890819.317871094,26-30,1537,163,26_e
IIF12,10921635.317871094,26-30,1533,293,27_e
IIF12,10939451.317871094,26-30,1484,432,28_d
IIF12,10947507.317871094,26-30,1483,567,29_d
IIF12,10959859.317871094,26-30,1437,699,30_c
IIF12,11036043.317871094,31-33,727,267,31_b
IIF12,11038827.317871094,31-33,960,536,32_c
IIF12,11040323.317871094,31-33,721,808,33_b
IIF12,11041475.317871094,31-33,1522,937,continue
IIF12,11044747.317871094,34-36,1194,272,34_d
IIF12,11049267.317871094,34-36,1437,537,35_e
IIF12,11054651.317382812,34-36,480,804,36_a
IIF12,11055795.317382812,34-36,1507,936,continue
IIF12,11061907.317382812,37-39,1440,267,37_e
IIF12,11069283.317871094,37-39,1201,531,38_d
IIF12,11092795.317382812,37-39,963,801,39_c
IIF12,11094003.317871094,37-39,1532,939,continue
IIF12,11114642.317871094,40-42,482,265,40_a
IIF12,11153298.317871094,40-42,485,536,41_a
IIF12,11161890.317871094,40-42,955,533,41_c
IIF12,11171834.317382812,40-42,469,805,42_a
IIF12,11199762.317382812,40-42,959,800,42_c
IIF12,11200730.317871094,40-42,1528,930,continue
IIF12,11343457.317871096,46-48,1197,240,46_d
IIF12,11358713.317871096,46-48,717,499,47_b
IIF12,11385089.317871096,46-48,966,767,48_c
IIF12,11386217.317871096,46-48,1531,932,continue
IIF12,11400321.317871096,49-51,721,235,49_b
IIF12,11426641.317871096,49-51,957,498,50_c
IIF12,11438089.317871096,49-51,480,763,51_a
IIF12,11440049.317871096,49-51,1546,930,continue
IIF12,11450801.317871096,52-54,723,243,52_b
IIF12,11466953.317871096,52-54,484,497,53_a
IJS28,2618432.774902344,1-3,1201,240,1_d
IJS28,2621200.774902344,1-3,721,463,2_b
IJS28,2624856.774902344,1-3,1445,699,3_e
IJS28,2626088.774902344,1-3,1516,844,continue
IJS28,2629328.775390625,4-6,481,224,4_a
IJS28,2634096.774902344,4-6,1443,453,5_e
IJS28,2638272.774902344,4-6,717,684,6_b
IJS28,2639648.774902344,4-6,1520,828,continue
IJS28,2645848.775390625,7-9,962,221,7_c
IJS28,2649048.774902344,7-9,958,448,8_c
IJS28,2657970.774902344,7-9,1200,684,9_d
IJS28,2658816.774902344,7-9,1521,827,continue
IJS28,2666584.774902344,10-12,715,225,10_b
IJS28,2666784.774902344,10-12,715,225,10_b
IJS28,2674552.775390625,10-12,1203,219,10_d
IJS28,2684912.774902344,10-12,709,457,11_b
IJS28,2701784.774902344,10-12,484,685,12_a
IJS28,2704104.775390625,10-12,1514,820,continue
IJS28,2726000.774902344,13-15,950,221,13_c
IJS28,2741992.774902344,13-15,1205,449,14_d
IJS28,2756424.774902344,13-15,1441,681,15_e
IJS28,2806160.774902344,13-15,408,826,back
IJS28,2878336.7749023438,16-20,1486,159,16_d
IJS28,2883664.7749023438,16-20,1340,301,17_a
IJS28,2887000.7749023438,16-20,1385,429,18_b
IJS28,2899864.7749023438,16-20,1337,563,19_a
IJS28,2916312.7749023438,16-20,1542,700,20_e
IJS28,2917456.7749023438,16-20,1519,870,continue
IJS28,2918008.7749023438,16-20,1523,855,continue
IJS28,2952520.7749023438,21-25,1380,159,21_b
IJS28,2963008.7749023438,21-25,1532,297,22_e
IJS28,2980824.7749023438,21-25,1337,436,23_a
IJS28,3067600.7749023438,21-25,1436,699,25_c
IJS28,3080984.7749023438,21-25,1441,566,24_c
IJS28,3081808.775390625,21-25,1528,852,continue
IJS28,3088751.7744140625,26-30,1437,166,26_c
IJS28,3096791.7749023438,26-30,1547,297,27_e
IJS28,3145488.7749023438,31-33,728,268,31_b
IJS28,3147680.7749023438,31-33,963,540,32_c
IJS28,3149376.7749023438,31-33,721,800,33_b
IJS28,3150832.7749023438,31-33,1523,932,continue
IJS28,3153647.7749023438,34-36,1205,267,34_d
IJS28,3158631.7749023438,34-36,1443,534,35_e
IJS28,3160903.7749023438,34-36,487,795,36_a
IJS28,3162127.7749023438,34-36,1504,935,continue
IJS28,3167352.7749023438,37-39,1439,269,37_e
IJS28,3170696.775390625,37-39,1201,535,38_d
IJS28,3180688.7749023438,37-39,965,799,39_c
IJS28,3182496.7749023438,37-39,1527,935,continue
IJS28,3212239.7749023438,40-42,491,271,40_a
IJS28,3233695.7749023438,40-42,725,535,41_b
IJS28,3263039.7749023438,40-42,963,808,42_c
IJS28,3265527.7744140625,40-42,1532,915,continue
IJS28,3275688.7749023438,43-45,1211,273,43_d
IJS28,3287352.7749023438,43-45,1439,527,44_e
IJS28,3321352.7749023438,43-45,483,777,45_a
IJS28,3405615.7749023438,46-48,1197,239,46_d
IJS28,3428391.7749023438,46-48,723,502,47_b
IJS28,3449663.7749023438,46-48,721,771,48_b
IJS28,3460423.7749023438,46-48,1552,936,continue
IJS28,3468783.7744140625,49-51,725,234,49_b
IJS28,3481631.7749023438,49-51,963,497,50_c
IJS28,3492623.7749023438,49-51,479,765,51_a
IJS28,3494031.7749023438,49-51,1514,924,continue
IJS28,3513967.7744140625,52-54,1204,237,52_d
IJS28,3538199.7749023438,52-54,481,507,53_a
IJS28,3550919.7749023438,52-54,494,762,54_a
IJS28,3554639.7744140625,52-54,1520,925,continue
IJT13,1969277.7260742188,1-3,1203,241,1_d
IJT13,1973638.7260742188,1-3,720,464,2_b
IJT13,1977997.7260742188,1-3,1437,694,3_e
IJT13,1979165.7260742188,1-3,1543,839,continue
IJT13,1983213.7260742188,4-6,481,222,4_a
IJT13,1988549.7260742188,4-6,1439,458,5_e
IJT13,1993237.7260742188,4-6,720,683,6_b
IJT13,1994621.7260742188,4-6,1531,825,continue
IJT13,2000717.7260742188,7-9,958,223,7_c
IJT13,2008509.7260742188,7-9,722,448,8_b
IJT13,2016589.7260742188,7-9,1202,690,9_d
IJT13,2017413.7260742188,7-9,1503,821,continue
IJT13,2026917.7260742188,10-12,484,223,10_a
IJT13,2038405.7260742188,10-12,724,453,11_b
IJT13,2050773.7260742188,10-12,484,680,12_a
IJT13,2051805.7260742188,10-12,1543,823,continue
IJT13,2092404.7260742188,13-15,953,222,13_c
IJT13,2106020.7260742188,13-15,1442,458,14_e
IJT13,2135468.7260742188,13-15,961,684,15_c
IJT13,2226996.7265625,16-20,1485,164,16_d
IJT13,2230988.7260742188,16-20,1336,299,17_a
IJT13,2235364.7265625,16-20,1394,434,18_b
IJT13,2252076.7260742188,16-20,1535,705,20_e
IJT13,2256348.7260742188,16-20,1333,559,19_a
IJT13,2257540.7260742188,16-20,1525,851,continue
IJT13,2289147.7260742188,21-25,1439,566,24_c
IJT13,2305155.725585937,21-25,1382,295,22_b
IJT13,2316307.725585937,21-25,1540,426,23_e
IJT13,2324435.7260742188,21-25,1380,160,21_b
IJT13,2337595.725585937,21-25,1440,702,25_c
IJT13,2338371.7260742188,21-25,1529,852,continue
IJT13,2372156.7260742188,26-30,1432,291,27_c
IJT13,2389556.7260742188,26-30,1538,427,28_e
IJT13,2399060.7260742188,26-30,1333,701,30_a
IJT13,2407956.7265625,26-30,1541,163,26_e
IJT13,2422507.7260742188,26-30,1334,562,29_a
IJT13,2495099.7260742188,31-33,722,270,31_b
IJT13,2498011.725585937,31-33,962,538,32_c
IJT13,2500523.725585937,31-33,725,805,33_b
IJT13,2502371.7260742188,31-33,1537,940,continue
IJT13,2507978.7260742188,34-36,1200,275,34_d
IJT13,2512978.7260742188,34-36,723,534,35_b
IJT13,2517226.7260742188,34-36,1438,540,35_e
IJT13,2524171.7260742188,34-36,728,535,35_b
IJT13,2531770.7260742188,34-36,483,798,36_a
IJT13,2533170.7260742188,34-36,1531,934,continue
IJT13,2541267.725585937,37-39,1439,268,37_e
IJT13,2554523.725585937,37-39,1202,529,38_d
IJT13,2576315.7260742188,37-39,961,807,39_c
IJT13,2577467.7260742188,37-39,1527,933,continue
IJT13,2601170.7260742188,40-42,1206,272,40_d
IJT13,2641434.7260742188,40-42,481,534,41_a
IJT13,2662506.7260742188,40-42,961,798,42_c
IJT13,2663994.7260742188,40-42,1533,916,continue
IJT13,2734258.7260742188,46-48,1203,242,46_d
IJT13,2760218.7260742188,46-48,729,504,47_b
IJT13,2778681.7260742188,46-48,1202,769,48_d
IJT13,2788481.7260742188,46-48,1533,925,continue
IJT13,2797817.7260742188,49-51,719,233,49_b
IJT13,2822921.7260742188,49-51,964,499,50_c
IJT13,2837785.7260742188,49-51,464,767,51_a
IJT13,2838081.7260742188,49-51,484,766,51_a
IJT13,2839929.7260742188,49-51,1544,930,continue
IJT13,2858874.7260742188,52-54,718,234,52_b
IJT13,2888337.7260742188,52-54,484,504,53_a
IMG09,2445055.298828125,1-3,1199,240,1_d
IMG09,2450887.298828125,1-3,721,467,2_b
IMG09,2458399.298828125,1-3,1445,692,3_e
IMG09,2459447.298828125,1-3,1518,830,continue
IMG09,2464574.298828125,4-6,480,220,4_a
IMG09,2471510.298828125,4-6,1444,451,5_e
IMG09,2482086.298828125,4-6,728,685,6_b
IMG09,2483454.298828125,4-6,1537,826,continue
IMG09,2489870.298828125,7-9,962,214,7_c
IMG09,2496830.298828125,7-9,957,452,8_c
IMG09,2509942.298828125,7-9,1206,678,9_d
IMG09,2511078.298828125,7-9,1540,823,continue
IMG09,2524807.298828125,10-12,479,220,10_a
IMG09,2537503.298339844,10-12,721,449,11_b
IMG09,2551726.298828125,10-12,480,676,12_a
IMG09,2552974.298828125,10-12,1541,833,continue
IMG09,2570126.298828125,13-15,474,220,13_a
IMG09,2597142.298828125,13-15,484,452,14_a
IMG09,2620382.298828125,13-15,474,676,15_a
IMG09,2624982.298828125,13-15,959,679,15_c
IMG09,2642038.298828125,13-15,481,678,15_a
IMG09,2717021.298828125,16-20,1487,161,16_d
IMG09,2722901.298828125,16-20,1333,299,17_a
IMG09,2726261.298828125,16-20,1388,428,18_b
IMG09,2734853.298828125,16-20,1341,562,19_a
IMG09,2758053.298828125,16-20,1335,698,20_a
IMG09,2759189.298828125,16-20,1515,842,continue
IMG09,2774126.298828125,21-25,1430,164,21_c
IMG09,2782614.298828125,21-25,1388,294,22_b
IMG09,2803486.298828125,21-25,1342,427,23_a
IMG09,2827365.298828125,21-25,1441,564,24_c
IMG09,2864141.298828125,21-25,1540,848,continue
IMG09,2885957.298828125,26-30,1432,163,26_c
IMG09,2927213.298828125,26-30,1485,298,27_d
IMG09,2939013.298828125,26-30,1336,431,28_a
IMG09,2951925.298828125,26-30,1336,558,29_a
IMG09,2990812.298828125,31-33,721,269,31_b
IMG09,2995116.298828125,31-33,961,535,32_c
IMG09,2998604.298828125,31-33,476,799,33_a
IMG09,3000180.2993164062,31-33,1542,935,continue
IMG09,3003900.298828125,34-36,1202,268,34_d
IMG09,3012924.298828125,34-36,1445,532,35_e
IMG09,3024572.298828125,34-36,477,800,36_a
IMG09,3026772.2993164062,34-36,1555,936,continue
IMG09,3034180.2993164062,37-39,1443,266,37_e
IMG09,3038396.2993164062,37-39,1204,535,38_d
IMG09,3052756.298828125,37-39,1444,802,39_e
IMG09,3053652.298828125,37-39,1512,931,continue
IMG09,3066508.2993164062,40-42,481,272,40_a
IMG09,3083468.2993164062,40-42,722,537,41_b
IMG09,3112100.2993164062,40-42,958,800,42_c
IMG09,3117171.298828125,40-42,1202,808,42_d
IMG09,3119699.298828125,40-42,1546,918,continue
IMG09,3136059.298828125,43-45,719,270,43_b
IMG09,3141339.298828125,43-45,1201,270,43_d
IMG09,3144795.298828125,43-45,724,264,43_b
IMG09,3161539.298828125,43-45,1202,519,44_d
IMG09,3274155.298828125,46-48,404,926,back
IMG09,3293587.298828125,46-48,1202,238,46_d
IMG09,3313147.298828125,46-48,721,504,47_b
IMG09,3325891.2983398438,46-48,1200,771,48_d
IMG09,3339770.298828125,46-48,725,767,48_b
IMG09,3342482.298828125,46-48,1535,929,continue
IMG09,3355538.298828125,49-51,720,240,49_b
IMG09,3372234.298828125,49-51,959,505,50_c
IMG09,3379954.298828125,49-51,483,768,51_a
IMG09,3410586.298828125,49-51,1548,932,continue
IMG09,3426715.298828125,52-54,481,242,52_a
IMR23,1984076.287109375,1-3,1202,237,1_d
IMR23,1987636.287109375,1-3,721,465,2_b
IMR23,1991652.287109375,1-3,1437,694,3_e
IMR23,1992380.287109375,1-3,1503,833,continue
IMR23,1995828.287109375,4-6,476,252,4_a
IMR23,2007396.287109375,4-6,1446,499,5_e
IMR23,2010740.287109375,4-6,735,727,6_b
IMR23,2012860.287109375,4-6,1516,832,continue
IMR23,2018940.287109375,7-9,490,264,7_a
IMR23,2025476.287109375,7-9,966,501,8_c
IMR23,2039780.287109375,7-9,719,722,9_b
IMR23,2041164.287109375,7-9,1512,820,continue
IMR23,2047843.287109375,10-12,494,261,10_a
IMR23,2058267.287109375,10-12,726,261,10_b
IMR23,2063995.287109375,10-12,1197,271,10_d
IMR23,2069163.287109375,10-12,718,488,11_b
IMR23,2075771.287109375,10-12,481,727,12_a
IMR23,2076971.287109375,10-12,1535,827,continue
IMR23,2083020.287109375,13-15,965,259,13_c
IMR23,2104603.287109375,13-15,727,507,14_b
IMR23,2118051.287109375,13-15,1464,736,15_e
IMR23,2239186.287597656,16-20,1485,163,16_d
IMR23,2245682.287109375,16-20,1332,298,17_a
IMR23,2250610.287109375,16-20,1387,433,18_b
IMR23,2258570.287109375,16-20,1333,564,19_a
IMR23,2270562.287109375,16-20,1539,699,20_e
IMR23,2271474.287109375,16-20,1537,850,continue
IMR23,2282058.287109375,21-25,1440,160,21_c
IMR23,2287722.287109375,21-25,1388,291,22_b
IMR23,2307530.287109375,21-25,1339,432,23_a
IMR23,2325450.287109375,21-25,1486,564,24_d
IMR23,2340714.287109375,21-25,1441,704,25_c
IMR23,2341578.287109375,21-25,1529,853,continue
IMR23,2376562.287109375,26-30,1486,167,26_d
IMR23,2385338.287597656,26-30,1537,301,27_e
IMR23,2425658.287109375,26-30,1538,431,28_e
IMR23,2462945.287109375,26-30,1336,569,29_a
IMR23,2472209.287109375,26-30,1436,696,30_c
IMR23,2491233.287109375,31-33,479,273,31_a
IMR23,2494897.287109375,31-33,954,539,32_c
IMR23,2498457.2866210938,31-33,722,803,33_b
IMR23,2499681.2866210938,31-33,1519,933,continue
IMR23,2507010.287109375,34-36,1191,280,34_d
IMR23,2511810.287109375,34-36,721,540,35_b
IMR23,2515570.287109375,34-36,494,814,36_a
IMR23,2516746.287597656,34-36,1527,925,continue
IMR23,2522305.287109375,37-39,1439,281,37_e
IMR23,2528809.287109375,37-39,1199,550,38_d
IMR23,2534401.287109375,37-39,960,811,39_c
IMR23,2535657.287109375,37-39,1503,930,continue
IMR23,2544201.287109375,40-42,483,263,40_a
IMR23,2554433.287109375,40-42,1198,540,41_d
IMR23,2568121.287109375,40-42,480,803,42_a
IMR23,2578377.287109375,40-42,1199,830,42_d
IMR23,2579345.2866210938,40-42,1513,917,continue
IMR23,2600697.287109375,43-45,1207,281,43_d
IMR23,2645033.287109375,43-45,716,528,44_b
IMR23,2656321.287109375,43-45,1214,546,44_d
IMR23,2663025.287109375,43-45,717,791,45_b
IMR23,2717640.287109375,46-48,481,239,46_a
IMR23,2741328.287109375,46-48,720,498,47_b
IMR23,2751320.287109375,46-48,486,768,48_a
IMR23,2753104.287109375,46-48,1517,929,continue
IMR23,2768312.287109375,49-51,963,239,49_c
IMR23,2778136.287109375,49-51,720,505,50_b
IMR23,2787288.287109375,49-51,488,779,51_a
IMR23,2788392.287109375,49-51,1517,928,continue
IMR23,2809840.287109375,52-54,719,240,52_b
IMR23,2821320.287109375,52-54,480,542,53_a
IMR23,2829888.287109375,52-54,491,810,54_a
IMR23,2832112.287109375,52-54,1541,928,continue
IMR23,2839295.287109375,55-56,737,271,55_b
IMR23,2845295.287109375,55-56,1430,550,56_e
IRL24,2072329.4838867188,1-3,1211,276,1_d
IRL24,2074631.4838867188,1-3,745,496,2_b
IRL24,2080614.4838867188,1-3,1458,736,3_e
IRL24,2082195.4838867188,1-3,1547,837,continue
IRL24,2085157.4838867188,4-6,487,281,4_a
IRL24,2092381.4838867188,4-6,1429,500,5_e
IRL24,2098631.4838867188,4-6,715,722,6_b
IRL24,2100882.483398437,4-6,1517,827,continue
IRL24,2104409.4838867188,7-9,957,264,7_c
IRL24,2108786.4838867188,7-9,955,489,8_c
IRL24,2109256.484375,7-9,955,489,8_c
IRL24,2116108.4838867188,7-9,1199,734,9_d
IRL24,2118070.4838867188,7-9,1522,816,continue
IRL24,2145703.4838867188,10-12,495,266,10_a
IRL24,2155817.4838867188,10-12,1204,497,11_d
IRL24,2165740.4838867188,10-12,480,720,12_a
IRL24,2167680.4838867188,10-12,1513,822,continue
IRL24,2203206.4838867188,13-15,955,267,13_c
IRL24,2216937.4838867188,13-15,498,496,14_a
IRL24,2236884.4838867188,13-15,1211,499,14_d
IRL24,2255659.4838867188,13-15,731,701,15_b
IRL24,2263018.4838867188,13-15,1446,726,15_e
IRL24,2333455.483398437,16-20,403,853,back
IRL24,2345808.484375,16-20,1496,161,16_d
IRL24,2349648.4838867188,16-20,1335,298,17_a
IRL24,2352112.4838867188,16-20,1386,426,18_b
IRL24,2356064.4838867188,16-20,1337,562,19_a
IRL24,2362728.4838867188,16-20,1534,701,20_e
IRL24,2363680.4838867188,16-20,1536,843,continue
IRL24,2370112.4838867188,21-25,1434,160,21_c
IRL24,2375096.4838867188,21-25,1387,292,22_b
IRL24,2381096.4838867188,21-25,1334,428,23_a
IRL24,2389600.4838867188,21-25,1441,561,24_c
IRL24,2397192.4838867188,21-25,1536,695,25_e
IRL24,2399032.484375,21-25,1521,847,continue
IRL24,2406480.4838867188,26-30,1538,292,27_e
IRL24,2421112.4838867188,26-30,1437,159,26_c
IRL24,2435847.4838867188,26-30,1482,427,28_d
IRL24,2444631.4838867188,26-30,1484,563,29_d
IRL24,2459623.4838867188,26-30,1432,698,30_c
IRL24,2508071.4838867188,26-30,371,846,back
IRL24,2509560.4838867188,21-25,378,848,back
IRL24,2511047.483398437,16-20,378,848,back
IRL24,2517863.483398437,16-20,1546,851,continue
IRL24,2518543.4838867188,21-25,1546,851,continue
IRL24,2596247.4838867188,31-33,723,307,31_b
IRL24,2597551.4838867188,31-33,977,584,32_c
IRL24,2599607.4838867188,31-33,726,843,33_b
IRL24,2600759.4838867188,31-33,1516,933,continue
IRL24,2606127.4838867188,34-36,1209,306,34_d
IRL24,2622751.483398437,34-36,718,569,35_b
IRL24,2626439.4838867188,34-36,497,836,36_a
IRL24,2627551.4838867188,34-36,1544,934,continue
IRL24,2633206.4838867188,37-39,1438,310,37_e
IRL24,2638134.4838867188,37-39,1207,579,38_d
IRL24,2649438.4838867188,37-39,965,845,39_c
IRL24,2650830.4838867188,37-39,1546,938,continue
IRL24,2670326.4838867188,40-42,488,304,40_a
IRL24,2730830.4838867188,40-42,479,565,41_a
IRL24,2746078.4838867188,40-42,953,837,42_c
IRL24,2748366.4838867188,40-42,1510,918,continue
IRL24,2765078.4838867188,43-45,1202,303,43_d
IRL24,2837774.4838867188,46-48,1202,287,46_d
IRL24,2846070.4838867188,46-48,728,566,47_b
IRL24,2853838.4838867188,46-48,1197,828,48_d
IRL24,2855422.4838867188,46-48,1540,930,continue
IRL24,2862790.4838867188,49-51,723,300,49_b
IRL24,2893806.4838867188,49-51,978,565,50_c
IRL24,2904230.4833984375,49-51,482,830,51_a
IRL24,2920518.4838867188,49-51,1544,929,continue
IRL24,2927157.4838867188,52-54,714,295,52_b
IRL24,2962365.4838867188,52-54,490,563,53_a
IRL24,2984509.4838867188,52-54,477,812,54_a
IRL24,2995605.4838867188,52-54,1525,922,continue
IRL24,3006333.4838867188,55-56,726,566,56_b
ITC05,1718883.5541992188,1-3,1202,236,1_d
ITC05,1721259.5541992188,1-3,720,466,2_b
ITC05,1724059.5541992188,1-3,1451,691,3_e
ITC05,1724931.5541992188,1-3,1514,833,continue
ITC05,1726908.5541992188,4-6,485,225,4_a
ITC05,1730180.5541992188,4-6,1445,454,5_e
ITC05,1732884.5541992188,4-6,724,680,6_b
ITC05,1734188.5541992188,4-6,1522,824,continue
ITC05,1738892.5541992188,7-9,963,227,7_c
ITC05,1747004.5541992188,7-9,721,455,8_b
ITC05,1753780.5541992188,7-9,1208,682,9_d
ITC05,1754860.5537109375,7-9,1513,822,continue
ITC05,1761091.5541992188,10-12,482,234,10_a
ITC05,1772611.5541992188,10-12,719,454,11_b
ITC05,1783931.5541992188,10-12,478,695,12_a
ITC05,1785715.5541992188,10-12,1194,692,12_d
ITC05,1788203.5541992188,10-12,1538,828,continue
ITC05,1796035.5541992188,13-15,965,262,13_c
ITC05,1810499.5541992188,13-15,470,489,14_a
ITC05,1824811.5541992188,13-15,1209,732,15_d
ITC05,1830699.5541992188,13-15,840,451,14_a
ITC05,1833683.5541992188,13-15,1678,800,not on any aoi
ITC05,1835515.5541992188,13-15,375,830,back
ITC05,1838084.5537109373,10-12,1508,828,continue
ITC05,1975523.5541992188,16-20,1484,166,16_d
ITC05,1980411.5541992188,16-20,1338,300,17_a
ITC05,1983539.5541992188,16-20,1384,434,18_b
ITC05,1988923.5541992188,16-20,1333,565,19_a
ITC05,1997779.5541992188,16-20,1534,700,20_e
ITC05,1999019.5541992188,16-20,1526,854,continue
ITC05,2014858.5541992188,21-25,1432,165,21_c
ITC05,2019858.5541992188,21-25,1388,292,22_b
ITC05,2036170.5541992188,21-25,1381,434,23_b
ITC05,2080362.5541992188,21-25,1441,698,25_c
ITC05,2093394.5541992188,21-25,1342,567,24_a
ITC05,2094602.5541992188,21-25,1540,843,continue
ITC05,2104210.5541992188,26-30,1329,168,26_a
ITC05,2105706.5541992188,26-30,1484,164,26_d
ITC05,2112074.5541992188,26-30,1432,165,26_c
ITC05,2129786.5541992188,26-30,1335,302,27_a
ITC05,2155226.5541992188,26-30,1435,430,28_c
ITC05,2163122.5546875,26-30,1388,564,29_b
ITC05,2168346.5546875,26-30,1440,705,30_c
ITC05,2236897.5541992188,31-33,730,309,31_b
ITC05,2239265.5541992188,31-33,962,577,32_c
ITC05,2240913.5541992188,31-33,716,845,33_b
ITC05,2242257.5541992188,31-33,1531,935,continue
ITC05,2244922.5541992188,34-36,1189,313,34_d
ITC05,2250018.5541992188,34-36,1439,578,35_e
ITC05,2253946.5541992188,34-36,982,845,36_c
ITC05,2254594.5541992188,34-36,1334,935,not on any aoi
ITC05,2255618.5541992188,34-36,1540,937,continue
ITC05,2267337.5541992188,37-39,475,306,37_a
ITC05,2269154.5541992188,37-39,1429,314,37_e
ITC05,2274457.5546875,37-39,1194,587,38_d
ITC05,2278985.5541992188,37-39,983,843,39_c
ITC05,2299169.5541992188,37-39,1195,833,39_d
ITC05,2300161.5546875,37-39,1525,938,continue
ITC05,2310217.5541992188,40-42,1194,299,40_d
ITC05,2322329.5541992188,40-42,1200,564,41_d
ITC05,2341385.5546875,40-42,710,839,42_b
ITC05,2342993.5541992188,40-42,1522,916,continue
ITC05,2367881.5541992188,43-45,718,299,43_b
ITC05,2389681.5546875,43-45,1206,557,44_d
ITC05,2399713.5541992188,43-45,972,807,45_c
ITC05,2477961.5541992188,46-48,1202,288,46_d
ITC05,2483129.5546875,46-48,487,564,47_a
ITC05,2484937.5546875,46-48,952,560,47_c
ITC05,2500625.5541992188,46-48,379,928,back
ITC05,2514625.5541992188,46-48,738,802,48_b
ITC05,2515609.5546875,46-48,1506,932,continue
ITC05,2527632.5541992188,49-51,733,296,49_b
ITC05,2546408.5541992188,49-51,970,591,50_c
ITC05,2556888.5541992188,49-51,504,825,51_a
ITC05,2558656.553710937,49-51,1549,928,continue
ITC05,2571976.5541992188,52-54,729,300,52_b
ITC05,2587808.5541992188,52-54,502,582,53_a
ITC05,2597096.5541992188,52-54,1449,831,54_e
ITC05,2598792.5541992188,52-54,1515,935,continue
ITC05,2611416.5541992188,55-56,948,319,55_c
ITC05,2623464.5541992188,55-56,729,555,56_b
IVW09,19670813.265625,1-3,1203,277,1_d
IVW09,19673917.26513672,1-3,731,506,2_b
IVW09,19678093.26513672,1-3,1456,742,3_e
IVW09,19679021.26513672,1-3,1528,839,continue
IVW09,19683709.26513672,4-6,481,270,4_a
IVW09,19689829.26513672,4-6,1437,508,5_e
IVW09,19693701.265625,4-6,714,738,6_b
IVW09,19695781.26513672,4-6,1534,822,continue
IVW09,19703853.26513672,7-9,1434,228,7_e
IVW09,19708061.26513672,7-9,961,448,8_c
IVW09,19723829.26513672,7-9,1199,733,9_d
IVW09,19724725.26513672,7-9,1555,820,continue
IVW09,19732478.26513672,10-12,481,233,10_a
IVW09,19740973.26513672,10-12,1198,232,10_d
IVW09,19760309.26513672,10-12,721,462,11_b
IVW09,19772165.26513672,10-12,472,742,12_a
IVW09,19775693.26513672,10-12,1530,825,continue
IVW09,19791157.26513672,13-15,1203,226,13_d
IVW09,19795973.26513672,13-15,1435,226,13_e
IVW09,19799333.26513672,13-15,971,235,13_c
IVW09,19814653.26513672,13-15,1204,464,14_d
IVW09,19875420.26464844,13-15,729,682,15_b
IVW09,19961821.26513672,16-20,1480,163,16_d
IVW09,19966189.26513672,16-20,1340,301,17_a
IVW09,19970109.265625,16-20,1381,428,18_b
IVW09,19985300.26513672,16-20,1529,698,20_e
IVW09,19999276.26513672,16-20,1340,568,19_a
IVW09,20000228.26464844,16-20,1546,857,continue
IVW09,20016292.26513672,21-25,1437,161,21_c
IVW09,20021188.26513672,21-25,1532,303,22_e
IVW09,20034356.26513672,21-25,1344,423,23_a
IVW09,20062804.26513672,21-25,1446,701,25_c
IVW09,20085300.26513672,21-25,1341,575,24_a
IVW09,20086524.26464844,21-25,1502,844,continue
IVW09,20109267.26513672,26-30,1349,160,26_a
IVW09,20123059.26513672,26-30,1528,298,27_e
IVW09,20133427.26513672,26-30,1479,429,28_d
IVW09,20141267.26513672,26-30,1386,559,29_b
IVW09,20161931.26513672,26-30,1332,702,30_a
IVW09,20239867.26513672,31-33,723,273,31_b
IVW09,20241779.26513672,31-33,971,560,32_c
IVW09,20244723.26513672,31-33,761,831,33_b
IVW09,20246403.26513672,31-33,1516,945,continue
IVW09,20251531.26464844,34-36,1210,275,34_d
IVW09,20255827.26464844,34-36,1449,563,35_e
IVW09,20261755.26513672,34-36,500,825,36_a
IVW09,20262835.26513672,34-36,1508,927,continue
IVW09,20265971.26513672,37-39,480,298,37_a
IVW09,20267947.26513672,37-39,1020,289,37_c
IVW09,20271099.26513672,37-39,1449,272,37_e
IVW09,20277715.26464844,37-39,1222,528,38_d
IVW09,20289179.26513672,37-39,1445,810,39_e
IVW09,20299507.26513672,37-39,1228,814,39_d
IVW09,20300859.26513672,37-39,1533,948,continue
IVW09,20301555.26513672,37-39,1529,938,continue
IVW09,20319747.26513672,40-42,494,278,40_a
IVW09,20343739.26513672,40-42,717,546,41_b
IVW09,20373443.26513672,40-42,962,802,42_c
IVW09,20374627.26513672,40-42,1542,911,continue
IVW09,20396875.26513672,43-45,771,279,43_b
IVW09,20408891.26513672,43-45,721,518,44_b
IVW09,20415827.26464844,43-45,954,775,45_c
IVW09,20527946.26513672,46-48,1195,245,46_d
IVW09,20547090.26513672,46-48,475,494,47_a
IVW09,20554777.26513672,46-48,1440,502,47_e
IVW09,20575777.26513672,46-48,1206,766,48_d
IVW09,20577417.26513672,46-48,1538,923,continue
IVW09,20590169.26513672,49-51,720,241,49_b
IVW09,20599393.26513672,49-51,962,510,50_c
IVW09,20609297.26513672,49-51,499,756,51_a
IVW09,20610721.265625,49-51,1506,923,continue
IVW09,20624626.26513672,52-54,714,230,52_b
IVW09,20655945.26513672,52-54,491,504,53_a
IVW09,20669593.26513672,52-54,484,763,54_a
IVW09,20671025.26513672,52-54,1539,928,continue
IVW09,20696513.26513672,55-56,966,232,55_c
IWT13,1917868.232910156,1-3,1200,235,1_d
IWT13,1920396.232910156,1-3,724,466,2_b
IWT13,1923268.232910156,1-3,1441,694,3_e
IWT13,1924364.232910156,1-3,1526,834,continue
IWT13,1928164.232910156,4-6,480,224,4_a
IWT13,1934460.232910156,4-6,1442,451,5_e
IWT13,1940212.232910156,4-6,723,685,6_b
IWT13,1942181.232910156,4-6,1548,823,continue
IWT13,1949524.232910156,7-9,481,215,7_a
IWT13,1951452.232910156,7-9,957,219,7_c
IWT13,1955500.232910156,7-9,963,447,8_c
IWT13,1969316.232910156,7-9,1204,684,9_d
IWT13,1970092.232910156,7-9,1536,825,continue
IWT13,1979604.232910156,10-12,480,221,10_a
IWT13,1994252.232910156,10-12,718,452,11_b
IWT13,2004356.232421875,10-12,485,685,12_a
IWT13,2006764.232421875,10-12,1555,833,continue
IWT13,2027749.2333984373,13-15,960,220,13_c
IWT13,2044573.232910156,13-15,1198,453,14_d
IWT13,2068469.232910156,13-15,1448,681,15_e
IWT13,2170589.232910156,16-20,1485,161,16_d
IWT13,2176157.233398437,16-20,1338,296,17_a
IWT13,2178573.232910156,16-20,1386,431,18_b
IWT13,2183077.232910156,16-20,1338,567,19_a
IWT13,2197909.232910156,16-20,1334,698,20_a
IWT13,2199213.232910156,16-20,1533,854,continue
IWT13,2206533.233398437,21-25,1435,157,21_c
IWT13,2209981.232910156,21-25,1386,295,22_b
IWT13,2218397.232910156,21-25,1335,427,23_a
IWT13,2255565.233398437,21-25,1440,562,24_c
IWT13,2281405.232910156,21-25,1534,698,25_e
IWT13,2282261.232910156,21-25,1519,854,continue
IWT13,2292438.232910156,26-30,1434,161,26_c
IWT13,2309206.232910156,26-30,1435,297,27_c
IWT13,2316247.232910156,26-30,1482,424,28_d
IWT13,2328526.233398437,26-30,1483,564,29_d
IWT13,2336366.232910156,26-30,1386,697,30_b
IWT13,2427166.232910156,31-33,721,275,31_b
IWT13,2428734.232910156,31-33,963,539,32_c
IWT13,2430478.232910156,31-33,722,801,33_b
IWT13,2432638.233398437,31-33,1523,937,continue
IWT13,2435830.232910156,34-36,1200,273,34_d
IWT13,2440030.232910156,34-36,722,534,35_b
IWT13,2448534.232910156,34-36,481,798,36_a
IWT13,2451494.232910156,34-36,1544,937,continue
IWT13,2457735.232910156,37-39,1442,277,37_e
IWT13,2462159.232910156,37-39,1197,531,38_d
IWT13,2469495.232910156,37-39,955,801,39_c
IWT13,2473959.232910156,37-39,1520,936,continue
IWT13,2501134.232910156,40-42,480,267,40_a
IWT13,2535783.232910156,40-42,481,536,41_a
IWT13,2558583.232910156,40-42,966,803,42_c
IWT13,2560127.232910156,40-42,1532,920,continue
IWT13,2568679.232910156,43-45,1201,269,43_d
IWT13,2589879.232910156,43-45,1440,521,44_e
IWT13,2657031.232910156,46-48,1201,233,46_d
IWT13,2673903.232910156,46-48,1438,499,47_e
IWT13,2695920.232910156,46-48,718,760,48_b
IWT13,2697816.232910156,46-48,1538,930,continue
IWT13,2707775.232910156,49-51,718,233,49_b
IWT13,2727632.232421875,49-51,960,505,50_c
IWT13,2738200.232910156,49-51,479,764,51_a
IWT13,2739312.232910156,49-51,1534,933,continue
IWT13,2761744.232421875,52-54,1201,240,52_d
IWT13,2777928.232421875,52-54,483,501,53_a
IWT13,2790824.232910156,52-54,477,765,54_a
IWT13,2806016.232910156,52-54,1527,932,continue
JAF05,1667402.3081054688,1-3,1206,245,1_d
JAF05,1670762.3081054688,1-3,727,471,2_b
JAF05,1675514.3081054688,1-3,1447,699,3_e
JAF05,1676530.3081054688,1-3,1528,846,continue
JAF05,1680138.3081054688,4-6,493,233,4_a
JAF05,1688970.3081054688,4-6,1215,464,5_d
JAF05,1692130.3081054688,4-6,1442,465,5_e
JAF05,1704218.3081054688,4-6,717,690,6_b
JAF05,1705378.3081054688,4-6,1532,824,continue
JAF05,1713945.3081054688,7-9,956,225,7_c
JAF05,1722489.3081054688,7-9,958,465,8_c
JAF05,1735193.3081054688,7-9,1200,690,9_d
JAF05,1737817.3081054688,7-9,1502,825,continue
JAF05,1748169.3081054688,10-12,485,224,10_a
JAF05,1762153.3081054688,10-12,714,450,11_b
JAF05,1772481.3081054688,10-12,482,686,12_a
JAF05,1773833.30859375,10-12,1499,834,continue
JAF05,1805969.3081054688,13-15,477,227,13_a
JAF05,1828113.3081054688,13-15,1196,462,14_d
JAF05,1848656.3076171875,13-15,1438,692,15_e
JAF05,1856576.3081054688,13-15,397,835,back
JAF05,1863185.3081054688,10-12,1544,846,continue
JAF05,1868936.3081054688,13-15,386,841,back
JAF05,1872537.3081054688,10-12,386,841,back
JAF05,1875009.3081054688,7-9,386,841,back
JAF05,1876905.30859375,4-6,386,841,back
JAF05,1879232.3081054688,1-3,1532,852,continue
JAF05,1879856.3081054688,4-6,1532,852,not on any aoi
JAF05,1880688.3081054688,4-6,1531,841,continue
JAF05,1881312.3081054688,7-9,1531,841,continue
JAF05,1882193.3081054688,10-12,1531,841,continue
JAF05,1918512.3076171875,16-20,1492,169,16_d
JAF05,1922512.3076171875,16-20,1330,301,17_a
JAF05,1927040.3081054688,16-20,1385,436,18_b
JAF05,1935608.3081054688,16-20,1343,576,19_a
JAF05,1945568.3081054688,16-20,1541,705,20_e
JAF05,1946488.3081054688,16-20,1504,863,continue
JAF05,1955904.3081054688,21-25,1434,171,21_c
JAF05,1962856.3081054688,21-25,1394,311,22_b
JAF05,1970392.3081054688,21-25,1330,436,23_a
JAF05,1997224.3081054688,21-25,1438,571,24_c
JAF05,2015920.3076171875,21-25,1389,704,25_b
JAF05,2016920.3076171875,21-25,1474,816,not on any aoi
JAF05,2017920.3076171875,21-25,1511,861,continue
JAF05,2048679.3081054688,26-30,1538,309,27_e
JAF05,2071951.3081054688,26-30,1478,437,28_d
JAF05,2107319.3081054688,26-30,1378,577,29_b
JAF05,2131271.3081054688,26-30,1344,708,30_a
JAF05,2139591.3081054688,26-30,1537,161,26_e
JAF05,2169863.3081054688,31-33,723,281,31_b
JAF05,2174239.3081054688,31-33,960,546,32_c
JAF05,2178287.3081054688,31-33,701,821,33_b
JAF05,2179935.3081054688,31-33,1529,952,continue
JAF05,2184087.3081054688,34-36,1195,278,34_d
JAF05,2190511.3076171875,34-36,1453,549,35_e
JAF05,2196335.3081054688,34-36,469,815,36_a
JAF05,2197895.3081054688,34-36,1541,943,continue
JAF05,2205567.3081054688,37-39,1435,278,37_e
JAF05,2210047.3081054688,37-39,1198,537,38_d
JAF05,2238279.3081054688,37-39,956,818,39_c
JAF05,2239759.3081054688,37-39,1518,935,continue
JAF05,2249327.3076171875,40-42,475,282,40_a
JAF05,2278303.3081054688,40-42,483,546,41_a
JAF05,2306511.3076171875,40-42,475,817,42_a
JAF05,2309471.3081054688,40-42,1504,934,continue
JAF05,2322951.3081054688,43-45,1187,272,43_d
JAF05,2411518.3081054688,46-48,1199,246,46_d
JAF05,2426542.3081054688,46-48,719,514,47_b
JAF05,2456126.3081054688,46-48,1198,772,48_d
JAF05,2460046.3081054688,46-48,1517,932,continue
JAF05,2468838.3081054688,49-51,717,243,49_b
JAF05,2489574.3081054688,49-51,964,518,50_c
JAF05,2496782.3081054688,49-51,478,776,51_a
JAF05,2498574.3081054688,49-51,1536,943,continue
JAF05,2518494.3081054688,52-54,1206,245,52_d
JAF05,2541694.3081054688,52-54,486,514,53_a
JAF05,2561310.3081054688,52-54,482,772,54_a
JAF05,2562814.3081054688,52-54,1554,942,continue
JGB27,2016776.5698242188,1-3,1192,270,1_d
JGB27,2022281.5698242188,1-3,692,508,2_b
JGB27,2026240.5698242188,1-3,1443,737,3_e
JGB27,2027000.5698242188,1-3,1538,836,continue
JGB27,2031568.5698242188,4-6,483,270,4_a
JGB27,2040880.5698242188,4-6,1434,508,5_e
JGB27,2049344.5698242188,4-6,723,732,6_b
JGB27,2050712.5703125,4-6,1540,830,continue
JGB27,2055712.5703125,7-9,970,274,7_c
JGB27,2060344.5698242188,7-9,972,501,8_c
JGB27,2070688.5698242188,7-9,1206,738,9_d
JGB27,2071512.5698242188,7-9,1550,827,continue
JGB27,2088240.5698242188,10-12,481,275,10_a
JGB27,2096192.5703125,10-12,721,490,11_b
JGB27,2112792.5698242188,10-12,469,728,12_a
JGB27,2115088.5698242188,10-12,1510,827,continue
JGB27,2147192.5703125,13-15,941,265,13_c
JGB27,2157608.5698242188,13-15,482,502,14_a
JGB27,2185648.5698242188,13-15,473,724,15_a
JGB27,2199368.5698242188,13-15,965,272,13_c
JGB27,2200256.5698242188,13-15,480,497,14_a
JGB27,2200880.5698242188,13-15,460,758,15_a
JGB27,2201344.5698242188,13-15,488,725,15_a
JGB27,2294592.5698242188,16-20,1490,166,16_d
JGB27,2301440.5698242188,16-20,1325,299,17_a
JGB27,2304432.5698242188,16-20,1378,422,18_b
JGB27,2310024.5698242188,16-20,1342,564,19_a
JGB27,2313968.5703125,16-20,1540,692,20_e
JGB27,2314832.5698242188,16-20,1536,843,continue
JGB27,2345943.569335937,21-25,1488,160,21_d
JGB27,2361295.5698242188,21-25,1538,300,22_e
JGB27,2373071.5698242188,21-25,1330,426,23_a
JGB27,2392823.5698242188,21-25,1332,563,24_a
JGB27,2405062.5698242188,21-25,1435,709,25_c
JGB27,2405694.5698242188,21-25,1544,851,continue
JGB27,2424798.5698242188,26-30,1438,167,26_c
JGB27,2433902.5698242188,26-30,1546,294,27_e
JGB27,2448054.5698242188,26-30,1479,428,28_d
JGB27,2458918.5698242188,26-30,1386,575,29_b
JGB27,2470286.5698242188,26-30,1433,693,30_c
JGB27,2477686.5698242188,26-30,1387,701,30_b
JGB27,2577902.5698242188,31-33,708,306,31_b
JGB27,2584358.5698242188,31-33,967,581,32_c
JGB27,2590590.5698242188,31-33,713,835,33_b
JGB27,2594334.5698242188,31-33,1522,933,continue
JGB27,2598551.5698242188,34-36,1153,307,34_d
JGB27,2605527.5698242188,34-36,703,590,35_b
JGB27,2610359.5698242188,34-36,478,835,36_a
JGB27,2613238.5698242188,34-36,1537,933,continue
JGB27,2615846.5698242188,37-39,490,300,37_a
JGB27,2626646.5698242188,37-39,1449,321,37_e
JGB27,2634278.5698242188,37-39,1209,563,38_d
JGB27,2647542.5698242188,37-39,1194,834,39_d
JGB27,2653438.5698242188,37-39,1519,935,continue
JGB27,2668006.5698242188,40-42,482,313,40_a
JGB27,2683174.5698242188,40-42,957,569,41_c
JGB27,2708814.5698242188,40-42,955,839,42_c
JGB27,2710550.5698242188,40-42,1545,922,continue
JGB27,2725870.5698242188,43-45,1201,306,43_d
JGB27,2733334.5698242188,43-45,958,557,44_c
JGB27,2735446.5698242188,43-45,475,549,44_a
JGB27,2745782.5698242188,43-45,1211,811,45_d
JGB27,2833197.5698242188,46-48,1189,296,46_d
JGB27,2842573.5698242188,46-48,1416,563,47_e
JGB27,2859637.5698242188,46-48,709,833,48_b
JGB27,2863165.5698242188,46-48,1528,925,continue
JGB27,2872182.5698242188,49-51,716,295,49_b
JGB27,2878766.5698242188,49-51,969,559,50_c
JGB27,2879942.5698242188,49-51,948,537,50_c
JGB27,2889966.5698242188,49-51,512,819,51_a
JGB27,2891150.5698242188,49-51,1506,928,continue
JGB27,2909734.5698242188,52-54,988,304,52_c
JGB27,2914566.5698242188,52-54,491,573,53_a
JGB27,2924926.5698242188,52-54,511,817,54_a
JGB27,2926510.5698242188,52-54,1565,935,continue
JGB27,2927086.5698242188,52-54,1549,935,continue
JGB27,2936149.5698242188,55-56,955,303,55_c
JGB27,2939413.5698242188,55-56,737,552,56_b
JGB27,2982133.5703125,55-56,944,564,56_c
JHB15,3226779.4091796875,1-3,1204,235,1_d
JHB15,3229011.4091796875,1-3,716,467,2_b
JHB15,3232347.4091796875,1-3,1445,690,3_e
JHB15,3233083.4091796875,1-3,1515,846,continue
JHB15,3236163.4091796875,4-6,484,223,4_a
JHB15,3249019.4091796875,4-6,1446,449,5_e
JHB15,3255091.4091796875,4-6,720,682,6_b
JHB15,3256083.4091796875,4-6,1507,819,continue
JHB15,3265986.4091796875,7-9,967,224,7_c
JHB15,3272818.4096679688,7-9,960,450,8_c
JHB15,3283042.4096679688,7-9,1201,687,9_d
JHB15,3284178.4091796875,7-9,1542,828,continue
JHB15,3298074.4091796875,10-12,483,224,10_a
JHB15,3311914.4091796875,10-12,722,449,11_b
JHB15,3315282.4091796875,10-12,482,683,12_a
JHB15,3318282.4091796875,10-12,481,680,12_a
JHB15,3321202.4091796875,10-12,479,678,12_a
JHB15,3322562.4096679688,10-12,1528,828,continue
JHB15,3356482.4091796875,13-15,484,223,13_a
JHB15,3366466.4091796875,13-15,486,443,14_a
JHB15,3383746.4096679688,13-15,1442,453,14_e
JHB15,3416218.4091796875,13-15,1434,688,15_e
JHB15,3427314.4091796875,13-15,1564,799,continue
JHB15,3495498.4091796875,16-20,758,197,not on any aoi
JHB15,3497218.4091796875,16-20,1487,159,16_d
JHB15,3501498.4091796875,16-20,1339,295,17_a
JHB15,3508482.4091796875,16-20,1386,424,18_b
JHB15,3516850.4091796875,16-20,1333,573,19_a
JHB15,3520122.4091796875,16-20,1535,695,20_e
JHB15,3521010.4091796875,16-20,1538,859,continue
JHB15,3529562.4096679688,21-25,1430,158,21_c
JHB15,3536034.4091796875,21-25,1380,294,22_b
JHB15,3544921.4091796875,21-25,1329,428,23_a
JHB15,3581089.4086914062,21-25,1488,559,24_d
JHB15,3601169.4086914062,21-25,1538,696,25_e
JHB15,3601761.4086914062,21-25,1530,862,continue
JHB15,3643041.409179688,26-30,1486,702,30_d
JHB15,3699601.409179688,26-30,1335,160,26_a
JHB15,3700265.409179688,26-30,1384,297,27_b
JHB15,3701761.4086914062,26-30,1438,435,28_c
JHB15,3702825.409179688,26-30,1489,564,29_d
JHB15,3726401.409179688,26-30,1539,291,27_e
JHB15,3764906.409179688,31-33,721,271,31_b
JHB15,3766674.4096679688,31-33,960,533,32_c
JHB15,3769330.409179688,31-33,722,801,33_b
JHB15,3771242.409179688,31-33,1540,926,continue
JHB15,3774994.409179688,34-36,1201,273,34_d
JHB15,3781994.409179688,34-36,723,538,35_b
JHB15,3787586.409179688,34-36,947,795,36_c
JHB15,3788746.4096679688,34-36,1558,936,continue
JHB15,3795001.409179688,37-39,1443,276,37_e
JHB15,3799305.409179688,37-39,1210,533,38_d
JHB15,3806073.409179688,37-39,961,800,39_c
JHB15,3813265.409179688,37-39,1525,947,continue
JHB15,3814153.409179688,37-39,1525,938,continue
JHB15,3849033.409179688,40-42,475,534,41_a
JHB15,3857009.409179688,40-42,480,267,40_a
JHB15,3905745.409179688,40-42,969,801,42_c
JHB15,3907081.409179688,40-42,1539,929,continue
JHB15,3923161.409179688,43-45,1199,266,43_d
JHB15,4039257.409179688,46-48,1202,234,46_d
JHB15,4063801.409179688,46-48,720,501,47_b
JHB15,4089985.4086914062,46-48,1203,763,48_d
JHB15,4091841.409179688,46-48,1534,933,continue
JHB15,4099648.4086914062,49-51,721,236,49_b
JHB15,4119192.409179688,49-51,961,504,50_c
JHB15,4134520.409179688,49-51,482,765,51_a
JHB15,4136504.409179688,49-51,1548,932,continue
JHB15,4157209.409179688,52-54,1195,235,52_d
JHB15,4165577.4086914062,52-54,484,496,53_a
JHB15,4172841.409179688,52-54,484,769,54_a
JHB15,4174073.409179688,52-54,1546,928,continue
JHB15,4190505.409179688,55-56,480,237,55_a
JJE08,1936207.5590820312,1-3,1198,266,1_d
JJE08,1939479.5590820312,1-3,720,484,2_b
JJE08,1943087.5590820312,1-3,1413,730,3_e
JJE08,1944695.5590820312,1-3,1525,835,continue
JJE08,1948686.5590820312,4-6,486,260,4_a
JJE08,1952782.5590820312,4-6,1452,503,5_e
JJE08,1957166.5590820312,4-6,695,732,6_b
JJE08,1958686.5590820312,4-6,1542,836,continue
JJE08,1962655.5595703125,7-9,1466,261,7_e
JJE08,1973399.5590820312,7-9,966,487,8_c
JJE08,1983911.5590820312,7-9,1193,683,9_d
JJE08,1986647.5590820312,7-9,1528,828,continue
JJE08,2000078.5590820312,10-12,1198,221,10_d
JJE08,2007102.5595703125,10-12,720,507,11_b
JJE08,2018566.5590820312,10-12,1436,732,12_e
JJE08,2021646.5590820312,10-12,1545,841,continue
JJE08,2023214.5595703125,10-12,1533,821,continue
JJE08,2032182.5590820312,13-15,969,262,13_c
JJE08,2051974.5590820312,13-15,1195,509,14_d
JJE08,2093270.5590820312,13-15,1428,726,15_e
JJE08,2095270.5590820312,13-15,1438,709,15_e
JJE08,2209614.5590820312,16-20,1483,162,16_d
JJE08,2215846.5595703125,16-20,1349,287,17_a
JJE08,2219654.5595703125,16-20,1381,437,18_b
JJE08,2225230.5590820312,16-20,1334,565,19_a
JJE08,2232230.5590820312,16-20,1533,703,20_e
JJE08,2237246.5595703125,16-20,1507,855,continue
JJE08,2247406.5590820312,21-25,1439,158,21_c
JJE08,2252910.5590820312,21-25,1380,301,22_b
JJE08,2306078.5590820312,21-25,1488,698,25_d
JJE08,2320654.5595703125,21-25,1391,433,23_b
JJE08,2360886.5590820312,21-25,1483,563,24_d
JJE08,2361910.5590820312,21-25,1530,854,continue
JJE08,2395101.5590820312,26-30,1443,297,27_c
JJE08,2411421.5590820312,26-30,1483,434,28_d
JJE08,2421349.5590820312,26-30,1389,565,29_b
JJE08,2434093.5590820312,26-30,1540,701,30_e
JJE08,2444117.5590820312,26-30,1433,168,26_c
JJE08,2492261.55859375,31-33,478,303,31_a
JJE08,2494917.5590820312,31-33,959,561,32_c
JJE08,2502357.5590820312,31-33,712,829,33_b
JJE08,2503397.5590820312,31-33,1521,935,continue
JJE08,2506205.5590820312,34-36,1195,304,34_d
JJE08,2510429.5590820312,34-36,1433,572,35_e
JJE08,2512861.5590820312,34-36,727,558,35_b
JJE08,2517261.55859375,34-36,441,833,36_a
JJE08,2519357.5590820312,34-36,1520,936,continue
JJE08,2524821.5590820312,37-39,495,318,37_a
JJE08,2526781.55859375,37-39,1389,314,37_e
JJE08,2531309.5590820312,37-39,1160,575,38_d
JJE08,2544941.5590820312,37-39,965,841,39_c
JJE08,2547957.5590820312,37-39,1525,934,continue
JJE08,2560749.5590820312,40-42,1182,313,40_d
JJE08,2584413.55859375,40-42,479,315,40_a
JJE08,2599341.5590820312,40-42,719,559,41_b
JJE08,2627405.5590820312,40-42,722,828,42_b
JJE08,2628909.5590820312,40-42,952,835,42_c
JJE08,2631301.55859375,40-42,722,836,42_b
JJE08,2632733.5590820312,40-42,1497,921,continue
JJE08,2652685.5590820312,43-45,1206,281,43_d
JJE08,2662829.5590820312,43-45,1454,559,44_e
JJE08,2778261.55859375,46-48,1213,291,46_d
JJE08,2790389.5590820312,46-48,1425,557,47_e
JJE08,2809445.5590820312,46-48,748,842,48_b
JJE08,2813021.5590820312,46-48,1543,933,continue
JJE08,2821653.5590820312,49-51,723,267,49_b
JJE08,2836653.5590820312,49-51,961,556,50_c
JJE08,2853549.5590820312,49-51,493,817,51_a
JJE08,2854845.5590820312,49-51,1506,932,continue
JJE08,2862532.5590820312,52-54,956,289,52_c
JJE08,2877436.5590820312,52-54,1200,301,52_d
JJE08,2896716.5590820312,52-54,500,569,53_a
JJE08,2903924.5590820312,52-54,491,827,54_a
JJE08,2923916.5590820312,52-54,1532,927,continue
JJE08,2937500.5590820312,55-56,947,293,55_c
JJO05,1844786.3081054688,1-3,1199,276,1_d
JJO05,1849274.3081054688,1-3,725,461,2_b
JJO05,1852810.3081054688,1-3,1434,694,3_e
JJO05,1853522.3081054688,1-3,1528,835,continue
JJO05,1856570.3081054688,4-6,473,225,4_a
JJO05,1863922.3081054688,4-6,1434,453,5_e
JJO05,1865426.3076171875,4-6,1438,451,5_e
JJO05,1870914.3081054688,4-6,715,681,6_b
JJO05,1872034.3081054688,4-6,1518,825,continue
JJO05,1876090.3076171875,7-9,958,223,7_c
JJO05,1882321.3081054688,7-9,965,449,8_c
JJO05,1894297.3081054688,7-9,1196,682,9_d
JJO05,1894993.3081054688,7-9,1544,817,continue
JJO05,1902450.3081054688,10-12,482,221,10_a
JJO05,1910114.3081054688,10-12,723,450,11_b
JJO05,1921034.3081054688,10-12,479,680,12_a
JJO05,1923498.3076171875,10-12,1540,821,continue
JJO05,1935282.3081054688,13-15,959,222,13_c
JJO05,1944506.3081054688,13-15,1199,458,14_d
JJO05,1959994.3081054688,13-15,1441,681,15_e
JJO05,2107761.3081054688,16-20,1483,155,16_d
JJO05,2113769.3081054688,16-20,1335,293,17_a
JJO05,2116881.3081054688,16-20,1386,426,18_b
JJO05,2121984.30859375,16-20,1332,559,19_a
JJO05,2127792.3081054688,16-20,1537,700,20_e
JJO05,2128832.3081054688,16-20,1541,854,continue
JJO05,2135424.3081054688,21-25,1439,162,21_c
JJO05,2139400.3081054688,21-25,1373,297,22_b
JJO05,2139792.3081054688,21-25,1384,296,22_b
JJO05,2165616.3081054688,21-25,1383,431,23_b
JJO05,2184784.3081054688,21-25,1434,560,24_c
JJO05,2205632.3081054688,21-25,1434,692,25_c
JJO05,2206680.3081054688,21-25,1538,857,continue
JJO05,2216831.3081054688,26-30,1433,166,26_c
JJO05,2226575.30859375,26-30,1541,294,27_e
JJO05,2236127.3081054688,26-30,1487,436,28_d
JJO05,2249311.3081054688,26-30,1485,563,29_d
JJO05,2262823.3081054688,26-30,1435,698,30_c
JJO05,2372567.3081054688,31-33,721,265,31_b
JJO05,2374783.3081054688,31-33,969,535,32_c
JJO05,2377063.30859375,31-33,728,799,33_b
JJO05,2378455.3081054688,31-33,1529,927,continue
JJO05,2381871.30859375,34-36,1205,273,34_d
JJO05,2386039.3081054688,34-36,720,542,35_b
JJO05,2389647.3081054688,34-36,473,801,36_a
JJO05,2390943.3081054688,34-36,1547,939,continue
JJO05,2396279.30859375,37-39,1436,277,37_e
JJO05,2399847.3081054688,37-39,1196,543,38_d
JJO05,2419991.3081054688,37-39,965,799,39_c
JJO05,2421599.3081054688,37-39,1532,928,continue
JJO05,2427279.30859375,40-42,482,263,40_a
JJO05,2443023.30859375,40-42,720,529,41_b
JJO05,2458278.3081054688,40-42,961,808,42_c
JJO05,2459990.3081054688,40-42,1522,922,continue
JJO05,2468647.3081054688,43-45,1213,276,43_d
JJO05,2492391.30859375,43-45,1448,524,44_e
JJO05,2517079.3081054688,43-45,728,779,45_b
JJO05,2588342.3081054688,46-48,1206,231,46_d
JJO05,2602470.3081054688,46-48,716,498,47_b
JJO05,2614382.3081054688,46-48,1199,768,48_d
JJO05,2615238.3081054688,46-48,1359,843,not on any aoi
JJO05,2616902.3081054688,46-48,1204,776,48_d
JJO05,2618078.3081054688,46-48,1519,923,continue
JJO05,2627838.3081054688,49-51,718,238,49_b
JJO05,2643885.3081054688,49-51,961,503,50_c
JJO05,2656517.3081054688,49-51,486,762,51_a
JJO05,2657645.3081054688,49-51,1545,924,continue
JJO05,2683598.3081054688,52-54,717,239,52_b
JJO05,2731269.3081054688,52-54,1439,497,53_e
JJO05,2742429.3081054688,52-54,488,765,54_a
JJO05,2744469.3081054688,52-54,1533,933,continue
JOM25,13939751.125976562,1-3,1204,246,1_d
JOM25,13942239.125976562,1-3,723,474,2_b
JOM25,13945591.125976562,1-3,1436,694,3_e
JOM25,13947703.125976562,1-3,1523,848,continue
JOM25,13950895.125976562,4-6,478,224,4_a
JOM25,13956367.125976562,4-6,1448,468,5_e
JOM25,13961423.125976562,4-6,731,692,6_b
JOM25,13963767.125976562,4-6,1529,829,continue
JOM25,13969111.12548828,7-9,959,231,7_c
JOM25,13974479.125976562,7-9,961,458,8_c
JOM25,13982183.125976562,7-9,1200,693,9_d
JOM25,13990231.125976562,7-9,1527,836,continue
JOM25,14006311.125976562,10-12,481,227,10_a
JOM25,14015263.12548828,10-12,726,463,11_b
JOM25,14034695.125976562,10-12,487,691,12_a
JOM25,14035719.125976562,10-12,1513,824,continue
JOM25,14047158.125976562,13-15,948,225,13_c
JOM25,14063878.125976562,13-15,1201,467,14_d
JOM25,14083694.125976562,13-15,1437,691,15_e
JOM25,14085174.125976562,13-15,387,834,back
JOM25,14090462.125976562,10-12,1526,833,continue
JOM25,14096807.125976562,13-15,408,824,back
JOM25,14097167.125976562,10-12,403,827,back
JOM25,14097686.125976562,7-9,403,827,back
JOM25,14101342.125976562,4-6,413,826,back
JOM25,14112287.125976562,1-3,1539,850,continue
JOM25,14122470.125976562,4-6,1542,840,continue
JOM25,14142494.125976562,7-9,1509,828,continue
JOM25,14157374.125976562,10-12,1523,824,continue
JOM25,14158990.125976562,13-15,372,834,back
JOM25,14167454.125976562,10-12,1523,836,continue
JOM25,14196750.125976562,16-20,1482,166,16_d
JOM25,14200022.125976562,16-20,1344,303,17_a
JOM25,14202446.125976562,16-20,1385,439,18_b
JOM25,14207886.125976562,16-20,1338,572,19_a
JOM25,14211878.125976562,16-20,1556,703,20_e
JOM25,14213070.125976562,16-20,1506,859,continue
JOM25,14220142.125976562,21-25,1417,172,21_c
JOM25,14224174.125976562,21-25,1373,299,22_b
JOM25,14233070.125976562,21-25,1350,446,23_a
JOM25,14239358.125976562,21-25,1429,573,24_c
JOM25,14261214.125976562,21-25,1538,714,25_e
JOM25,14262430.125976562,21-25,1530,852,continue
JOM25,14272997.125976562,26-30,1426,163,26_c
JOM25,14278413.126464846,26-30,1550,303,27_e
JOM25,14290037.125976562,26-30,1536,428,28_e
JOM25,14333805.125976562,26-30,1390,701,30_b
JOM25,14362965.125976562,26-30,1491,572,29_d
JOM25,14365213.125976562,26-30,395,862,back
JOM25,14365558.125976562,21-25,395,862,back
JOM25,14366078.125976562,16-20,395,862,back
JOM25,14373629.125976562,16-20,1507,855,continue
JOM25,14376958.125976562,21-25,1505,864,not on any aoi
JOM25,14378477.125976562,26-30,390,853,back
JOM25,14394022.125976562,21-25,1548,851,continue
JOM25,14458197.125976562,31-33,726,278,31_b
JOM25,14461165.125976562,31-33,957,542,32_c
JOM25,14463037.125976562,31-33,741,801,33_b
JOM25,14464157.125976562,31-33,1541,949,continue
JOM25,14466093.125976562,34-36,415,931,back
JOM25,14468365.125976562,31-33,1530,936,continue
JOM25,14470973.125976562,34-36,1204,283,34_d
JOM25,14474165.125976562,34-36,727,548,35_b
JOM25,14478901.125976562,34-36,492,807,36_a
JOM25,14480645.125976562,34-36,1508,940,continue
JOM25,14488886.125976562,37-39,1434,279,37_e
JOM25,14493542.125976562,37-39,1199,545,38_d
JOM25,14507126.125976562,37-39,963,812,39_c
JOM25,14508557.125976562,37-39,1508,940,continue
JOM25,14523701.125976562,40-42,484,304,40_a
JOM25,14572253.125976562,40-42,477,541,41_a
JOM25,14597845.125976562,40-42,953,814,42_c
JOM25,14609357.125976562,40-42,1502,942,continue
JOM25,14609901.125976562,40-42,1511,926,continue
JOM25,14622916.125976562,43-45,966,278,43_c
JOM25,14624828.125976562,43-45,726,524,44_b
JOM25,14627308.126464846,43-45,976,777,45_c
JOM25,14631740.125976562,43-45,1202,285,43_d
JOM25,14703980.125976562,46-48,1204,248,46_d
JOM25,14725076.125976562,46-48,711,510,47_b
JOM25,14746492.126464846,46-48,395,938,back
JOM25,14768660.125976562,46-48,1203,772,48_d
JOM25,14769900.126464846,46-48,1513,931,continue
JOM25,14778685.125976562,49-51,721,240,49_b
JOM25,14788557.125976562,49-51,963,509,50_c
JOM25,14797525.126464846,49-51,484,774,51_a
JOM25,14802732.125976562,49-51,1521,929,continue
JOM25,14816988.125976562,52-54,1186,230,52_d
JOM25,14837636.126464846,52-54,721,510,53_b
JOM25,14843180.125976562,52-54,484,509,53_a
JOM25,14854076.125976562,52-54,485,773,54_a
JOM25,14856380.126464846,52-54,1564,934,continue
JOM25,14856900.126464846,52-54,1545,937,continue
JOM25,14874388.125976562,55-56,477,246,55_a
JOM25,14877260.125976562,55-56,968,498,56_c
JOS03,11234133.349609377,1-3,1200,237,1_d
JOS03,11236141.349121094,1-3,727,465,2_b
JOS03,11240149.349121094,1-3,1443,695,3_e
JOS03,11240941.349121094,1-3,1521,830,continue
JOS03,11244037.349121094,4-6,477,222,4_a
JOS03,11251557.349121094,4-6,1441,454,5_e
JOS03,11257981.349609377,4-6,718,678,6_b
JOS03,11259381.349121096,4-6,1514,824,continue
JOS03,11267877.349609375,7-9,965,223,7_c
JOS03,11272221.349121096,7-9,956,450,8_c
JOS03,11290165.349121096,7-9,1206,685,9_d
JOS03,11292301.349121096,7-9,1511,815,continue
JOS03,11301093.349609375,10-12,1199,225,10_d
JOS03,11305989.349609375,10-12,479,221,10_a
JOS03,11314069.349121096,10-12,720,450,11_b
JOS03,11324124.349121096,10-12,480,681,12_a
JOS03,11325556.349121096,10-12,1526,832,continue
JOS03,11338285.349609375,13-15,483,222,13_a
JOS03,11349492.349121096,13-15,1202,225,13_d
JOS03,11369308.349121096,13-15,720,220,13_b
JOS03,11396220.348632812,13-15,1440,448,14_e
JOS03,11432988.349121096,13-15,958,681,15_c
JOS03,11441612.349121096,13-15,726,818,not on any aoi
JOS03,11466692.349121096,13-15,1437,681,15_e
JOS03,11494252.349121096,16-20,1489,156,16_d
JOS03,11499948.349121096,16-20,1336,292,17_a
JOS03,11504283.349121096,16-20,1384,429,18_b
JOS03,11512739.349121096,16-20,1332,561,19_a
JOS03,11518844.349121096,16-20,1530,698,20_e
JOS03,11519675.349121096,16-20,1541,852,continue
JOS03,11527748.349121096,21-25,1433,164,21_c
JOS03,11531124.349121096,21-25,1383,290,22_b
JOS03,11537187.349121096,21-25,1334,429,23_a
JOS03,11577707.349121096,21-25,1428,564,24_c
JOS03,11594099.349121096,21-25,1487,697,25_d
JOS03,11594699.349121096,21-25,1526,845,continue
JOS03,11603539.349121096,26-30,1434,164,26_c
JOS03,11617475.349121096,26-30,1539,292,27_e
JOS03,11646411.349121096,26-30,1336,561,29_a
JOS03,11664075.349121096,26-30,1333,434,28_a
JOS03,11684139.349121096,26-30,810,709,not on any aoi
JOS03,11685603.349121096,26-30,1540,707,30_e
JOS03,11751378.349121096,31-33,722,263,31_b
JOS03,11753330.349121096,31-33,959,538,32_c
JOS03,11756250.349121096,31-33,719,800,33_b
JOS03,11757818.349609375,31-33,1541,929,continue
JOS03,11761011.349121096,34-36,1199,272,34_d
JOS03,11764779.349121096,34-36,1199,537,35_d
JOS03,11767323.349121096,34-36,965,801,36_c
JOS03,11769603.349121096,34-36,1505,940,continue
JOS03,11774058.349121096,37-39,1439,265,37_e
JOS03,11778186.349609375,37-39,1204,533,38_d
JOS03,11787554.349121096,37-39,958,800,39_c
JOS03,11788530.349121096,37-39,1537,917,continue
JOS03,11788866.349121096,37-39,1539,922,continue
JOS03,11796179.349121096,40-42,969,272,40_c
JOS03,11817683.349121096,40-42,483,266,40_a
JOS03,11829115.349121096,40-42,481,530,41_a
JOS03,11858674.349121096,40-42,955,799,42_c
JOS03,11863426.349121096,40-42,1535,917,continue
JOS03,11871986.349121096,43-45,1208,268,43_d
JOS03,11882570.349121096,43-45,1442,524,44_e
JOS03,11917769.349121096,43-45,1202,776,45_d
JOS03,12033641.348632812,46-48,1206,233,46_d
JOS03,12056145.349121096,46-48,1200,764,48_d
JOS03,12068889.349121096,46-48,1448,499,47_e
JOS03,12070057.349121096,46-48,1529,934,continue
JOS03,12082426.349121096,49-51,962,237,49_c
JOS03,12108698.349121096,49-51,957,502,50_c
JOS03,12121514.349121096,49-51,479,762,51_a
JOS03,12122626.349121096,49-51,1523,921,continue
JOS03,12139497.348632812,52-54,965,230,52_c
JOS03,12168553.349121096,52-54,963,760,54_c
JOS03,12191929.349121096,52-54,954,502,53_c
JOS03,12193073.349121096,52-54,1535,927,continue
JOS03,12200321.349121096,55-56,1204,501,56_d
JWH28,19874823.995117188,1-3,1203,236,1_d
JWH28,19878151.995117188,1-3,721,464,2_b
JWH28,19882919.995117188,1-3,1439,705,3_e
JWH28,19884143.995117188,1-3,1519,843,continue
JWH28,19887710.995117188,4-6,489,233,4_a
JWH28,19900902.995117188,4-6,1454,487,5_e
JWH28,19923478.99560547,4-6,719,684,6_b
JWH28,19924870.995117188,4-6,1546,824,continue
JWH28,19929503.995117188,7-9,958,247,7_c
JWH28,19937223.99560547,7-9,972,501,8_c
JWH28,19963079.995117188,7-9,505,734,9_a
JWH28,19964175.995117188,7-9,1516,832,continue
JWH28,19977438.995117188,10-12,495,278,10_a
JWH28,19986886.99560547,10-12,731,493,11_b
JWH28,20015278.995117188,10-12,488,721,12_a
JWH28,20016366.995117188,10-12,1539,826,continue
JWH28,20021335.995117188,13-15,1210,281,13_d
JWH28,20024127.995117188,13-15,966,276,13_c
JWH28,20061751.995117188,13-15,489,504,14_a
JWH28,20087511.995117188,13-15,477,729,15_a
JWH28,20142774.99560547,16-20,1487,163,16_d
JWH28,20147694.995117188,16-20,1335,299,17_a
JWH28,20150630.99560547,16-20,1384,431,18_b
JWH28,20161486.99560547,16-20,1331,572,19_a
JWH28,20173302.995117188,16-20,1531,695,20_e
JWH28,20174110.99560547,16-20,1546,861,continue
JWH28,20179630.99560547,21-25,1538,165,21_e
JWH28,20183822.995117188,21-25,1385,294,22_b
JWH28,20198182.99560547,21-25,1378,436,23_b
JWH28,20202982.995117188,21-25,1440,574,24_c
JWH28,20220486.99560547,21-25,1488,700,25_d
JWH28,20221198.995117188,21-25,1535,865,not on any aoi
JWH28,20237630.99560547,26-30,1435,166,26_c
JWH28,20248430.995117188,26-30,1437,297,27_c
JWH28,20332661.995117188,26-30,1534,697,30_e
JWH28,20360157.995117188,26-30,1481,583,29_d
JWH28,20377021.995117188,26-30,1541,428,28_e
JWH28,20410189.995117188,31-33,719,307,31_b
JWH28,20413189.995117188,31-33,969,577,32_c
JWH28,20415549.995117188,31-33,732,844,33_b
JWH28,20417204.995117188,31-33,1523,931,continue
JWH28,20421356.995117188,34-36,1183,323,34_d
JWH28,20428229.995117188,34-36,1170,582,35_d
JWH28,20430684.995117188,34-36,700,595,35_b
JWH28,20435572.995117188,34-36,486,850,36_a
JWH28,20436892.995117188,34-36,1536,941,continue
JWH28,20442893.995117188,37-39,1426,311,37_e
JWH28,20447637.995117188,37-39,1207,595,38_d
JWH28,20459645.994628906,37-39,723,843,39_b
JWH28,20471437.995117188,37-39,1194,846,39_d
JWH28,20472341.995117188,37-39,955,841,39_c
JWH28,20473157.995117188,37-39,1542,938,continue
JWH28,20486853.995117188,40-42,495,312,40_a
JWH28,20514109.995117188,40-42,973,571,41_c
JWH28,20525061.995117188,40-42,720,572,41_b
JWH28,20537629.995117188,40-42,965,835,42_c
JWH28,20539597.995117188,40-42,1549,929,continue
JWH28,20558996.995117188,43-45,1200,306,43_d
JWH28,20669388.995117188,46-48,1219,301,46_d
JWH28,20694540.995117188,46-48,743,583,47_b
JWH28,20722132.995117188,46-48,1203,834,48_d
JWH28,20725292.995117188,46-48,1552,927,continue
JWH28,20733508.995117188,49-51,727,309,49_b
JWH28,20751044.995117188,49-51,488,305,49_a
JWH28,20761132.995117188,49-51,736,554,50_b
JWH28,20798035.995117188,49-51,957,556,50_c
JWH28,20811899.995117188,49-51,1197,838,51_d
JWH28,20812851.995117188,49-51,1527,929,continue
JWH28,20834163.995117188,52-54,722,303,52_b
KAM08,19856977.169921875,1-3,1204,231,1_d
KAM08,19858993.169921875,1-3,725,465,2_b
KAM08,19861329.169921875,1-3,1439,700,3_e
KAM08,19862377.169921875,1-3,1549,842,continue
KAM08,19865921.169921875,4-6,480,221,4_a
KAM08,19870313.169921875,4-6,1438,447,5_e
KAM08,19875113.169921875,4-6,722,687,6_b
KAM08,19877289.169921875,4-6,1544,832,continue
KAM08,19884041.169921875,7-9,961,226,7_c
KAM08,19887657.169921875,7-9,722,449,8_b
KAM08,19893393.169921875,7-9,1203,684,9_d
KAM08,19894721.169921875,7-9,1538,828,continue
KAM08,19901705.169921875,10-12,480,227,10_a
KAM08,19913985.169921875,10-12,721,453,11_b
KAM08,19923041.169921875,10-12,482,678,12_a
KAM08,19924945.169921875,10-12,1527,826,continue
KAM08,19955225.169921875,13-15,967,218,13_c
KAM08,19974761.169921875,13-15,1196,449,14_d
KAM08,20020856.169921875,13-15,1440,680,15_e
KAM08,20109488.17041016,16-20,1491,162,16_d
KAM08,20112288.169921875,16-20,1338,294,17_a
KAM08,20114016.169921875,16-20,1383,428,18_b
KAM08,20118328.169921875,16-20,1338,567,19_a
KAM08,20122720.169921875,16-20,1535,701,20_e
KAM08,20125608.169921875,16-20,1528,853,continue
KAM08,20132136.169921875,21-25,1435,161,21_c
KAM08,20134256.169921875,21-25,1533,295,22_e
KAM08,20142112.169921875,21-25,1334,431,23_a
KAM08,20148312.169921875,21-25,1438,563,24_c
KAM08,20155536.169921875,21-25,1540,692,25_e
KAM08,20156456.169921875,21-25,1531,856,continue
KAM08,20166280.169921875,26-30,1436,159,26_c
KAM08,20174328.169921875,26-30,1540,289,27_e
KAM08,20180552.169921875,26-30,1485,430,28_d
KAM08,20189184.169921875,26-30,1390,563,29_b
KAM08,20200352.169921875,26-30,1484,565,29_d
KAM08,20224640.17041016,26-30,1341,704,30_a
KAM08,20310984.169921875,26-30,1532,696,30_e
KAM08,20322119.17041016,26-30,409,858,back
KAM08,20331936.17041016,21-25,1530,858,continue
KAM08,20369016.169921875,31-33,722,264,31_b
KAM08,20370896.17041016,31-33,961,541,32_c
KAM08,20373096.169921875,31-33,718,800,33_b
KAM08,20375104.169921875,31-33,1525,935,continue
KAM08,20378455.17041016,34-36,1207,271,34_d
KAM08,20381407.169921875,34-36,727,539,35_b
KAM08,20383919.169921875,34-36,478,798,36_a
KAM08,20385655.169921875,34-36,1545,937,continue
KAM08,20393639.17041016,37-39,1442,274,37_e
KAM08,20397199.17041016,37-39,1193,543,38_d
KAM08,20402119.17041016,37-39,960,804,39_c
KAM08,20408135.169921875,37-39,1509,944,continue
KAM08,20419887.169921875,40-42,482,267,40_a
KAM08,20444791.17041016,40-42,721,532,41_b
KAM08,20446671.169921875,40-42,474,534,41_a
KAM08,20459311.17041016,40-42,955,796,42_c
KAM08,20461015.17041016,40-42,1539,924,continue
KAM08,20469367.169921875,43-45,1204,271,43_d
KAM08,20510103.169921875,43-45,721,520,44_b
KAM08,20560383.17041016,46-48,400,926,back
KAM08,20592663.169921875,46-48,1198,232,46_d
KAM08,20601063.169921875,46-48,1442,500,47_e
KAM08,20606807.169921875,46-48,721,501,47_b
KAM08,20620111.169921875,46-48,722,765,48_b
KAM08,20621191.17041016,46-48,1551,926,continue
KAM08,20628783.169921875,49-51,717,233,49_b
KAM08,20642727.169921875,49-51,961,492,50_c
KAM08,20655415.17041016,49-51,480,767,51_a
KAM08,20656351.169921875,49-51,1538,936,continue
KAM08,20669879.169921875,52-54,717,233,52_b
KAM08,20674559.169921875,52-54,1201,236,52_d
KAM08,20687831.169921875,52-54,480,503,53_a
KAM08,20703871.169921875,52-54,1444,765,54_e
KAM08,20704975.17041016,52-54,1530,931,continue
KAM08,20728783.169921875,55-56,481,237,55_a
KDK12,472928.1547851562,1-3,1212,277,1_d
KDK12,475496.1547851562,1-3,731,511,2_b
KDK12,478240.1547851562,1-3,1442,744,3_e
KDK12,479072.1547851562,1-3,1533,836,continue
KDK12,482328.1547851562,4-6,473,274,4_a
KDK12,488312.1547851562,4-6,1444,504,5_e
KDK12,492704.1547851562,4-6,695,720,6_b
KDK12,494016.1547851562,4-6,1523,824,continue
KDK12,497256.1547851562,7-9,966,282,7_c
KDK12,502928.1547851562,7-9,955,512,8_c
KDK12,510464.1547851562,7-9,1209,739,9_d
KDK12,511264.1547851562,7-9,1539,831,continue
KDK12,518031.1547851562,10-12,725,274,10_b
KDK12,527431.1547851561,10-12,482,261,10_a
KDK12,536871.1547851561,10-12,712,497,11_b
KDK12,544039.1547851561,10-12,481,738,12_a
KDK12,545023.1547851561,10-12,1545,833,continue
KDK12,568904.1547851561,13-15,473,273,13_a
KDK12,574992.1547851561,13-15,982,274,13_c
KDK12,587352.1547851561,13-15,1177,504,14_d
KDK12,600584.1547851561,13-15,710,733,15_b
KDK12,603728.1547851561,13-15,509,828,not on any aoi
KDK12,616776.1547851561,13-15,381,826,back
KDK12,622759.1547851561,10-12,1528,829,continue
KDK12,737775.1547851562,16-20,1485,158,16_d
KDK12,745143.1547851562,16-20,1334,295,17_a
KDK12,752247.1547851562,16-20,1387,431,18_b
KDK12,757815.1547851562,16-20,1531,696,20_e
KDK12,773087.1547851562,16-20,1433,562,19_c
KDK12,774239.1547851562,16-20,1515,856,continue
KDK12,782407.1547851562,21-25,1393,294,22_b
KDK12,811407.1547851562,21-25,1438,163,21_c
KDK12,837207.1547851562,21-25,1434,567,24_c
KDK12,851943.1547851562,21-25,1536,703,25_e
KDK12,857399.1552734375,21-25,1337,424,23_a
KDK12,858455.1547851562,21-25,1546,855,continue
KDK12,882823.1547851562,26-30,1386,700,30_b
KDK12,932127.1547851562,26-30,1434,167,26_c
KDK12,943847.1547851562,26-30,1541,292,27_e
KDK12,956167.1547851562,26-30,1388,432,28_b
KDK12,957991.1552734376,26-30,1342,565,29_a
KDK12,958895.1547851562,26-30,1344,564,29_a
KDK12,998478.1552734376,31-33,713,293,31_b
KDK12,1001270.1547851562,31-33,972,586,32_c
KDK12,1002646.1547851562,31-33,712,843,33_b
KDK12,1003910.1547851562,31-33,1513,935,continue
KDK12,1008462.1547851562,34-36,1192,314,34_d
KDK12,1012654.1547851562,34-36,725,572,35_b
KDK12,1017758.1547851562,34-36,498,839,36_a
KDK12,1018974.1547851562,34-36,1554,932,continue
KDK12,1023006.1547851562,37-39,1441,310,37_e
KDK12,1027526.1547851562,37-39,1200,572,38_d
KDK12,1037838.1547851562,37-39,957,834,39_c
KDK12,1038790.1547851562,37-39,1536,934,continue
KDK12,1048775.1547851562,40-42,493,313,40_a
KDK12,1089455.1547851562,40-42,962,845,42_c
KDK12,1098175.1552734377,40-42,471,568,41_a
KDK12,1099319.1547851562,40-42,1536,917,continue
KDK12,1117686.1547851562,43-45,1183,302,43_d
KDK12,1135446.1547851562,43-45,723,275,43_b
KDK12,1136406.1547851562,43-45,1218,293,43_d
KDK12,1161190.1547851562,43-45,478,803,45_a
KDK12,1246398.1552734377,46-48,1190,265,46_d
KDK12,1254718.1547851562,46-48,731,553,47_b
KDK12,1261542.1547851562,46-48,1196,814,48_d
KDK12,1262294.1552734377,46-48,1538,930,continue
KDK12,1271885.1547851562,49-51,728,287,49_b
KDK12,1286861.1547851562,49-51,985,556,50_c
KDK12,1292165.1547851562,49-51,503,810,51_a
KDK12,1295997.1547851562,49-51,1538,928,continue
KDK12,1302222.1547851562,52-54,474,280,52_a
KDK12,1312710.1547851562,52-54,1195,292,52_d
KDK12,1344486.1547851562,52-54,485,832,54_a
KDK12,1345430.1547851562,52-54,1502,921,continue
KDK12,1404989.1547851562,55-56,1435,561,56_e
KDK12,1415013.1547851562,55-56,481,285,55_a
KGB09,19769124.143554688,1-3,1205,244,1_d
KGB09,19773700.14404297,1-3,723,464,2_b
KGB09,19782852.14404297,1-3,1438,696,3_e
KGB09,19783892.14404297,1-3,1520,835,continue
KGB09,19787747.14404297,4-6,486,226,4_a
KGB09,19804435.14404297,4-6,1441,460,5_e
KGB09,19810227.14404297,4-6,723,689,6_b
KGB09,19813403.14404297,4-6,1524,823,continue
KGB09,19820531.143554688,7-9,965,230,7_c
KGB09,19825147.14404297,7-9,965,452,8_c
KGB09,19836891.14404297,7-9,1195,675,9_d
KGB09,19840891.14404297,7-9,1557,827,continue
KGB09,19858363.14404297,10-12,485,222,10_a
KGB09,19868827.143554688,10-12,1202,457,11_d
KGB09,19879779.14404297,10-12,482,685,12_a
KGB09,19882131.14404297,10-12,1509,813,continue
KGB09,19883179.14404297,10-12,1531,826,continue
KGB09,19918139.14404297,13-15,484,228,13_a
KGB09,19957435.14404297,13-15,1197,456,14_d
KGB09,20045379.14404297,16-20,1481,164,16_d
KGB09,20055611.14404297,16-20,1342,291,17_a
KGB09,20061003.14404297,16-20,1389,435,18_b
KGB09,20086899.143554688,16-20,1332,566,19_a
KGB09,20105075.14404297,16-20,1385,700,20_b
KGB09,20108995.14404297,16-20,1538,851,continue
KGB09,20120515.14404297,21-25,1433,159,21_c
KGB09,20126755.14404297,21-25,1386,296,22_b
KGB09,20158419.143554688,21-25,1379,431,23_b
KGB09,20180450.14404297,21-25,1447,571,24_c
KGB09,20199482.14404297,21-25,1537,705,25_e
KGB09,20201282.14404297,21-25,1515,853,continue
KGB09,20249514.14404297,26-30,1532,163,26_e
KGB09,20260226.14404297,26-30,1535,297,27_e
KGB09,20262874.14404297,26-30,1405,297,27_b
KGB09,20263466.14404297,26-30,1447,303,27_c
KGB09,20270169.14404297,26-30,1538,293,27_e
KGB09,20335489.14404297,31-33,725,270,31_b
KGB09,20338801.14404297,31-33,937,533,32_c
KGB09,20342305.14404297,31-33,724,812,33_b
KGB09,20346145.14404297,31-33,1521,933,continue
KGB09,20350226.14404297,34-36,1201,275,34_d
KGB09,20359490.14404297,34-36,726,541,35_b
KGB09,20364754.14404297,34-36,960,805,36_c
KGB09,20366906.14404297,34-36,1533,942,continue
KGB09,20372361.14404297,37-39,474,273,37_a
KGB09,20378153.14404297,37-39,1199,533,38_d
KGB09,20392121.14404297,37-39,959,805,39_c
KGB09,20393825.14404297,37-39,1523,932,continue
KGB09,20402986.14404297,40-42,484,272,40_a
KGB09,20410554.14404297,40-42,1207,275,40_d
KGB09,20428402.14404297,40-42,481,537,41_a
KGB09,20433762.14404297,40-42,964,535,41_c
KGB09,20457778.14404297,40-42,958,800,42_c
KGB09,20462754.14404297,40-42,1545,928,continue
KGB09,20479521.14404297,43-45,1211,271,43_d
KGB09,20502209.14404297,43-45,494,536,44_a
KGB09,20520233.14404297,46-48,414,927,back
KGB09,20627761.14404297,46-48,1189,240,46_d
KGB09,20642746.14404297,46-48,723,501,47_b
KGK10,2472883.7700195312,1-3,1199,236,1_d
KGK10,2474673.7700195312,1-3,722,460,2_b
KGK10,2476840.76953125,1-3,1442,696,3_e
KGK10,2478709.7700195312,1-3,1513,828,continue
KGK10,2480916.7705078125,4-6,482,222,4_a
KGK10,2486403.7700195312,4-6,1448,447,5_e
KGK10,2490369.7700195312,4-6,722,686,6_b
KGK10,2492178.7700195312,4-6,1522,828,continue
KGK10,2495856.7700195312,7-9,956,226,7_c
KGK10,2503827.7700195312,7-9,959,459,8_c
KGK10,2512232.7700195312,7-9,1197,681,9_d
KGK10,2523598.7700195312,7-9,1535,828,continue
KGK10,2543626.7700195312,10-12,1201,226,10_d
KGK10,2552732.7705078125,10-12,719,453,11_b
KGK10,2566162.7700195312,10-12,483,676,12_a
KGK10,2578396.7705078125,10-12,480,231,10_a
KGK10,2583917.7705078125,10-12,1534,820,continue
KGK10,2596575.7700195312,13-15,958,225,13_c
KGK10,2610184.7700195312,13-15,1201,458,14_d
KGK10,2631622.7700195312,13-15,720,682,15_b
KGK10,2643206.7700195312,13-15,1440,686,15_e
KGK10,2734502.7700195312,16-20,1487,151,16_d
KGK10,2769201.7700195312,21-25,1436,170,21_c
KGK10,2818589.7700195312,21-25,1334,427,23_a
KGK10,2843261.7700195312,21-25,1535,702,25_e
KGK10,2873132.7700195312,21-25,1340,569,24_a
KGK10,2874802.7700195312,21-25,1534,849,continue
KGK10,2883074.7700195312,26-30,1438,161,26_c
KGK10,2906986.7700195312,26-30,1482,428,28_d
KGK10,2916145.7700195312,26-30,1385,566,29_b
KGK10,2936524.7700195312,26-30,1333,705,30_a
KGK10,2948909.7700195312,26-30,1445,295,27_c
KGK10,2964395.7700195312,26-30,1531,703,30_e
KGK10,2992589.7700195312,31-33,719,274,31_b
KGK10,2995371.7700195312,31-33,961,534,32_c
KGK10,2997160.7700195312,31-33,718,800,33_b
KGK10,2998879.7700195312,31-33,1546,939,continue
KGK10,3002477.7700195312,34-36,1198,270,34_d
KGK10,3005736.7700195312,34-36,718,536,35_b
KGK10,3008081.7700195312,34-36,477,799,36_a
KGK10,3009641.7705078125,34-36,1519,925,continue
KGK10,3014351.7700195312,37-39,1449,268,37_e
KGK10,3014966.7700195312,37-39,1441,268,37_e
KGK10,3020694.7700195312,37-39,1199,536,38_d
KGK10,3026293.7700195312,37-39,1199,807,39_d
KGK10,3049902.7700195312,37-39,964,807,39_c
KGK10,3051383.7700195312,37-39,1508,926,continue
KGK10,3062634.7700195312,40-42,481,262,40_a
KGK10,3089525.7700195312,40-42,721,538,41_b
KGK10,3101558.7700195312,40-42,958,800,42_c
KGK10,3134940.7700195312,40-42,1552,918,continue
KGK10,3143843.7700195312,43-45,722,272,43_b
KGK10,3160362.7700195312,43-45,958,775,45_c
KGK10,3164077.7700195312,43-45,1440,523,44_e
KGK10,3230041.7700195312,46-48,1197,233,46_d
KGK10,3237711.7700195312,46-48,720,500,47_b
KGK10,3260638.7700195312,46-48,799,755,not on any aoi
KGK10,3262287.7700195312,46-48,952,741,48_c
KGK10,3270453.7700195312,46-48,1202,770,48_d
KGK10,3290066.7700195312,46-48,1505,921,continue
KGK10,3295806.7700195312,49-51,716,237,49_b
KGK10,3313859.76953125,49-51,952,500,50_c
KGK10,3314256.7700195312,49-51,952,500,50_c
KGK10,3315031.7700195312,49-51,1060,638,not on any aoi
KGK10,3329227.76953125,49-51,478,768,51_a
KGK10,3338742.7700195312,49-51,1521,915,continue
KGK10,3339786.7700195312,49-51,1521,916,continue
KGK10,3339904.7700195312,52-54,1521,916,continue
KGK10,3342388.7700195312,55-56,409,656,back
KGK10,3352999.7700195312,52-54,1202,238,52_d
KGK10,3362015.7700195312,52-54,963,499,53_c
KGK10,3370859.76953125,52-54,961,769,54_c
KGK10,3380312.7700195312,52-54,1523,929,continue
KGK10,3390047.7700195312,55-56,1436,502,56_e
KGK10,3399905.7700195312,55-56,1443,238,55_e
KHK23,2014480.110839844,1-3,1197,238,1_d
KHK23,2017456.110839844,1-3,716,469,2_b
KHK23,2021936.110839844,1-3,1434,699,3_e
KHK23,2022848.110839844,1-3,1530,830,continue
KHK23,2025696.110839844,4-6,476,217,4_a
KHK23,2030896.110839844,4-6,1438,451,5_e
KHK23,2034808.110839844,4-6,724,685,6_b
KHK23,2035912.110839844,4-6,1530,823,continue
KHK23,2041311.110839844,7-9,955,221,7_c
KHK23,2049047.111328125,7-9,960,453,8_c
KHK23,2060040.110839844,7-9,1200,679,9_d
KHK23,2067935.111328125,7-9,1542,825,continue
KHK23,2076928.110839844,10-12,481,225,10_a
KHK23,2086024.110839844,10-12,1199,458,11_d
KHK23,2094424.110839844,10-12,472,676,12_a
KHK23,2096600.110839844,10-12,1545,815,continue
KHK23,2121224.110839844,13-15,481,227,13_a
KHK23,2129648.110839844,13-15,1198,452,14_d
KHK23,2175505.110839844,13-15,719,684,15_b
KHK23,2276304.110839844,16-20,389,847,back
KHK23,2296065.110839844,16-20,1487,165,16_d
KHK23,2299289.110839844,16-20,1339,293,17_a
KHK23,2303793.110839844,16-20,1380,425,18_b
KHK23,2314817.110839844,16-20,1340,565,19_a
KHK23,2322513.110839844,16-20,1539,705,20_e
KHK23,2323825.110839844,16-20,1534,848,continue
KHK23,2333609.110839844,21-25,1434,156,21_c
KHK23,2340609.110839844,21-25,1384,291,22_b
KHK23,2352553.110839844,21-25,1534,430,23_e
KHK23,2367457.110839844,21-25,1440,563,24_c
KHK23,2392801.110839844,21-25,1535,700,25_e
KHK23,2393433.110839844,21-25,1532,853,continue
KHK23,2426984.110839844,26-30,1435,156,26_c
KHK23,2445784.110839844,26-30,1540,299,27_e
KHK23,2456336.110839844,26-30,1497,699,30_d
KHK23,2473688.110839844,26-30,1439,701,30_c
KHK23,2488120.110839844,26-30,1489,563,29_d
KHK23,2489097.110839844,26-30,1387,433,28_b
KHK23,2497184.110839844,26-30,1483,423,28_d
KHK23,2554201.110839844,31-33,720,268,31_b
KHK23,2555705.110839844,31-33,960,537,32_c
KHK23,2558169.110839844,31-33,731,795,33_b
KHK23,2558929.110839844,31-33,1536,926,continue
KHK23,2561793.110839844,34-36,1190,264,34_d
KHK23,2565513.110839844,34-36,721,539,35_b
KHK23,2568305.110839844,34-36,481,802,36_a
KHK23,2569673.1103515625,34-36,1540,934,continue
KHK23,2575289.110839844,37-39,1442,260,37_e
KHK23,2578377.1103515625,37-39,1197,538,38_d
KHK23,2593161.110839844,37-39,957,796,39_c
KHK23,2594393.110839844,37-39,1536,932,continue
KHK23,2603873.110839844,40-42,482,267,40_a
KHK23,2633465.110839844,40-42,719,535,41_b
KHK23,2652457.110839844,40-42,481,531,41_a
KHK23,2674610.110839844,40-42,961,805,42_c
KHK23,2679802.110839844,40-42,1540,921,continue
KHK23,2688514.110839844,43-45,1203,267,43_d
KHK23,2709242.110839844,43-45,1443,522,44_e
KHK23,2873121.1108398438,46-48,1201,239,46_d
KHK23,2882633.1103515625,46-48,716,496,47_b
KHK23,2901545.1108398438,46-48,1200,771,48_d
KHK23,2914065.1108398438,46-48,1545,930,continue
KHK23,2923578.1108398438,49-51,720,234,49_b
KHK23,2953522.1103515625,49-51,962,493,50_c
KHK23,2973778.1103515625,49-51,483,762,51_a
KHK23,2975506.1108398438,49-51,1507,929,continue
KHK23,2991058.1108398438,52-54,1200,240,52_d
KHK23,3016162.1108398438,52-54,481,503,53_a
KHK23,3032922.1108398438,52-54,720,763,54_b
KHK23,3033930.1103515625,52-54,1546,922,continue
KHK23,3035138.1108398438,55-56,724,235,55_b
KHK23,3036210.1108398438,55-56,1202,507,56_d
KHK23,3042298.1103515625,55-56,717,504,56_b
KJL16,1935250.2421875,1-3,1190,243,1_d
KJL16,1936922.2421875,1-3,719,464,2_b
KJL16,1939074.2421875,1-3,1426,696,3_e
KJL16,1940218.2421875,1-3,1511,829,continue
KJL16,1942867.2421875,4-6,477,233,4_a
KJL16,1946538.2416992188,4-6,1448,466,5_e
KJL16,1947746.2421875,4-6,1437,454,5_e
KJL16,1950362.2421875,4-6,721,710,6_b
KJL16,1952114.2421875,4-6,1510,812,continue
KJL16,1956386.2416992188,4-6,1524,822,continue
KJL16,1960635.242675781,7-9,967,224,7_c
KJL16,1965907.2421875,7-9,963,452,8_c
KJL16,1974667.2421875,7-9,1203,700,9_d
KJL16,1976115.2421875,7-9,1513,824,continue
KJL16,1983491.2421875,10-12,483,212,10_a
KJL16,1996379.242675781,10-12,727,451,11_b
KJL16,2011467.2421875,10-12,488,681,12_a
KJL16,2014795.2421875,10-12,1531,833,continue
KJL16,2024450.2421875,13-15,904,230,13_c
KJL16,2051002.2421875,13-15,1201,458,14_d
KJL16,2066674.2421875,13-15,1438,681,15_e
KJL16,2196257.2421875,16-20,1432,161,16_c
KJL16,2199233.2421875,16-20,1334,297,17_a
KJL16,2202833.2421875,16-20,1390,429,18_b
KJL16,2207433.2421875,16-20,1340,556,19_a
KJL16,2212753.2421875,16-20,1536,703,20_e
KJL16,2217129.2421875,16-20,1523,851,continue
KJL16,2227249.2421875,21-25,1435,167,21_c
KJL16,2234169.2416992188,21-25,1390,302,22_b
KJL16,2245729.2421875,21-25,1333,433,23_a
KJL16,2255281.2416992188,21-25,1438,564,24_c
KJL16,2263793.2421875,21-25,1530,700,25_e
KJL16,2265249.2421875,21-25,1530,703,25_e
KJL16,2271025.2421875,21-25,1524,844,continue
KJL16,2294513.2421875,26-30,1431,158,26_c
KJL16,2300929.2421875,26-30,1533,299,27_e
KJL16,2309369.2421875,26-30,1479,439,28_d
KJL16,2323657.2421875,26-30,1482,564,29_d
KJL16,2367808.2421875,26-30,1377,700,30_b
KJL16,2457897.2421875,31-33,705,265,31_b
KJL16,2460424.2421875,31-33,959,531,32_c
KJL16,2462089.2421875,31-33,728,803,33_b
KJL16,2469216.2421875,31-33,1533,928,continue
KJL16,2472328.2421875,34-36,1192,274,34_d
KJL16,2477672.2421875,34-36,726,540,35_b
KJL16,2480184.2421875,34-36,489,809,36_a
KJL16,2482248.2421875,34-36,1501,924,continue
KJL16,2486791.2421875,37-39,1439,278,37_e
KJL16,2490127.2421875,37-39,1201,545,38_d
KJL16,2500087.2421875,37-39,951,805,39_c
KJL16,2514647.2421875,37-39,1533,940,continue
KJL16,2516959.2421875,40-42,393,927,back
KJL16,2525616.2421875,37-39,1524,936,continue
KJL16,2538039.2421875,40-42,478,274,40_a
KJL16,2556943.2421875,40-42,727,539,41_b
KJL16,2597871.2421875,40-42,481,540,41_a
KJL16,2612951.242675781,40-42,927,816,42_c
KJL16,2618695.2421875,40-42,1516,922,continue
KJL16,2620743.2421875,43-45,385,907,back
KJL16,2623719.2421875,43-45,394,888,not on any aoi
KJL16,2628263.2421875,40-42,1538,925,continue
KJL16,2675311.2421875,46-48,1197,229,46_d
KJL16,2686159.2421875,46-48,714,526,47_b
KJL16,2692935.2421875,46-48,1195,770,48_d
KJL16,2695575.2421875,46-48,1523,932,continue
KJL16,2702551.2421875,49-51,719,226,49_b
KJL16,2711543.242675781,49-51,959,502,50_c
KJL16,2721671.2421875,49-51,485,743,51_a
KJL16,2725111.2421875,49-51,1532,925,continue
KJL16,2743582.242675781,52-54,1203,246,52_d
KJL16,2754718.2421875,52-54,477,511,53_a
KJL16,2770110.2421875,52-54,481,757,54_a
KJL16,2779430.242675781,52-54,1531,924,continue
KJL16,2811342.2421875,55-56,961,235,55_c
KLL16,1906829.9951171875,1-3,1202,235,1_d
KLL16,1909221.9951171875,1-3,718,466,2_b
KLL16,1914541.9951171875,1-3,1444,703,3_e
KLL16,1915589.9951171875,1-3,1536,839,continue
KLL16,1919333.9951171875,4-6,481,231,4_a
KLL16,1925405.9951171875,4-6,1442,460,5_e
KLL16,1934013.9951171875,4-6,722,685,6_b
KLL16,1935141.9951171875,4-6,1521,824,continue
KLL16,1942036.9951171875,7-9,948,235,7_c
KLL16,1946260.9951171875,7-9,963,453,8_c
KLL16,1964060.9951171875,7-9,1188,678,9_d
KLL16,1965476.9951171875,7-9,1539,820,continue
KLL16,1982301.9956054688,10-12,485,230,10_a
KLL16,1999709.9956054688,10-12,727,466,11_b
KLL16,2013997.9951171875,10-12,488,707,12_a
KLL16,2015277.9951171875,10-12,1529,827,continue
KLL16,2029565.9956054688,13-15,723,227,13_b
KLL16,2045397.9951171875,13-15,1195,463,14_d
KLL16,2076605.9951171875,13-15,1445,682,15_e
KLL16,2097700.9951171875,13-15,409,826,back
KLL16,2100637.9956054688,10-12,1540,834,continue
KLL16,2166244.9951171875,16-20,1481,164,16_d
KLL16,2172100.9951171875,16-20,1330,300,17_a
KLL16,2174413.9956054688,16-20,1388,427,18_b
KLL16,2181572.9951171875,16-20,1329,565,19_a
KLL16,2194164.9951171875,16-20,1383,696,20_b
KLL16,2195020.9946289062,16-20,1504,847,continue
KLL16,2203036.9951171875,21-25,1435,164,21_c
KLL16,2213924.9951171875,21-25,1537,291,22_e
KLL16,2238388.9946289062,21-25,1336,428,23_a
KLL16,2259052.9951171875,21-25,1445,563,24_c
KLL16,2293236.9951171875,21-25,1405,700,25_b
KLL16,2294812.9951171875,21-25,1548,858,continue
KLL16,2308756.9951171875,26-30,1434,171,26_c
KLL16,2321612.9946289062,26-30,1431,298,27_c
KLL16,2337772.9951171875,26-30,1474,432,28_d
KLL16,2377883.9951171875,26-30,1374,571,29_b
KLL16,2436651.9951171875,31-33,730,271,31_b
KLL16,2438684.9946289062,31-33,969,537,32_c
KLL16,2440523.9951171875,31-33,712,809,33_b
KLL16,2442572.9951171875,31-33,1539,944,continue
KLL16,2445955.9951171875,34-36,1205,272,34_d
KLL16,2451827.9951171875,34-36,730,550,35_b
KLL16,2455171.9951171875,34-36,1435,539,35_e
KLL16,2457971.9951171875,34-36,733,548,35_b
KLL16,2461355.9951171875,34-36,482,836,36_a
KLL16,2462819.9951171875,34-36,1517,935,continue
KLL16,2471507.9951171875,37-39,1446,277,37_e
KLL16,2476371.9951171875,37-39,1204,536,38_d
KLL16,2485547.9951171875,37-39,943,807,39_c
KLL16,2492147.9951171875,37-39,1516,927,continue
KLL16,2500475.9951171875,40-42,493,279,40_a
KLL16,2515699.9951171875,40-42,718,538,41_b
KLL16,2564907.9951171875,40-42,732,804,42_b
KLL16,2576699.9951171875,40-42,1436,805,42_e
KLL16,2577579.9951171875,40-42,1526,921,continue
KLL16,2594131.9951171875,43-45,1155,279,43_d
KLL16,2706467.9951171875,46-48,1198,240,46_d
KLL16,2719082.9951171875,46-48,713,490,47_b
KLL16,2723842.9951171875,46-48,1201,768,48_d
KLL16,2726186.9951171875,46-48,1521,926,continue
KLL16,2732843.9951171875,49-51,718,241,49_b
KLL16,2778707.9951171875,49-51,474,785,51_a
KLL16,2788778.9951171875,49-51,951,496,50_c
KLL16,2790178.9951171875,49-51,1566,923,continue
KLL16,2790626.9951171875,49-51,1550,931,continue
KLL16,2805907.9951171875,52-54,1196,280,52_d
KLL16,2825123.9951171875,52-54,474,539,53_a
KLL16,2857835.9951171875,52-54,499,809,54_a
KLL16,2858851.9951171875,52-54,1547,931,continue
KLL16,2869170.9956054688,55-56,730,542,56_b
KLL16,2872154.9951171875,55-56,1439,300,55_e
KPR12,19701928.26904297,1-3,1201,241,1_d
KPR12,19703840.26904297,1-3,724,462,2_b
KPR12,19706128.26904297,1-3,1440,693,3_e
KPR12,19706800.26904297,1-3,1538,840,continue
KPR12,19708848.26904297,4-6,484,219,4_a
KPR12,19710904.26904297,4-6,1438,458,5_e
KPR12,19714072.26904297,4-6,723,689,6_b
KPR12,19715176.268554688,4-6,1518,826,continue
KPR12,19721176.268554688,7-9,475,240,7_a
KPR12,19724656.26904297,7-9,723,452,8_b
KPR12,19725656.26904297,7-9,720,452,8_b
KPR12,19726448.26904297,7-9,1435,469,8_e
KPR12,19732792.26904297,7-9,959,695,9_c
KPR12,19733760.26904297,7-9,1516,810,continue
KPR12,19734232.26904297,7-9,1519,818,continue
KPR12,19738400.268554688,10-12,1200,217,10_d
KPR12,19742064.268554688,10-12,480,221,10_a
KPR12,19749544.26904297,10-12,717,450,11_b
KPR12,19760264.26904297,10-12,1449,676,12_e
KPR12,19760984.26904297,10-12,1536,832,continue
KPR12,19766424.26904297,13-15,479,218,13_a
KPR12,19777968.26904297,13-15,1449,444,14_e
KPR12,19781408.26904297,13-15,457,671,15_a
KPR12,19929455.26904297,13-15,967,219,13_c
KPR12,19963575.26904297,16-20,1485,163,16_d
KPR12,19972039.26904297,16-20,1331,296,17_a
KPR12,19975335.26904297,16-20,1385,433,18_b
KPR12,19993743.26904297,16-20,1444,557,19_c
KPR12,20000455.26904297,16-20,1541,701,20_e
KPR12,20001399.26904297,16-20,1536,852,continue
KPR12,20009359.26904297,21-25,1427,157,21_c
KPR12,20015719.26904297,21-25,1397,297,22_b
KPR12,20031215.26904297,21-25,1432,426,23_c
KPR12,20047447.26904297,21-25,1480,561,24_d
KPR12,20052735.26904297,21-25,1344,560,24_a
KPR12,20069367.26904297,21-25,1560,684,not on any aoi
KPR12,20069743.26904297,21-25,1543,694,25_e
KPR12,20070719.26904297,21-25,1529,861,continue
KPR12,20077591.26904297,26-30,1496,164,26_d
KPR12,20082423.26904297,26-30,1537,300,27_e
KPR12,20094903.26904297,26-30,1493,423,28_d
KPR12,20111615.26904297,26-30,1496,559,29_d
KPR12,20120855.26904297,26-30,1489,694,30_d
KPR12,20145119.26904297,26-30,1339,708,30_a
KPR12,20232022.26904297,31-33,725,269,31_b
KPR12,20233790.26904297,31-33,987,544,32_c
KPR12,20235614.26904297,31-33,717,798,33_b
KPR12,20236566.26904297,31-33,1518,934,continue
KPR12,20239910.26904297,34-36,1197,265,34_d
KPR12,20244830.26904297,34-36,954,544,35_c
KPR12,20247534.26904297,34-36,1436,541,35_e
KPR12,20253798.26904297,34-36,481,804,36_a
KPR12,20254870.26904297,34-36,1500,929,continue
KPR12,20261198.26904297,37-39,1438,275,37_e
KPR12,20264814.26904297,37-39,962,542,38_c
KPR12,20266047.26904297,37-39,962,543,38_c
KPR12,20269558.26904297,37-39,1205,535,38_d
KPR12,20276206.26904297,37-39,962,799,39_c
KPR12,20280134.26904297,37-39,1501,927,continue
KPR12,20282534.26904297,40-42,406,934,back
KPR12,20293550.26953125,40-42,1455,293,40_e
KPR12,20314278.26904297,40-42,1214,533,41_d
KPR12,20335838.26904297,40-42,1434,799,42_e
KPR12,20337966.26904297,40-42,1550,931,continue
KPR12,20351350.26904297,43-45,1199,267,43_d
KPR12,20365381.26904297,43-45,487,520,44_a
KPR12,20371509.26904297,43-45,1199,776,45_d
KPR12,20375693.26904297,43-45,710,777,45_b
KPR12,20489742.26904297,46-48,1203,241,46_d
KPR12,20498134.26904297,46-48,722,504,47_b
KPR12,20525862.26904297,46-48,1201,768,48_d
KPR12,20526982.26904297,46-48,1531,926,continue
KPR12,20536622.26904297,49-51,718,235,49_b
KPR12,20555326.26904297,49-51,957,504,50_c
KPR12,20569654.26904297,49-51,483,766,51_a
KPR12,20570926.26904297,49-51,1518,922,continue
KPR12,20581101.26904297,52-54,729,247,52_b
KPR12,20596613.26904297,52-54,477,502,53_a
KPR12,20604141.26904297,52-54,492,770,54_a
KPR12,20621021.26904297,52-54,1203,764,54_d
KPR12,20623165.26904297,52-54,1511,923,continue
KPR12,20642005.26904297,55-56,960,237,55_c
KPR12,20653637.26904297,55-56,485,500,56_a
KPS15,2550174.360839844,1-3,1200,243,1_d
KPS15,2554118.360839844,1-3,724,466,2_b
KPS15,2557878.360839844,1-3,1440,691,3_e
KPS15,2560326.360839844,1-3,1522,841,continue
KPS15,2562709.361328125,4-6,479,223,4_a
KPS15,2570701.360839844,4-6,1441,454,5_e
KPS15,2577629.360839844,4-6,724,683,6_b
KPS15,2579133.360839844,4-6,1526,825,continue
KPS15,2584741.360839844,7-9,970,231,7_c
KPS15,2596965.361328125,7-9,964,451,8_c
KPS15,2615029.360839844,7-9,1202,679,9_d
KPS15,2616613.360839844,7-9,1536,830,continue
KPS15,2637942.360839844,10-12,1200,232,10_d
KPS15,2649430.360839844,10-12,722,456,11_b
KPS15,2671118.360839844,10-12,480,684,12_a
KPS15,2678238.360839844,10-12,1536,818,continue
KPS15,2692253.360839844,13-15,963,221,13_c
KPS15,2732765.360839844,13-15,1208,450,14_d
KPS15,2776069.360839844,13-15,1204,685,15_d
KPS15,2821973.3608398438,16-20,1482,162,16_d
KPS15,2828189.361328125,16-20,1341,298,17_a
KPS15,2832717.3608398438,16-20,1385,439,18_b
KPS15,2833045.361328125,16-20,1388,423,18_b
KPS15,2843173.3608398438,16-20,1337,570,19_a
KPS15,2854677.3608398438,16-20,1537,693,20_e
KPS15,2855997.3608398438,16-20,1551,853,continue
KPS15,2866772.3608398438,21-25,1443,161,21_c
KPS15,2894732.3608398438,21-25,1387,303,22_b
KPS15,2912628.3608398438,21-25,1330,434,23_a
KPS15,2921828.3608398438,21-25,1434,559,24_c
KPS15,2946316.3603515625,21-25,1536,704,25_e
KPS15,2970396.3608398438,21-25,1540,851,continue
KPS15,2984652.3608398438,26-30,1434,162,26_c
KPS15,2998292.3608398438,26-30,1532,298,27_e
KPS15,3022732.3608398438,26-30,1537,430,28_e
KPS15,3103876.3608398438,31-33,733,278,31_b
KPS15,3106804.3608398438,31-33,964,539,32_c
KPS15,3109956.3608398438,31-33,734,796,33_b
KPS15,3112876.3608398438,31-33,1513,939,continue
KPS15,3115596.3608398438,34-36,1205,272,34_d
KPS15,3123692.3608398438,34-36,1453,539,35_e
KPS15,3129588.3608398438,34-36,479,798,36_a
KPS15,3130916.3608398438,34-36,1540,935,continue
KPS15,3138172.3608398438,37-39,1439,270,37_e
KPS15,3143556.3608398438,37-39,966,536,38_c
KPS15,3146332.3608398438,37-39,966,536,38_c
KPS15,3147108.3608398438,37-39,1196,545,38_d
KPS15,3155100.3608398438,37-39,486,805,39_a
KPS15,3156860.3608398438,37-39,486,805,39_a
KPS15,3166716.3608398438,37-39,961,802,39_c
KPS15,3177516.3608398438,37-39,1546,941,continue
KPS15,3196172.3608398438,40-42,478,272,40_a
KPS15,3219676.3608398438,40-42,483,546,41_a
KPS15,3238028.3608398438,40-42,1201,800,42_d
KPS15,3269908.3603515625,40-42,1536,918,continue
KPS15,3403203.3608398438,46-48,1201,234,46_d
KPS15,3413907.3608398438,46-48,730,498,47_b
KPS15,3436243.3608398438,46-48,723,764,48_b
KPS15,3446067.3608398438,46-48,1554,934,continue
KPS15,3451907.3608398438,49-51,719,243,49_b
KPS15,3480371.3608398438,49-51,960,503,50_c
KPS15,3499915.3608398438,49-51,483,764,51_a
KPS15,3511371.3608398438,49-51,1534,926,continue
KPS15,3541507.3608398438,52-54,1200,241,52_d
KPS15,3560627.3608398438,52-54,961,505,53_c
KPS15,3567915.3608398438,52-54,960,765,54_c
KPS15,3568659.3608398438,52-54,1533,926,continue
KPS15,3571203.3608398438,55-56,724,243,55_b
KRM09,2823357.1708984375,1-3,1206,241,1_d
KRM09,2826701.1708984375,1-3,730,457,2_b
KRM09,2830125.1708984375,1-3,1443,695,3_e
KRM09,2831221.1708984375,1-3,1519,832,continue
KRM09,2834629.1708984375,4-6,479,222,4_a
KRM09,2839805.1708984375,4-6,1441,454,5_e
KRM09,2847684.1704101562,4-6,726,682,6_b
KRM09,2848973.1708984375,4-6,1541,826,continue
KRM09,2854253.1708984375,7-9,966,221,7_c
KRM09,2861965.1713867188,7-9,966,449,8_c
KRM09,2876397.1708984375,7-9,1204,682,9_d
KRM09,2877413.1708984375,7-9,1524,814,continue
KRM09,2891125.1708984375,10-12,483,225,10_a
KRM09,2911117.1708984375,10-12,723,456,11_b
KRM09,2925253.1708984375,10-12,475,680,12_a
KRM09,2927645.1708984375,10-12,1553,833,continue
KRM09,2947668.1708984375,13-15,961,231,13_c
KRM09,2966588.1708984375,13-15,1440,452,14_e
KRM09,2988004.1708984375,13-15,480,687,15_a
KRM09,2994396.1708984375,13-15,418,825,back
KRM09,2996028.1708984375,10-12,418,825,back
KRM09,3000388.1704101562,7-9,1519,822,continue
KRM09,3027309.1708984375,10-12,1539,821,continue
KRM09,3085756.1704101562,16-20,1483,164,16_d
KRM09,3089484.1708984375,16-20,1339,310,17_a
KRM09,3099220.1708984375,16-20,1393,422,18_b
KRM09,3105596.1708984375,16-20,1338,569,19_a
KRM09,3129387.1704101562,16-20,1538,697,20_e
KRM09,3130268.1708984375,16-20,1544,851,continue
KRM09,3146467.1708984375,21-25,1438,160,21_c
KRM09,3173347.1708984375,21-25,1393,296,22_b
KRM09,3190451.1708984375,21-25,1388,441,23_b
KRM09,3216467.1708984375,21-25,1435,569,24_c
KRM09,3225435.1708984375,21-25,1538,698,25_e
KRM09,3226403.1708984375,21-25,1526,847,continue
KRM09,3243667.1708984375,26-30,1426,166,26_c
KRM09,3255115.1708984375,26-30,1529,299,27_e
KRM09,3272235.1708984375,26-30,1437,431,28_c
KRM09,3315931.1708984375,26-30,1380,563,29_b
KRM09,3321731.1708984375,26-30,1438,695,30_c
KRM09,3355531.1708984375,31-33,728,271,31_b
KRM09,3358451.1708984375,31-33,952,536,32_c
KRM09,3360835.1708984375,31-33,716,805,33_b
KRM09,3362323.1708984375,31-33,1528,934,continue
KRM09,3364811.1708984375,34-36,1194,274,34_d
KRM09,3371283.1708984375,34-36,729,534,35_b
KRM09,3378659.1708984375,34-36,482,800,36_a
KRM09,3380499.1704101562,34-36,1533,941,continue
KRM09,3393267.1708984375,37-39,1436,273,37_e
KRM09,3402075.1708984375,37-39,1199,535,38_d
KRM09,3425955.1708984375,37-39,483,796,39_a
KRM09,3427763.1708984375,37-39,1531,931,continue
KRM09,3443779.1708984375,40-42,492,275,40_a
KRM09,3464987.1708984375,40-42,1200,534,41_d
KRM09,3479843.1708984375,40-42,1203,797,42_d
KRM09,3480723.1708984375,40-42,1513,920,continue
KRM09,3499059.1708984375,43-45,724,265,43_b
KRM09,3522003.1708984375,43-45,1196,521,44_d
KRM09,3529403.1708984375,43-45,714,774,45_b
KRM09,3629482.1708984375,46-48,1197,235,46_d
KRM09,3641946.1708984375,46-48,966,493,47_c
KRM09,3663922.1708984375,46-48,484,763,48_a
KRM09,3665258.1708984375,46-48,1533,931,continue
KRM09,3685219.1708984375,49-51,723,239,49_b
KRM09,3689923.1708984375,49-51,964,505,50_c
KRM09,3702395.1708984375,49-51,1198,766,51_d
KRM09,3703371.1708984375,49-51,1552,930,continue
KRM09,3716331.1708984375,52-54,484,240,52_a
KRM09,3722771.1708984375,52-54,722,499,53_b
KRM09,3726891.1708984375,52-54,962,764,54_c
KRM09,3727723.1708984375,52-54,1505,936,continue
KRM09,3741731.1708984375,55-56,963,504,56_c
KRM09,3750771.1708984375,55-56,486,241,55_a
KRM09,3754939.1708984375,55-56,406,663,back
KRM09,3760098.1708984375,52-54,384,931,back
KRM09,3761178.1708984375,49-51,385,931,back
KRM09,3762603.1708984375,46-48,385,931,back
KRM09,3767962.1708984375,46-48,405,920,back
KRM09,3773946.1708984375,46-48,422,925,back
KRM09,3781379.1708984375,46-48,1528,928,continue
KRM09,3790723.1708984375,49-51,1538,922,continue
KRM09,3792499.1704101562,52-54,1538,922,continue
KST23,9778287.93798828,1-3,1192,243,1_d
KST23,9781503.93798828,1-3,725,463,2_b
KST23,9785159.93798828,1-3,1438,694,3_e
KST23,9785991.93798828,1-3,1535,832,continue
KST23,9789191.93798828,4-6,484,224,4_a
KST23,9791095.93798828,4-6,484,224,4_a
KST23,9795775.93798828,4-6,1442,455,5_e
KST23,9800623.93798828,4-6,725,683,6_b
KST23,9801871.93798828,4-6,1496,822,continue
KST23,9807159.93798828,7-9,962,223,7_c
KST23,9811423.93798828,7-9,958,455,8_c
KST23,9820463.93798828,7-9,477,681,9_a
KST23,9823839.93798828,7-9,478,679,9_a
KST23,9828695.93798828,7-9,1199,690,9_d
KST23,9830295.93798828,7-9,1537,827,continue
KST23,9836215.93798828,10-12,716,227,10_b
KST23,9837055.93798828,10-12,714,224,10_b
KST23,9845295.93798828,10-12,720,456,11_b
KST23,9854151.93798828,10-12,961,686,12_c
KST23,9855175.93798828,10-12,1500,816,continue
KST23,9869343.93798828,13-15,963,226,13_c
KST23,9880575.93798828,13-15,484,452,14_a
KST23,9896167.93798828,13-15,720,670,15_b
KST23,9931175.93798828,13-15,724,682,15_b
KST23,9932879.93798828,13-15,1199,680,15_d
KST23,9940879.93798828,13-15,1196,680,15_d
KST23,9942823.93798828,13-15,1439,681,15_e
KST23,9975879.93798828,13-15,485,453,14_a
KST23,9978695.93798828,13-15,1439,455,14_e
KST23,10002007.93798828,13-15,406,821,back
KST23,10054006.938476562,16-20,1484,163,16_d
KST23,10063414.938476562,16-20,1341,300,17_a
KST23,10066814.93798828,16-20,1382,433,18_b
KST23,10081678.93798828,16-20,1332,567,19_a
KST23,10088158.93798828,16-20,1532,699,20_e
KST23,10088998.93798828,16-20,1547,853,continue
KST23,10108887.93798828,21-25,1439,164,21_c
KST23,10115503.93798828,21-25,1385,297,22_b
KST23,10122455.93798828,21-25,1340,431,23_a
KST23,10145911.93798828,21-25,1542,571,24_e
KST23,10157431.93798828,21-25,1481,705,25_d
KST23,10158135.93798828,21-25,1557,855,continue
KST23,10169887.93798828,26-30,1433,160,26_c
KST23,10193023.93798828,26-30,1432,296,27_c
KST23,10206695.93798828,26-30,1536,432,28_e
KST23,10213959.93798828,26-30,1383,566,29_b
KST23,10220871.93798828,26-30,1531,704,30_e
KST23,10230335.93798828,26-30,1379,697,30_b
KST23,10336614.93798828,31-33,725,267,31_b
KST23,10338966.93798828,31-33,965,538,32_c
KST23,10341502.93798828,31-33,727,804,33_b
KST23,10343854.93798828,31-33,1503,939,continue
KST23,10348790.93798828,34-36,1199,270,34_d
KST23,10356126.93798828,34-36,721,536,35_b
KST23,10358558.93798828,34-36,485,801,36_a
KST23,10360318.93798828,34-36,1517,933,continue
KST23,10364830.93798828,37-39,1434,264,37_e
KST23,10368774.93798828,37-39,1197,543,38_d
KST23,10376686.93798828,37-39,963,801,39_c
KST23,10388238.93798828,37-39,1529,921,continue
KST23,10389670.93798828,37-39,1530,938,continue
KST23,10406862.93798828,40-42,472,269,40_a
KST23,10424806.93798828,40-42,476,535,41_a
KST23,10442174.93798828,40-42,959,802,42_c
KST23,10443550.93798828,40-42,1556,925,continue
KST23,10472261.93798828,43-45,1192,270,43_d
KST23,10489285.93798828,43-45,1448,524,44_e
KST23,10589189.93798828,46-48,1198,242,46_d
KST23,10608333.93798828,46-48,1437,502,47_e
KST23,10617261.93798828,46-48,1200,770,48_d
KST23,10618789.938476562,46-48,1532,925,continue
KST23,10623741.93798828,49-51,719,237,49_b
KST23,10637989.93798828,49-51,956,506,50_c
KST23,10648661.93798828,49-51,482,767,51_a
KST23,10650133.93798828,49-51,1529,933,continue
KST23,10658102.93798828,52-54,714,256,52_b
KST23,10679462.93798828,52-54,477,500,53_a
KST23,10702790.93798828,52-54,966,820,54_c
KST23,10703814.93798828,52-54,1490,928,continue
KST23,10704806.93798828,52-54,1509,927,continue
KST23,10734429.93798828,55-56,1440,496,56_e
KTN04,19756537.305664066,1-3,1201,241,1_d
KTN04,19761265.306152344,1-3,722,469,2_b
KTN04,19765321.305664066,1-3,1434,691,3_e
KTN04,19766145.306152344,1-3,1549,842,continue
KTN04,19769241.305664066,4-6,482,226,4_a
KTN04,19776609.306152344,4-6,1444,449,5_e
KTN04,19781209.305664066,4-6,725,681,6_b
KTN04,19785049.306152344,4-6,1529,821,continue
KTN04,19789505.305664066,7-9,961,225,7_c
KTN04,19800937.306152344,7-9,724,453,8_b
KTN04,19826969.306152344,7-9,965,689,9_c
KTN04,19828609.306152344,7-9,1518,825,continue
KTN04,19844737.306152344,10-12,1203,222,10_d
KTN04,19855081.306152344,10-12,720,455,11_b
KTN04,19868009.306152344,10-12,480,677,12_a
KTN04,19869401.306152344,10-12,1522,822,continue
KTN04,19890097.305664066,13-15,955,222,13_c
KTN04,19909961.306152344,13-15,1201,453,14_d
KTN04,19972136.305664066,13-15,1443,686,15_e
KTN04,20019576.306152344,16-20,1481,159,16_d
KTN04,20023288.306152344,16-20,1339,297,17_a
KTN04,20035296.306152344,16-20,1383,432,18_b
KTN04,20043448.306152344,16-20,1333,564,19_a
KTN04,20059000.306152344,16-20,1341,700,20_a
KTN04,20064632.306152344,16-20,1539,693,20_e
KTN04,20067144.306152344,16-20,1531,854,continue
KTN04,20074200.306152344,21-25,1433,158,21_c
KTN04,20080280.306152344,21-25,1384,295,22_b
KTN04,20131367.306152344,21-25,1329,435,23_a
KTN04,20150111.306152344,21-25,1538,695,25_e
KTN04,20164631.306152344,21-25,1437,567,24_c
KTN04,20165879.306152344,21-25,1540,849,continue
KTN04,20186615.306152344,26-30,1441,154,26_c
KTN04,20192215.306152344,26-30,1549,300,27_e
KTN04,20202159.306152344,26-30,1482,425,28_d
KTN04,20221103.306152344,26-30,1438,566,29_c
KTN04,20226959.306152344,26-30,1339,562,29_a
KTN04,20251223.306152344,26-30,1337,701,30_a
KTN04,20295486.306152344,31-33,720,270,31_b
KTN04,20298438.306640625,31-33,960,534,32_c
KTN04,20300902.306152344,31-33,721,804,33_b
KTN04,20302942.306152344,31-33,1548,934,continue
KTN04,20307767.306152344,34-36,1197,273,34_d
KTN04,20313559.306152344,34-36,1448,537,35_e
KTN04,20317911.306152344,34-36,485,795,36_a
KTN04,20320231.306152344,34-36,1534,937,continue
KTN04,20325598.306152344,37-39,1440,271,37_e
KTN04,20330982.306152344,37-39,1207,533,38_d
KTN04,20358214.306640625,37-39,966,810,39_c
KTN04,20359726.306152344,37-39,1493,918,continue
KTN04,20360174.306152344,37-39,1548,932,continue
KTN04,20372807.306152344,40-42,1453,272,40_e
KTN04,20405975.306152344,40-42,958,545,41_c
KTN04,20418207.306152344,40-42,482,540,41_a
KTN04,20449831.306152344,40-42,966,801,42_c
KTN04,20451327.306152344,40-42,1546,920,continue
KTN04,20466974.306152344,43-45,1208,275,43_d
KTN04,20471150.306152344,43-45,482,524,44_a
KTN04,20556357.306152344,46-48,1201,236,46_d
KTN04,20566173.306152344,46-48,718,502,47_b
KTN04,20586397.306640625,46-48,1193,772,48_d
KTN04,20595709.306152344,46-48,715,762,48_b
KTN04,20611549.306640625,46-48,1205,770,48_d
KTN04,20617829.306152344,46-48,1534,924,continue
KTN04,20633958.306152344,49-51,719,236,49_b
KTN04,20652214.306640625,49-51,1200,504,50_d
KTN04,20669838.306152344,49-51,476,763,51_a
KTN04,20671438.306640625,49-51,1506,920,continue
KTN04,20693317.306152344,52-54,1199,234,52_d
KTN04,20711837.306152344,52-54,483,505,53_a
KUB22,19541385.955078125,1-3,1204,246,1_d
KUB22,19543001.955078125,1-3,719,474,2_b
KUB22,19545921.955078125,1-3,970,702,3_c
KUB22,19547865.955078125,1-3,1440,689,3_e
KUB22,19549785.955078125,1-3,1524,846,continue
KUB22,19555656.955078125,4-6,481,238,4_a
KUB22,19560656.955078125,4-6,1441,459,5_e
KUB22,19564040.955078125,4-6,721,693,6_b
KUB22,19565104.955078125,4-6,1540,838,continue
KUB22,19569000.955078125,7-9,958,230,7_c
KUB22,19579369.955078125,7-9,957,464,8_c
KUB22,19598976.955078125,7-9,1200,692,9_d
KUB22,19600312.955078125,7-9,1540,836,continue
KUB22,19622432.955078125,10-12,483,232,10_a
KUB22,19639304.955078125,10-12,725,461,11_b
KUB22,19656488.955078125,10-12,484,685,12_a
KUB22,19657464.955078125,10-12,1506,821,continue
KUB22,19658440.955566406,10-12,1506,835,continue
KUB22,19685215.955078125,13-15,948,292,13_c
KUB22,19718767.955078125,13-15,1214,465,14_d
KUB22,19736215.955078125,13-15,1442,690,15_e
KUB22,19744223.955078125,13-15,1245,840,not on any aoi
KUB22,19746959.955078125,13-15,1464,843,not on any aoi
KUB22,19752727.955078125,13-15,725,838,not on any aoi
KUB22,19753903.955078125,13-15,410,836,back
KUB22,19757391.955078125,10-12,1523,832,continue
KUB22,19760455.954589844,13-15,1448,850,not on any aoi
KUB22,19761623.955078125,13-15,1479,848,continue
KUB22,19797024.955078125,16-20,1490,177,16_d
KUB22,19800848.955566406,16-20,1329,308,17_a
KUB22,19803104.955078125,16-20,1394,439,18_b
KUB22,19813040.955078125,16-20,1328,577,19_a
KUB22,19818976.955078125,16-20,1543,704,20_e
KUB22,19819872.955078125,16-20,1537,866,continue
KUB22,19830863.954589844,21-25,1428,176,21_c
KUB22,19835655.955078125,21-25,1372,306,22_b
KUB22,19844535.955078125,21-25,1329,440,23_a
KUB22,19866335.955078125,21-25,1427,573,24_c
KUB22,19882255.955078125,21-25,1552,713,25_e
KUB22,19883039.955078125,21-25,1541,863,continue
KUB22,19902328.955566406,26-30,1445,173,26_c
KUB22,19910688.955078125,26-30,1525,299,27_e
KUB22,19919696.955078125,26-30,1483,431,28_d
KUB22,19932888.955078125,26-30,1497,578,29_d
KUB22,19942752.955078125,26-30,1545,710,30_e
KUB22,19956423.955078125,26-30,415,854,back
KUB22,19964839.955078125,21-25,1536,867,not on any aoi
KUB22,20049855.955078125,31-33,707,281,31_b
KUB22,20055318.955078125,31-33,960,546,32_c
KUB22,20058438.955078125,31-33,715,814,33_b
KUB22,20063470.955078125,31-33,1535,941,continue
KUB22,20066847.955078125,34-36,1203,282,34_d
KUB22,20076495.954589844,34-36,719,545,35_b
KUB22,20079223.955078125,34-36,479,812,36_a
KUB22,20081039.955078125,34-36,1516,939,continue
KUB22,20088374.955078125,37-39,1430,275,37_e
KUB22,20092758.955078125,37-39,1206,549,38_d
KUB22,20110934.955078125,37-39,958,816,39_c
KUB22,20119030.955078125,37-39,1555,946,continue
KUB22,20146822.955078125,40-42,491,276,40_a
KUB22,20176030.955078125,40-42,478,547,41_a
KUB22,20197854.955078125,40-42,961,806,42_c
KUB22,20199870.955078125,40-42,1530,926,continue
KUB22,20212966.955078125,43-45,1197,277,43_d
KUB22,20222494.954589844,43-45,477,784,45_a
KUB22,20225734.955078125,43-45,724,531,44_b
KUB22,20284534.955078125,46-48,1444,249,46_e
KUB22,20289822.955078125,46-48,1199,245,46_d
KUB22,20298494.954589844,46-48,723,508,47_b
KUB22,20311029.955078125,46-48,1191,772,48_d
KUB22,20312493.955078125,46-48,1511,933,continue
KUB22,20322998.955078125,49-51,722,237,49_b
KUB22,20387894.955078125,49-51,480,771,51_a
KUB22,20393886.955078125,49-51,964,509,50_c
KUB22,20395222.955078125,49-51,1537,938,continue
KUB22,20405125.955078125,52-54,722,248,52_b
KUB22,20415789.955078125,52-54,486,518,53_a
KUB22,20421349.955078125,52-54,961,777,54_c
KUB22,20424901.955078125,52-54,1441,776,54_e
KUB22,20428925.955078125,52-54,1522,932,continue
KUB22,20444389.955078125,55-56,722,508,56_b
KUB22,20450141.955078125,55-56,959,247,55_c
KUB22,20452813.955078125,55-56,474,244,55_a
KUH06,1728407.3559570312,1-3,1201,284,1_d
KUH06,1731359.3559570312,1-3,723,500,2_b
KUH06,1737351.3559570312,1-3,1451,733,3_e
KUH06,1738303.3559570312,1-3,1515,829,continue
KUH06,1741640.35546875,4-6,455,263,4_a
KUH06,1744008.35546875,4-6,1437,513,5_e
KUH06,1747704.3559570312,4-6,704,720,6_b
KUH06,1749176.3559570312,4-6,1518,831,continue
KUH06,1756736.3559570312,7-9,943,253,7_c
KUH06,1761552.3559570312,7-9,955,508,8_c
KUH06,1773136.3559570312,7-9,1193,721,9_d
KUH06,1776376.3559570312,7-9,1525,827,continue
KUH06,1791991.3559570312,10-12,483,264,10_a
KUH06,1798063.3559570312,10-12,715,501,11_b
KUH06,1813455.3559570312,10-12,473,730,12_a
KUH06,1815471.3559570312,10-12,1508,823,continue
KUH06,1840015.35546875,13-15,965,281,13_c
KUH06,1863303.3559570312,13-15,1199,508,14_d
KUH06,1892407.3559570312,13-15,724,717,15_b
KUH06,1928071.3559570312,13-15,371,819,back
KUH06,1946375.3559570312,10-12,1548,829,continue
KUH06,1986334.3559570312,16-20,1484,166,16_d
KUH06,1988150.3559570312,16-20,1332,288,17_a
KUH06,1990014.3559570312,16-20,1386,425,18_b
KUH06,1998982.3559570312,16-20,1328,566,19_a
KUH06,2007518.3559570312,16-20,1520,713,20_e
KUH06,2008718.3559570312,16-20,1528,845,continue
KUH06,2024310.3559570312,21-25,1438,162,21_c
KUH06,2029326.3559570312,21-25,1387,297,22_b
KUH06,2059086.3559570312,21-25,1388,433,23_b
KUH06,2089766.3559570312,21-25,1437,566,24_c
KUH06,2104302.3559570312,21-25,1532,698,25_e
KUH06,2105206.3559570312,21-25,1527,864,not on any aoi
KUH06,2116223.3559570312,26-30,1340,159,26_a
KUH06,2126119.3559570312,26-30,1534,295,27_e
KUH06,2142479.3559570312,26-30,1491,428,28_d
KUH06,2162382.3559570312,26-30,1393,569,29_b
KUH06,2210014.3559570312,26-30,1535,698,30_e
KUH06,2247318.3559570312,31-33,736,295,31_b
KUH06,2250294.3559570312,31-33,954,572,32_c
KUH06,2252494.3559570312,31-33,730,832,33_b
KUH06,2253518.3559570312,31-33,1518,932,continue
KUH06,2256678.3559570312,34-36,1202,302,34_d
KUH06,2261294.3559570312,34-36,705,553,35_b
KUH06,2261757.3564453125,34-36,712,568,35_b
KUH06,2264046.3559570312,34-36,484,848,36_a
KUH06,2265989.3559570312,34-36,1542,936,continue
KUH06,2271637.3559570312,37-39,1447,309,37_e
KUH06,2276581.3559570312,37-39,1193,568,38_d
KUH06,2289805.3559570312,37-39,961,838,39_c
KUH06,2297157.3559570312,37-39,1513,935,continue
KUH06,2306094.3559570312,40-42,730,303,40_b
KUH06,2332662.3559570312,40-42,721,577,41_b
KUH06,2354110.3559570312,40-42,959,830,42_c
KUH06,2360486.3559570312,40-42,1516,909,continue
KUH06,2366469.3559570312,43-45,1194,300,43_d
KUH06,2379781.3559570312,43-45,1443,567,44_e
KUH06,2421421.3559570312,43-45,482,771,45_a
KUH06,2491669.3559570312,46-48,1197,233,46_d
KUH06,2506845.3559570312,46-48,1435,508,47_e
KUH06,2518477.3559570312,46-48,1199,766,48_d
KUH06,2519869.3564453125,46-48,1518,927,continue
KUH06,2528365.3559570312,49-51,717,240,49_b
KUH06,2579772.3559570312,49-51,962,587,50_c
KUH06,2591084.3559570312,49-51,469,827,51_a
KUH06,2599516.3559570312,49-51,1520,930,continue
KUH06,2609957.3559570312,52-54,1199,253,52_d
KUH06,2625365.3559570312,52-54,473,561,53_a
KUH06,2653981.3564453125,52-54,976,819,54_c
LAL01,692312.3349609375,1-3,1197,236,1_d
LAL01,696016.3349609375,1-3,726,462,2_b
LAL01,700304.3349609375,1-3,1440,689,3_e
LAL01,701192.3349609375,1-3,1527,837,continue
LAL01,706224.3344726562,4-6,482,223,4_a
LAL01,718776.3344726562,4-6,1442,454,5_e
LAL01,727232.3349609375,4-6,719,679,6_b
LAL01,729128.3349609375,4-6,1555,826,continue
LAL01,736495.3349609375,7-9,962,227,7_c
LAL01,742111.3349609375,7-9,963,456,8_c
LAL01,758031.3349609375,7-9,1198,687,9_d
LAL01,759039.3344726562,7-9,1541,829,continue
LAL01,778887.3349609375,10-12,478,220,10_a
LAL01,789399.3349609375,10-12,1201,455,11_d
LAL01,807263.3344726562,10-12,483,679,12_a
LAL01,808527.3349609375,10-12,1533,827,continue
LAL01,828319.3349609375,13-15,959,224,13_c
LAL01,851799.3349609375,13-15,1198,446,14_d
LAL01,866535.3349609375,13-15,957,683,15_c
LAL01,902655.3349609376,13-15,1445,680,15_e
LAL01,963015.3349609376,16-20,1482,162,16_d
LAL01,969743.3344726562,16-20,1340,298,17_a
LAL01,973679.3349609376,16-20,1386,429,18_b
LAL01,983287.3349609376,16-20,1337,562,19_a
LAL01,989863.3349609376,16-20,1536,697,20_e
LAL01,990990.3349609376,16-20,1522,858,continue
LAL01,1010246.3349609376,21-25,1540,167,21_e
LAL01,1016558.3349609376,21-25,1387,294,22_b
LAL01,1029374.3349609376,21-25,1389,423,23_b
LAL01,1048582.3349609377,21-25,1389,561,24_b
LAL01,1069006.3349609377,21-25,1543,703,25_e
LAL01,1070094.3349609377,21-25,1533,855,continue
LAL01,1076965.3349609377,26-30,1480,163,26_d
LAL01,1095309.3349609377,26-30,1540,301,27_e
LAL01,1104093.3349609377,26-30,1486,427,28_d
LAL01,1123109.3349609377,26-30,1486,569,29_d
LAL01,1142901.3349609377,26-30,1439,695,30_c
LAL01,1230101.3349609377,31-33,724,258,31_b
LAL01,1233549.3349609377,31-33,959,541,32_c
LAL01,1236389.3349609377,31-33,723,802,33_b
LAL01,1237877.3349609377,31-33,1542,941,continue
LAL01,1244341.3354492188,34-36,1203,272,34_d
LAL01,1248237.3349609377,34-36,727,537,35_b
LAL01,1254293.3349609377,34-36,476,800,36_a
LAL01,1256037.3349609377,34-36,1501,941,continue
LAL01,1262980.3349609377,37-39,1447,268,37_e
LAL01,1266540.3349609377,37-39,1198,537,38_d
LAL01,1310292.3349609377,37-39,963,796,39_c
LAL01,1312028.3349609377,37-39,1526,933,continue
LAL01,1335228.3354492188,40-42,1206,264,40_d
LAL01,1354372.3349609377,40-42,482,527,41_a
LAL01,1377924.3349609377,40-42,971,798,42_c
LAL01,1379620.3349609377,40-42,1530,922,continue
LAL01,1393828.3349609377,43-45,724,262,43_b
LAL01,1403603.3349609377,43-45,1205,525,44_d
LAL01,1487499.3349609375,46-48,1200,237,46_d
LAL01,1510219.3349609375,46-48,483,498,47_a
LAL01,1518899.3349609375,46-48,482,498,47_a
LAL01,1523163.3349609375,46-48,1441,496,47_e
LAL01,1555683.3349609375,46-48,724,763,48_b
LAL01,1557555.3349609375,46-48,1527,927,continue
LAL01,1573211.3349609375,49-51,955,233,49_c
LAL01,1600882.3349609375,49-51,1198,498,50_d
LAL01,1614370.3349609375,49-51,722,772,51_b
LAL01,1629090.3349609375,49-51,478,768,51_a
LAL01,1630722.3349609375,49-51,1520,930,continue
LAL01,1638755.3349609375,52-54,724,236,52_b
LAL01,1655147.3349609375,52-54,1200,497,53_d
LCT17,2221757.58203125,1-3,1208,282,1_d
LCT17,2224573.58203125,1-3,708,508,2_b
LCT17,2228186.5815429688,1-3,1441,734,3_e
LCT17,2229155.58203125,1-3,1522,830,continue
LCT17,2232203.58203125,4-6,463,266,4_a
LCT17,2235322.58203125,4-6,1438,504,5_e
LCT17,2243272.58203125,4-6,723,720,6_b
LCT17,2249428.58203125,4-6,1531,823,continue
LCT17,2255147.5815429688,7-9,946,266,7_c
LCT17,2262433.58203125,7-9,983,491,8_c
LCT17,2272696.58203125,7-9,474,724,9_a
LCT17,2274926.58203125,7-9,1540,826,continue
LCT17,2285129.58203125,10-12,493,273,10_a
LCT17,2294974.58203125,10-12,731,497,11_b
LCT17,2303125.58203125,10-12,965,732,12_c
LCT17,2304044.58203125,10-12,1507,829,continue
LCT17,2313317.58203125,13-15,961,273,13_c
LCT17,2321269.58203125,13-15,491,498,14_a
LCT17,2331437.58203125,13-15,480,724,15_a
LCT17,2357662.58203125,13-15,1208,741,15_d
LCT17,2375904.58203125,13-15,1210,513,14_d
LCT17,2403061.58203125,13-15,389,827,back
LCT17,2450443.5815429688,10-12,1555,822,continue
LCT17,2482657.58203125,16-20,1487,165,16_d
LCT17,2486996.58203125,16-20,1336,299,17_a
LCT17,2493594.5815429688,16-20,1387,429,18_b
LCT17,2500464.58203125,16-20,1333,561,19_a
LCT17,2512931.58203125,16-20,1535,703,20_e
LCT17,2515110.58203125,16-20,1522,853,continue
LCT17,2523774.58203125,21-25,1438,159,21_c
LCT17,2531201.58203125,21-25,1541,297,22_e
LCT17,2550932.58203125,21-25,1339,433,23_a
LCT17,2558514.58203125,21-25,1435,567,24_c
LCT17,2574737.58203125,21-25,1541,698,25_e
LCT17,2576301.58203125,21-25,1532,855,continue
LCT17,2591782.58203125,26-30,1437,158,26_c
LCT17,2605698.58203125,26-30,1437,293,27_c
LCT17,2614614.5815429688,26-30,1483,426,28_d
LCT17,2629942.58203125,26-30,1490,566,29_d
LCT17,2686362.58203125,26-30,1389,699,30_b
LCT17,2691215.58203125,26-30,1340,703,30_a
LCT17,2757773.58203125,31-33,710,313,31_b
LCT17,2761454.58203125,31-33,958,584,32_c
LCT17,2763643.58203125,31-33,730,835,33_b
LCT17,2765045.58203125,31-33,1543,930,continue
LCT17,2768465.58203125,34-36,1208,314,34_d
LCT17,2774093.58203125,34-36,707,570,35_b
LCT17,2780658.58203125,34-36,468,843,36_a
LCT17,2782091.58203125,34-36,1513,928,continue
LCT17,2787527.5825195312,37-39,1435,289,37_e
LCT17,2791024.58203125,37-39,1210,557,38_d
LCT17,2808230.58203125,37-39,968,831,39_c
LCT17,2809863.5825195312,37-39,1536,938,continue
LCT17,2829939.58203125,40-42,482,305,40_a
LCT17,2851931.58203125,40-42,474,568,41_a
LCT17,2864524.58203125,40-42,1200,826,42_d
LCT17,2865987.58203125,40-42,1552,923,continue
LCT17,2879579.58203125,43-45,1190,311,43_d
LCT17,2918926.58203125,43-45,1467,543,44_e
LCT17,3043913.58203125,46-48,1214,306,46_d
LCT17,3058852.58203125,46-48,731,572,47_b
LCT17,3077476.58203125,46-48,737,823,48_b
LCT17,3080291.58203125,46-48,1526,939,continue
LCT17,3089311.58203125,49-51,967,292,49_c
LCT17,3110973.58203125,49-51,1459,556,50_e
LCT17,3127175.58203125,49-51,486,819,51_a
LCT17,3128911.58203125,49-51,1526,932,continue
LCT17,3147346.58203125,52-54,1206,313,52_d
LCT17,3158169.58203125,52-54,963,532,53_c
LCT17,3167447.58203125,52-54,1436,848,54_e
LCT17,3168739.5815429688,52-54,1531,927,continue
LCT17,3174048.58203125,55-56,963,304,55_c
LCT17,3176005.58203125,55-56,1439,303,55_e
LCT17,3187009.58203125,55-56,978,572,56_c
LDB06,1648967.7060546875,1-3,1204,235,1_d
LDB06,1652031.7060546875,1-3,720,464,2_b
LDB06,1656015.7060546875,1-3,1443,696,3_e
LDB06,1657015.7060546875,1-3,1522,829,continue
LDB06,1661191.7060546875,4-6,479,226,4_a
LDB06,1664223.7060546875,4-6,1443,449,5_e
LDB06,1669903.7060546875,4-6,720,684,6_b
LDB06,1671479.7060546875,4-6,1541,818,continue
LDB06,1677126.7060546875,7-9,480,227,7_a
LDB06,1698310.7060546875,7-9,966,457,8_c
LDB06,1708814.7060546875,7-9,1208,690,9_d
LDB06,1709622.7060546875,7-9,1513,820,continue
LDB06,1724127.7060546875,10-12,501,225,10_a
LDB06,1743422.7060546875,10-12,725,493,11_b
LDB06,1777134.7065429688,10-12,483,670,12_a
LDB06,1779558.7060546875,10-12,1505,822,continue
LDB06,1809510.7060546875,13-15,964,244,13_c
LDB06,1831406.7060546875,13-15,486,458,14_a
LDB06,1852558.7060546875,13-15,971,698,15_c
LDB06,1854006.7060546875,13-15,449,709,15_a
LDB06,1906869.7060546875,16-20,1489,160,16_d
LDB06,1912413.7060546875,16-20,1340,299,17_a
LDB06,1917805.7060546875,16-20,1389,424,18_b
LDB06,1919197.7060546875,16-20,1385,429,18_b
LDB06,1940941.7060546875,16-20,1434,562,19_c
LDB06,1957517.7055664062,16-20,1537,699,20_e
LDB06,1958429.7060546875,16-20,1548,854,continue
LDB06,1967181.7055664062,21-25,1438,165,21_c
LDB06,1974133.7060546875,21-25,1394,293,22_b
LDB06,2017861.7060546875,21-25,1488,564,24_d
LDB06,2025109.7055664062,21-25,1387,429,23_b
LDB06,2027869.7060546875,21-25,1483,427,23_d
LDB06,2055733.7060546875,21-25,1425,706,25_c
LDB06,2056765.7060546875,21-25,1534,859,continue
LDB06,2065413.7060546875,26-30,1437,155,26_c
LDB06,2073413.7060546875,26-30,1545,290,27_e
LDB06,2098805.7060546875,26-30,1484,427,28_d
LDB06,2120597.7060546875,26-30,1478,562,29_d
LDB06,2135309.7060546875,26-30,1487,699,30_d
LDB06,2139789.7060546875,26-30,1374,701,30_b
LDB06,2170996.7060546875,31-33,724,274,31_b
LDB06,2172252.7060546875,31-33,963,537,32_c
LDB06,2174548.7060546875,31-33,736,829,33_b
LDB06,2175860.7060546875,31-33,1534,943,continue
LDB06,2178468.7060546875,34-36,1189,292,34_d
LDB06,2184020.7060546875,34-36,1435,554,35_e
LDB06,2186716.7060546875,34-36,733,840,36_b
LDB06,2187708.7060546875,34-36,1504,936,continue
LDB06,2191052.7060546875,37-39,365,939,back
LDB06,2193356.7060546875,34-36,499,824,36_a
LDB06,2195572.7060546875,34-36,1542,926,continue
LDB06,2200669.7055664062,37-39,1426,303,37_e
LDB06,2205349.7060546875,37-39,1212,574,38_d
LDB06,2210325.7060546875,37-39,988,842,39_c
LDB06,2223764.7060546875,37-39,1525,938,continue
LDB06,2237340.7060546875,40-42,494,300,40_a
LDB06,2243796.7060546875,40-42,1219,317,40_d
LDB06,2248204.7060546875,40-42,474,307,40_a
LDB06,2264980.7060546875,40-42,1215,573,41_d
LDB06,2283324.7060546875,40-42,962,808,42_c
LDB06,2286380.7060546875,40-42,1537,922,continue
LDB06,2305323.7060546875,43-45,388,893,not on any aoi
LDB06,2313772.7060546875,40-42,1539,916,continue
LDB06,2323308.7060546875,43-45,1207,305,43_d
LDB06,2336332.7060546875,43-45,481,549,44_a
LDB06,2344868.7060546875,43-45,731,794,45_b
LDB06,2409427.7060546875,46-48,1201,251,46_d
LDB06,2424067.7060546875,46-48,726,543,47_b
LDB06,2433291.7060546875,46-48,1224,805,48_d
LDB06,2434907.7060546875,46-48,1546,918,continue
LDB06,2448859.7060546875,49-51,741,299,49_b
LDB06,2477171.7060546875,49-51,973,568,50_c
LDB06,2487475.7060546875,49-51,476,829,51_a
LDB06,2502123.7060546875,49-51,1535,928,continue
LDB06,2516411.7060546875,52-54,1209,295,52_d
LDB06,2540867.7060546875,52-54,484,576,53_a
LDB06,2558931.7060546875,52-54,958,826,54_c
LDB06,2559691.7060546875,52-54,1517,903,continue
LDB06,2560003.7060546875,52-54,1536,928,continue
LDB06,2583595.7060546875,55-56,1450,566,56_e
LES29,1755396.7241210938,1-3,1197,241,1_d
LES29,1758532.7241210938,1-3,717,462,2_b
LES29,1763140.7241210938,1-3,1438,691,3_e
LES29,1764003.724609375,1-3,1549,832,continue
LES29,1768123.7241210938,4-6,477,219,4_a
LES29,1774851.7241210938,4-6,1442,448,5_e
LES29,1780659.7241210938,4-6,723,683,6_b
LES29,1782227.724609375,4-6,1517,826,continue
LES29,1786331.7241210938,7-9,957,215,7_c
LES29,1794539.7241210938,7-9,963,457,8_c
LES29,1800419.7241210938,7-9,1197,678,9_d
LES29,1801923.7241210938,7-9,1529,828,continue
LES29,1810946.7236328125,10-12,475,225,10_a
LES29,1819538.7236328125,10-12,716,455,11_b
LES29,1829882.7241210938,10-12,472,677,12_a
LES29,1831258.7241210938,10-12,1503,821,continue
LES29,1849330.7241210938,13-15,482,227,13_a
LES29,1862674.7241210938,13-15,1199,459,14_d
LES29,1882378.7241210938,13-15,722,685,15_b
LES29,1883298.7241210938,13-15,421,824,back
LES29,1891234.7241210938,10-12,1522,830,continue
LES29,1895010.7241210938,13-15,1521,823,continue
LES29,1904034.7241210938,13-15,400,818,back
LES29,1904691.7241210938,10-12,400,818,back
LES29,1905555.7241210938,7-9,402,827,back
LES29,1906946.7236328125,4-6,402,827,back
LES29,1916506.7241210938,1-3,1526,828,continue
LES29,1926499.7241210938,4-6,1503,822,continue
LES29,1956994.7241210938,7-9,1511,820,continue
LES29,1979338.7241210938,10-12,1515,824,continue
LES29,1987570.7241210938,13-15,954,218,13_c
LES29,2018666.7241210938,16-20,1482,155,16_d
LES29,2022522.7241210938,16-20,1338,296,17_a
LES29,2024538.7236328125,16-20,1384,424,18_b
LES29,2031994.7241210938,16-20,1345,568,19_a
LES29,2038449.7241210938,16-20,1529,695,20_e
LES29,2042321.7241210938,16-20,1522,858,continue
LES29,2048354.7236328125,21-25,1445,163,21_c
LES29,2052914.7241210938,21-25,1396,297,22_b
LES29,2071722.7236328125,21-25,1337,429,23_a
LES29,2076818.7241210938,21-25,1434,570,24_c
LES29,2091186.7241210938,21-25,1535,696,25_e
LES29,2091938.7241210938,21-25,1508,848,continue
LES29,2103433.7241210938,26-30,1427,167,26_c
LES29,2109337.7241210938,26-30,1531,285,27_e
LES29,2117713.7241210938,26-30,1486,431,28_d
LES29,2143497.7241210938,26-30,1492,566,29_d
LES29,2156513.7241210938,26-30,1325,707,30_a
LES29,2168905.7241210938,26-30,396,847,back
LES29,2197681.7241210938,21-25,1533,845,continue
LES29,2278809.7241210938,31-33,725,276,31_b
LES29,2280337.7241210938,31-33,958,541,32_c
LES29,2282009.7241210938,31-33,726,801,33_b
LES29,2283177.7241210938,31-33,1525,939,continue
LES29,2286904.7241210938,34-36,1204,265,34_d
LES29,2292560.7241210938,34-36,717,534,35_b
LES29,2295392.724609375,34-36,477,803,36_a
LES29,2296952.7241210938,34-36,1545,936,continue
LES29,2303144.7241210938,37-39,1439,266,37_e
LES29,2307256.7241210938,37-39,1205,542,38_d
LES29,2315432.7241210938,37-39,956,795,39_c
LES29,2318568.7241210938,37-39,1501,934,continue
LES29,2329648.7241210938,40-42,483,273,40_a
LES29,2330824.7241210938,40-42,485,269,40_a
LES29,2345592.7241210938,40-42,963,540,41_c
LES29,2370040.7241210938,40-42,958,804,42_c
LES29,2371824.7241210938,40-42,1505,922,continue
LES29,2375968.7241210938,43-45,415,886,not on any aoi
LES29,2377615.7241210938,40-42,412,916,back
LES29,2379400.7241210938,37-39,1515,930,continue
LES29,2388640.7241210938,40-42,1504,921,continue
LES29,2397744.7241210938,43-45,1196,270,43_d
LES29,2407584.7241210938,43-45,1435,522,44_e
LES29,2436496.7241210938,43-45,489,770,45_a
LES29,2438416.7241210938,43-45,416,898,not on any aoi
LES29,2440600.7241210938,40-42,1518,924,continue
LES29,2537927.7236328125,46-48,715,499,47_b
LES29,2545311.7241210938,46-48,725,772,48_b
LES29,2554663.7236328125,46-48,1188,241,46_d
LES29,2556375.7241210938,46-48,1543,936,continue
LES29,2565991.7241210938,49-51,722,232,49_b
LES29,2580335.7236328125,49-51,958,503,50_c
LES29,2598735.7236328125,49-51,481,769,51_a
LES29,2600247.7241210938,49-51,1528,925,continue
LES29,2620623.7236328125,52-54,1194,242,52_d
LES29,2646766.7241210938,52-54,489,505,53_a
LES29,2656942.7241210938,52-54,470,764,54_a
LES29,2658494.7241210938,52-54,1554,931,continue
LES29,2669567.7241210938,55-56,725,240,55_b
LES29,2675151.7241210938,55-56,707,494,56_b
LEV14,6888334.198730469,1-3,1195,297,1_d
LEV14,6893678.1982421875,1-3,716,516,2_b
LEV14,6902150.198730469,1-3,1450,744,3_e
LEV14,6919054.1982421875,1-3,1529,833,continue
LEV14,6926287.1982421875,4-6,480,272,4_a
LEV14,6939270.1982421875,4-6,1440,493,5_e
LEV14,6951118.1982421875,4-6,720,737,6_b
LEV14,6954110.198730469,4-6,1521,825,continue
LEV14,6962174.1982421875,7-9,949,270,7_c
LEV14,6967470.1982421875,7-9,980,505,8_c
LEV14,6986782.198730469,7-9,1422,731,9_e
LEV14,6988166.1982421875,7-9,1529,831,continue
LEV14,7009822.1982421875,10-12,1444,260,10_e
LEV14,7037870.1982421875,10-12,731,495,11_b
LEV14,7056494.1982421875,10-12,479,716,12_a
LEV14,7058542.1982421875,10-12,1525,819,continue
LEV14,7078238.1982421875,13-15,487,282,13_a
LEV14,7104654.1982421875,13-15,1181,506,14_d
LEV14,7119246.1982421875,13-15,1214,728,15_d
LEV14,7164261.1982421875,16-20,1484,161,16_d
LEV14,7171741.1982421875,16-20,1335,296,17_a
LEV14,7177333.1982421875,16-20,1384,431,18_b
LEV14,7191357.1982421875,16-20,1335,563,19_a
LEV14,7215589.1982421875,16-20,1541,696,20_e
LEV14,7218037.1982421875,16-20,1512,848,continue
LEV14,7255941.197753906,21-25,1439,160,21_c
LEV14,7267885.1982421875,21-25,1389,304,22_b
LEV14,7330261.1982421875,21-25,1335,562,24_a
LEV14,7333261.1982421875,21-25,1539,431,23_e
LEV14,7338125.197753906,21-25,1436,702,25_c
LEV14,7338885.1982421875,21-25,1547,853,continue
LEV14,7371173.1982421875,26-30,1487,697,30_d
LEV14,7389717.197753906,26-30,1336,567,29_a
LEV14,7399781.1982421875,26-30,1389,429,28_b
LEV14,7435061.1982421875,31-33,728,276,31_b
LEV14,7436749.1982421875,31-33,965,571,32_c
LEV14,7439413.1982421875,31-33,712,847,33_b
LEV14,7441525.1982421875,31-33,1533,932,continue
LEV14,7444612.1982421875,34-36,1218,295,34_d
LEV14,7453404.1982421875,34-36,1208,573,35_d
LEV14,7458341.1982421875,34-36,724,838,36_b
LEV14,7463956.1982421875,34-36,488,825,36_a
LEV14,7465340.1982421875,34-36,1532,940,continue
LEV14,7475964.1982421875,37-39,1445,293,37_e
LEV14,7489500.1982421875,37-39,1195,555,38_d
LEV14,7509804.1982421875,37-39,1217,849,39_d
LEV14,7510964.1982421875,37-39,1557,930,continue
LEV14,7514420.1982421875,37-39,1538,929,continue
LEV14,7535029.1982421875,40-42,725,306,40_b
LEV14,7536261.1982421875,40-42,713,316,40_b
LEV14,7552085.1982421875,40-42,966,567,41_c
LEV14,7567749.1982421875,40-42,733,833,42_b
LEV14,7575637.1982421875,40-42,1441,836,42_e
LEV14,7577876.1982421875,40-42,1552,916,continue
LEV14,7604924.1982421875,43-45,483,306,43_a
LEV14,7606084.1982421875,43-45,485,303,43_a
LEV14,7607076.1982421875,43-45,679,312,43_b
LEV14,7673388.1982421875,46-48,1203,240,46_d
LEV14,7696356.1982421875,46-48,721,493,47_b
LEV14,7731916.1982421875,46-48,1200,767,48_d
LEV14,7733308.1982421875,46-48,1533,923,continue
LEV14,7746948.1982421875,49-51,715,235,49_b
LEV14,7759644.1982421875,49-51,962,499,50_c
LEV14,7774396.1982421875,49-51,478,764,51_a
LEV14,7778236.1982421875,49-51,1552,922,continue
LEV14,7803436.1982421875,52-54,1205,239,52_d
LEV14,7830739.1982421875,52-54,962,769,54_c
LEV14,7842059.1982421875,52-54,957,502,53_c
LEV14,7844059.1982421875,52-54,1544,918,continue
LFB03,1670271.6625976562,1-3,1192,280,1_d
LFB03,1674454.6630859375,1-3,720,510,2_b
LFB03,1678254.6630859375,1-3,1454,745,3_e
LFB03,1679450.6630859375,1-3,1525,834,continue
LFB03,1683908.6630859375,4-6,472,281,4_a
LFB03,1701841.6630859375,4-6,1424,487,5_e
LFB03,1705515.6630859375,4-6,720,727,6_b
LFB03,1707566.6630859375,4-6,1537,826,continue
LFB03,1717582.6630859375,7-9,958,282,7_c
LFB03,1720663.6630859375,7-9,723,485,8_b
LFB03,1726700.6630859375,7-9,1192,732,9_d
LFB03,1728188.6630859375,7-9,1526,821,continue
LFB03,1740615.6630859375,10-12,1194,266,10_d
LFB03,1748709.6630859375,10-12,720,496,11_b
LFB03,1759974.6630859375,10-12,481,717,12_a
LFB03,1766611.6630859375,10-12,1537,828,continue
LFB03,1797937.6630859375,13-15,978,258,13_c
LFB03,1804392.6630859373,13-15,739,493,14_b
LFB03,1811301.6630859373,13-15,1449,484,14_e
LFB03,1840527.662597656,13-15,980,743,15_c
LFB03,1869310.6630859373,13-15,744,726,15_b
LFB03,1932737.6635742188,16-20,1489,159,16_d
LFB03,1940201.6630859373,16-20,1388,294,17_b
LFB03,1948426.6630859373,16-20,1386,434,18_b
LFB03,1961454.6630859373,16-20,1338,563,19_a
LFB03,1965994.6630859373,16-20,1535,703,20_e
LFB03,1967280.6630859373,16-20,1524,854,continue
LFB03,1977918.6630859373,21-25,1435,162,21_c
LFB03,1983171.6630859373,21-25,1385,296,22_b
LFB03,2007496.6630859373,21-25,1341,429,23_a
LFB03,2038590.6630859373,21-25,1436,564,24_c
LFB03,2056241.6630859373,21-25,1538,697,25_e
LFB03,2057558.6630859373,21-25,1513,855,continue
LFB03,2065705.6630859373,26-30,1486,160,26_d
LFB03,2074344.6630859373,26-30,1536,293,27_e
LFB03,2086669.6630859373,26-30,1487,427,28_d
LFB03,2130241.663085937,26-30,1339,564,29_a
LFB03,2159919.663085937,26-30,1387,696,30_b
LFB03,2198170.663085937,31-33,721,271,31_b
LFB03,2201676.663085937,31-33,962,535,32_c
LFB03,2204549.663085937,31-33,721,807,33_b
LFB03,2206387.663085937,31-33,1531,939,continue
LFB03,2210300.663085937,34-36,1197,267,34_d
LFB03,2222773.663085937,34-36,479,801,36_a
LFB03,2225726.663085937,34-36,1200,535,35_d
LFB03,2229352.663085937,34-36,720,534,35_b
LFB03,2231914.663085937,34-36,1527,936,continue
LFB03,2237779.663085937,37-39,1438,273,37_e
LFB03,2242143.663085937,37-39,1199,537,38_d
LFB03,2254821.663085937,37-39,718,802,39_b
LFB03,2261508.662597656,37-39,963,797,39_c
LFB03,2263125.6635742188,37-39,1546,929,continue
LFB03,2272996.663085937,40-42,482,270,40_a
LFB03,2288743.663085937,40-42,723,571,41_b
LFB03,2306357.663085937,40-42,962,839,42_c
LFB03,2308698.663085937,40-42,1520,914,continue
LFB03,2319503.663085937,43-45,1201,271,43_d
LFB03,2333659.662597656,43-45,961,531,44_c
LFB03,2347824.663085937,43-45,488,816,45_a
LFB03,2451897.663085937,46-48,1203,240,46_d
LFB03,2468568.663085937,46-48,727,531,47_b
LFB03,2488194.663085937,46-48,1190,826,48_d
LFB03,2492236.663085937,46-48,1517,922,continue
LFB03,2507899.663085937,49-51,739,278,49_b
LFB03,2518296.6635742188,49-51,948,562,50_c
LFB03,2530300.663085937,49-51,476,837,51_a
LFB03,2532650.663085937,49-51,1521,930,continue
LFB03,2533805.663085937,52-54,1198,645,not on any aoi
LFB03,2536303.663085937,52-54,774,415,not on any aoi
LFB03,2545001.663085937,52-54,710,307,52_b
LFB03,2560322.663085937,52-54,493,574,53_a
LFB03,2593132.663085937,52-54,483,827,54_a
LFB03,2596074.663085937,52-54,1548,929,continue
LHR15,502547.3989257813,1-3,1202,242,1_d
LHR15,506771.3989257813,1-3,721,467,2_b
LHR15,510179.3989257813,1-3,1441,695,3_e
LHR15,513475.3989257813,1-3,1545,837,continue
LHR15,517739.3989257813,4-6,482,224,4_a
LHR15,525915.3989257811,4-6,1440,448,5_e
LHR15,537179.3989257811,4-6,720,683,6_b
LHR15,544523.3989257811,4-6,1551,831,continue
LHR15,554467.3989257811,7-9,962,224,7_c
LHR15,578891.3989257811,7-9,959,447,8_c
LHR15,603843.3989257811,7-9,1198,688,9_d
LHR15,613499.3989257811,7-9,1530,824,continue
LHR15,627859.3989257811,10-12,482,218,10_a
LHR15,647699.3989257811,10-12,721,458,11_b
LHR15,664947.3989257811,10-12,479,680,12_a
LHR15,666315.3989257811,10-12,1523,819,continue
LHR15,696283.3989257811,13-15,960,223,13_c
LHR15,709955.3989257812,13-15,1203,452,14_d
LHR15,756035.3989257812,16-20,1487,165,16_d
LHR15,762195.3989257812,16-20,1338,299,17_a
LHR15,767883.3989257812,16-20,1385,432,18_b
LHR15,787291.3989257812,16-20,1333,565,19_a
LHR15,798467.3989257812,16-20,1542,700,20_e
LHR15,799995.3989257812,16-20,1535,858,continue
LHR15,817211.3989257812,21-25,1437,162,21_c
LHR15,832459.3989257812,21-25,1383,295,22_b
LHR15,852267.3989257812,21-25,1330,432,23_a
LHR15,869299.3989257812,21-25,1437,566,24_c
LHR15,902187.3989257812,21-25,1384,700,25_b
LHR15,906227.3989257812,21-25,1507,851,continue
LHR15,924067.3989257812,26-30,1436,161,26_c
LHR15,936691.3989257812,26-30,1536,298,27_e
LHR15,970507.3989257812,26-30,1485,426,28_d
LHR15,1018755.3989257812,31-33,723,269,31_b
LHR15,1020779.3989257812,31-33,963,531,32_c
LHR15,1023451.3989257812,31-33,716,801,33_b
LHR15,1026980.3989257812,31-33,1528,936,continue
LHR15,1034051.3989257812,34-36,1200,269,34_d
LHR15,1040043.3989257812,34-36,721,537,35_b
LHR15,1046259.3989257812,34-36,480,805,36_a
LHR15,1048187.3989257812,34-36,1511,939,continue
LHR15,1053916.3989257812,37-39,1437,274,37_e
LHR15,1060404.3984375,37-39,1201,541,38_d
LHR15,1097852.3989257812,37-39,960,802,39_c
LHR15,1098916.3989257812,37-39,1530,936,continue
LHR15,1115556.3989257812,40-42,482,267,40_a
LHR15,1153124.3989257812,40-42,479,533,41_a
LHR15,1226252.3989257812,46-48,1205,241,46_d
LHR15,1243084.3989257812,46-48,720,501,47_b
LHR15,1302172.3989257812,46-48,1199,766,48_d
LHR15,1304260.3989257812,46-48,1508,925,continue
LHR15,1317197.3989257812,49-51,722,237,49_b
LHR15,1343021.3989257812,49-51,956,504,50_c
LHR15,1373069.3984375,49-51,479,767,51_a
LHR15,1374965.3989257812,49-51,1531,928,continue
LHR15,1381221.3984375,52-54,721,234,52_b
LHR24,646137.8740234375,1-3,1201,245,1_d
LHR24,650903.8740234375,1-3,722,464,2_b
LHR24,655055.8740234375,1-3,1440,687,3_e
LHR24,656274.8740234375,1-3,1547,846,continue
LHR24,659982.8740234375,4-6,489,222,4_a
LHR24,667926.8740234375,4-6,1442,454,5_e
LHR24,676918.8740234375,4-6,724,691,6_b
LHR24,679623.8740234375,4-6,1523,812,continue
LHR24,680429.8740234375,4-6,1525,822,continue
LHR24,688182.8740234375,7-9,963,225,7_c
LHR24,701013.8745117189,7-9,963,453,8_c
LHR24,711744.8735351562,7-9,1198,688,9_d
LHR24,717447.8740234375,7-9,1520,814,continue
LHR24,741774.8740234375,10-12,474,240,10_a
LHR24,749428.8740234375,10-12,732,475,11_b
LHR24,763499.8740234375,10-12,485,686,12_a
LHR24,765373.8740234375,10-12,1543,820,continue
LHR24,784047.8740234375,13-15,487,225,13_a
LHR24,801126.8740234375,13-15,1212,467,14_d
LHR24,833340.8740234375,13-15,1437,686,15_e
LHR24,919959.8740234376,16-20,1487,163,16_d
LHR24,927062.8740234376,16-20,1338,299,17_a
LHR24,930519.8740234376,16-20,1387,428,18_b
LHR24,950364.8740234376,16-20,1436,563,19_c
LHR24,956589.8740234376,16-20,1529,700,20_e
LHR24,957587.8740234376,16-20,1534,868,continue
LHR24,958292.8740234376,16-20,1535,853,continue
LHR24,972632.8740234376,21-25,1435,157,21_c
LHR24,979441.8740234376,21-25,1547,305,22_e
LHR24,979915.8740234376,21-25,1546,304,22_e
LHR24,980036.8740234376,21-25,1546,304,22_e
LHR24,988349.8740234376,21-25,1339,430,23_a
LHR24,1000375.8740234376,21-25,1441,571,24_c
LHR24,1020694.8740234376,21-25,1541,696,25_e
LHR24,1021601.8740234376,21-25,1531,848,continue
LHR24,1035493.8745117188,26-30,1429,152,26_c
LHR24,1058339.8740234377,26-30,1541,295,27_e
LHR24,1083244.8735351562,26-30,1489,434,28_d
LHR24,1102318.8740234377,26-30,1488,564,29_d
LHR24,1141291.8740234377,26-30,1332,700,30_a
LHR24,1191932.8740234377,31-33,726,265,31_b
LHR24,1196030.8740234377,31-33,950,549,32_c
LHR24,1196141.8740234377,31-33,950,549,32_c
LHR24,1198581.8740234377,31-33,731,815,33_b
LHR24,1200867.8740234377,31-33,1495,928,continue
LHR24,1204552.8740234377,34-36,1201,279,34_d
LHR24,1210800.8740234377,34-36,698,575,35_b
LHR24,1211052.8740234377,34-36,698,575,35_b
LHR24,1215084.8740234377,34-36,488,833,36_a
LHR24,1216937.8740234377,34-36,1528,930,continue
LHR24,1223098.8740234377,37-39,1451,291,37_e
LHR24,1229584.8740234377,37-39,482,561,38_a
LHR24,1231165.8740234377,37-39,1204,566,38_d
LHR24,1237878.8740234377,37-39,956,817,39_c
LHR24,1240526.8745117188,37-39,1528,926,continue
LHR24,1253516.8740234377,40-42,480,277,40_a
LHR24,1279642.8740234377,40-42,485,552,41_a
LHR24,1342422.8740234377,40-42,964,811,42_c
LHR24,1344396.8735351562,40-42,1536,915,continue
LHR24,1366415.8740234377,43-45,1215,301,43_d
LHR24,1436183.8740234375,46-48,1207,249,46_d
LHR24,1444623.8740234375,46-48,1442,497,47_e
LHR24,1465430.8740234375,46-48,723,792,48_b
LHR24,1466850.8740234375,46-48,1548,927,continue
LHR24,1475399.8740234375,49-51,725,245,49_b
LHR24,1493023.8740234375,49-51,1233,522,50_d
LHR24,1517135.8740234375,49-51,478,784,51_a
LHR24,1517558.8740234375,49-51,478,784,51_a
LHR24,1520024.8740234375,49-51,1520,922,continue
LHR24,1546527.8740234375,52-54,1200,235,52_d
LHR24,1574272.8740234375,52-54,494,508,53_a
LRS21,3021837.546875,1-3,1196,235,1_d
LRS21,3024540.546875,1-3,720,463,2_b
LRS21,3028479.5473632812,1-3,1443,692,3_e
LRS21,3030087.546875,1-3,1539,843,continue
LRS21,3034533.546875,4-6,475,220,4_a
LRS21,3039981.546875,4-6,1443,452,5_e
LRS21,3048093.546875,4-6,721,678,6_b
LRS21,3049533.546875,4-6,1539,825,continue
LRS21,3054188.546875,7-9,962,220,7_c
LRS21,3059644.546875,7-9,960,450,8_c
LRS21,3073748.546875,7-9,1204,677,9_d
LRS21,3075396.546875,7-9,1547,822,continue
LRS21,3084620.546875,10-12,474,217,10_a
LRS21,3092836.546875,10-12,722,454,11_b
LRS21,3103508.546875,10-12,966,670,12_c
LRS21,3110588.546875,10-12,482,683,12_a
LRS21,3112164.5473632812,10-12,1556,823,continue
LRS21,3142020.546875,13-15,959,220,13_c
LRS21,3166428.546875,13-15,1201,449,14_d
LRS21,3215628.546875,13-15,1441,679,15_e
LRS21,3277899.546875,16-20,1481,161,16_d
LRS21,3281235.546875,16-20,1333,297,17_a
LRS21,3284979.546875,16-20,1384,434,18_b
LRS21,3289595.546875,16-20,1340,570,19_a
LRS21,3293547.5463867188,16-20,1532,702,20_e
LRS21,3294483.546875,16-20,1532,850,continue
LRS21,3306979.546875,21-25,1433,162,21_c
LRS21,3315019.546875,21-25,1383,296,22_b
LRS21,3379634.546875,21-25,1337,564,24_a
LRS21,3392194.546875,21-25,1390,426,23_b
LRS21,3424858.546875,21-25,1433,702,25_c
LRS21,3426002.546875,21-25,1537,861,continue
LRS21,3433306.546875,26-30,1441,164,26_c
LRS21,3438675.546875,26-30,1438,295,27_c
LRS21,3446586.5463867188,26-30,1486,425,28_d
LRS21,3460138.546875,26-30,1488,561,29_d
LRS21,3473522.546875,26-30,1383,701,30_b
LRS21,3492242.546875,26-30,407,846,back
LRS21,3509338.546875,21-25,1338,702,25_a
LRS21,3536154.546875,31-33,720,270,31_b
LRS21,3538466.546875,31-33,961,530,32_c
LRS21,3541906.546875,31-33,724,795,33_b
LRS21,3543186.546875,31-33,1541,935,continue
LRS21,3547930.546875,34-36,1196,268,34_d
LRS21,3551402.5463867188,34-36,723,536,35_b
LRS21,3553994.5463867188,34-36,478,803,36_a
LRS21,3554946.546875,34-36,1546,935,continue
LRS21,3561970.546875,37-39,1448,270,37_e
LRS21,3566330.5463867188,37-39,1202,536,38_d
LRS21,3579970.546875,37-39,962,799,39_c
LRS21,3580994.5463867188,37-39,1549,929,continue
LRS21,3590722.546875,40-42,480,267,40_a
LRS21,3621666.546875,40-42,714,530,41_b
LRS21,3638722.546875,40-42,963,801,42_c
LRS21,3639498.546875,40-42,1545,919,continue
LRS21,3653505.546875,43-45,1205,272,43_d
LRS21,3666881.546875,43-45,1434,520,44_e
LRS21,3709153.546875,43-45,482,773,45_a
LRS21,3780337.546875,46-48,1202,230,46_d
LRS21,3798713.546875,46-48,717,495,47_b
LRS21,3804745.546875,46-48,1207,768,48_d
LRS21,3823944.546875,46-48,1534,928,continue
LRS21,3833969.546875,49-51,722,234,49_b
LRS21,3860905.546875,49-51,964,502,50_c
LRS21,3872569.546875,49-51,477,762,51_a
LRS21,3873657.546875,49-51,1525,932,continue
LRS21,3899648.546875,52-54,1203,238,52_d
LRS21,3920696.546875,52-54,483,499,53_a
LRS21,3943264.546875,52-54,481,769,54_a
LRS21,3944352.546875,52-54,1520,930,continue
LRS21,3951136.546875,55-56,718,500,56_b
LSW28,2594626.791015625,1-3,1202,236,1_d
LSW28,2601186.791015625,1-3,718,467,2_b
LSW28,2605938.791015625,1-3,1439,691,3_e
LSW28,2607842.791015625,1-3,1532,846,continue
LSW28,2612107.791015625,4-6,481,227,4_a
LSW28,2623779.791015625,4-6,1443,501,5_e
LSW28,2630011.790527344,4-6,727,726,6_b
LSW28,2631451.791015625,4-6,1516,820,continue
LSW28,2636018.791015625,7-9,990,247,7_c
LSW28,2644466.791015625,7-9,977,456,8_c
LSW28,2663706.791015625,7-9,1199,734,9_d
LSW28,2665498.791015625,7-9,1536,818,continue
LSW28,2693090.791015625,10-12,731,281,10_b
LSW28,2697242.791015625,10-12,1442,260,10_e
LSW28,2721394.791015625,10-12,735,470,11_b
LSW28,2741402.791015625,10-12,500,729,12_a
LSW28,2744522.791015625,10-12,1535,820,continue
LSW28,2779658.791015625,13-15,968,250,13_c
LSW28,2811962.791015625,13-15,1439,494,14_e
LSW28,2863169.791015625,16-20,1488,155,16_d
LSW28,2876921.791015625,16-20,1333,290,17_a
LSW28,2879537.791015625,16-20,1387,427,18_b
LSW28,2888401.791015625,16-20,1336,567,19_a
LSW28,2899841.791015625,16-20,869,732,not on any aoi
LSW28,2901081.791015625,16-20,1527,701,20_e
LSW28,2903209.791015625,16-20,1515,848,continue
LSW28,2917337.791015625,21-25,656,216,not on any aoi
LSW28,2918833.791015625,21-25,1438,155,21_c
LSW28,2926249.791015625,21-25,1536,299,22_e
LSW28,2946081.791015625,21-25,1329,426,23_a
LSW28,2962841.791015625,21-25,1541,566,24_e
LSW28,2981545.791015625,21-25,1340,702,25_a
LSW28,2982529.791015625,21-25,1513,863,continue
LSW28,2985297.791015625,21-25,1516,850,continue
LSW28,2996721.7915039062,26-30,1438,156,26_c
LSW28,3020617.791015625,26-30,1542,295,27_e
LSW28,3040873.791015625,26-30,1487,424,28_d
LSW28,3055193.791015625,26-30,1486,559,29_d
LSW28,3066281.791015625,26-30,1446,699,30_c
LSW28,3072312.791015625,26-30,402,855,back
LSW28,3075209.791015625,21-25,1527,850,continue
LSW28,3137265.791015625,31-33,730,307,31_b
LSW28,3140289.791015625,31-33,962,570,32_c
LSW28,3142809.791015625,31-33,725,839,33_b
LSW28,3144689.791015625,31-33,1524,926,continue
LSW28,3148576.791015625,34-36,1207,305,34_d
LSW28,3154864.791015625,34-36,1457,580,35_e
LSW28,3159496.791015625,34-36,711,559,35_b
LSW28,3160368.791015625,34-36,706,532,35_b
LSW28,3167416.791015625,34-36,489,841,36_a
LSW28,3170208.791015625,34-36,1524,934,continue
LSW28,3178424.791015625,37-39,1439,310,37_e
LSW28,3186168.791015625,37-39,1214,566,38_d
LSW28,3198112.791015625,37-39,986,832,39_c
LSW28,3199648.791015625,37-39,1545,927,continue
LSW28,3212297.791015625,40-42,477,311,40_a
LSW28,3238297.791015625,40-42,723,571,41_b
LSW28,3270272.791015625,40-42,976,826,42_c
LSW28,3271816.791015625,40-42,1521,923,continue
LSW28,3289455.791015625,43-45,1213,295,43_d
LSW28,3290303.791015625,43-45,1199,267,43_d
LSW28,3305535.791015625,43-45,1453,546,44_e
LSW28,3306447.791015625,43-45,1442,523,44_e
LSW28,3471367.791015625,46-48,1202,236,46_d
LSW28,3502359.791015625,46-48,727,562,47_b
LSW28,3529735.7905273438,46-48,1207,816,48_d
LSW28,3530983.791015625,46-48,1531,936,continue
LSW28,3544015.791015625,49-51,713,300,49_b
LSW28,3572167.791015625,49-51,949,547,50_c
LSW28,3590223.791015625,49-51,474,831,51_a
LSW28,3591671.791015625,49-51,1519,928,continue
LSW28,3605991.791015625,52-54,729,265,52_b
LSW28,3628399.7905273438,52-54,508,548,53_a
LSW28,3628919.7905273438,52-54,511,562,53_a
LWL06,1801869.2177734373,1-3,1196,232,1_d
LWL06,1806021.2177734373,1-3,726,460,2_b
LWL06,1809045.2177734373,1-3,1442,690,3_e
LWL06,1811061.2177734373,1-3,1519,838,continue
LWL06,1813836.2177734373,4-6,480,221,4_a
LWL06,1819284.2177734373,4-6,1452,459,5_e
LWL06,1822236.2177734373,4-6,720,679,6_b
LWL06,1825500.2177734373,4-6,1545,822,continue
LWL06,1830820.2177734373,7-9,957,217,7_c
LWL06,1833012.2177734373,7-9,965,456,8_c
LWL06,1838436.2182617188,7-9,1201,678,9_d
LWL06,1840124.2177734373,7-9,1541,834,continue
LWL06,1844604.2177734373,10-12,720,223,10_b
LWL06,1854412.2177734373,10-12,717,459,11_b
LWL06,1864412.2177734373,10-12,476,681,12_a
LWL06,1869620.2182617188,10-12,1545,829,continue
LWL06,1883500.2177734373,13-15,956,220,13_c
LWL06,1908276.2177734373,13-15,1201,454,14_d
LWL06,1930348.2177734373,13-15,1443,683,15_e
LWL06,1943220.2177734373,13-15,1513,820,continue
LWL06,1943732.2182617188,13-15,1574,858,not on any aoi
LWL06,1944116.2177734373,13-15,1544,867,not on any aoi
LWL06,1944420.2177734373,13-15,1570,904,not on any aoi
LWL06,1944764.2177734373,13-15,1558,786,not on any aoi
LWL06,1947436.2182617188,13-15,753,561,not on any aoi
LWL06,1950476.2177734373,13-15,1482,811,continue
LWL06,1950820.2177734373,13-15,1544,896,not on any aoi
LWL06,1951316.2177734373,13-15,1511,826,continue
LWL06,1951892.2177734373,13-15,1507,818,continue
LWL06,1952668.2177734373,13-15,1515,784,not on any aoi
LWL06,1953724.2177734373,13-15,1442,105,not on any aoi
LWL06,1960324.2182617188,13-15,1532,861,not on any aoi
LWL06,1960636.2177734373,13-15,1542,910,not on any aoi
LWL06,2005244.2177734373,13-15,401,831,back
LWL06,2013883.2182617188,10-12,480,218,10_a
LWL06,2021563.2177734373,10-12,376,827,back
LWL06,2024067.2182617188,7-9,1533,826,continue
LWL06,2025651.2177734373,10-12,1533,826,continue
LWL06,2056627.2182617188,16-20,1487,167,16_d
LWL06,2062123.2177734373,16-20,1333,293,17_a
LWL06,2064323.2182617188,16-20,1385,428,18_b
LWL06,2070211.2177734373,16-20,1339,564,19_a
LWL06,2078019.2177734373,16-20,1535,702,20_e
LWL06,2080203.2177734373,16-20,1536,861,continue
LWL06,2086891.2177734373,21-25,1433,161,21_c
LWL06,2091411.2177734373,21-25,1389,295,22_b
LWL06,2121083.217773437,21-25,1433,561,24_c
LWL06,2127947.217773437,21-25,1384,427,23_b
LWL06,2141235.217773437,21-25,1339,428,23_a
LWL06,2156027.2182617188,21-25,1532,701,25_e
LWL06,2160579.217773437,21-25,1522,857,continue
LWL06,2174499.217773437,26-30,1441,158,26_c
LWL06,2187299.217773437,26-30,1540,300,27_e
LWL06,2194979.217773437,26-30,1487,428,28_d
LWL06,2215275.217773437,26-30,1483,562,29_d
LWL06,2289219.2182617188,26-30,1535,700,30_e
LWL06,2312930.217773437,31-33,485,267,31_a
LWL06,2314946.217773437,31-33,957,533,32_c
LWL06,2316626.217773437,31-33,726,790,33_b
LWL06,2317042.217285156,31-33,726,797,33_b
LWL06,2318930.217773437,31-33,1525,935,continue
LWL06,2322338.217285156,34-36,1202,268,34_d
LWL06,2326466.217773437,34-36,724,539,35_b
LWL06,2330770.217773437,34-36,480,803,36_a
LWL06,2333242.217773437,34-36,1534,936,continue
LWL06,2339226.217773437,37-39,1439,266,37_e
LWL06,2346666.217773437,37-39,1205,531,38_d
LWL06,2359698.217773437,37-39,960,800,39_c
LWL06,2362370.217773437,37-39,1532,941,continue
LWL06,2378818.217773437,40-42,476,270,40_a
LWL06,2395106.217773437,40-42,723,535,41_b
LWL06,2407162.217773437,40-42,957,795,42_c
LWL06,2410986.217773437,40-42,1527,922,continue
LWL06,2418810.217773437,43-45,720,267,43_b
LWL06,2419490.217285156,43-45,955,263,43_c
LWL06,2420794.217773437,43-45,727,258,43_b
LWL06,2450642.217773437,43-45,476,516,44_a
LWL06,2485985.217773437,43-45,962,775,45_c
LWL06,2490305.217773437,43-45,479,774,45_a
LWL06,2556905.217773437,46-48,1199,236,46_d
LWL06,2571993.217773437,46-48,1441,496,47_e
LWL06,2579841.217773437,46-48,712,503,47_b
LWL06,2597057.217773437,46-48,1204,765,48_d
LWL06,2612321.217773437,46-48,1521,919,continue
LWL06,2619761.217773437,49-51,724,235,49_b
LWL06,2631561.217773437,49-51,957,499,50_c
LWL06,2639297.217773437,49-51,478,765,51_a
LWL06,2642481.217773437,49-51,1524,929,continue
LWL06,2660873.217773437,52-54,480,237,52_a
LWL06,2669025.217773437,52-54,718,235,52_b
LWL06,2679161.217773437,52-54,477,509,53_a
LWL06,2687177.217773437,52-54,482,765,54_a
LWL06,2691625.217773437,52-54,1548,927,continue
LWL06,2706689.217773437,55-56,480,238,55_a
LWL06,2723929.217773437,55-56,1446,505,56_e
LWL06,2727729.217773437,55-56,957,503,56_c
MAS29,2190128.8369140625,1-3,1190,277,1_d
MAS29,2194040.8369140625,1-3,730,506,2_b
MAS29,2196232.8369140625,1-3,1428,739,3_e
MAS29,2197264.8369140625,1-3,1517,831,continue
MAS29,2201081.8369140625,4-6,486,302,4_a
MAS29,2203841.8369140625,4-6,1442,485,5_e
MAS29,2209649.8369140625,4-6,717,741,6_b
MAS29,2210529.8369140625,4-6,1523,825,continue
MAS29,2218976.8369140625,7-9,945,257,7_c
MAS29,2223992.8369140625,7-9,693,503,8_b
MAS29,2236256.8369140625,7-9,481,741,9_a
MAS29,2243264.8369140625,7-9,1210,733,9_d
MAS29,2244256.8369140625,7-9,1512,825,continue
MAS29,2257577.8369140625,10-12,512,286,10_a
MAS29,2267217.8369140625,10-12,1180,493,11_d
MAS29,2277905.836425781,10-12,1441,729,12_e
MAS29,2278745.8369140625,10-12,1504,826,continue
MAS29,2291624.8369140625,13-15,948,275,13_c
MAS29,2309408.8369140625,13-15,1199,499,14_d
MAS29,2316128.8369140625,13-15,1436,738,15_e
MAS29,2445511.8369140625,16-20,1495,155,16_d
MAS29,2448207.8369140625,16-20,1336,291,17_a
MAS29,2452143.8369140625,16-20,1402,415,18_b
MAS29,2459975.8369140625,16-20,1336,568,19_a
MAS29,2466463.837402344,16-20,1527,692,20_e
MAS29,2467439.8369140625,16-20,1522,845,continue
MAS29,2477936.8369140625,21-25,1436,187,21_c
MAS29,2482504.8369140625,21-25,1385,293,22_b
MAS29,2486400.8369140625,21-25,1337,428,23_a
MAS29,2497656.8369140625,21-25,1418,564,24_c
MAS29,2504200.8369140625,21-25,1332,690,25_a
MAS29,2504864.8369140625,21-25,1512,852,continue
MAS29,2515264.8369140625,26-30,1440,173,26_c
MAS29,2522048.8369140625,26-30,1519,295,27_e
MAS29,2530407.8369140625,26-30,1506,435,28_d
MAS29,2545327.8369140625,26-30,1475,561,29_d
MAS29,2554527.8369140625,26-30,1442,703,30_c
MAS29,2705911.8369140625,31-33,722,297,31_b
MAS29,2708959.8369140625,31-33,951,578,32_c
MAS29,2712119.8369140625,31-33,736,845,33_b
MAS29,2713367.8369140625,31-33,1551,935,continue
MAS29,2717407.8369140625,34-36,1202,313,34_d
MAS29,2723711.8369140625,34-36,715,565,35_b
MAS29,2726343.8369140625,34-36,478,841,36_a
MAS29,2727615.8369140625,34-36,1537,926,continue
MAS29,2732303.8369140625,37-39,491,305,37_a
MAS29,2735175.8369140625,37-39,1186,591,38_d
MAS29,2744455.8369140625,37-39,1207,836,39_d
MAS29,2751303.8369140625,37-39,1513,934,continue
MAS29,2763607.8369140625,40-42,479,307,40_a
MAS29,2781695.8369140625,40-42,729,573,41_b
MAS29,2803751.8369140625,40-42,945,836,42_c
MAS29,2806551.8369140625,40-42,1446,835,42_e
MAS29,2807927.8369140625,40-42,1511,925,continue
MAS29,2817911.8369140625,43-45,726,300,43_b
MAS29,2825823.8369140625,43-45,723,309,43_b
MAS29,2829887.8369140625,43-45,1210,302,43_d
MAS29,2841831.8374023438,43-45,1450,559,44_e
MAS29,2854815.8369140625,43-45,481,811,45_a
MAS29,2937046.8369140625,46-48,1221,306,46_d
MAS29,2937718.8369140625,46-48,1220,311,46_d
MAS29,2958422.8369140625,46-48,741,540,47_b
MAS29,2968646.8369140625,46-48,718,818,48_b
MAS29,2969958.8364257812,46-48,1540,934,continue
MAS29,2980870.8369140625,49-51,757,293,49_b
MAS29,2993158.8369140625,49-51,958,554,50_c
MAS29,3003230.8369140625,49-51,508,814,51_a
MAS29,3004782.8369140625,49-51,1533,933,continue
MAS29,3021638.8369140625,52-54,750,279,52_b
MAS29,3022094.8369140625,52-54,740,285,52_b
MAS29,3041126.8369140625,52-54,968,558,53_c
MAS29,3053206.8369140625,52-54,502,822,54_a
MAS29,3057654.8369140625,52-54,1509,926,continue
MAS29,3083766.8369140625,55-56,1184,557,56_d
MAS29,3085358.8369140625,55-56,1175,545,56_d
MBB14,2572608.94921875,1-3,1200,231,1_d
MBB14,2577952.94921875,1-3,721,461,2_b
MBB14,2583824.9497070312,1-3,1450,695,3_e
MBB14,2584744.94921875,1-3,1541,837,continue
MBB14,2589320.94921875,4-6,479,220,4_a
MBB14,2598280.94921875,4-6,1444,453,5_e
MBB14,2604832.94921875,4-6,733,685,6_b
MBB14,2607680.94921875,4-6,1519,829,continue
MBB14,2613976.9497070312,7-9,950,225,7_c
MBB14,2630112.94921875,7-9,727,460,8_b
MBB14,2634984.94921875,7-9,965,452,8_c
MBB14,2646328.94921875,7-9,1210,679,9_d
MBB14,2650192.94921875,7-9,1542,826,continue
MBB14,2669584.94921875,10-12,1200,222,10_d
MBB14,2679328.94921875,10-12,1206,455,11_d
MBB14,2688032.94921875,10-12,1226,677,12_d
MBB14,2692360.94921875,10-12,1435,684,12_e
MBB14,2695432.94921875,10-12,473,682,12_a
MBB14,2697776.94921875,10-12,1531,822,continue
MBB14,2706527.94921875,13-15,966,220,13_c
MBB14,2720991.9487304688,13-15,485,466,14_a
MBB14,2748655.9487304688,13-15,1445,693,15_e
MBB14,2836743.94921875,16-20,1499,167,16_d
MBB14,2843751.94921875,16-20,1331,295,17_a
MBB14,2847823.94921875,16-20,1393,426,18_b
MBB14,2861215.94921875,16-20,1332,557,19_a
MBB14,2869135.9487304688,16-20,1545,707,20_e
MBB14,2870599.94921875,16-20,1523,860,continue
MBB14,2879512.94921875,21-25,1440,170,21_c
MBB14,2885312.94921875,21-25,1385,291,22_b
MBB14,2891672.94921875,21-25,1344,424,23_a
MBB14,2904656.94921875,21-25,1434,576,24_c
MBB14,2928655.9487304688,21-25,1363,705,25_b
MBB14,2929727.9487304688,21-25,1499,849,continue
MBB14,2947943.94921875,26-30,1445,163,26_c
MBB14,2957335.94921875,26-30,1535,302,27_e
MBB14,2969207.9487304688,26-30,1488,428,28_d
MBB14,2987167.94921875,26-30,1491,574,29_d
MBB14,3010551.94921875,26-30,1447,707,30_c
MBB14,3045143.94921875,26-30,1339,693,30_a
MBB14,3067815.94921875,26-30,1390,697,30_b
MBB14,3069231.94921875,26-30,1384,695,30_b
MBB14,3101839.9487304688,31-33,736,262,31_b
MBB14,3106439.94921875,31-33,967,540,32_c
MBB14,3110567.94921875,31-33,725,795,33_b
MBB14,3113671.94921875,31-33,1536,935,continue
MBB14,3118007.94921875,34-36,1198,262,34_d
MBB14,3122175.9487304688,34-36,732,543,35_b
MBB14,3128991.9487304688,34-36,478,794,36_a
MBB14,3130815.94921875,34-36,1531,935,continue
MBB14,3141695.9487304688,37-39,1449,285,37_e
MBB14,3151031.94921875,37-39,1219,542,38_d
MBB14,3159631.94921875,37-39,951,814,39_c
MBB14,3171151.94921875,37-39,1537,931,continue
MBB14,3209631.94921875,40-42,485,268,40_a
MBB14,3234335.94921875,40-42,723,545,41_b
MBB14,3257006.94921875,40-42,965,810,42_c
MBB14,3259054.94921875,40-42,1530,910,continue
MBB14,3268895.94921875,43-45,1202,280,43_d
MBB14,3286295.94921875,46-48,398,926,back
MBB14,3374374.94921875,46-48,1192,243,46_d
MBB14,3380678.94921875,46-48,720,507,47_b
MBB14,3405174.9487304688,46-48,962,769,48_c
MBB14,3405958.94921875,46-48,1529,925,continue
MBB14,3413910.94921875,49-51,726,239,49_b
MBB14,3429798.94921875,49-51,960,514,50_c
MBB14,3433550.94921875,49-51,473,773,51_a
MBB14,3434766.9487304688,49-51,1505,928,continue
MBB14,3447486.94921875,52-54,715,254,52_b
MBB14,3449806.94921875,52-54,722,502,53_b
MBB14,3451878.9487304688,52-54,730,748,54_b
MBB14,3452662.94921875,52-54,744,764,54_b
MBB14,3453694.9487304688,52-54,1516,923,continue
MBB14,3456750.94921875,55-56,963,245,55_c
MBK21,1930804.3549804688,1-3,1202,236,1_d
MBK21,1933924.3549804688,1-3,724,459,2_b
MBK21,1937484.3549804688,1-3,1436,690,3_e
MBK21,1938636.3549804688,1-3,1525,845,continue
MBK21,1941501.3544921875,4-6,483,219,4_a
MBK21,1952341.3549804688,4-6,1438,447,5_e
MBK21,1960869.3544921875,4-6,723,682,6_b
MBK21,1962293.3549804688,4-6,1534,832,continue
MBK21,1970244.3549804688,7-9,956,222,7_c
MBK21,1984228.3549804688,7-9,722,451,8_b
MBK21,2003076.3549804688,7-9,1200,682,9_d
MBK21,2003892.3549804688,7-9,1550,832,continue
MBK21,2017460.3549804688,10-12,488,224,10_a
MBK21,2032036.3549804688,10-12,717,450,11_b
MBK21,2042532.3549804688,10-12,480,680,12_a
MBK21,2046380.3549804688,10-12,1543,822,continue
MBK21,2061964.3549804688,13-15,962,219,13_c
MBK21,2076980.3549804688,13-15,1198,450,14_d
MBK21,2101436.3549804688,13-15,717,685,15_b
MBK21,2107268.3549804688,13-15,1532,824,continue
MBK21,2189164.3549804688,16-20,1486,166,16_d
MBK21,2194996.3549804688,16-20,1333,295,17_a
MBK21,2202820.3549804688,16-20,1390,436,18_b
MBK21,2215540.3549804688,16-20,1334,563,19_a
MBK21,2224580.3549804688,16-20,1539,700,20_e
MBK21,2225684.3549804688,16-20,1516,861,continue
MBK21,2236867.3549804688,21-25,1436,167,21_c
MBK21,2251851.3549804688,21-25,1385,303,22_b
MBK21,2282827.3549804688,21-25,1339,434,23_a
MBK21,2284251.3549804688,21-25,1340,433,23_a
MBK21,2319307.3549804688,21-25,1433,696,25_c
MBK21,2327331.3549804688,21-25,1489,570,24_d
MBK21,2329139.3549804688,21-25,1484,567,24_d
MBK21,2330347.3549804688,21-25,1536,854,continue
MBK21,2347499.3549804688,26-30,1437,167,26_c
MBK21,2360227.3549804688,26-30,1536,303,27_e
MBK21,2379891.3549804688,26-30,1483,427,28_d
MBK21,2401291.3549804688,26-30,1335,563,29_a
MBK21,2421843.3549804688,26-30,1336,697,30_a
MBK21,2460595.3549804688,31-33,724,272,31_b
MBK21,2461979.3549804688,31-33,721,271,31_b
MBK21,2464523.3549804688,31-33,965,535,32_c
MBK21,2467299.3549804688,31-33,724,800,33_b
MBK21,2468363.3549804688,31-33,1524,937,continue
MBK21,2472003.3549804688,34-36,1209,274,34_d
MBK21,2482987.3549804688,34-36,726,535,35_b
MBK21,2486939.3549804688,34-36,482,804,36_a
MBK21,2488787.3549804688,34-36,1529,939,continue
MBK21,2498283.3549804688,37-39,1435,271,37_e
MBK21,2499603.3549804688,37-39,1440,270,37_e
MBK21,2507955.3549804688,37-39,1199,536,38_d
MBK21,2520603.3549804688,37-39,964,800,39_c
MBK21,2522203.3549804688,37-39,1511,933,continue
MBK21,2538243.35546875,40-42,1434,272,40_e
MBK21,2564795.3549804688,40-42,722,535,41_b
MBK21,2581867.3549804688,40-42,964,804,42_c
MBK21,2583459.3549804688,40-42,1525,930,continue
MBK21,2594835.35546875,43-45,1203,275,43_d
MBK21,2615043.3549804688,43-45,1435,524,44_e
MBK21,2738179.3549804688,46-48,1196,238,46_d
MBK21,2752107.3549804688,46-48,1442,499,47_e
MBK21,2766795.3549804688,46-48,1192,769,48_d
MBK21,2768515.3549804688,46-48,1526,922,continue
MBK21,2785003.3549804688,49-51,725,237,49_b
MBK21,2817795.3549804688,49-51,964,502,50_c
MBK21,2829419.3549804688,49-51,487,765,51_a
MBK21,2830907.3549804688,49-51,1511,923,continue
MBK21,2846227.3549804688,52-54,957,233,52_c
MBK21,2856891.3549804688,52-54,480,500,53_a
MBK21,2866627.3549804688,52-54,960,767,54_c
MBK21,2868851.3549804688,52-54,1525,925,continue
MBK21,2878442.3549804688,55-56,720,504,56_b
MBK21,2890170.35546875,55-56,487,232,55_a
MDS29,1916304.70703125,1-3,1195,243,1_d
MDS29,1919296.70703125,1-3,718,469,2_b
MDS29,1923048.70703125,1-3,1443,693,3_e
MDS29,1924480.70703125,1-3,1527,831,continue
MDS29,1927336.70703125,4-6,456,216,4_a
MDS29,1936832.70703125,4-6,1195,452,5_d
MDS29,1954064.70703125,4-6,709,678,6_b
MDS29,1955320.70703125,4-6,1541,825,continue
MDS29,1962935.7065429688,7-9,967,221,7_c
MDS29,1971703.70703125,7-9,960,452,8_c
MDS29,1983183.70703125,7-9,963,693,9_c
MDS29,1984367.70703125,7-9,1524,829,continue
MDS29,1993920.7075195312,10-12,1437,217,10_e
MDS29,2013592.70703125,10-12,481,684,12_a
MDS29,2044376.70703125,10-12,721,452,11_b
MDS29,2045368.70703125,10-12,1547,827,continue
MDS29,2069904.70703125,13-15,952,223,13_c
MDS29,2102496.70703125,13-15,1201,450,14_d
MDS29,2109456.70703125,13-15,961,681,15_c
MDS29,2179911.70703125,16-20,1482,164,16_d
MDS29,2183111.70703125,16-20,1335,298,17_a
MDS29,2186295.70703125,16-20,1388,431,18_b
MDS29,2192023.70703125,16-20,1541,707,20_e
MDS29,2196751.7065429688,16-20,1339,561,19_a
MDS29,2210007.7065429688,16-20,1519,853,continue
MDS29,2226679.70703125,21-25,1534,294,22_e
MDS29,2244487.7065429688,21-25,1388,294,22_b
MDS29,2267607.70703125,21-25,1337,570,24_a
MDS29,2275783.7065429688,21-25,1484,695,25_d
MDS29,2283559.7065429688,21-25,1339,428,23_a
MDS29,2284847.70703125,21-25,1528,858,continue
MDS29,2311175.70703125,26-30,1320,708,30_a
MDS29,2327271.7065429688,26-30,1491,432,28_d
MDS29,2345767.70703125,26-30,1486,291,27_d
MDS29,2353151.7065429688,26-30,1438,158,26_c
MDS29,2358055.70703125,26-30,399,862,back
MDS29,2374014.70703125,21-25,1348,163,21_a
MDS29,2412126.70703125,21-25,1506,860,continue
MDS29,2414718.70703125,26-30,1482,562,29_d
MDS29,2440110.70703125,31-33,486,275,31_a
MDS29,2442230.7065429688,31-33,960,539,32_c
MDS29,2444422.70703125,31-33,719,803,33_b
MDS29,2445806.70703125,31-33,1552,935,continue
MDS29,2449046.7065429688,34-36,1216,270,34_d
MDS29,2453278.70703125,34-36,1445,534,35_e
MDS29,2458302.70703125,34-36,484,798,36_a
MDS29,2459694.70703125,34-36,1522,936,continue
MDS29,2463902.70703125,37-39,1432,277,37_e
MDS29,2467934.7065429688,37-39,1217,542,38_d
MDS29,2478158.7065429688,37-39,1200,808,39_d
MDS29,2479142.70703125,37-39,1522,937,continue
MDS29,2499350.70703125,40-42,967,259,40_c
MDS29,2516342.7065429688,40-42,698,262,40_b
MDS29,2525542.70703125,40-42,1196,266,40_d
MDS29,2540957.70703125,40-42,1201,543,41_d
MDS29,2556357.70703125,40-42,936,808,42_c
MDS29,2558061.70703125,40-42,1553,923,continue
MDS29,2573829.70703125,43-45,1205,270,43_d
MDS29,2586357.70703125,43-45,1436,524,44_e
MDS29,2606389.70703125,43-45,971,781,45_c
MDS29,2689534.70703125,46-48,1208,238,46_d
MDS29,2697694.70703125,46-48,723,493,47_b
MDS29,2705454.7065429688,46-48,1203,759,48_d
MDS29,2706662.70703125,46-48,1525,921,continue
MDS29,2714701.70703125,49-51,723,238,49_b
MDS29,2724309.70703125,49-51,990,519,50_c
MDS29,2738957.70703125,49-51,479,770,51_a
MDS29,2740021.70703125,49-51,1513,920,continue
MDS29,2749941.70703125,52-54,721,224,52_b
MDS29,2771085.70703125,52-54,1441,764,54_e
MDS29,2790485.70703125,52-54,968,499,53_c
MDS29,2792149.70703125,52-54,1526,930,continue
MDS29,2807165.70703125,55-56,479,244,55_a
MDS29,2813501.70703125,55-56,721,506,56_b
MDS29,2829077.70703125,55-56,1447,503,56_e
MFG09,1755334.1557617188,1-3,1209,283,1_d
MFG09,1758310.1557617188,1-3,718,497,2_b
MFG09,1761046.1557617188,1-3,1446,740,3_e
MFG09,1761630.1557617188,1-3,1520,838,continue
MFG09,1764350.1557617188,4-6,482,267,4_a
MFG09,1767582.1557617188,4-6,1451,475,5_e
MFG09,1773534.1557617188,4-6,715,728,6_b
MFG09,1774742.1557617188,4-6,1534,818,continue
MFG09,1780405.1557617188,7-9,965,266,7_c
MFG09,1785357.1557617188,7-9,968,497,8_c
MFG09,1791933.1557617188,7-9,1195,735,9_d
MFG09,1793165.1557617188,7-9,1527,819,continue
MFG09,1799294.1557617188,10-12,1205,269,10_d
MFG09,1810846.1557617188,10-12,738,517,11_b
MFG09,1821966.1557617188,10-12,1449,742,12_e
MFG09,1823430.1557617188,10-12,1523,821,continue
MFG09,1842157.1557617188,13-15,952,281,13_c
MFG09,1852941.1557617188,13-15,1197,502,14_d
MFG09,1889597.15625,13-15,1443,737,15_e
MFG09,2022989.1557617188,16-20,767,200,not on any aoi
MFG09,2024285.1557617188,16-20,1481,163,16_d
MFG09,2030965.15625,16-20,1334,295,17_a
MFG09,2034349.1557617188,16-20,1386,430,18_b
MFG09,2039277.1557617188,16-20,1332,567,19_a
MFG09,2049837.1557617188,16-20,1538,698,20_e
MFG09,2051221.1557617188,16-20,1519,845,continue
MFG09,2059332.1557617188,21-25,1448,156,21_c
MFG09,2070684.1557617188,21-25,1388,290,22_b
MFG09,2078540.1557617188,21-25,1336,428,23_a
MFG09,2093356.1557617188,21-25,1438,566,24_c
MFG09,2103516.1557617188,21-25,1538,703,25_e
MFG09,2105932.15625,21-25,1555,850,continue
MFG09,2127245.1557617188,26-30,1443,156,26_c
MFG09,2133917.1557617188,26-30,1537,293,27_e
MFG09,2149612.1557617188,26-30,1493,431,28_d
MFG09,2171452.15625,26-30,1482,566,29_d
MFG09,2190620.1557617188,26-30,1335,700,30_a
MFG09,2220100.1557617188,26-30,1435,692,30_c
MFG09,2295380.15625,31-33,733,302,31_b
MFG09,2297508.1557617188,31-33,968,567,32_c
MFG09,2299221.1557617188,31-33,704,837,33_b
MFG09,2299836.1557617188,31-33,713,839,33_b
MFG09,2301212.1557617188,31-33,1533,934,continue
MFG09,2303675.1557617188,34-36,1210,308,34_d
MFG09,2306315.155273437,34-36,1438,593,35_e
MFG09,2310667.1557617188,34-36,481,842,36_a
MFG09,2311995.1557617188,34-36,1549,926,continue
MFG09,2315452.15625,37-39,961,316,37_c
MFG09,2317732.1557617188,37-39,1449,307,37_e
MFG09,2322452.15625,37-39,1203,568,38_d
MFG09,2327156.15625,37-39,962,844,39_c
MFG09,2333660.1557617188,37-39,1534,933,continue
MFG09,2341643.1557617188,40-42,1192,302,40_d
MFG09,2359235.1557617188,40-42,724,569,41_b
MFG09,2365323.1557617188,40-42,488,556,41_a
MFG09,2398867.1557617188,40-42,960,828,42_c
MFG09,2402291.1557617188,40-42,1546,919,continue
MFG09,2407811.1557617188,43-45,1215,291,43_d
MFG09,2419395.1557617188,43-45,1437,553,44_e
MFG09,2436275.1557617188,43-45,482,813,45_a
MFG09,2525691.1557617188,46-48,1210,304,46_d
MFG09,2537571.1557617188,46-48,717,560,47_b
MFG09,2546331.1557617188,46-48,1223,810,48_d
MFG09,2550187.1557617188,46-48,1557,934,continue
MFG09,2554723.155273437,49-51,716,292,49_b
MFG09,2567067.1557617188,49-51,937,554,50_c
MFG09,2583491.1557617188,49-51,462,823,51_a
MFG09,2584763.1557617188,49-51,1529,923,continue
MFG09,2609395.1557617188,52-54,1242,303,52_d
MFG09,2634563.1557617188,52-54,1443,560,53_e
MFG09,2663331.1557617188,52-54,492,833,54_a
MFG09,2664619.1557617188,52-54,1514,919,continue
MFG09,2692466.1557617188,55-56,490,297,55_a
MFK11,1834970.5732421875,1-3,1205,238,1_d
MFK11,1837661.5732421875,1-3,713,467,2_b
MFK11,1843335.5732421875,1-3,1443,697,3_e
MFK11,1844711.5732421875,1-3,1539,838,continue
MFK11,1848326.5732421875,4-6,482,225,4_a
MFK11,1857704.5727539062,4-6,1441,446,5_e
MFK11,1864539.5732421875,4-6,719,685,6_b
MFK11,1868675.5732421875,4-6,1534,817,continue
MFK11,1873883.5732421875,7-9,959,223,7_c
MFK11,1883145.5727539062,7-9,966,457,8_c
MFK11,1893486.5737304688,7-9,1202,681,9_d
MFK11,1895535.5732421875,7-9,1515,825,continue
MFK11,1908607.5732421875,10-12,483,216,10_a
MFK11,1924224.5732421875,10-12,720,449,11_b
MFK11,1945995.5732421875,10-12,479,684,12_a
MFK11,1952480.5727539062,10-12,1526,821,continue
MFK11,1971726.5732421875,13-15,959,223,13_c
MFK11,1995979.5732421875,13-15,1202,449,14_d
MFK11,2019461.5732421875,13-15,1440,684,15_e
MFK11,2027522.5732421875,13-15,391,824,back
MFK11,2035560.5732421875,10-12,1524,829,continue
MFK11,2100840.5732421875,16-20,1485,161,16_d
MFK11,2108956.5732421875,16-20,1334,304,17_a
MFK11,2113631.5732421875,16-20,1384,431,18_b
MFK11,2118634.5732421875,16-20,1334,563,19_a
MFK11,2137029.5732421875,16-20,1536,692,20_e
MFK11,2138886.5732421875,16-20,1531,844,continue
MFK11,2147631.5732421875,21-25,1434,156,21_c
MFK11,2153408.5727539062,21-25,1383,293,22_b
MFK11,2177507.5732421875,21-25,1388,428,23_b
MFK11,2215877.5732421875,21-25,1335,560,24_a
MFK11,2227495.5732421875,21-25,1432,561,24_c
MFK11,2288353.5732421875,21-25,1331,695,25_a
MFK11,2301672.5732421875,21-25,1533,698,25_e
MFK11,2303759.5732421875,21-25,1496,857,continue
MFK11,2312921.5727539062,26-30,1432,163,26_c
MFK11,2324708.5732421875,26-30,1433,292,27_c
MFK11,2374394.5732421875,31-33,719,270,31_b
MFK11,2377620.5732421875,31-33,964,538,32_c
MFK11,2380321.5732421875,31-33,710,801,33_b
MFK11,2384054.5732421875,31-33,1514,931,continue
MFK11,2390599.5732421875,34-36,1202,271,34_d
MFK11,2395305.5732421875,34-36,718,535,35_b
MFK11,2402743.5732421875,34-36,480,797,36_a
MFK11,2404900.5732421875,34-36,1541,938,continue
MFK11,2412447.5732421875,37-39,1439,267,37_e
MFK11,2417902.5732421875,37-39,1204,538,38_d
MFK11,2435797.5732421875,37-39,966,795,39_c
MFK11,2438516.5732421875,37-39,1511,930,continue
MFK11,2450547.5732421875,40-42,482,267,40_a
MFK11,2482758.5732421875,40-42,481,533,41_a
MFK11,2532712.5732421875,40-42,962,804,42_c
MFK11,2536821.5737304688,40-42,1532,912,continue
MFK11,2614874.5737304688,46-48,1200,240,46_d
MFK11,2629969.5732421875,46-48,719,504,47_b
MFK11,2661504.5732421875,46-48,1206,765,48_d
MFK11,2675480.5727539062,46-48,715,763,48_b
MFK11,2678991.5732421875,46-48,1531,927,continue
MFK11,2706383.5732421875,49-51,722,234,49_b
MFK11,2717233.5732421875,49-51,962,502,50_c
MFK11,2737781.5737304688,49-51,482,765,51_a
MFK11,2749706.5732421875,49-51,1516,935,continue
MFK11,2766992.5732421875,52-54,1200,231,52_d
MHM07,1966416.08984375,1-3,1177,293,1_d
MHM07,1970688.08984375,1-3,719,516,2_b
MHM07,1974664.0893554688,1-3,1444,740,3_e
MHM07,1976392.08984375,1-3,1525,842,continue
MHM07,1979744.08984375,4-6,479,225,4_a
MHM07,1986312.08984375,4-6,1438,457,5_e
MHM07,1991136.08984375,4-6,716,687,6_b
MHM07,1992544.08984375,4-6,1529,825,continue
MHM07,1997625.08984375,7-9,962,223,7_c
MHM07,2007113.08984375,7-9,958,451,8_c
MHM07,2018505.0903320312,7-9,473,688,9_a
MHM07,2019841.08984375,7-9,1528,823,continue
MHM07,2027912.08984375,10-12,1198,225,10_d
MHM07,2029464.08984375,10-12,494,232,10_a
MHM07,2035656.08984375,10-12,710,453,11_b
MHM07,2045968.08984375,10-12,957,684,12_c
MHM07,2047816.08984375,10-12,1541,820,continue
MHM07,2063400.08984375,13-15,724,227,13_b
MHM07,2068664.0893554688,13-15,482,483,14_a
MHM07,2074272.08984375,13-15,1205,477,14_d
MHM07,2076696.08984375,13-15,1444,460,14_e
MHM07,2092112.08984375,13-15,1195,697,15_d
MHM07,2093624.08984375,13-15,1484,697,15_e
MHM07,2127688.08984375,13-15,962,267,13_c
MHM07,2134688.08984375,13-15,383,820,back
MHM07,2158560.08984375,10-12,495,733,12_a
MHM07,2161312.08984375,10-12,406,824,back
MHM07,2183984.08984375,7-9,1198,722,9_d
MHM07,2219880.08984375,16-20,1486,160,16_d
MHM07,2224960.0893554688,16-20,1337,307,17_a
MHM07,2231696.08984375,16-20,1386,433,18_b
MHM07,2245864.08984375,16-20,1333,567,19_a
MHM07,2255104.08984375,16-20,1537,697,20_e
MHM07,2255880.08984375,16-20,1531,860,continue
MHM07,2275695.08984375,21-25,1438,160,21_c
MHM07,2284559.08984375,21-25,1384,297,22_b
MHM07,2304495.08984375,21-25,1389,432,23_b
MHM07,2319487.08984375,21-25,1490,565,24_d
MHM07,2330231.08984375,21-25,1433,704,25_c
MHM07,2331359.08984375,21-25,1524,852,continue
MHM07,2337367.08984375,26-30,1485,157,26_d
MHM07,2347391.08984375,26-30,1491,298,27_d
MHM07,2371759.08984375,26-30,1535,429,28_e
MHM07,2404903.08984375,26-30,1483,568,29_d
MHM07,2430423.08984375,26-30,1429,703,30_c
MHM07,2443207.08984375,26-30,240,836,not on any aoi
MHM07,2443967.08984375,26-30,247,807,not on any aoi
MHM07,2444831.08984375,26-30,370,854,back
MHM07,2494102.08984375,31-33,736,305,31_b
MHM07,2495950.08984375,31-33,485,562,32_a
MHM07,2498334.0903320312,31-33,725,815,33_b
MHM07,2499470.08984375,31-33,1509,940,continue
MHM07,2502270.08984375,34-36,1232,274,34_d
MHM07,2510158.08984375,34-36,716,548,35_b
MHM07,2512646.08984375,34-36,481,814,36_a
MHM07,2517318.08984375,34-36,1544,931,continue
MHM07,2524479.08984375,37-39,1485,315,37_e
MHM07,2529951.08984375,37-39,457,544,38_a
MHM07,2541767.08984375,37-39,476,822,39_a
MHM07,2543455.08984375,37-39,721,833,39_b
MHM07,2555831.08984375,37-39,958,821,39_c
MHM07,2557391.08984375,37-39,1537,930,continue
MHM07,2566542.08984375,40-42,961,309,40_c
MHM07,2577302.08984375,40-42,716,568,41_b
MHM07,2590110.0903320312,40-42,1218,827,42_d
MHM07,2594766.08984375,40-42,486,820,42_a
MHM07,2600982.08984375,40-42,1527,917,continue
MHM07,2616622.08984375,43-45,1198,299,43_d
MHM07,2644350.08984375,43-45,1201,553,44_d
MHM07,2775589.08984375,46-48,1206,250,46_d
MHM07,2791005.08984375,46-48,1183,569,47_d
MHM07,2799597.08984375,46-48,1203,803,48_d
MHM07,2808261.08984375,46-48,1538,921,continue
MHM07,2824437.08984375,49-51,719,286,49_b
MHM07,2835477.08984375,49-51,962,558,50_c
MHM07,2847013.0893554688,49-51,471,813,51_a
MHM07,2850493.0893554688,49-51,1537,927,continue
MHM07,2864725.08984375,52-54,710,301,52_b
MHM07,2894749.08984375,52-54,966,554,53_c
MHM07,2903381.0893554688,52-54,492,824,54_a
MHM07,2904749.08984375,52-54,1543,934,continue
MHM07,2921981.08984375,55-56,960,281,55_c
MHM07,2935133.08984375,55-56,698,562,56_b
MHM07,2936893.08984375,55-56,409,654,back
MHM07,2939564.08984375,52-54,1525,931,continue
MHS14,1786085.3618164062,1-3,1205,268,1_d
MHS14,1791901.3618164062,1-3,748,499,2_b
MHS14,1795413.3618164062,1-3,1442,724,3_e
MHS14,1796901.3618164062,1-3,1527,848,continue
MHS14,1800733.361328125,4-6,493,275,4_a
MHS14,1811381.3618164062,4-6,1458,500,5_e
MHS14,1817604.3618164062,4-6,729,698,6_b
MHS14,1819509.361328125,4-6,1537,823,continue
MHS14,1824093.3618164062,7-9,954,264,7_c
MHS14,1831117.3618164062,7-9,977,494,8_c
MHS14,1846173.3618164062,7-9,1209,737,9_d
MHS14,1853717.3618164062,7-9,1535,816,continue
MHS14,1862629.3618164062,10-12,478,273,10_a
MHS14,1877781.3618164062,10-12,727,510,11_b
MHS14,1894933.3618164062,10-12,485,735,12_a
MHS14,1899461.3618164062,10-12,1531,822,continue
MHS14,1913092.3618164062,13-15,486,279,13_a
MHS14,1941564.3618164062,13-15,941,259,13_c
MHS14,1976996.3618164062,13-15,1194,505,14_d
MHS14,2010308.3618164062,13-15,1444,737,15_e
MHS14,2053700.3618164062,16-20,1492,156,16_d
MHS14,2067180.3618164062,16-20,1349,312,17_a
MHS14,2072580.3618164062,16-20,1386,444,18_b
MHS14,2083084.3618164062,16-20,1336,581,19_a
MHS14,2089236.3618164062,16-20,1533,706,20_e
MHS14,2091756.3618164062,16-20,1511,857,continue
MHS14,2112924.3618164062,21-25,671,209,not on any aoi
MHS14,2114028.3618164062,21-25,1437,195,21_c
MHS14,2124915.3618164062,21-25,1552,309,22_e
MHS14,2130891.3618164062,21-25,1346,450,23_a
MHS14,2148747.3618164062,21-25,1438,548,24_c
MHS14,2169635.3618164062,21-25,1534,701,25_e
MHS14,2176523.3618164062,21-25,1500,850,continue
MHS14,2182596.3618164062,26-30,1496,185,26_d
MHS14,2202436.3618164062,26-30,1533,304,27_e
MHS14,2208716.3618164062,26-30,1493,437,28_d
MHS14,2220092.3618164062,26-30,1492,571,29_d
MHS14,2253580.3618164062,26-30,1496,703,30_d
MHS14,2275580.3618164062,26-30,408,856,back
MHS14,2277115.3618164062,21-25,1538,856,continue
MHS14,2318563.3618164062,31-33,674,292,31_b
MHS14,2322067.3618164062,31-33,918,542,32_c
MHS14,2325947.3618164062,31-33,708,816,33_b
MHS14,2327459.3618164062,31-33,1550,933,continue
MHS14,2331659.3618164062,34-36,1219,304,34_d
MHS14,2336299.3618164062,34-36,1461,589,35_e
MHS14,2338683.3618164062,34-36,725,579,35_b
MHS14,2344211.3618164062,34-36,506,823,36_a
MHS14,2346219.3623046875,34-36,1500,921,continue
MHS14,2346819.3618164062,34-36,1525,931,continue
MHS14,2352635.3618164062,37-39,1443,307,37_e
MHS14,2358363.3618164062,37-39,1224,564,38_d
MHS14,2369675.3618164062,37-39,961,853,39_c
MHS14,2382579.3618164062,37-39,1558,933,continue
MHS14,2394995.3623046875,40-42,1197,311,40_d
MHS14,2400043.3618164062,40-42,472,292,40_a
MHS14,2460531.3618164062,40-42,1016,554,41_c
MHS14,2631722.3618164062,46-48,1220,301,46_d
MHS14,2646202.3618164062,46-48,747,510,47_b
MHS14,2647554.3618164062,46-48,747,510,47_b
MHS14,2659770.3618164062,46-48,1457,558,47_e
MHS14,2675314.3618164062,46-48,1240,833,48_d
MHS14,2679754.3618164062,46-48,1554,935,continue
MHS14,2686609.3618164062,49-51,972,286,49_c
MHS14,2690481.3618164062,49-51,706,297,49_b
MHS14,2715433.3618164062,49-51,1210,586,50_d
MHS14,2734033.3618164062,49-51,481,818,51_a
MHS14,2745281.3618164062,49-51,1541,930,continue
MHS14,2766937.361328125,52-54,1194,282,52_d
MHS14,2786473.3618164062,52-54,516,553,53_a
MJH01,3087540.5717773438,1-3,1199,237,1_d
MJH01,3091316.5717773438,1-3,716,464,2_b
MJH01,3095716.5717773438,1-3,1439,694,3_e
MJH01,3096492.5717773438,1-3,1546,832,continue
MJH01,3099019.5717773438,4-6,479,219,4_a
MJH01,3108619.5717773438,4-6,1438,451,5_e
MJH01,3114195.5717773438,4-6,719,679,6_b
MJH01,3115851.572265625,4-6,1530,827,continue
MJH01,3120643.5717773438,7-9,961,228,7_c
MJH01,3129036.572265625,7-9,961,452,8_c
MJH01,3156371.572265625,7-9,1196,681,9_d
MJH01,3157419.5717773438,7-9,1518,813,continue
MJH01,3158251.5717773438,7-9,1520,824,continue
MJH01,3169003.572265625,10-12,478,225,10_a
MJH01,3181979.5717773438,10-12,717,448,11_b
MJH01,3191835.5717773438,10-12,482,681,12_a
MJH01,3192954.5717773438,10-12,1527,829,continue
MJH01,3214643.5717773438,13-15,480,222,13_a
MJH01,3234003.572265625,13-15,1197,455,14_d
MJH01,3274474.5717773438,13-15,723,684,15_b
MJH01,3284730.5717773438,13-15,536,820,not on any aoi
MJH01,3285314.5717773438,13-15,414,817,back
MJH01,3294434.5717773438,10-12,1536,828,continue
MJH01,3343386.5712890625,16-20,1487,165,16_d
MJH01,3349242.5717773438,16-20,1332,294,17_a
MJH01,3352626.5717773438,16-20,1381,433,18_b
MJH01,3360642.5717773438,16-20,1337,562,19_a
MJH01,3376554.5717773438,16-20,1537,702,20_e
MJH01,3377354.5717773438,16-20,1532,847,continue
MJH01,3406914.5717773438,21-25,1440,162,21_c
MJH01,3413281.5717773438,21-25,1389,295,22_b
MJH01,3421481.5717773438,21-25,1325,435,23_a
MJH01,3435217.5717773438,21-25,1435,560,24_c
MJH01,3481129.5717773438,21-25,1488,702,25_d
MJH01,3481977.5717773438,21-25,1556,847,continue
MJH01,3521465.5717773438,26-30,1435,161,26_c
MJH01,3533177.5717773438,26-30,1486,426,28_d
MJH01,3552481.5717773438,26-30,1484,566,29_d
MJH01,3614904.5717773438,31-33,720,267,31_b
MJH01,3617976.5717773438,31-33,958,531,32_c
MJH01,3619560.5717773438,31-33,721,805,33_b
MJH01,3620960.5717773438,31-33,1555,936,continue
MJH01,3624505.5717773438,34-36,1199,269,34_d
MJH01,3632481.5717773438,34-36,1201,533,35_d
MJH01,3637649.5717773438,34-36,486,799,36_a
MJH01,3638921.5717773438,34-36,1534,936,continue
MJH01,3645641.5717773438,37-39,1442,272,37_e
MJH01,3649745.5717773438,37-39,1196,537,38_d
MJH01,3672209.5717773438,37-39,958,800,39_c
MJH01,3673185.5717773438,37-39,1532,935,continue
MJH01,3685585.5717773438,40-42,480,271,40_a
MJH01,3721184.5717773438,40-42,718,533,41_b
MJH01,3738824.5717773438,40-42,960,799,42_c
MJH01,3739600.5717773438,40-42,1507,922,continue
MJH01,3764479.571289063,43-45,1200,267,43_d
MJH01,3785415.5717773438,43-45,1439,521,44_e
MJH01,3879135.5717773438,46-48,1198,243,46_d
MJH01,3890959.571289063,46-48,715,503,47_b
MJH01,3911751.5717773438,46-48,1200,768,48_d
MJH01,3912623.571289063,46-48,1534,933,continue
MJH01,3921023.5717773438,49-51,718,240,49_b
MJH01,3932151.5717773438,49-51,964,500,50_c
MJH01,3944119.5717773438,49-51,490,757,51_a
MJH01,3945519.5717773438,49-51,1535,923,continue
MJH01,3957311.5717773438,52-54,716,236,52_b
MJH01,3973855.5717773438,52-54,483,503,53_a
MJH01,3985527.5717773438,52-54,478,764,54_a
MJH01,3986879.571289063,52-54,1517,928,continue
MJH01,4032103.571289063,55-56,1440,498,56_e
MJH01,4048415.5717773438,55-56,482,235,55_a
MLV10,20983996.590820312,1-3,1203,237,1_d
MLV10,20987116.590820312,1-3,724,465,2_b
MLV10,20990668.590820312,1-3,1438,697,3_e
MLV10,20991252.59033203,1-3,1544,836,continue
MLV10,20994301.590820312,4-6,478,218,4_a
MLV10,20997541.59033203,4-6,1443,452,5_e
MLV10,21002645.590820312,4-6,723,682,6_b
MLV10,21003885.590820312,4-6,1544,840,continue
MLV10,21004325.59033203,4-6,1543,837,continue
MLV10,21011164.590820312,7-9,1445,227,7_e
MLV10,21014996.590820312,7-9,964,450,8_c
MLV10,21026076.590820312,7-9,1198,669,9_d
MLV10,21026452.590820312,7-9,1204,683,9_d
MLV10,21027828.590820312,7-9,1537,820,continue
MLV10,21038149.590820312,10-12,721,226,10_b
MLV10,21054621.59033203,10-12,1197,447,11_d
MLV10,21062933.590820312,10-12,483,679,12_a
MLV10,21064405.590820312,10-12,1529,827,continue
MLV10,21077557.590820312,13-15,482,226,13_a
MLV10,21087661.590820312,13-15,1443,454,14_e
MLV10,21100765.59033203,13-15,961,678,15_c
MLV10,21146076.590820312,13-15,1441,676,15_e
MLV10,21193228.590820312,13-15,1201,457,14_d
MLV10,21239636.590820312,16-20,1483,160,16_d
MLV10,21242924.590820312,16-20,1333,295,17_a
MLV10,21245276.590820312,16-20,1383,427,18_b
MLV10,21253372.590820312,16-20,1337,566,19_a
MLV10,21265436.59033203,16-20,1386,695,20_b
MLV10,21266764.590820312,16-20,1555,855,continue
MLV10,21275924.590820312,21-25,1432,165,21_c
MLV10,21286044.590820312,21-25,1387,294,22_b
MLV10,21294996.590820312,21-25,1337,437,23_a
MLV10,21312300.590820312,21-25,1445,564,24_c
MLV10,21334812.590820312,21-25,1339,697,25_a
MLV10,21335636.590820312,21-25,1518,856,continue
MLV10,21347988.590820312,26-30,1430,159,26_c
MLV10,21358996.590820312,26-30,1533,292,27_e
MLV10,21369628.590820312,26-30,1483,428,28_d
MLV10,21399396.590820312,26-30,1432,701,30_c
MLV10,21418924.590820312,26-30,1529,564,29_e
MLV10,21473748.590820312,26-30,1484,567,29_d
MLV10,21514836.590820312,31-33,718,273,31_b
MLV10,21517820.590820312,31-33,958,532,32_c
MLV10,21520172.590820312,31-33,717,800,33_b
MLV10,21521836.590820312,31-33,1559,930,continue
MLV10,21526651.590820312,34-36,1205,276,34_d
MLV10,21532907.590820312,34-36,718,535,35_b
MLV10,21536963.590820312,34-36,486,799,36_a
MLV10,21538115.590820312,34-36,1559,938,continue
MLV10,21542923.590820312,37-39,1433,268,37_e
MLV10,21548803.590820312,37-39,1195,536,38_d
MLV10,21552507.590820312,37-39,967,797,39_c
MLV10,21554995.590820312,37-39,1531,931,continue
MLV10,21569651.590820312,40-42,720,272,40_b
MLV10,21575459.590820312,40-42,718,268,40_b
MLV10,21588299.590820312,40-42,482,270,40_a
MLV10,21605211.590820312,40-42,718,534,41_b
MLV10,21628163.590820312,40-42,959,799,42_c
MLV10,21631011.590820312,40-42,1555,924,continue
MLV10,21668323.590820312,43-45,1213,270,43_d
MLV10,21680691.590820312,43-45,1438,516,44_e
MLV10,21691067.590820312,43-45,720,779,45_b
MLV10,21763803.590820312,46-48,1197,239,46_d
MLV10,21775682.590820312,46-48,722,499,47_b
MLV10,21781210.590820312,46-48,1194,765,48_d
MLV10,21782794.590820312,46-48,1205,762,48_d
MLV10,21783618.590820312,46-48,1559,924,continue
MLV10,21792635.590820312,49-51,713,233,49_b
MLV10,21819483.590820312,49-51,955,488,50_c
MLV10,21835723.590820312,49-51,478,757,51_a
MLV10,21836595.590820312,49-51,1538,925,continue
MLV10,21848491.590820312,52-54,723,235,52_b
MLV10,21864851.590820312,52-54,474,496,53_a
MLV10,21877842.590820312,52-54,477,765,54_a
MLV10,21879107.590820312,52-54,1539,936,continue
MLV10,21926971.590820312,55-56,966,238,55_c
MMK30,1843406.5209960938,1-3,1206,240,1_d
MMK30,1847158.5209960938,1-3,725,467,2_b
MMK30,1850326.5209960938,1-3,1443,697,3_e
MMK30,1851142.5209960938,1-3,1545,835,continue
MMK30,1854629.521484375,4-6,477,220,4_a
MMK30,1861397.5209960938,4-6,1440,451,5_e
MMK30,1867381.5209960938,4-6,713,677,6_b
MMK30,1868557.521484375,4-6,1528,831,continue
MMK30,1872902.5209960938,7-9,962,222,7_c
MMK30,1882942.5209960938,7-9,962,457,8_c
MMK30,1898517.5209960938,7-9,1200,682,9_d
MMK30,1899381.5209960938,7-9,1524,824,continue
MMK30,1908573.5209960938,10-12,480,226,10_a
MMK30,1916429.5209960938,10-12,722,453,11_b
MMK30,1944709.5209960938,10-12,481,680,12_a
MMK30,1945581.5209960938,10-12,1510,827,continue
MMK30,1982093.5209960938,13-15,962,225,13_c
MMK30,2004757.5209960938,13-15,1441,458,14_e
MMK30,2032013.5209960938,13-15,1434,683,15_e
MMK30,2038717.5209960938,13-15,388,825,back
MMK30,2040173.5209960938,10-12,388,824,back
MMK30,2040877.5209960938,7-9,388,824,back
MMK30,2041876.5209960938,4-6,388,824,back
MMK30,2048652.5209960938,1-3,1528,838,continue
MMK30,2057300.5209960938,4-6,1526,827,continue
MMK30,2067189.5209960938,7-9,1526,827,continue
MMK30,2071604.5205078125,10-12,1526,827,continue
MMK30,2102020.5209960938,16-20,1489,166,16_d
MMK30,2112060.5209960938,16-20,1338,298,17_a
MMK30,2114372.5209960938,16-20,1387,436,18_b
MMK30,2120060.5209960938,16-20,1331,562,19_a
MMK30,2130940.5205078125,16-20,1540,701,20_e
MMK30,2131804.5209960938,16-20,1548,852,continue
MMK30,2139188.5209960938,21-25,1437,165,21_c
MMK30,2143892.5209960938,21-25,1380,299,22_b
MMK30,2156028.5209960938,21-25,1336,434,23_a
MMK30,2192228.5209960938,21-25,1438,564,24_c
MMK30,2201388.5205078125,21-25,1544,706,25_e
MMK30,2203204.5209960938,21-25,1550,859,continue
MMK30,2213363.5209960938,26-30,1430,161,26_c
MMK30,2222587.5209960938,26-30,1491,296,27_d
MMK30,2230635.5209960938,26-30,1481,436,28_d
MMK30,2248155.5209960938,26-30,1484,563,29_d
MMK30,2270483.5209960938,26-30,1333,699,30_a
MMK30,2273603.5209960938,26-30,368,861,back
MMK30,2274563.5209960938,21-25,368,861,back
MMK30,2275163.5205078125,16-20,368,861,back
MMK30,2297939.5209960938,16-20,1555,852,continue
MMK30,2338211.5209960938,21-25,1542,858,continue
MMK30,2370131.5209960938,31-33,717,267,31_b
MMK30,2372915.5209960938,31-33,960,532,32_c
MMK30,2375379.5209960938,31-33,722,801,33_b
MMK30,2377379.5209960938,31-33,1521,932,continue
MMK30,2381731.5209960938,34-36,1199,273,34_d
MMK30,2395203.5205078125,34-36,718,540,35_b
MMK30,2400195.5209960938,34-36,476,796,36_a
MMK30,2401571.5205078125,34-36,1496,932,continue
MMK30,2407578.5209960938,37-39,1445,273,37_e
MMK30,2412978.5209960938,37-39,1199,539,38_d
MMK30,2433450.5209960938,37-39,961,799,39_c
MMK30,2434770.5209960938,37-39,1526,937,continue
MMK30,2458898.5209960938,40-42,718,270,40_b
MMK30,2469058.5209960938,40-42,1439,275,40_e
MMK30,2487674.5209960938,40-42,476,268,40_a
MMK30,2512290.5209960938,40-42,721,531,41_b
MMK30,2530018.5209960938,40-42,966,803,42_c
MMK30,2530858.5209960938,40-42,1555,920,continue
MMK30,2619865.5209960938,46-48,1196,235,46_d
MMK30,2636521.5209960938,46-48,1437,502,47_e
MMK30,2665433.5209960938,46-48,1196,767,48_d
MMK30,2666145.5209960938,46-48,1521,922,continue
MMK30,2682593.5209960938,49-51,719,237,49_b
MMK30,2711105.5209960938,49-51,487,507,50_a
MMK30,2721465.521484375,49-51,476,764,51_a
MMK30,2722881.5209960938,49-51,1513,926,continue
MMK30,2752097.5209960938,52-54,724,236,52_b
MMK30,2761961.5209960938,52-54,488,511,53_a
MMK30,2769233.5209960938,52-54,958,773,54_c
MMK30,2770425.521484375,52-54,1554,937,continue
MMK30,2778065.5209960938,55-56,478,239,55_a
MMK30,2784673.5209960938,55-56,481,498,56_a
MMR04,1885336.298828125,1-3,1200,237,1_d
MMR04,1889346.298828125,1-3,718,465,2_b
MMR04,1894001.298828125,1-3,1436,686,3_e
MMR04,1895324.2993164062,1-3,1535,837,continue
MMR04,1899514.298828125,4-6,480,223,4_a
MMR04,1920415.298828125,4-6,1195,449,5_d
MMR04,1932007.298828125,4-6,720,682,6_b
MMR04,1934763.298828125,4-6,1508,821,continue
MMR04,1941888.298828125,7-9,957,217,7_c
MMR04,1948712.298828125,7-9,960,443,8_c
MMR04,1965848.298828125,7-9,1116,681,9_c
MMR04,1969777.298828125,7-9,1526,828,continue
MMR04,1984863.298828125,10-12,721,225,10_b
MMR04,1998750.298828125,10-12,723,453,11_b
MMR04,2013585.298828125,10-12,482,677,12_a
MMR04,2015138.298828125,10-12,1528,822,continue
MMR04,2041857.2993164062,13-15,1434,222,13_e
MMR04,2057468.2993164062,13-15,1197,485,14_d
MMR04,2097558.298828125,13-15,1440,684,15_e
MMR04,2135749.298828125,16-20,1482,159,16_d
MMR04,2148303.298828125,16-20,1329,293,17_a
MMR04,2153212.2993164062,16-20,1384,432,18_b
MMR04,2167788.298828125,16-20,1334,563,19_a
MMR04,2178654.298828125,16-20,1481,703,20_d
MMR04,2180407.298828125,16-20,1524,853,continue
MMR04,2190803.298828125,21-25,1437,161,21_c
MMR04,2205305.2993164062,21-25,1386,298,22_b
MMR04,2215966.298828125,21-25,1337,431,23_a
MMR04,2225263.298828125,21-25,1333,562,24_a
MMR04,2255161.298828125,21-25,1534,698,25_e
MMR04,2262409.298828125,21-25,1515,847,continue
MMR04,2274679.298828125,26-30,1384,165,26_b
MMR04,2288946.298828125,26-30,1531,294,27_e
MMR04,2303420.298828125,26-30,1487,426,28_d
MMR04,2312356.298828125,26-30,1533,563,29_e
MMR04,2333908.298828125,26-30,1542,703,30_e
MMR04,2336672.298828125,26-30,798,667,not on any aoi
MMR04,2401099.298828125,31-33,716,273,31_b
MMR04,2403824.298828125,31-33,961,537,32_c
MMR04,2406499.298828125,31-33,720,804,33_b
MMR04,2408352.298339844,31-33,1501,941,continue
MMR04,2417338.298828125,34-36,1193,271,34_d
MMR04,2422598.298828125,34-36,718,537,35_b
MMR04,2427387.298828125,34-36,1433,534,35_e
MMR04,2433126.298828125,34-36,480,794,36_a
MMR04,2435631.298828125,34-36,1535,930,continue
MMR04,2442341.298828125,37-39,1442,273,37_e
MMR04,2451571.298828125,37-39,1199,528,38_d
MMR04,2473467.298828125,37-39,956,800,39_c
MMR04,2476201.298828125,37-39,1516,924,continue
MMR04,2498084.298828125,40-42,1200,269,40_d
MMR04,2515902.298828125,40-42,716,534,41_b
MMR04,2533717.298828125,40-42,1441,796,42_e
MMR04,2538414.298828125,40-42,1511,916,continue
MMR04,2551202.298828125,43-45,394,889,not on any aoi
MMR04,2555760.298339844,40-42,1497,926,continue
MMR04,2577152.298828125,43-45,1197,273,43_d
MMR04,2657235.298828125,46-48,822,244,not on any aoi
MMR04,2662604.298828125,46-48,1198,236,46_d
MMR04,2674504.298339844,46-48,716,494,47_b
MMR04,2689115.298339844,46-48,1199,764,48_d
MMR04,2690798.298828125,46-48,1525,933,continue
MMR04,2704210.298828125,49-51,721,234,49_b
MMR04,2725567.298828125,49-51,961,500,50_c
MMR04,2741868.298828125,49-51,482,753,51_a
MMR04,2746310.298828125,49-51,1511,924,continue
MMR04,2772924.298828125,52-54,1200,236,52_d
MMR04,2773925.298828125,52-54,734,486,53_b
MMR04,2778819.298339844,52-54,675,796,54_b
MMR04,2781074.298828125,52-54,474,501,53_a
MMR04,2789599.298828125,52-54,961,773,54_c
MMR04,2797399.298828125,52-54,1537,921,continue
MMR04,2822260.298828125,55-56,960,231,55_c
MMR23,10545407.048828123,1-3,1198,240,1_d
MMR23,10548951.048828123,1-3,721,467,2_b
MMR23,10552215.048339844,1-3,1441,693,3_e
MMR23,10554103.048828123,1-3,1536,841,continue
MMR23,10557119.048828123,4-6,481,220,4_a
MMR23,10562007.048828123,4-6,1443,446,5_e
MMR23,10565887.048828123,4-6,719,686,6_b
MMR23,10566783.048828123,4-6,1526,829,continue
MMR23,10571830.048828123,7-9,961,224,7_c
MMR23,10582974.048828123,7-9,964,452,8_c
MMR23,10589118.048828123,7-9,1200,685,9_d
MMR23,10590438.048828123,7-9,1528,827,continue
MMR23,10609862.048828123,10-12,484,223,10_a
MMR23,10629046.048828123,10-12,723,457,11_b
MMR23,10644382.048828123,10-12,480,680,12_a
MMR23,10645726.048828123,10-12,1538,828,continue
MMR23,10682246.048828123,13-15,960,231,13_c
MMR23,10711325.048828123,13-15,1201,455,14_d
MMR23,10745493.048828123,13-15,1437,681,15_e
MMR23,10803941.048828123,16-20,1486,162,16_d
MMR23,10809213.048828123,16-20,1339,291,17_a
MMR23,10811925.049316406,16-20,1385,430,18_b
MMR23,10821789.048828123,16-20,1335,560,19_a
MMR23,10836933.048828123,16-20,1540,699,20_e
MMR23,10838997.049316406,16-20,1542,852,continue
MMR23,10851726.048828123,21-25,1436,163,21_c
MMR23,10856686.048828123,21-25,1371,299,22_b
MMR23,10863942.048828123,21-25,1331,429,23_a
MMR23,10875830.048828123,21-25,1429,564,24_c
MMR23,10957125.048828123,21-25,1532,704,25_e
MMR23,10957805.048828123,21-25,1536,857,continue
MMR23,10968885.049316406,26-30,417,850,back
MMR23,10979821.048828123,21-25,1345,699,25_a
MMR23,10980733.048828123,21-25,1541,866,not on any aoi
MMR23,10981333.049316406,21-25,1539,852,continue
MMR23,10987525.048828123,26-30,1434,162,26_c
MMR23,11009629.049316406,26-30,1493,291,27_d
MMR23,11025757.048828123,26-30,1385,433,28_b
MMR23,11034181.048828123,26-30,1485,562,29_d
MMR23,11074829.048828123,31-33,720,276,31_b
MMR23,11077973.048828123,31-33,957,539,32_c
MMR23,11080165.048828123,31-33,725,796,33_b
MMR23,11081229.048828123,31-33,1524,932,continue
MMR23,11084061.048828123,34-36,1199,273,34_d
MMR23,11089685.048828123,34-36,720,535,35_b
MMR23,11094245.048828123,34-36,480,800,36_a
MMR23,11095277.048828123,34-36,1538,929,continue
MMR23,11100021.048828123,37-39,1441,271,37_e
MMR23,11104005.048828123,37-39,1200,544,38_d
MMR23,11116421.048828123,37-39,955,804,39_c
MMR23,11117477.048828123,37-39,1532,932,continue
MMR23,11127188.048828123,40-42,485,271,40_a
MMR23,11158500.048828123,40-42,475,535,41_a
MMR23,11175612.048828123,40-42,958,802,42_c
MMR23,11178364.048828123,40-42,1535,920,continue
MMR23,11190173.048828123,43-45,1200,278,43_d
MMR23,11201989.048828123,43-45,1442,525,44_e
MMR23,11247269.048828123,43-45,476,780,45_a
MMR23,11335364.048828125,46-48,1197,238,46_d
MMR23,11345548.048828125,46-48,720,495,47_b
MMR23,11385539.048828125,46-48,718,763,48_b
MMR23,11386547.048828125,46-48,1550,925,continue
MMR23,11400468.048828125,49-51,719,230,49_b
MMR23,11415444.048828125,49-51,959,499,50_c
MMR23,11429900.048339846,49-51,493,809,51_a
MMR23,11431172.048828125,49-51,1533,937,continue
MMR23,11445716.048339846,52-54,1194,236,52_d
MMR23,11470508.048828125,52-54,482,501,53_a
MMR23,11499220.048828125,52-54,1440,766,54_e
MMR23,11500108.048828125,52-54,1524,927,continue
MNC17,2130459.0390625,1-3,1198,247,1_d
MNC17,2133667.0390625,1-3,724,457,2_b
MNC17,2137915.0390625,1-3,1442,694,3_e
MNC17,2140683.0390625,1-3,1521,843,continue
MNC17,2156883.0390625,1-3,1532,833,continue
MNC17,2188651.0390625,4-6,1581,396,not on any aoi
MNC17,2192131.0390625,4-6,625,536,not on any aoi
MNC17,2203691.0390625,4-6,1759,1067,not on any aoi
MNC17,2205211.0390625,4-6,1767,509,not on any aoi
MNC17,2206155.0390625,4-6,1827,586,not on any aoi
MNC17,2207707.0390625,4-6,1767,539,not on any aoi
MNC17,2208251.0390625,4-6,1809,590,not on any aoi
MNC17,2212779.0390625,4-6,522,1054,not on any aoi
MNC17,2218459.0390625,4-6,479,236,4_a
MNC17,2234483.0390625,4-6,1442,456,5_e
MNC17,2254603.039550781,4-6,723,688,6_b
MNC17,2257603.039550781,4-6,1542,834,continue
MNC17,2269643.0390625,7-9,965,222,7_c
MNC17,2277523.0390625,7-9,956,450,8_c
MNC17,2294459.0390625,7-9,1200,678,9_d
MNC17,2301315.0390625,7-9,1527,825,continue
MNC17,2313515.0390625,10-12,480,221,10_a
MNC17,2329235.0390625,10-12,721,449,11_b
MNC17,2354803.0390625,10-12,1440,674,12_e
MNC17,2356035.0390625,10-12,1527,821,continue
MNC17,2408020.0390625,16-20,1484,159,16_d
MNC17,2415972.0390625,16-20,1340,297,17_a
MNC17,2421084.0390625,16-20,1392,428,18_b
MNC17,2431940.0390625,16-20,1330,560,19_a
MNC17,2438228.0390625,16-20,1538,694,20_e
MNC17,2439428.0390625,16-20,1548,860,continue
MNC17,2461483.0390625,21-25,1434,161,21_c
MNC17,2466707.0390625,21-25,1381,292,22_b
MNC17,2474675.039550781,21-25,1491,429,23_d
MNC17,2500163.0390625,21-25,1484,565,24_d
MNC17,2521043.0390625,21-25,1541,695,25_e
MNC17,2521667.0390625,21-25,1525,854,continue
MNC17,2537267.039550781,26-30,1433,164,26_c
MNC17,2552795.0390625,26-30,1338,292,27_a
MNC17,2563627.0390625,26-30,1482,425,28_d
MNC17,2582003.0390625,26-30,1384,562,29_b
MNC17,2591979.0390625,26-30,1386,705,30_b
MNC17,2594819.0390625,26-30,1388,699,30_b
MNC17,2640306.039550781,26-30,1535,296,27_e
MNC17,2690403.0390625,31-33,724,267,31_b
MNC17,2694618.0390625,31-33,956,535,32_c
MNC17,2698194.039550781,31-33,727,802,33_b
MNC17,2699610.0390625,31-33,1525,943,continue
MNC17,2703027.0390625,34-36,1202,273,34_d
MNC17,2711691.0390625,34-36,720,532,35_b
MNC17,2717835.0390625,34-36,484,798,36_a
MNC17,2719739.0390625,34-36,1533,932,continue
MNC17,2726883.0390625,37-39,1440,275,37_e
MNC17,2733275.0390625,37-39,1194,533,38_d
MNC17,2749875.0390625,37-39,963,802,39_c
MNC17,2751779.0390625,37-39,1532,938,continue
MNC17,2760346.039550781,40-42,487,272,40_a
MNC17,2792138.0390625,40-42,482,528,41_a
MNC17,2839370.0390625,40-42,1439,802,42_e
MNC17,2840034.0390625,40-42,1527,923,continue
MNC17,2865186.0390625,43-45,1204,266,43_d
MNC17,2967106.0390625,46-48,1194,237,46_d
MNC17,2984338.0390625,46-48,719,501,47_b
MNC17,2996721.0390625,46-48,1202,761,48_d
MNC17,2998986.0390625,46-48,1525,928,continue
MNC17,3008305.0390625,49-51,723,238,49_b
MNC17,3033553.0390625,49-51,961,494,50_c
MNC17,3046161.0390625,49-51,481,769,51_a
MNC17,3047337.0390625,49-51,1521,936,continue
MNC17,3074465.0390625,52-54,718,232,52_b
MNC17,3088969.0390625,52-54,487,500,53_a
MNC17,3127425.0390625,52-54,488,767,54_a
MNC17,3128753.0390625,52-54,1548,930,continue
MPS22,3048248.5927734375,1-3,1218,226,1_d
MPS22,3050464.5927734375,1-3,730,495,2_b
MPS22,3053312.5927734375,1-3,1448,693,3_e
MPS22,3054576.5927734375,1-3,1525,844,continue
MPS22,3056448.5927734375,4-6,488,269,4_a
MPS22,3061928.5927734375,4-6,1485,491,5_e
MPS22,3066136.5927734375,4-6,722,700,6_b
MPS22,3067472.5927734375,4-6,1526,823,continue
MPS22,3072320.5927734375,7-9,977,271,7_c
MPS22,3075128.5927734375,7-9,954,502,8_c
MPS22,3085496.5927734375,7-9,722,733,9_b
MPS22,3086952.5927734375,7-9,1540,835,continue
MPS22,3093656.5927734375,10-12,453,251,10_a
MPS22,3104592.5922851562,10-12,713,484,11_b
MPS22,3117544.5927734375,10-12,482,714,12_a
MPS22,3118864.5927734375,10-12,1551,830,continue
MPS22,3132639.5927734375,13-15,953,258,13_c
MPS22,3171687.5927734375,13-15,1200,505,14_d
MPS22,3181271.5927734375,13-15,732,729,15_b
MPS22,3194255.5927734375,13-15,715,679,15_b
MPS22,3211791.5927734375,13-15,1445,677,15_e
MPS22,3294959.5927734375,16-20,1489,162,16_d
MPS22,3300415.5927734375,16-20,1335,294,17_a
MPS22,3301847.5927734375,16-20,1384,429,18_b
MPS22,3306743.5927734375,16-20,1335,566,19_a
MPS22,3310239.5927734375,16-20,1538,700,20_e
MPS22,3310823.5927734375,16-20,1527,858,continue
MPS22,3318110.5927734375,21-25,1441,161,21_c
MPS22,3324950.5927734375,21-25,1386,290,22_b
MPS22,3341886.5927734375,21-25,1335,422,23_a
MPS22,3358262.5932617188,21-25,1379,569,24_b
MPS22,3381870.5927734375,21-25,1436,704,25_c
MPS22,3382590.5927734375,21-25,1526,854,continue
MPS22,3390559.5927734375,26-30,1331,167,26_a
MPS22,3397734.5927734375,26-30,1533,295,27_e
MPS22,3408822.5927734375,26-30,1485,432,28_d
MPS22,3412374.5932617188,26-30,1534,299,27_e
MPS22,3414238.5927734375,26-30,1536,294,27_e
MPS22,3438094.5927734375,26-30,1537,558,29_e
MPS22,3448014.5927734375,26-30,1382,701,30_b
MPS22,3460806.5927734375,26-30,1335,566,29_a
MPS22,3542278.5927734375,31-33,733,309,31_b
MPS22,3544462.5927734375,31-33,951,569,32_c
MPS22,3545318.5927734375,31-33,709,858,33_b
MPS22,3546118.5927734375,31-33,1547,938,continue
MPS22,3549430.5927734375,34-36,1207,295,34_d
MPS22,3556606.5927734375,34-36,1196,590,35_d
MPS22,3559190.5932617188,34-36,489,843,36_a
MPS22,3560102.5927734375,34-36,1511,939,continue
MPS22,3564542.5927734375,37-39,1418,309,37_e
MPS22,3567767.5927734375,37-39,482,572,38_a
MPS22,3583118.5927734375,37-39,970,831,39_c
MPS22,3584606.5927734375,37-39,952,800,39_c
MPS22,3585759.5927734375,37-39,1504,933,continue
MPS22,3602598.5932617188,40-42,487,299,40_a
MPS22,3642470.5927734375,40-42,689,559,41_b
MPS22,3662518.5927734375,40-42,963,837,42_c
MPS22,3663646.5927734375,40-42,1538,919,continue
MPS22,3688022.5927734375,43-45,1222,302,43_d
MPS22,3693822.5927734375,43-45,977,283,43_c
MPS22,3695006.5927734375,43-45,1216,295,43_d
MPS22,3711669.5927734375,43-45,1429,550,44_e
MPS22,3717005.5927734375,43-45,724,799,45_b
MPS22,3718942.5927734375,43-45,725,777,45_b
MPS22,3749005.5927734375,46-48,1218,287,46_d
MPS22,3761805.5927734375,46-48,1460,538,47_e
MPS22,3783565.5927734375,46-48,1206,845,48_d
MPS22,3784389.5922851562,46-48,1534,936,continue
MPS22,3799677.5927734375,49-51,717,293,49_b
MPS22,3825821.5927734375,49-51,958,527,50_c
MPS22,3835429.5927734375,49-51,472,830,51_a
MPS22,3839669.5927734375,49-51,472,826,51_a
MPS22,3850853.5927734375,49-51,1529,929,continue
MPS22,3868965.5927734375,52-54,1186,291,52_d
MPS22,3904805.5927734375,52-54,1445,588,53_e
MPS22,3909645.5922851562,52-54,1434,536,53_e
MPS22,3917613.5922851562,52-54,999,847,54_c
MRH13,1850624.7890625,1-3,1210,276,1_d
MRH13,1851095.7890625,1-3,1200,276,1_d
MRH13,1853175.7885742188,1-3,1203,236,1_d
MRH13,1855631.7890625,1-3,725,465,2_b
MRH13,1858151.7890625,1-3,1447,688,3_e
MRH13,1859831.7890625,1-3,1533,830,continue
MRH13,1862999.7890625,4-6,473,214,4_a
MRH13,1869367.7890625,4-6,1442,454,5_e
MRH13,1875943.7890625,4-6,724,687,6_b
MRH13,1877415.7890625,4-6,1519,821,continue
MRH13,1882103.7885742188,7-9,960,221,7_c
MRH13,1887311.7890625,7-9,964,457,8_c
MRH13,1890783.7890625,7-9,1535,825,continue
MRH13,1892375.7890625,10-12,403,827,back
MRH13,1900655.7885742188,7-9,1202,673,9_d
MRH13,1905535.7890625,7-9,1535,822,continue
MRH13,1916687.7890625,10-12,482,220,10_a
MRH13,1923999.7890625,10-12,718,452,11_b
MRH13,1936695.7885742188,10-12,475,686,12_a
MRH13,1947007.7890625,10-12,1518,824,continue
MRH13,1966383.7890625,13-15,475,218,13_a
MRH13,1978751.7890625,13-15,963,216,13_c
MRH13,2005351.7890625,13-15,1207,446,14_d
MRH13,2035759.7890625,13-15,1442,685,15_e
MRH13,2044423.7890625,13-15,1725,676,not on any aoi
MRH13,2044935.7890625,13-15,1584,718,not on any aoi
MRH13,2102102.7890625,16-20,1486,158,16_d
MRH13,2108718.7890625,16-20,1335,298,17_a
MRH13,2111774.7890625,16-20,1388,431,18_b
MRH13,2119350.7890625,16-20,1329,561,19_a
MRH13,2132798.7890625,16-20,1538,696,20_e
MRH13,2136342.7890625,16-20,1541,857,continue
MRH13,2146590.7890625,21-25,1435,157,21_c
MRH13,2151198.7890625,21-25,1383,300,22_b
MRH13,2194038.7890625,21-25,1342,435,23_a
MRH13,2205174.7890625,21-25,1429,565,24_c
MRH13,2238197.7890625,21-25,1519,827,continue
MRH13,2243677.7890625,21-25,1385,696,25_b
MRH13,2255357.7890625,21-25,1541,701,25_e
MRH13,2260493.7890625,21-25,1539,855,continue
MRH13,2281749.7890625,26-30,1443,158,26_c
MRH13,2282861.7890625,26-30,389,839,back
MRH13,2283421.7890625,26-30,399,850,back
MRH13,2302189.7890625,21-25,1546,852,continue
MRH13,2312878.7890625,26-30,1536,295,27_e
MRH13,2338893.7890625,26-30,1338,694,30_a
MRH13,2372828.7890625,31-33,723,318,31_b
MRH13,2374980.7890625,31-33,953,584,32_c
MRH13,2377668.7890625,31-33,734,841,33_b
MRH13,2379876.7890625,31-33,1538,931,continue
MRH13,2383212.7890625,34-36,1196,321,34_d
MRH13,2387228.7885742188,34-36,712,569,35_b
MRH13,2389508.7890625,34-36,473,838,36_a
MRH13,2392932.7885742188,34-36,1519,928,continue
MRH13,2399837.7890625,37-39,1446,309,37_e
MRH13,2408452.7885742188,37-39,1203,579,38_d
MRH13,2420284.7890625,37-39,959,845,39_c
MRH13,2423804.7890625,37-39,1539,936,continue
MRH13,2438044.7885742188,40-42,485,317,40_a
MRH13,2456212.7890625,40-42,459,448,not on any aoi
MRH13,2473556.7890625,40-42,495,586,41_a
MRH13,2505140.7890625,40-42,1217,841,42_d
MRH13,2507436.7890625,40-42,1541,930,continue
MRH13,2530397.7890625,43-45,724,313,43_b
MRH13,2538293.7890625,43-45,1214,301,43_d
MRH13,2630924.7890625,46-48,1226,319,46_d
MRH13,2632299.7890625,46-48,1203,237,46_d
MRH13,2640811.7890625,46-48,725,499,47_b
MRH13,2641835.7890625,46-48,719,505,47_b
MRH13,2680155.7885742188,46-48,778,847,48_b
MRH13,2680443.7890625,46-48,754,826,48_b
MRH13,2681163.7890625,46-48,1527,922,continue
MRH13,2686364.7890625,49-51,713,248,49_b
MRH13,2703244.7890625,49-51,970,555,50_c
MRH13,2714884.7890625,49-51,489,832,51_a
MRH13,2723116.7885742188,49-51,1543,922,continue
MRH13,2738427.7890625,52-54,1217,289,52_d
MRH13,2756315.7890625,52-54,462,558,53_a
MRH13,2779547.7890625,52-54,483,817,54_a
MRH13,2780531.7890625,52-54,1548,931,continue
MUS25,1776185.919921875,1-3,1197,238,1_d
MUS25,1778193.919921875,1-3,722,461,2_b
MUS25,1782553.919921875,1-3,1438,694,3_e
MUS25,1784257.919921875,1-3,1514,842,continue
MUS25,1788506.9194335938,4-6,485,219,4_a
MUS25,1795426.919921875,4-6,1441,506,5_e
MUS25,1799226.919921875,4-6,700,715,6_b
MUS25,1800778.919921875,4-6,1503,818,continue
MUS25,1811650.9194335938,7-9,962,234,7_c
MUS25,1818538.919921875,7-9,948,499,8_c
MUS25,1828418.919921875,7-9,1195,729,9_d
MUS25,1829938.919921875,7-9,1525,829,continue
MUS25,1846225.919921875,10-12,479,270,10_a
MUS25,1863809.919921875,10-12,741,500,11_b
MUS25,1887761.919921875,10-12,493,733,12_a
MUS25,1889297.919921875,10-12,1539,820,continue
MUS25,1906657.9194335938,13-15,968,277,13_c
MUS25,1925553.919921875,13-15,1204,501,14_d
MUS25,1964297.919921875,13-15,1440,725,15_e
MUS25,2034456.919921875,16-20,1487,164,16_d
MUS25,2039592.919921875,16-20,1337,295,17_a
MUS25,2041920.919921875,16-20,1389,432,18_b
MUS25,2049600.919921875,16-20,1330,567,19_a
MUS25,2054560.919921875,16-20,1532,699,20_e
MUS25,2055392.919921875,16-20,1518,841,continue
MUS25,2069960.919921875,21-25,1439,156,21_c
MUS25,2077736.919921875,21-25,1387,297,22_b
MUS25,2094000.919921875,21-25,547,475,not on any aoi
MUS25,2095680.919921875,21-25,1382,435,23_b
MUS25,2105648.919921875,21-25,1426,565,24_c
MUS25,2120440.919921875,21-25,1548,697,25_e
MUS25,2121328.919921875,21-25,1529,856,continue
MUS25,2132648.919921875,26-30,1433,161,26_c
MUS25,2144168.919921875,26-30,1533,299,27_e
MUS25,2150952.919921875,26-30,1491,433,28_d
MUS25,2178720.919921875,26-30,1328,565,29_a
MUS25,2194440.919921875,26-30,1337,702,30_a
MUS25,2250583.919921875,26-30,1396,566,29_b
MUS25,2291487.919921875,31-33,718,270,31_b
MUS25,2293591.919921875,31-33,958,535,32_c
MUS25,2295279.919921875,31-33,721,796,33_b
MUS25,2297111.919921875,31-33,1536,926,continue
MUS25,2300367.919921875,34-36,1206,274,34_d
MUS25,2304503.919921875,34-36,728,541,35_b
MUS25,2309111.919921875,34-36,479,801,36_a
MUS25,2310927.919921875,34-36,1534,929,continue
MUS25,2323302.919921875,37-39,968,795,39_c
MUS25,2330430.919921875,37-39,1443,271,37_e
MUS25,2336246.919921875,37-39,1204,538,38_d
MUS25,2338086.919921875,37-39,1534,949,continue
MUS25,2338566.919921875,37-39,1535,936,continue
MUS25,2355695.920410156,40-42,484,270,40_a
MUS25,2381895.919921875,40-42,481,539,41_a
MUS25,2396807.920410156,40-42,960,807,42_c
MUS25,2398391.919921875,40-42,1518,902,not on any aoi
MUS25,2398743.919921875,40-42,1518,920,continue
MUS25,2427150.919921875,43-45,1199,273,43_d
MUS25,2449622.920410156,43-45,1440,516,44_e
MUS25,2516838.919921875,46-48,1200,246,46_d
MUS25,2524238.919921875,46-48,724,501,47_b
MUS25,2541014.919921875,46-48,710,805,48_b
MUS25,2542038.919921875,46-48,717,764,48_b
MUS25,2555206.919921875,46-48,1510,914,continue
MUS25,2556214.920410156,46-48,1518,925,continue
MUS25,2576126.919921875,49-51,684,280,49_b
MUS25,2597022.919921875,49-51,979,551,50_c
MUS25,2623790.919921875,49-51,500,810,51_a
MUS25,2625038.919921875,49-51,1509,932,continue
MUS25,2650341.9194335938,52-54,1200,288,52_d
MUS25,2667197.919921875,52-54,490,522,53_a
MUS25,2686821.9194335938,52-54,487,798,54_a
MUS25,2688573.919921875,52-54,1500,924,continue
NAS08,3403183.4453125,1-3,1200,244,1_d
NAS08,3405895.4448242188,1-3,481,473,2_a
NAS08,3410151.4448242188,1-3,1445,696,3_e
NAS08,3412543.4448242188,1-3,1508,823,continue
NAS08,3413015.4448242188,1-3,1511,840,continue
NAS08,3415726.4448242188,4-6,478,222,4_a
NAS08,3419702.4448242188,4-6,1447,451,5_e
NAS08,3423614.4448242188,4-6,721,689,6_b
NAS08,3424894.4448242188,4-6,1518,830,continue
NAS08,3430447.4448242188,7-9,960,223,7_c
NAS08,3435919.4448242188,7-9,723,459,8_b
NAS08,3438479.4453125,7-9,724,455,8_b
NAS08,3439119.4448242188,7-9,956,453,8_c
NAS08,3453407.4453125,7-9,1212,686,9_d
NAS08,3455503.4448242188,7-9,1524,821,continue
NAS08,3467238.4443359375,10-12,1199,224,10_d
NAS08,3483822.4443359375,10-12,1203,458,11_d
NAS08,3495478.4448242188,10-12,492,687,12_a
NAS08,3496734.4448242188,10-12,1539,818,continue
NAS08,3529902.4443359375,13-15,968,234,13_c
NAS08,3553318.4448242188,13-15,1202,462,14_d
NAS08,3592518.4448242188,13-15,1443,685,15_e
NAS08,3673126.4443359375,16-20,1485,156,16_d
NAS08,3676405.4448242174,16-20,1341,295,17_a
NAS08,3680909.4448242174,16-20,1447,431,18_c
NAS08,3685293.4448242174,16-20,1390,424,18_b
NAS08,3694429.4448242174,16-20,1342,564,19_a
NAS08,3720125.4443359375,16-20,1534,700,20_e
NAS08,3722653.4448242174,16-20,1533,849,continue
NAS08,3791238.4443359375,21-25,1433,159,21_c
NAS08,3799149.4448242174,21-25,1382,298,22_b
NAS08,3842389.4448242174,21-25,1329,439,23_a
NAS08,3862269.4448242174,21-25,1446,563,24_c
NAS08,3886317.4448242174,21-25,1544,704,25_e
NAS08,3887213.4448242174,21-25,1525,853,continue
NAS08,3949149.4448242174,31-33,718,273,31_b
NAS08,3951245.4448242174,31-33,954,539,32_c
NAS08,3953837.4448242174,31-33,723,806,33_b
NAS08,3954893.4448242174,31-33,1523,931,continue
NAS08,3958733.4448242174,34-36,1201,276,34_d
NAS08,3962797.4448242174,34-36,721,543,35_b
NAS08,3966748.4448242174,34-36,485,807,36_a
NAS08,3967988.4448242174,34-36,1520,933,continue
NAS08,3973612.4448242174,37-39,1456,278,37_e
NAS08,3978164.4448242174,37-39,1194,534,38_d
NAS08,3986084.4448242174,37-39,966,813,39_c
NAS08,4000612.4448242174,37-39,1212,810,39_d
NAS08,4005308.4448242174,37-39,1519,934,continue
NAS08,4023581.4448242174,40-42,461,276,40_a
NAS08,4065197.4443359375,40-42,476,544,41_a
NAS08,4103477.4448242174,40-42,968,800,42_c
NAS08,4107613.4448242174,40-42,1549,927,continue
NAS08,4123525.4448242174,43-45,1199,270,43_d
NAS08,4227116.444824219,46-48,1198,239,46_d
NAS08,4241092.444824219,46-48,1440,504,47_e
NAS08,4297724.444824219,46-48,717,763,48_b
NAS08,4298852.444824219,46-48,1512,923,continue
NAS08,4309876.444824219,49-51,720,241,49_b
NAS08,4321292.444824219,49-51,961,507,50_c
NAS08,4328108.444824219,49-51,475,758,51_a
NAS08,4332460.444824219,49-51,1541,924,continue
NAS08,4365611.4453125,52-54,1200,255,52_d
NAS08,4395083.444824219,52-54,483,506,53_a
NDO12,1675557.2109375,1-3,1193,285,1_d
NDO12,1678413.2109375,1-3,730,518,2_b
NDO12,1680197.2109375,1-3,1436,744,3_e
NDO12,1680925.2109375,1-3,1523,806,not on any aoi
NDO12,1681413.2109375,1-3,1529,829,continue
NDO12,1683445.2109375,4-6,488,252,4_a
NDO12,1690277.2109375,4-6,1441,502,5_e
NDO12,1695357.2109375,4-6,733,729,6_b
NDO12,1696685.2109375,4-6,1524,824,continue
NDO12,1700861.2109375,7-9,940,257,7_c
NDO12,1704429.2109375,7-9,958,506,8_c
NDO12,1710245.2109375,7-9,1185,712,9_d
NDO12,1714949.2109375,7-9,1526,833,continue
NDO12,1721772.2109375,10-12,490,277,10_a
NDO12,1731276.2109375,10-12,712,501,11_b
NDO12,1742772.2109375,10-12,435,739,12_a
NDO12,1744220.2109375,10-12,1532,826,continue
NDO12,1759957.2109375,13-15,990,260,13_c
NDO12,1772813.2109375,13-15,1203,499,14_d
NDO12,1774421.2109375,13-15,1455,497,14_e
NDO12,1775885.2109375,13-15,1442,499,14_e
NDO12,1783605.2109375,13-15,1446,722,15_e
NDO12,1877029.2109375,13-15,1222,498,14_d
NDO12,1928613.2109375,16-20,1481,159,16_d
NDO12,1933469.2109375,16-20,1315,297,17_a
NDO12,1939549.2109375,16-20,1377,437,18_b
NDO12,1943973.2109375,16-20,1527,712,20_e
NDO12,1949813.2109375,16-20,1337,565,19_a
NDO12,1952093.2109375,16-20,1552,849,continue
NDO12,1963628.2109375,21-25,1437,161,21_c
NDO12,1967740.2109375,21-25,1543,304,22_e
NDO12,1972876.211425781,21-25,1335,421,23_a
NDO12,1996388.2109375,21-25,1542,713,25_e
NDO12,2005108.2109375,21-25,1482,561,24_d
NDO12,2012196.2109375,21-25,1518,843,continue
NDO12,2034955.211425781,26-30,1429,154,26_c
NDO12,2043611.2109375,26-30,1547,308,27_e
NDO12,2060195.2109375,26-30,1394,426,28_b
NDO12,2066235.2109375,26-30,1470,435,28_d
NDO12,2133483.2109375,26-30,404,596,not on any aoi
NDO12,2134395.211425781,26-30,1297,561,not on any aoi
NDO12,2134963.2109375,26-30,1317,558,29_a
NDO12,2163083.2109375,26-30,1548,702,30_e
NDO12,2179371.2109375,31-33,735,326,31_b
NDO12,2182595.2109375,31-33,973,591,32_c
NDO12,2186315.2109375,31-33,733,838,33_b
NDO12,2187283.211425781,31-33,1547,923,continue
NDO12,2189995.2109375,34-36,1213,322,34_d
NDO12,2192587.2109375,34-36,748,571,35_b
NDO12,2195003.2109375,34-36,950,854,36_c
NDO12,2195987.211425781,34-36,1478,922,not on any aoi
NDO12,2196403.2109375,34-36,1519,939,continue
NDO12,2201035.2109375,37-39,1450,318,37_e
NDO12,2204467.211425781,37-39,1222,587,38_d
NDO12,2205459.2109375,37-39,1182,578,38_d
NDO12,2217651.2109375,37-39,1197,843,39_d
NDO12,2218451.2109375,37-39,1518,919,continue
NDO12,2220371.2109375,37-39,1528,928,continue
NDO12,2222499.2109375,40-42,397,925,back
NDO12,2223764.211425781,37-39,1545,939,continue
NDO12,2243403.2109375,40-42,470,310,40_a
NDO12,2250131.2109375,40-42,962,582,41_c
NDO12,2256811.2109375,40-42,719,582,41_b
NDO12,2278955.211425781,40-42,962,830,42_c
NDO12,2283147.2109375,40-42,1520,921,continue
NDO12,2305932.2109375,43-45,1204,315,43_d
NDO12,2344836.2109375,43-45,482,820,45_a
NDO12,2350548.2109375,43-45,959,551,44_c
NDO12,2381523.2109375,46-48,1228,312,46_d
NDO12,2385643.2109375,46-48,486,564,47_a
NDO12,2391331.2109375,46-48,731,559,47_b
NDO12,2407235.2109375,46-48,1174,818,48_d
NDO12,2408363.211425781,46-48,1546,935,continue
NDO12,2413827.2109375,49-51,740,299,49_b
NDO12,2429971.2109375,49-51,940,568,50_c
NDO12,2437739.2109375,49-51,485,822,51_a
NDO12,2442075.2109375,49-51,1537,929,continue
NDO12,2451979.2109375,52-54,709,300,52_b
NDO12,2466291.2109375,52-54,1203,315,52_d
NDO12,2484731.211425781,52-54,461,564,53_a
NDO12,2500291.2109375,52-54,943,832,54_c
NDO12,2501707.2109375,52-54,1527,929,continue
NDO12,2516427.2109375,55-56,490,554,56_a
NDO12,2551771.211425781,55-56,478,315,55_a
OAK22,2072633.844238281,1-3,1202,245,1_d
OAK22,2075297.844238281,1-3,722,466,2_b
OAK22,2079881.844238281,1-3,1443,694,3_e
OAK22,2081673.844238281,1-3,1515,846,continue
OAK22,2085577.8447265625,4-6,480,230,4_a
OAK22,2094121.844238281,4-6,1439,456,5_e
OAK22,2105153.844238281,4-6,723,675,6_b
OAK22,2107025.844238281,4-6,1533,818,continue
OAK22,2117769.844238281,7-9,963,219,7_c
OAK22,2125561.844238281,7-9,723,452,8_b
OAK22,2139105.844238281,7-9,1206,676,9_d
OAK22,2140121.844238281,7-9,1553,826,continue
OAK22,2157138.844238281,10-12,1197,231,10_d
OAK22,2165418.844238281,10-12,1198,450,11_d
OAK22,2179497.8447265625,10-12,1198,679,12_d
OAK22,2183905.8447265625,10-12,486,676,12_a
OAK22,2185130.8447265625,10-12,1558,845,continue
OAK22,2185313.8447265625,10-12,1513,813,continue
OAK22,2185697.844238281,10-12,1521,819,continue
OAK22,2199769.844238281,13-15,959,221,13_c
OAK22,2216657.844238281,13-15,1198,456,14_d
OAK22,2243321.844238281,13-15,1446,687,15_e
OAK22,2321521.844238281,16-20,1487,160,16_d
OAK22,2325985.8447265625,16-20,1341,290,17_a
OAK22,2330945.8447265625,16-20,1380,429,18_b
OAK22,2340513.844238281,16-20,1330,561,19_a
OAK22,2363265.844238281,16-20,1483,704,20_d
OAK22,2374281.8447265625,16-20,1520,851,continue
OAK22,2410313.8447265625,21-25,1528,160,21_e
OAK22,2414769.844238281,21-25,1538,295,22_e
OAK22,2428193.844238281,21-25,1381,420,23_b
OAK22,2452553.844238281,21-25,1378,567,24_b
OAK22,2470513.844238281,21-25,1328,696,25_a
OAK22,2471553.844238281,21-25,1517,859,continue
OAK22,2478128.844238281,26-30,1390,156,26_b
OAK22,2497080.844238281,26-30,1537,288,27_e
OAK22,2506312.844238281,26-30,1490,426,28_d
OAK22,2517560.844238281,26-30,1488,561,29_d
OAK22,2535640.844238281,26-30,1432,694,30_c
OAK22,2590344.844238281,31-33,478,269,31_a
OAK22,2594464.844238281,31-33,959,534,32_c
OAK22,2598600.844238281,31-33,720,268,31_b
OAK22,2602056.844238281,31-33,723,806,33_b
OAK22,2603288.844238281,31-33,1538,931,continue
OAK22,2606896.844238281,34-36,1204,274,34_d
OAK22,2613176.844238281,34-36,1437,536,35_e
OAK22,2619352.844238281,34-36,489,801,36_a
OAK22,2620768.844238281,34-36,1553,939,continue
OAK22,2624641.844238281,37-39,480,276,37_a
OAK22,2628081.844238281,37-39,1198,547,38_d
OAK22,2628481.844238281,37-39,1200,539,38_d
OAK22,2631121.844238281,37-39,1145,745,not on any aoi
OAK22,2646265.844238281,37-39,1197,805,39_d
OAK22,2647609.8447265625,37-39,1520,927,continue
OAK22,2663480.844238281,40-42,1442,273,40_e
OAK22,2677640.844238281,40-42,718,534,41_b
OAK22,2692032.84375,40-42,1200,798,42_d
OAK22,2693064.844238281,40-42,1543,921,continue
OAK22,2709032.84375,43-45,477,269,43_a
OAK22,2726832.844238281,43-45,1445,519,44_e
OAK22,2752768.844238281,43-45,956,780,45_c
OAK22,2763792.844238281,43-45,1443,775,45_e
OAK22,2764448.844238281,43-45,1541,732,not on any aoi
OAK22,2830208.8442382812,46-48,959,230,46_c
OAK22,2840552.84375,46-48,714,498,47_b
OAK22,2852104.84375,46-48,963,769,48_c
OAK22,2853072.8442382812,46-48,1527,926,continue
OAK22,2862968.8442382812,49-51,1196,239,49_d
OAK22,2871648.8442382812,49-51,1207,499,50_d
OAK22,2881104.84375,49-51,1440,764,51_e
OAK22,2883136.8442382812,49-51,1517,928,continue
OAK22,2898800.8442382812,52-54,960,238,52_c
OAK22,2905240.8442382812,52-54,483,501,53_a
OAK22,2912216.84375,52-54,961,762,54_c
OAK22,2913064.8442382812,52-54,1504,916,continue
OAK22,2925152.8442382812,55-56,1443,233,55_e
OAK22,2937368.8442382812,55-56,1443,500,56_e
OAK22,2947608.8442382812,55-56,411,668,back
OAK22,2948856.8442382812,52-54,406,931,back
OAK22,2949575.8442382812,49-51,406,922,back
OAK22,2950112.8442382812,46-48,406,922,back
OAK22,2973536.8442382812,46-48,960,506,47_c
OAK22,2978848.84375,46-48,1538,926,continue
OAK22,2984903.8442382812,49-51,1447,300,49_e
OHG25,8228912.231933594,1-3,1196,246,1_d
OHG25,8232552.231933594,1-3,721,475,2_b
OHG25,8235200.231933594,1-3,1447,700,3_e
OHG25,8235904.231933594,1-3,1519,853,continue
OHG25,8238743.231933594,4-6,479,231,4_a
OHG25,8244023.231933594,4-6,1440,454,5_e
OHG25,8248415.231933594,4-6,721,693,6_b
OHG25,8249751.231933594,4-6,1542,837,continue
OHG25,8256375.231933594,7-9,957,231,7_c
OHG25,8262271.231933594,7-9,961,471,8_c
OHG25,8278575.231933594,7-9,719,692,9_b
OHG25,8282255.231933594,7-9,1528,834,continue
OHG25,8290360.231933594,10-12,478,233,10_a
OHG25,8297296.2314453125,10-12,721,461,11_b
OHG25,8309912.231933594,10-12,477,690,12_a
OHG25,8311512.231933594,10-12,1512,831,continue
OHG25,8329375.231933594,13-15,975,231,13_c
OHG25,8348463.231933594,13-15,1194,470,14_d
OHG25,8371263.231933594,13-15,1439,691,15_e
OHG25,8409295.231933594,13-15,403,830,back
OHG25,8429863.231933594,10-12,403,838,back
OHG25,8454871.231933594,7-9,1196,691,9_d
OHG25,8483670.232421875,16-20,1482,166,16_d
OHG25,8491039.231933594,16-20,1339,302,17_a
OHG25,8497038.231933594,16-20,1391,439,18_b
OHG25,8507134.231933594,16-20,1334,572,19_a
OHG25,8517814.231933594,16-20,1533,704,20_e
OHG25,8518838.231933594,16-20,1516,858,continue
OHG25,8529078.232421875,21-25,1437,174,21_c
OHG25,8534838.231933594,21-25,1389,299,22_b
OHG25,8541774.231933594,21-25,1331,441,23_a
OHG25,8549054.231933594,21-25,1434,573,24_c
OHG25,8565854.231933594,21-25,1540,711,25_e
OHG25,8572398.231933594,21-25,1528,861,continue
OHG25,8582566.231933594,26-30,1431,170,26_c
OHG25,8598174.231933594,26-30,1539,304,27_e
OHG25,8611830.231933594,26-30,1489,440,28_d
OHG25,8643477.231933594,26-30,1491,570,29_d
OHG25,8672677.232421875,26-30,1439,708,30_c
OHG25,8690349.231933594,26-30,1387,712,30_b
OHG25,8701677.232421875,26-30,414,858,back
OHG25,8729245.231933594,31-33,724,281,31_b
OHG25,8735565.232421875,31-33,964,548,32_c
OHG25,8745013.231933594,31-33,718,812,33_b
OHG25,8746205.231933594,31-33,390,939,back
OHG25,8752413.232421875,31-33,406,951,back
OHG25,8753622.231933594,31-33,406,951,back
OHG25,8762117.232421875,31-33,1511,943,continue
OHG25,8766765.231933594,34-36,1199,279,34_d
OHG25,8775925.231933594,34-36,720,549,35_b
OHG25,8780125.231933594,34-36,959,816,36_c
OHG25,8781941.231933594,34-36,478,807,36_a
OHG25,8785981.231933594,34-36,1525,943,continue
OHG25,8798781.232421875,37-39,1442,283,37_e
OHG25,8808421.231933594,37-39,1195,549,38_d
OHG25,8826429.231933594,37-39,963,810,39_c
OHG25,8837669.231933594,37-39,1206,810,39_d
OHG25,8853316.231445312,37-39,1549,937,continue
OHG25,8864461.231933594,40-42,483,280,40_a
OHG25,8880893.232421875,40-42,482,548,41_a
OHG25,8894765.231933594,40-42,961,811,42_c
OHG25,8895701.231933594,40-42,1537,932,continue
OHG25,8988532.231933594,46-48,1196,245,46_d
OHG25,9004788.231933594,46-48,716,509,47_b
OHG25,9016636.231933594,46-48,717,774,48_b
OHG25,9017932.231933594,46-48,1533,938,continue
OHG25,9043164.231933594,49-51,724,244,49_b
OHG25,9074219.231933594,49-51,959,507,50_c
OHG25,9091579.231933594,49-51,483,774,51_a
OHG25,9092827.231933594,49-51,1506,933,continue
OHG25,9114715.231933594,52-54,724,250,52_b
OHG25,9138851.231933594,52-54,480,512,53_a
OHG25,9151811.231933594,52-54,460,775,54_a
OHG25,9153339.231933594,52-54,1540,928,continue
OUO02,2033307.0986328125,1-3,1198,238,1_d
OUO02,2036547.0991210938,1-3,713,456,2_b
OUO02,2039563.0986328125,1-3,1446,694,3_e
OUO02,2040163.0986328125,1-3,1527,847,continue
OUO02,2043427.0991210938,4-6,478,263,4_a
OUO02,2049835.0991210938,4-6,1432,506,5_e
OUO02,2056347.0986328125,4-6,768,707,6_b
OUO02,2058363.0991210938,4-6,1515,820,continue
OUO02,2067443.0991210938,7-9,954,250,7_c
OUO02,2076083.0986328125,7-9,962,512,8_c
OUO02,2093083.0986328125,7-9,725,718,9_b
OUO02,2095771.0991210938,7-9,1553,826,continue
OUO02,2106283.0991210938,10-12,506,284,10_a
OUO02,2118083.0986328125,10-12,948,499,11_c
OUO02,2123771.0991210938,10-12,1216,505,11_d
OUO02,2138866.0986328125,10-12,484,717,12_a
OUO02,2140890.0991210938,10-12,1522,826,continue
OUO02,2168603.0986328125,13-15,971,260,13_c
OUO02,2178379.0986328125,13-15,1199,258,13_d
OUO02,2197291.0991210938,13-15,968,292,13_c
OUO02,2216835.0991210938,13-15,1211,511,14_d
OUO02,2262738.0991210938,13-15,1450,743,15_e
OUO02,2300298.0991210938,16-20,1485,160,16_d
OUO02,2303170.0991210938,16-20,1337,294,17_a
OUO02,2307522.0991210938,16-20,1333,424,18_a
OUO02,2313546.0991210938,16-20,1343,567,19_a
OUO02,2337218.0991210938,16-20,1537,692,20_e
OUO02,2339114.0991210938,16-20,1548,858,continue
OUO02,2358746.0991210938,21-25,1440,159,21_c
OUO02,2364898.0991210938,21-25,1392,294,22_b
OUO02,2386946.0991210938,21-25,1334,431,23_a
OUO02,2402322.0991210938,21-25,1438,564,24_c
OUO02,2424594.0991210938,21-25,1533,697,25_e
OUO02,2425802.0991210938,21-25,1517,857,continue
OUO02,2448601.0991210938,26-30,1442,165,26_c
OUO02,2448929.0991210938,26-30,1431,166,26_c
OUO02,2467137.0991210938,26-30,1538,296,27_e
OUO02,2473889.0991210938,26-30,1494,431,28_d
OUO02,2494665.0991210938,26-30,1382,569,29_b
OUO02,2531089.0991210938,26-30,1345,700,30_a
OUO02,2576032.0991210938,31-33,735,307,31_b
OUO02,2578200.0991210938,31-33,955,550,32_c
OUO02,2580232.0991210938,31-33,722,843,33_b
OUO02,2581256.0991210938,31-33,1529,939,continue
OUO02,2584024.0991210938,34-36,1216,316,34_d
OUO02,2588024.0991210938,34-36,706,568,35_b
OUO02,2592048.0991210938,34-36,488,852,36_a
OUO02,2593856.0991210938,34-36,1525,938,continue
OUO02,2598016.099609375,37-39,1453,302,37_e
OUO02,2603129.0991210938,37-39,477,582,38_a
OUO02,2615784.0991210938,37-39,966,849,39_c
OUO02,2642552.0991210938,37-39,1557,941,continue
OUO02,2668448.0991210938,40-42,483,312,40_a
OUO02,2706488.0991210938,40-42,730,560,41_b
OUO02,2856647.099609375,46-48,1233,303,46_d
OUO02,2876878.0991210938,46-48,717,547,47_b
OUO02,2900086.0991210938,46-48,742,838,48_b
OUO02,2908750.0991210938,46-48,1563,933,continue
OUO02,2909326.0991210938,46-48,1518,927,continue
OUO02,2932575.099609375,49-51,732,313,49_b
OUO02,2943343.0991210938,49-51,981,554,50_c
OUO02,2960015.099609375,49-51,465,812,51_a
OUO02,2962262.0991210938,49-51,1527,927,continue
OUO02,2971398.0991210938,52-54,701,315,52_b
OUO02,2984774.0986328125,52-54,1221,313,52_d
OUO02,3018574.0991210938,52-54,471,559,53_a
PCH25,21010958.39111328,1-3,1197,278,1_d
PCH25,21016846.39111328,1-3,733,506,2_b
PCH25,21021782.39111328,1-3,1449,742,3_e
PCH25,21023654.39111328,1-3,1541,839,continue
PCH25,21027534.39111328,4-6,485,258,4_a
PCH25,21036230.39111328,4-6,1443,497,5_e
PCH25,21043982.39111328,4-6,726,728,6_b
PCH25,21045397.39111328,4-6,1528,821,continue
PCH25,21050206.39111328,7-9,953,262,7_c
PCH25,21062358.39111328,7-9,971,505,8_c
PCH25,21070398.39111328,7-9,1213,732,9_d
PCH25,21073974.39111328,7-9,1516,827,continue
PCH25,21079238.39111328,10-12,495,264,10_a
PCH25,21092998.39160156,10-12,727,507,11_b
PCH25,21116182.39160156,10-12,1435,735,12_e
PCH25,21117006.39111328,10-12,1538,830,continue
PCH25,21170157.390625,13-15,955,267,13_c
PCH25,21207381.390625,13-15,1195,506,14_d
PCH25,21235293.39111328,13-15,1193,731,15_d
PCH25,21245725.39111328,13-15,393,819,back
PCH25,21259557.39111328,16-20,401,848,back
PCH25,21278789.390625,16-20,1488,162,16_d
PCH25,21286717.390625,16-20,1337,298,17_a
PCH25,21290013.390625,16-20,1387,436,18_b
PCH25,21297501.39111328,16-20,1335,562,19_a
PCH25,21304621.39111328,16-20,1535,696,20_e
PCH25,21305413.39111328,16-20,1532,844,continue
PCH25,21331669.39111328,21-25,1434,162,21_c
PCH25,21336645.390625,21-25,1385,294,22_b
PCH25,21362405.39111328,21-25,1335,431,23_a
PCH25,21381997.39111328,21-25,1538,564,24_e
PCH25,21398533.390625,21-25,1387,703,25_b
PCH25,21399333.39111328,21-25,1503,846,continue
PCH25,21420525.390625,26-30,1383,162,26_b
PCH25,21434453.390625,26-30,1540,295,27_e
PCH25,21440877.39111328,26-30,1488,427,28_d
PCH25,21455981.39111328,26-30,1338,567,29_a
PCH25,21473893.39111328,26-30,1533,704,30_e
PCH25,21475789.390625,26-30,400,857,back
PCH25,21479820.39111328,21-25,1506,857,continue
PCH25,21482148.39111328,26-30,389,857,back
PCH25,21482700.39111328,21-25,395,854,back
PCH25,21483316.39111328,16-20,401,854,back
PCH25,21487517.39111328,16-20,1503,855,continue
PCH25,21517924.39111328,31-33,722,268,31_b
PCH25,21520772.39111328,31-33,952,536,32_c
PCH25,21523940.390625,31-33,725,800,33_b
PCH25,21525252.39111328,31-33,1530,939,continue
PCH25,21529244.39111328,34-36,1198,295,34_d
PCH25,21535108.39111328,34-36,1198,577,35_d
PCH25,21542084.39111328,34-36,499,833,36_a
PCH25,21543172.39111328,34-36,1523,928,continue
PCH25,21549956.39111328,37-39,1439,316,37_e
PCH25,21559772.39111328,37-39,1184,582,38_d
PCH25,21570036.39111328,37-39,961,850,39_c
PCH25,21571092.39111328,37-39,1508,938,continue
PCH25,21586580.39111328,40-42,478,314,40_a
PCH25,21614932.39111328,40-42,479,572,41_a
PCH25,21634764.39111328,40-42,960,837,42_c
PCH25,21635676.39111328,40-42,1506,922,continue
PCH25,21663635.39111328,43-45,1208,303,43_d
PCH25,21677803.39111328,43-45,1446,557,44_e
PCH25,21690747.39111328,43-45,961,808,45_c
PCH25,21762932.39111328,46-48,1202,241,46_d
PCH25,21764084.39111328,46-48,1217,291,46_d
PCH25,21797219.39111328,46-48,975,551,47_c
PCH25,21818331.39111328,46-48,724,817,48_b
PCH25,21819395.39111328,46-48,1541,929,continue
PCH25,21836987.39111328,49-51,718,298,49_b
PCH25,21863874.39111328,49-51,963,543,50_c
PCH25,21874002.39111328,49-51,472,828,51_a
PCH25,21875210.39111328,49-51,1536,923,continue
PCH25,21891690.39111328,52-54,716,298,52_b
PCH25,21904946.39111328,52-54,473,557,53_a
PCH25,21905930.39111328,52-54,473,557,53_a
PCH25,21912810.39111328,52-54,1209,818,54_d
PCH25,21913514.39111328,52-54,1549,918,continue
PCH25,21922770.39111328,55-56,968,304,55_c
PCH25,21929010.39111328,55-56,733,552,56_b
PHR29,618262.9638671875,1-3,1200,238,1_d
PHR29,621822.9638671875,1-3,722,462,2_b
PHR29,625501.9638671875,1-3,1443,688,3_e
PHR29,630528.9638671875,1-3,1545,831,continue
PHR29,635205.9638671875,4-6,483,221,4_a
PHR29,644890.9638671875,4-6,1438,451,5_e
PHR29,651221.9638671875,4-6,722,681,6_b
PHR29,654551.9638671875,4-6,1515,830,continue
PHR29,666567.9638671875,7-9,958,218,7_c
PHR29,674713.9638671875,7-9,968,453,8_c
PHR29,688735.9638671875,7-9,1201,711,9_d
PHR29,690626.9638671875,7-9,1509,827,continue
PHR29,705822.9638671875,10-12,493,282,10_a
PHR29,712002.9638671875,10-12,716,499,11_b
PHR29,726295.9638671875,10-12,484,732,12_a
PHR29,728570.9643554688,10-12,1548,818,continue
PHR29,755783.9638671875,13-15,481,268,13_a
PHR29,769301.9633789062,13-15,1192,501,14_d
PHR29,794874.9638671875,13-15,1450,741,15_e
PHR29,795885.9638671875,13-15,1450,741,15_e
PHR29,876656.9633789062,16-20,1485,161,16_d
PHR29,880784.9638671875,16-20,1336,292,17_a
PHR29,884656.9633789062,16-20,1388,428,18_b
PHR29,891145.9638671875,16-20,1333,564,19_a
PHR29,900734.9643554688,16-20,1535,701,20_e
PHR29,902261.9638671876,16-20,1523,847,continue
PHR29,913669.9638671876,21-25,1438,164,21_c
PHR29,918654.9638671876,21-25,1389,291,22_b
PHR29,926844.9638671876,21-25,1332,429,23_a
PHR29,935495.9638671876,21-25,1436,567,24_c
PHR29,953089.9643554688,21-25,1532,700,25_e
PHR29,954201.9643554688,21-25,1524,848,continue
PHR29,965125.9638671876,26-30,1441,159,26_c
PHR29,975795.9638671876,26-30,1538,298,27_e
PHR29,987916.9638671876,26-30,1490,431,28_d
PHR29,1006736.9638671876,26-30,1335,568,29_a
PHR29,1017612.9638671876,26-30,1392,564,29_b
PHR29,1030039.9638671876,26-30,1440,701,30_c
PHR29,1071641.9643554688,26-30,1483,563,29_d
PHR29,1141756.9638671877,31-33,724,310,31_b
PHR29,1145775.9638671877,31-33,957,582,32_c
PHR29,1147645.9638671877,31-33,733,837,33_b
PHR29,1156168.9638671877,31-33,1538,937,continue
PHR29,1160156.9633789062,34-36,1200,318,34_d
PHR29,1167796.9638671877,34-36,729,581,35_b
PHR29,1172084.9633789062,34-36,485,850,36_a
PHR29,1174156.9633789062,34-36,1524,932,continue
PHR29,1179604.9633789062,37-39,1432,321,37_e
PHR29,1183328.9638671877,37-39,1194,572,38_d
PHR29,1223068.9638671877,37-39,1211,827,39_d
PHR29,1225221.9638671877,37-39,1524,939,continue
PHR29,1258994.9638671877,40-42,483,323,40_a
PHR29,1289797.9638671877,40-42,730,558,41_b
PHR29,1314900.9633789062,40-42,970,829,42_c
PHR29,1317650.9638671877,40-42,1546,916,continue
PHR29,1400414.9638671877,46-48,1198,279,46_d
PHR29,1411802.9638671875,46-48,717,556,47_b
PHR29,1439428.9638671875,46-48,1197,812,48_d
PHR29,1441349.9638671875,46-48,1516,919,continue
PHR29,1448927.9638671875,49-51,729,304,49_b
PHR29,1457610.9638671875,49-51,982,561,50_c
PHR29,1475598.9638671875,49-51,485,823,51_a
PHR29,1478196.9633789062,49-51,1536,933,continue
PHR29,1491319.9638671875,52-54,1201,297,52_d
PHR29,1504439.9638671875,52-54,476,558,53_a
PHR29,1517880.9633789062,52-54,948,821,54_c
PHR29,1519608.9638671875,52-54,1520,924,continue
PHR29,1541822.9638671875,55-56,974,268,55_c
PHR29,1567127.9638671875,55-56,1438,568,56_e
PWA12,2235275.857910156,1-3,1200,239,1_d
PWA12,2237787.857910156,1-3,723,465,2_b
PWA12,2240195.857910156,1-3,1445,691,3_e
PWA12,2241323.857910156,1-3,1533,836,continue
PWA12,2244708.857910156,4-6,479,220,4_a
PWA12,2249476.857910156,4-6,1446,448,5_e
PWA12,2254108.857910156,4-6,719,679,6_b
PWA12,2255364.857910156,4-6,1521,832,continue
PWA12,2261548.857910156,7-9,958,220,7_c
PWA12,2266796.857910156,7-9,963,447,8_c
PWA12,2281924.857910156,7-9,1200,679,9_d
PWA12,2283268.857910156,7-9,1543,827,continue
PWA12,2291611.857910156,10-12,726,217,10_b
PWA12,2305243.857910156,10-12,720,449,11_b
PWA12,2312267.857910156,10-12,482,679,12_a
PWA12,2316323.857910156,10-12,1525,826,continue
PWA12,2335763.857910156,13-15,959,217,13_c
PWA12,2343971.857910156,13-15,1200,452,14_d
PWA12,2367187.857910156,13-15,1441,682,15_e
PWA12,2508547.857910156,16-20,1485,156,16_d
PWA12,2514379.857910156,16-20,1330,296,17_a
PWA12,2523787.857910156,16-20,1385,430,18_b
PWA12,2534699.857910156,16-20,1336,567,19_a
PWA12,2555370.857910156,16-20,1386,698,20_b
PWA12,2561130.858398437,16-20,1544,850,continue
PWA12,2580682.858398437,21-25,1436,157,21_c
PWA12,2586202.858398437,21-25,1387,294,22_b
PWA12,2601538.858398437,21-25,1339,427,23_a
PWA12,2622586.857910156,21-25,1485,562,24_d
PWA12,2651250.857910156,21-25,1535,700,25_e
PWA12,2652354.857910156,21-25,1519,857,continue
PWA12,2675626.857910156,26-30,1433,158,26_c
PWA12,2688722.858398437,26-30,1534,293,27_e
PWA12,2708418.858398437,26-30,1484,425,28_d
PWA12,2733657.857421875,26-30,1385,696,30_b
PWA12,2741017.857910156,26-30,1382,562,29_b
PWA12,2782641.857910156,31-33,719,269,31_b
PWA12,2787161.857910156,31-33,961,530,32_c
PWA12,2790417.857910156,31-33,717,803,33_b
PWA12,2791929.857910156,31-33,1519,932,continue
PWA12,2800562.857910156,34-36,1200,264,34_d
PWA12,2806482.857910156,34-36,720,533,35_b
PWA12,2814962.8579101562,34-36,479,797,36_a
PWA12,2817442.8579101562,34-36,1519,933,continue
PWA12,2823945.8579101562,37-39,1436,267,37_e
PWA12,2830601.8579101562,37-39,1199,529,38_d
PWA12,2838729.8579101562,37-39,960,804,39_c
PWA12,2852897.8579101562,37-39,1528,934,continue
PWA12,2868049.8579101562,40-42,482,267,40_a
PWA12,2883353.8579101562,40-42,721,534,41_b
PWA12,2912649.8579101562,40-42,957,800,42_c
PWA12,2922321.8579101562,40-42,1516,917,continue
PWA12,2955482.8579101562,43-45,959,266,43_c
PWA12,3045081.8579101562,46-48,1200,236,46_d
PWA12,3058761.8579101562,46-48,1442,499,47_e
PWA12,3071072.8579101562,46-48,1199,766,48_d
PWA12,3082440.8579101562,46-48,1521,924,continue
PWA12,3098601.8579101562,49-51,722,232,49_b
PWA12,3118593.8579101562,49-51,959,500,50_c
PWA12,3155817.8579101562,49-51,478,757,51_a
PWA12,3170065.857421875,49-51,1531,933,continue
PWA12,3198752.8579101562,52-54,1202,234,52_d
PWW08,2154245.62109375,1-3,1202,238,1_d
PWW08,2158269.62109375,1-3,718,465,2_b
PWW08,2162621.62109375,1-3,1439,692,3_e
PWW08,2163781.6206054688,1-3,1530,836,continue
PWW08,2167676.62109375,4-6,481,224,4_a
PWW08,2174412.62109375,4-6,1440,452,5_e
PWW08,2186908.62109375,4-6,718,683,6_b
PWW08,2192188.62109375,4-6,1525,825,continue
PWW08,2196701.62109375,7-9,955,218,7_c
PWW08,2203613.62109375,7-9,961,446,8_c
PWW08,2277708.62109375,7-9,1202,684,9_d
PWW08,2278788.62109375,7-9,1512,814,continue
PWW08,2296884.62109375,10-12,480,223,10_a
PWW08,2318108.62109375,10-12,723,450,11_b
PWW08,2333268.62109375,10-12,481,684,12_a
PWW08,2334740.62109375,10-12,1518,824,continue
PWW08,2362948.62109375,13-15,956,221,13_c
PWW08,2407787.62109375,16-20,1487,165,16_d
PWW08,2411435.62109375,16-20,1337,293,17_a
PWW08,2414499.62109375,16-20,1384,429,18_b
PWW08,2424307.62109375,16-20,1337,568,19_a
PWW08,2448411.62109375,16-20,1391,698,20_b
PWW08,2457891.62109375,16-20,1538,702,20_e
PWW08,2458611.62109375,16-20,1535,854,continue
PWW08,2473852.62109375,21-25,1439,163,21_c
PWW08,2480620.62109375,21-25,1387,296,22_b
PWW08,2497555.62109375,21-25,1335,432,23_a
PWW08,2541875.62109375,21-25,1433,562,24_c
PWW08,2612363.62109375,21-25,1439,697,25_c
PWW08,2613107.62109375,21-25,1523,851,continue
PWW08,2627066.62109375,26-30,1437,162,26_c
PWW08,2665026.62109375,31-33,719,272,31_b
PWW08,2667690.6206054688,31-33,959,535,32_c
PWW08,2669570.62109375,31-33,722,799,33_b
PWW08,2670746.62109375,31-33,1542,928,continue
PWW08,2675010.62109375,34-36,1201,274,34_d
PWW08,2682354.6206054688,34-36,1438,531,35_e
PWW08,2687314.6206054688,34-36,715,535,35_b
PWW08,2692450.62109375,34-36,478,797,36_a
PWW08,2694266.62109375,34-36,1529,924,continue
PWW08,2701267.6215820312,37-39,1442,272,37_e
PWW08,2708235.62109375,37-39,1198,537,38_d
PWW08,2730835.62109375,37-39,963,800,39_c
PWW08,2733187.62109375,37-39,1524,936,continue
PWW08,2747594.62109375,40-42,481,268,40_a
PWW08,2777106.62109375,40-42,479,533,41_a
PWW08,2800394.6206054688,40-42,961,802,42_c
PWW08,2802338.62109375,40-42,1526,921,continue
PWW08,2821618.62109375,43-45,1201,273,43_d
PWW08,2847778.62109375,46-48,386,928,back
PWW08,2909089.62109375,46-48,1199,239,46_d
PWW08,2925129.62109375,46-48,720,498,47_b
PWW08,2937649.6206054688,46-48,1202,768,48_d
PWW08,2942393.6206054688,46-48,1525,935,continue
PWW08,2950106.62109375,49-51,720,240,49_b
PWW08,2972753.62109375,49-51,957,495,50_c
PWW08,2992473.62109375,49-51,480,762,51_a
PWW08,2994921.62109375,49-51,1530,918,continue
PWW08,3015928.62109375,52-54,719,240,52_b
RHF31,2199396.9868164062,1-3,1203,237,1_d
RHF31,2201836.9868164062,1-3,721,466,2_b
RHF31,2204044.9868164062,1-3,1446,693,3_e
RHF31,2204716.9868164062,1-3,1543,836,continue
RHF31,2207707.9868164062,4-6,478,222,4_a
RHF31,2213051.9868164062,4-6,1441,451,5_e
RHF31,2213915.9868164062,4-6,1516,826,continue
RHF31,2222732.9868164062,7-9,964,224,7_c
RHF31,2225444.9868164062,7-9,717,452,8_b
RHF31,2233732.9868164062,7-9,1201,683,9_d
RHF31,2234548.9868164062,7-9,1529,821,continue
RHF31,2240932.986328125,10-12,483,227,10_a
RHF31,2249052.9868164062,10-12,1200,449,11_d
RHF31,2254812.9868164062,10-12,1439,684,12_e
RHF31,2255588.9868164062,10-12,1546,831,continue
RHF31,2267980.9868164062,13-15,968,222,13_c
RHF31,2277916.9868164062,13-15,485,453,14_a
RHF31,2287924.9868164062,13-15,1198,689,15_d
RHF31,2307484.986328125,13-15,481,682,15_a
RHF31,2308812.9868164062,13-15,1532,812,continue
RHF31,2378492.9868164062,13-15,1200,460,14_d
RHF31,2380644.9868164062,13-15,1282,375,not on any aoi
RHF31,2469660.9868164062,16-20,1489,162,16_d
RHF31,2474252.9868164062,16-20,1330,295,17_a
RHF31,2482252.9868164062,16-20,1388,434,18_b
RHF31,2492884.9868164062,16-20,1334,561,19_a
RHF31,2498324.9868164062,16-20,1542,698,20_e
RHF31,2499756.9868164062,16-20,1526,855,continue
RHF31,2508019.9868164062,21-25,1444,157,21_c
RHF31,2511931.9868164062,21-25,1538,294,22_e
RHF31,2526435.9868164062,21-25,1383,427,23_b
RHF31,2534283.9868164062,21-25,1488,563,24_d
RHF31,2562411.9868164062,21-25,1539,698,25_e
RHF31,2563387.9868164062,21-25,1511,855,continue
RHF31,2579332.9868164062,26-30,1534,299,27_e
RHF31,2593220.9868164062,26-30,1488,423,28_d
RHF31,2609356.9868164062,26-30,1490,562,29_d
RHF31,2625420.9868164062,26-30,1536,694,30_e
RHF31,2626724.9868164062,26-30,1440,156,26_c
RHF31,2632300.986328125,26-30,1333,159,26_a
RHF31,2735108.9868164062,31-33,725,271,31_b
RHF31,2738692.9868164062,31-33,952,537,32_c
RHF31,2742556.9868164062,31-33,718,801,33_b
RHF31,2743619.9868164062,31-33,1507,928,continue
RHF31,2748259.9868164062,34-36,1198,267,34_d
RHF31,2753571.9868164062,34-36,718,539,35_b
RHF31,2757331.9868164062,34-36,477,805,36_a
RHF31,2758659.9868164062,34-36,1546,931,continue
RHF31,2767636.986328125,37-39,1438,269,37_e
RHF31,2771380.9868164062,37-39,1200,540,38_d
RHF31,2780116.986328125,37-39,956,829,39_c
RHF31,2781532.9868164062,37-39,1512,928,continue
RHF31,2790715.9868164062,40-42,1201,270,40_d
RHF31,2807787.9868164062,40-42,481,537,41_a
RHF31,2844139.9868164062,40-42,958,804,42_c
RHF31,2845163.9868164062,40-42,1522,922,continue
RHF31,2854627.9868164062,43-45,1197,273,43_d
RHF31,2870227.9868164062,43-45,1441,523,44_e
RHF31,2905611.9868164062,43-45,735,817,45_b
RHF31,2982523.9868164062,46-48,1200,236,46_d
RHF31,2998859.9868164062,46-48,964,498,47_c
RHF31,3018747.9868164062,46-48,1209,767,48_d
RHF31,3019827.9868164062,46-48,1540,930,continue
RHF31,3045475.9868164062,49-51,953,242,49_c
RHF31,3067555.9868164062,49-51,723,507,50_b
RHF31,3078467.9868164062,49-51,477,766,51_a
RHF31,3079843.9868164062,49-51,1551,929,continue
RHF31,3097187.9868164062,52-54,1203,237,52_d
RHF31,3110019.9868164062,52-54,482,500,53_a
RHF31,3117635.9868164062,52-54,480,790,54_a
RHF31,3118851.9868164062,52-54,1540,930,continue
RHF31,3143275.9868164062,55-56,721,302,55_b
RHF31,3144163.9868164062,55-56,961,534,56_c
RHH14,2388385.267089844,1-3,1207,239,1_d
RHH14,2390449.267089844,1-3,731,481,2_b
RHH14,2393873.267089844,1-3,1416,731,3_e
RHH14,2394728.267089844,1-3,1515,840,continue
RHH14,2396800.267089844,4-6,461,265,4_a
RHH14,2402904.2666015625,4-6,1447,492,5_e
RHH14,2412128.2666015625,4-6,715,730,6_b
RHH14,2413320.267089844,4-6,1548,832,continue
RHH14,2417473.267089844,7-9,974,247,7_c
RHH14,2422345.267089844,7-9,722,490,8_b
RHH14,2427665.267089844,7-9,944,481,8_c
RHH14,2439617.267089844,7-9,1208,731,9_d
RHH14,2441321.267089844,7-9,1559,839,continue
RHH14,2442137.267089844,7-9,1534,828,continue
RHH14,2450897.267089844,10-12,1211,285,10_d
RHH14,2466344.2666015625,10-12,718,504,11_b
RHH14,2482304.267089844,10-12,502,732,12_a
RHH14,2483376.267089844,10-12,1542,835,continue
RHH14,2508736.267089844,13-15,961,276,13_c
RHH14,2523520.267089844,13-15,1199,503,14_d
RHH14,2555280.267089844,13-15,1207,742,15_d
RHH14,2595024.267089844,13-15,1433,746,15_e
RHH14,2598448.267089844,13-15,483,727,15_a
RHH14,2599424.2666015625,13-15,1431,742,15_e
RHH14,2600312.2666015625,13-15,417,836,back
RHH14,2602560.267089844,10-12,1557,839,continue
RHH14,2603520.267089844,10-12,1540,831,continue
RHH14,2643360.267089844,16-20,1490,171,16_d
RHH14,2647615.267089844,16-20,1336,297,17_a
RHH14,2649703.267089844,16-20,1403,437,18_b
RHH14,2654968.267089844,16-20,1340,559,19_a
RHH14,2674951.267089844,16-20,1532,692,20_e
RHH14,2675671.267089844,16-20,1539,857,continue
RHH14,2682431.267089844,21-25,1440,164,21_c
RHH14,2688687.267089844,21-25,1385,299,22_b
RHH14,2694487.267089844,21-25,1338,442,23_a
RHH14,2704767.267089844,21-25,1439,565,24_c
RHH14,2718335.267089844,21-25,1530,692,25_e
RHH14,2719103.267089844,21-25,1539,855,continue
RHH14,2739775.267089844,26-30,1446,178,26_c
RHH14,2749647.2666015625,26-30,1535,294,27_e
RHH14,2764495.267089844,26-30,1490,423,28_d
RHH14,2798119.267089844,26-30,1385,690,30_b
RHH14,2815583.2670898438,26-30,1501,567,29_d
RHH14,2864823.2670898438,26-30,388,859,back
RHH14,2906126.2670898438,31-33,711,279,31_b
RHH14,2908238.2670898438,31-33,945,571,32_c
RHH14,2910782.2670898438,31-33,728,843,33_b
RHH14,2911974.2670898438,31-33,1500,930,continue
RHH14,2916351.2666015625,34-36,1200,300,34_d
RHH14,2921031.2670898438,34-36,720,592,35_b
RHH14,2924367.2670898438,34-36,487,840,36_a
RHH14,2927431.2670898438,34-36,1536,937,continue
RHH14,2932070.2670898438,37-39,1459,316,37_e
RHH14,2936390.2670898438,37-39,1213,580,38_d
RHH14,2939614.2670898438,37-39,972,841,39_c
RHH14,2945966.2670898438,37-39,1538,932,continue
RHH14,2947391.2670898438,40-42,416,929,back
RHH14,2955567.2670898438,37-39,1518,936,continue
RHH14,2961215.2670898438,40-42,478,296,40_a
RHH14,2979838.2670898438,40-42,495,564,41_a
RHH14,2999798.2670898438,40-42,969,840,42_c
RHH14,3003110.2670898438,40-42,1542,921,continue
RHH14,3017407.2670898438,43-45,1206,313,43_d
RHH14,3043855.2670898438,43-45,1456,559,44_e
RHH14,3058679.2670898438,43-45,477,810,45_a
RHH14,3141710.2670898438,46-48,1211,307,46_d
RHH14,3150062.2670898438,46-48,738,565,47_b
RHH14,3197646.2670898438,46-48,723,844,48_b
RHH14,3198742.2670898438,46-48,1539,922,continue
RHH14,3208246.2670898438,49-51,736,309,49_b
RHH14,3224686.2670898438,49-51,966,566,50_c
RHH14,3234429.267578125,49-51,485,838,51_a
RHH14,3239998.2670898438,49-51,1529,922,continue
RHH14,3256037.2670898438,52-54,1205,299,52_d
RHH14,3263581.2670898438,52-54,502,575,53_a
RHH14,3293853.2670898438,52-54,480,832,54_a
RHH14,3305293.2670898438,52-54,964,830,54_c
RHH14,3309789.2670898438,52-54,512,828,54_a
RJA27,2053054.812988281,1-3,1204,239,1_d
RJA27,2055781.8125,1-3,720,464,2_b
RJA27,2059827.812988281,1-3,1441,687,3_e
RJA27,2060944.812988281,1-3,1541,838,continue
RJA27,2065940.812988281,4-6,483,221,4_a
RJA27,2071249.812988281,4-6,1437,451,5_e
RJA27,2075617.812988281,4-6,725,675,6_b
RJA27,2077509.812988281,4-6,1542,828,continue
RJA27,2083004.812988281,7-9,962,220,7_c
RJA27,2087119.812988281,7-9,720,452,8_b
RJA27,2099361.812988281,7-9,477,674,9_a
RJA27,2101364.812988281,7-9,1521,818,continue
RJA27,2109888.812988281,10-12,718,220,10_b
RJA27,2118725.812988281,10-12,726,453,11_b
RJA27,2124673.812988281,10-12,478,690,12_a
RJA27,2126434.812988281,10-12,1528,834,continue
RJA27,2138662.8134765625,13-15,480,221,13_a
RJA27,2154825.812988281,13-15,1201,455,14_d
RJA27,2176157.812988281,13-15,1437,681,15_e
RJA27,2179598.812988281,13-15,399,819,back
RJA27,2184143.812988281,10-12,1550,826,continue
RJA27,2192708.812988281,13-15,1437,677,15_e
RJA27,2197537.812988281,13-15,1442,830,not on any aoi
RJA27,2198221.812988281,13-15,1525,851,continue
RJA27,2198835.812988281,13-15,1525,851,continue
RJA27,2308607.812988281,16-20,1482,159,16_d
RJA27,2318157.812988281,16-20,1340,297,17_a
RJA27,2323020.812988281,16-20,1384,431,18_b
RJA27,2330205.812988281,16-20,1334,561,19_a
RJA27,2341403.812988281,16-20,1390,705,20_b
RJA27,2342641.812988281,16-20,1546,853,continue
RJA27,2354284.812988281,21-25,1439,159,21_c
RJA27,2368051.812988281,21-25,1386,300,22_b
RJA27,2377976.812988281,21-25,1332,429,23_a
RJA27,2391679.812988281,21-25,1434,561,24_c
RJA27,2411425.812988281,21-25,1434,699,25_c
RJA27,2413769.812988281,21-25,1527,850,continue
RJA27,2435647.812988281,26-30,1440,164,26_c
RJA27,2446651.812988281,26-30,1388,302,27_b
RJA27,2479493.812988281,26-30,1482,424,28_d
RJA27,2489737.812988281,26-30,1484,564,29_d
RJA27,2496401.812988281,26-30,1534,697,30_e
RJA27,2556462.812988281,31-33,719,266,31_b
RJA27,2560226.812988281,31-33,964,542,32_c
RJA27,2563012.812988281,31-33,724,797,33_b
RJA27,2564953.812988281,31-33,1504,925,continue
RJA27,2569394.8125,34-36,1203,274,34_d
RJA27,2574002.812988281,34-36,719,535,35_b
RJA27,2576848.812988281,34-36,484,806,36_a
RJA27,2578447.812988281,34-36,1544,938,continue
RJA27,2584040.812988281,37-39,1437,267,37_e
RJA27,2587947.812988281,37-39,1204,536,38_d
RJA27,2601962.812988281,37-39,955,800,39_c
RJA27,2603551.812988281,37-39,1541,934,continue
RJA27,2616853.812988281,40-42,959,270,40_c
RJA27,2643901.812988281,40-42,715,536,41_b
RJA27,2664977.812988281,40-42,723,796,42_b
RJA27,2668628.812988281,40-42,1438,795,42_e
RJA27,2669905.812988281,40-42,1543,927,continue
RJA27,2690222.812988281,43-45,1198,267,43_d
RJA27,2712465.8125,43-45,1437,524,44_e
RJA27,2722778.812988281,43-45,960,774,45_c
RJA27,2808446.812988281,46-48,1203,232,46_d
RJA27,2816475.8129882812,46-48,962,501,47_c
RJA27,2846146.8129882812,49-51,717,236,49_b
RJA27,2853195.8129882812,49-51,718,499,50_b
RJA27,2859930.8129882812,49-51,476,766,51_a
RJA27,2861810.8129882812,49-51,1520,924,continue
RJA27,2869687.8129882812,52-54,716,235,52_b
RJA27,2879726.8129882812,52-54,480,503,53_a
RJA27,2887125.8129882812,52-54,484,766,54_a
RJA27,2888834.8125,52-54,1553,929,continue
RJA27,2910433.8129882812,55-56,964,233,55_c
RJA27,2927197.8129882812,55-56,720,496,56_b
RJA27,2969635.8134765625,55-56,1442,239,55_e
RJB07,9867585.639160156,1-3,1201,237,1_d
RJB07,9870961.639160156,1-3,722,468,2_b
RJB07,9874905.639160156,1-3,1446,694,3_e
RJB07,9875913.639160156,1-3,1510,837,continue
RJB07,9880738.639160156,4-6,477,239,4_a
RJB07,9886666.639160156,4-6,1445,494,5_e
RJB07,9902705.639160156,4-6,481,680,6_a
RJB07,9905937.639160156,4-6,1524,823,continue
RJB07,9912266.639160156,7-9,960,227,7_c
RJB07,9918634.639160156,7-9,959,453,8_c
RJB07,9926506.639160156,7-9,1202,686,9_d
RJB07,9927978.639160156,7-9,1529,820,continue
RJB07,9937009.639160156,10-12,479,221,10_a
RJB07,9954361.639160156,10-12,719,501,11_b
RJB07,9967137.639160156,10-12,491,725,12_a
RJB07,9968833.639160156,10-12,1523,822,continue
RJB07,10005032.639160156,13-15,946,258,13_c
RJB07,10036048.639160156,13-15,1437,503,14_e
RJB07,10059192.639160156,13-15,1446,729,15_e
RJB07,10063464.638671877,13-15,413,824,back
RJB07,10079113.639160156,10-12,1528,827,continue
RJB07,10099265.639648438,13-15,1200,459,14_d
RJB07,10131913.639160156,16-20,740,196,not on any aoi
RJB07,10134793.639160156,16-20,1487,162,16_d
RJB07,10141017.639160156,16-20,1336,298,17_a
RJB07,10145977.639160156,16-20,1380,433,18_b
RJB07,10161376.639160156,16-20,1339,567,19_a
RJB07,10173656.639160156,16-20,1538,700,20_e
RJB07,10174640.639160156,16-20,1519,849,continue
RJB07,10182001.639160156,21-25,1433,162,21_c
RJB07,10185689.639160156,21-25,1388,299,22_b
RJB07,10200721.639160156,21-25,1337,428,23_a
RJB07,10227465.639160156,21-25,1436,565,24_c
RJB07,10259345.639160156,21-25,1536,704,25_e
RJB07,10260096.638671877,21-25,1520,848,continue
RJB07,10276592.639160156,26-30,1436,161,26_c
RJB07,10290624.639160156,26-30,1432,301,27_c
RJB07,10303968.639160156,26-30,1484,433,28_d
RJB07,10358495.639160156,26-30,1384,699,30_b
RJB07,10404728.639160156,31-33,720,269,31_b
RJB07,10406976.639160156,31-33,950,553,32_c
RJB07,10409176.639160156,31-33,744,836,33_b
RJB07,10410584.639160156,31-33,1524,930,continue
RJB07,10414608.638671877,34-36,1196,309,34_d
RJB07,10419032.639160156,34-36,708,583,35_b
RJB07,10423032.639160156,34-36,467,839,36_a
RJB07,10424304.639160156,34-36,484,843,36_a
RJB07,10425744.639160156,34-36,1518,936,continue
RJB07,10433680.639160156,37-39,1445,307,37_e
RJB07,10438032.639160156,37-39,1189,588,38_d
RJB07,10455856.639160156,37-39,953,845,39_c
RJB07,10458784.639160156,37-39,1519,934,continue
RJB07,10479775.639160156,40-42,483,309,40_a
RJB07,10510847.639160156,40-42,473,562,41_a
RJB07,10543367.639160156,40-42,961,822,42_c
RJB07,10548647.639160156,40-42,1524,913,continue
RJB07,10566255.639160156,43-45,1201,274,43_d
RJB07,10660494.639160156,46-48,1222,273,46_d
RJB07,10671510.639160156,46-48,1431,532,47_e
RJB07,10689830.639160156,46-48,1214,834,48_d
RJB07,10692390.639160156,46-48,1519,921,continue
RJB07,10701447.639160156,49-51,720,294,49_b
RJB07,10717039.639160156,49-51,964,532,50_c
RJB07,10727111.639160156,49-51,476,823,51_a
RJB07,10728950.639160156,49-51,488,777,51_a
RJB07,10736478.639160156,49-51,1548,925,continue
RJB07,10745431.638671877,52-54,715,299,52_b
RJB07,10771630.639160156,52-54,476,543,53_a
RJB07,10789790.639160156,52-54,475,826,54_a
RJB07,10798070.639160156,52-54,1530,936,continue
RJB07,10820407.639160156,55-56,948,282,55_c
RJG18,2312185.548828125,1-3,1195,237,1_d
RJG18,2317121.5493164062,1-3,721,463,2_b
RJG18,2323361.548828125,1-3,1444,694,3_e
RJG18,2324785.5493164062,1-3,1521,843,continue
RJG18,2332065.548828125,4-6,476,225,4_a
RJG18,2342913.548828125,4-6,1450,461,5_e
RJG18,2357985.548828125,4-6,716,685,6_b
RJG18,2360209.548828125,4-6,1535,823,continue
RJG18,2372160.548828125,7-9,961,215,7_c
RJG18,2383024.548339844,7-9,957,446,8_c
RJG18,2384680.548828125,7-9,1525,828,continue
RJG18,2386784.548828125,10-12,385,826,back
RJG18,2399657.548828125,7-9,1201,681,9_d
RJG18,2404705.548828125,7-9,1528,821,continue
RJG18,2414185.548828125,10-12,478,223,10_a
RJG18,2425977.548828125,10-12,725,462,11_b
RJG18,2454416.548828125,10-12,476,680,12_a
RJG18,2459105.548828125,10-12,1531,833,continue
RJG18,2486536.548339844,13-15,966,221,13_c
RJG18,2509688.548339844,13-15,1208,457,14_d
RJG18,2578040.548828125,16-20,752,207,not on any aoi
RJG18,2581544.548339844,16-20,1491,160,16_d
RJG18,2587504.548339844,16-20,1334,301,17_a
RJG18,2591952.548339844,16-20,1388,427,18_b
RJG18,2599984.548339844,16-20,1332,566,19_a
RJG18,2628376.548828125,16-20,1543,699,20_e
RJG18,2629512.548828125,16-20,1528,850,continue
RJG18,2644976.548828125,21-25,1437,158,21_c
RJG18,2653343.548828125,21-25,1384,299,22_b
RJG18,2713095.548828125,21-25,1487,433,23_d
RJG18,2775423.548828125,21-25,1530,697,25_e
RJG18,2783599.548828125,21-25,1441,564,24_c
RJG18,2784335.548828125,21-25,1521,850,continue
RJG18,2811079.548828125,26-30,1440,160,26_c
RJG18,2857680.548828125,31-33,717,269,31_b
RJG18,2864664.548828125,31-33,962,542,32_c
RJG18,2871952.5483398438,31-33,723,799,33_b
RJG18,2873144.548828125,31-33,1547,944,continue
RJG18,2879183.548828125,34-36,1201,271,34_d
RJG18,2886639.548828125,34-36,1199,537,35_d
RJG18,2891495.548828125,34-36,478,808,36_a
RJG18,2892687.548828125,34-36,1536,945,continue
RJG18,2911135.5483398438,37-39,1436,271,37_e
RJG18,2915351.548828125,37-39,478,270,37_a
RJG18,2928375.548828125,37-39,1198,540,38_d
RJG18,2932583.548828125,37-39,954,540,38_c
RJG18,2935399.548828125,37-39,1204,544,38_d
RJG18,2946391.548828125,37-39,961,803,39_c
RJG18,2951383.548828125,37-39,1537,934,continue
RJG18,2961695.548828125,40-42,475,273,40_a
RJG18,3030382.548828125,40-42,482,546,41_a
RJG18,3187735.548828125,46-48,1203,238,46_d
RJG18,3200239.548828125,46-48,1439,502,47_e
RJG18,3210463.548828125,46-48,1201,769,48_d
RJG18,3215199.548828125,46-48,1526,929,continue
RJG18,3226566.548828125,49-51,720,234,49_b
RJG18,3239790.548828125,49-51,960,492,50_c
RJG18,3247910.548828125,49-51,482,769,51_a
RJG18,3251462.548828125,49-51,1529,927,continue
RJG18,3268814.548828125,52-54,723,238,52_b
RJG18,3299965.548828125,52-54,483,764,54_a
RJG18,3315278.548828125,52-54,487,509,53_a
RJG18,3322941.548828125,52-54,1521,936,continue
RWW16,801110.8828125,1-3,1196,239,1_d
RWW16,803214.8828125,1-3,750,469,2_b
RWW16,806262.8828125,1-3,1424,691,3_e
RWW16,807198.8828125,1-3,1525,845,continue
RWW16,808983.8828125,4-6,477,216,4_a
RWW16,814911.8828125,4-6,1442,451,5_e
RWW16,818718.8828125,4-6,734,707,6_b
RWW16,820703.8828125,4-6,1532,825,continue
RWW16,824174.8828125,7-9,958,250,7_c
RWW16,830390.8828125,7-9,980,513,8_c
RWW16,847350.8828125,7-9,1191,737,9_d
RWW16,849014.8828125,7-9,1538,821,continue
RWW16,851086.8828125,10-12,362,830,back
RWW16,853782.8828125,7-9,1525,820,continue
RWW16,861566.8828125,10-12,454,270,10_a
RWW16,876438.8828125,10-12,725,508,11_b
RWW16,890070.8828125,10-12,1449,730,12_e
RWW16,890758.8828125,10-12,1528,828,continue
RWW16,892630.8828125,13-15,385,832,back
RWW16,896550.8828125,10-12,1538,825,continue
RWW16,924630.8828125,13-15,962,243,13_c
RWW16,947110.8828125,13-15,494,509,14_a
RWW16,957270.8828125,13-15,1202,512,14_d
RWW16,996574.8828125,13-15,1443,746,15_e
RWW16,1034598.8828125,13-15,414,822,back
RWW16,1064774.8828125,16-20,1470,160,16_d
RWW16,1069494.8828125,16-20,1366,295,17_b
RWW16,1069830.8828125,16-20,1341,296,17_a
RWW16,1073414.8828125,16-20,1394,452,18_b
RWW16,1078446.8828125,16-20,1340,566,19_a
RWW16,1086446.8828125,16-20,1535,700,20_e
RWW16,1088702.8828125,16-20,1537,844,continue
RWW16,1105430.8833007812,21-25,1420,149,21_c
RWW16,1105742.8828125,21-25,1426,168,21_c
RWW16,1113542.8833007812,21-25,1382,301,22_b
RWW16,1128758.8828125,21-25,457,474,not on any aoi
RWW16,1130430.8833007812,21-25,1337,423,23_a
RWW16,1141926.8828125,21-25,1427,578,24_c
RWW16,1142222.8828125,21-25,1428,573,24_c
RWW16,1176622.8828125,21-25,1538,698,25_e
RWW16,1178190.8828125,21-25,1524,854,continue
RWW16,1182949.8833007812,26-30,394,862,back
RWW16,1189669.8828125,21-25,1514,851,continue
RWW16,1228117.8828125,26-30,1532,300,27_e
RWW16,1241172.8828125,26-30,1508,427,not on any aoi
RWW16,1241493.8828125,26-30,1494,426,28_d
RWW16,1257396.8828125,26-30,1500,566,29_d
RWW16,1271332.8823242188,26-30,1326,692,30_a
RWW16,1279532.8828125,26-30,1463,140,not on any aoi
RWW16,1279884.8828125,26-30,1440,154,26_c
RWW16,1357532.8828125,31-33,720,263,31_b
RWW16,1359204.8828125,31-33,962,549,32_c
RWW16,1360460.8828125,31-33,970,544,32_c
RWW16,1360708.8828125,31-33,955,526,32_c
RWW16,1362940.8828125,31-33,730,821,33_b
RWW16,1364196.8828125,31-33,1564,937,continue
RWW16,1365628.8823242188,31-33,1536,940,continue
RWW16,1369716.8828125,34-36,1162,263,34_d
RWW16,1375076.8823242188,34-36,723,559,35_b
RWW16,1378356.8828125,34-36,970,818,36_c
RWW16,1379292.8828125,34-36,1523,928,continue
RWW16,1386996.8828125,37-39,1438,272,37_e
RWW16,1392340.8828125,37-39,1206,568,38_d
RWW16,1415756.8828125,37-39,948,826,39_c
RWW16,1432332.8823242188,37-39,1525,931,continue
RWW16,1458156.8828125,40-42,492,315,40_a
RWW16,1486668.8823242188,40-42,471,549,41_a
RWW16,1491196.8828125,40-42,960,555,41_c
RWW16,1499548.8828125,40-42,716,545,41_b
RWW16,1523636.8828125,40-42,967,807,42_c
RWW16,1526739.8828125,40-42,1522,920,continue
RWW16,1531964.8823242188,43-45,481,279,43_a
RWW16,1533828.8828125,43-45,722,529,44_b
RWW16,1628236.8828125,46-48,1216,289,46_d
RWW16,1635316.8828125,46-48,740,536,47_b
RWW16,1647356.8828125,46-48,1199,819,48_d
RWW16,1661228.8828125,46-48,1540,933,continue
RWW16,1665924.8823242188,49-51,729,296,49_b
RWW16,1687324.8828125,49-51,964,560,50_c
RWW16,1704468.8828125,49-51,720,847,51_b
RWW16,1707140.8828125,49-51,487,831,51_a
RWW16,1709172.8828125,49-51,1537,916,continue
RWW16,1718156.8828125,52-54,722,298,52_b
RWW16,1732940.8828125,52-54,1200,306,52_d
RWW16,1749004.8828125,52-54,494,570,53_a
RWW16,1768060.8828125,52-54,963,831,54_c
RWW16,1770404.8828125,52-54,1509,927,continue
RWW16,1788555.8828125,55-56,969,277,55_c
RWW16,1797003.8828125,55-56,1428,578,56_e
RWW16,1798203.8828125,55-56,750,513,56_b
SBF18,19537302.63085937,1-3,1200,242,1_d
SBF18,19540750.63085937,1-3,719,466,2_b
SBF18,19545182.63085937,1-3,1442,697,3_e
SBF18,19546014.63085937,1-3,1537,835,continue
SBF18,19550094.631347656,4-6,485,228,4_a
SBF18,19559110.63085937,4-6,1436,450,5_e
SBF18,19568358.631347656,4-6,722,682,6_b
SBF18,19569526.63085937,4-6,1552,824,continue
SBF18,19579510.63085937,7-9,960,224,7_c
SBF18,19587278.631347656,7-9,964,456,8_c
SBF18,19608382.63085937,7-9,492,679,9_a
SBF18,19609909.63085937,7-9,1508,822,continue
SBF18,19619718.63085937,10-12,1203,221,10_d
SBF18,19648542.631347656,10-12,720,453,11_b
SBF18,19668318.631347656,10-12,965,695,12_c
SBF18,19669334.63085937,10-12,1525,816,continue
SBF18,19681446.63085937,13-15,948,218,13_c
SBF18,19706174.63085937,13-15,1196,459,14_d
SBF18,19745142.63085937,13-15,967,693,15_c
SBF18,19806165.63085937,16-20,1485,156,16_d
SBF18,19812341.63085937,16-20,1344,296,17_a
SBF18,19815621.63085937,16-20,1388,422,18_b
SBF18,19827357.63085937,16-20,1338,569,19_a
SBF18,19843597.63085937,16-20,1391,698,20_b
SBF18,19845157.63085937,16-20,1538,843,continue
SBF18,19860821.63085937,21-25,1379,295,22_b
SBF18,19885117.63085937,21-25,1441,155,21_c
SBF18,19914397.63085937,21-25,1385,700,25_b
SBF18,19939797.63085937,21-25,1483,563,24_d
SBF18,19940797.63085937,21-25,1509,854,continue
SBF18,19956628.63085937,26-30,1444,157,26_c
SBF18,19968708.63085937,26-30,1432,293,27_c
SBF18,20023244.63085937,26-30,1483,563,29_d
SBF18,20030884.63085937,26-30,1535,697,30_e
SBF18,20072164.63085937,31-33,742,271,31_b
SBF18,20075228.63085937,31-33,962,529,32_c
SBF18,20077884.63085937,31-33,727,802,33_b
SBF18,20079252.63085937,31-33,1539,921,continue
SBF18,20081164.63085937,31-33,1544,943,continue
SBF18,20084772.63085937,34-36,1202,282,34_d
SBF18,20089740.63085937,34-36,725,538,35_b
SBF18,20092484.63085937,34-36,502,821,36_a
SBF18,20094372.63085937,34-36,1517,938,continue
SBF18,20101309.63085937,37-39,1435,273,37_e
SBF18,20106957.63085937,37-39,1201,543,38_d
SBF18,20118525.63085937,37-39,1198,805,39_d
SBF18,20120317.63085937,37-39,1521,934,continue
SBF18,20151444.63085937,40-42,490,286,40_a
SBF18,20175876.63085937,40-42,726,544,41_b
SBF18,20187276.63085937,40-42,969,794,42_c
SBF18,20188596.63085937,40-42,1526,919,continue
SBF18,20202788.63085937,43-45,1212,268,43_d
SBF18,20221068.63085937,43-45,1447,520,44_e
SBF18,20245868.63085937,43-45,1466,779,45_e
SBF18,20327131.63085937,46-48,1211,239,46_d
SBF18,20338915.63085937,46-48,722,502,47_b
SBF18,20353243.63085937,46-48,1204,755,48_d
SBF18,20354211.63085937,46-48,1508,932,continue
SBF18,20363004.63085937,49-51,727,234,49_b
SBF18,20371060.63085937,49-51,963,497,50_c
SBF18,20388972.63085937,49-51,451,777,51_a
SBF18,20390587.63085937,49-51,1512,929,continue
SBF18,20399283.63085937,52-54,733,236,52_b
SBF18,20402283.63085937,52-54,728,233,52_b
SBF18,20414979.63085937,52-54,968,234,52_c
SBF18,20424963.631347656,52-54,487,775,54_a
SBF18,20433011.63085937,52-54,974,499,53_c
SBF18,20434219.63085937,52-54,1537,937,continue
SBF18,20455531.63085937,55-56,727,238,55_b
SBF18,20467371.631347656,55-56,964,511,56_c
SBP18,2093242.321777344,1-3,1201,244,1_d
SBP18,2096346.321777344,1-3,725,492,2_b
SBP18,2100538.321777344,1-3,1448,717,3_e
SBP18,2101162.321777344,1-3,1548,852,continue
SBP18,2101714.321777344,1-3,1549,842,continue
SBP18,2104513.321777344,4-6,475,266,4_a
SBP18,2108417.321777344,4-6,1430,509,5_e
SBP18,2119041.321777344,4-6,733,728,6_b
SBP18,2124465.321777344,4-6,1539,832,continue
SBP18,2130601.321777344,7-9,980,265,7_c
SBP18,2133729.321777344,7-9,726,500,8_b
SBP18,2135257.321777344,7-9,940,503,8_c
SBP18,2155401.321777344,7-9,1201,724,9_d
SBP18,2164969.321777344,7-9,1536,814,continue
SBP18,2178201.321777344,10-12,497,274,10_a
SBP18,2199129.321777344,10-12,719,513,11_b
SBP18,2204969.321777344,10-12,483,737,12_a
SBP18,2209041.321777344,10-12,1512,807,continue
SBP18,2209657.321777344,10-12,1564,845,continue
SBP18,2210033.321777344,10-12,1544,831,continue
SBP18,2223225.321777344,13-15,957,272,13_c
SBP18,2244409.321777344,13-15,1211,513,14_d
SBP18,2265913.321777344,13-15,1211,707,15_d
SBP18,2295369.321777344,13-15,1449,733,15_e
SBP18,2366608.321777344,16-20,1488,161,16_d
SBP18,2378224.321777344,16-20,1381,433,18_b
SBP18,2384624.321777344,16-20,1334,298,17_a
SBP18,2391240.321777344,16-20,1336,564,19_a
SBP18,2407720.321777344,16-20,1528,701,20_e
SBP18,2408888.322265625,16-20,1530,852,continue
SBP18,2428631.321777344,21-25,1435,158,21_c
SBP18,2434727.321777344,21-25,1390,299,22_b
SBP18,2462255.321777344,21-25,1340,428,23_a
SBP18,2506855.321777344,21-25,1434,570,24_c
SBP18,2514671.321777344,21-25,1522,695,25_e
SBP18,2516255.321777344,21-25,1534,850,continue
SBP18,2520615.321777344,26-30,1333,164,26_a
SBP18,2541991.321777344,26-30,1539,293,27_e
SBP18,2560959.321777344,26-30,1379,427,28_b
SBP18,2630230.321777344,31-33,730,308,31_b
SBP18,2632374.321777344,31-33,954,587,32_c
SBP18,2634710.321777344,31-33,720,841,33_b
SBP18,2635606.3212890625,31-33,1556,935,continue
SBP18,2638791.3212890625,34-36,1189,316,34_d
SBP18,2646199.3212890625,34-36,731,562,35_b
SBP18,2650439.321777344,34-36,463,832,36_a
SBP18,2651759.321777344,34-36,1522,936,continue
SBP18,2655550.321777344,37-39,1461,315,37_e
SBP18,2659430.321777344,37-39,1189,570,38_d
SBP18,2677502.321777344,37-39,964,831,39_c
SBP18,2678726.321777344,37-39,1541,930,continue
SBP18,2692710.321777344,40-42,493,318,40_a
SBP18,2710030.321777344,40-42,728,571,41_b
SBP18,2736742.321777344,40-42,970,838,42_c
SBP18,2737966.321777344,40-42,1532,923,continue
SBP18,2749654.321777344,43-45,1212,301,43_d
SBP18,2763614.321777344,43-45,1448,558,44_e
SBP18,2802054.321777344,43-45,486,811,45_a
SBP18,2891373.3217773438,46-48,1203,280,46_d
SBP18,2906133.3217773438,46-48,1443,558,47_e
SBP18,2949413.3217773438,46-48,1218,843,48_d
SBP18,2963309.3217773438,46-48,1520,925,continue
SBP18,2972620.3217773438,49-51,721,278,49_b
SBP18,2989220.3217773438,49-51,962,526,50_c
SBP18,3010572.322265625,49-51,478,821,51_a
SBP18,3014116.3217773438,49-51,1541,935,continue
SBP18,3024268.3217773438,52-54,727,307,52_b
SBP18,3040964.3217773438,52-54,512,578,53_a
SBP18,3049268.3217773438,52-54,956,823,54_c
SBP18,3050156.3217773438,52-54,1495,922,continue
SBS20,2082691.141113281,1-3,1192,234,1_d
SBS20,2088619.141113281,1-3,717,462,2_b
SBS20,2099235.141113281,1-3,1431,692,3_e
SBS20,2100787.141113281,1-3,1518,832,continue
SBS20,2105403.141113281,4-6,481,223,4_a
SBS20,2112819.141113281,4-6,1441,453,5_e
SBS20,2119483.141113281,4-6,718,678,6_b
SBS20,2127643.141113281,4-6,1525,822,continue
SBS20,2133995.141113281,7-9,963,226,7_c
SBS20,2147435.141113281,7-9,963,453,8_c
SBS20,2165355.141113281,7-9,1196,682,9_d
SBS20,2169643.141113281,7-9,1515,822,continue
SBS20,2192155.141113281,10-12,482,223,10_a
SBS20,2216155.141113281,10-12,716,462,11_b
SBS20,2233579.141113281,10-12,481,682,12_a
SBS20,2237971.141113281,10-12,1494,816,continue
SBS20,2238826.141113281,10-12,1522,827,continue
SBS20,2266643.141113281,13-15,961,227,13_c
SBS20,2279771.141113281,13-15,1202,458,14_d
SBS20,2353363.141113281,16-20,1487,159,16_d
SBS20,2358419.141113281,16-20,1338,290,17_a
SBS20,2361451.141113281,16-20,1388,428,18_b
SBS20,2369139.141113281,16-20,1329,571,19_a
SBS20,2382227.141113281,16-20,1385,696,20_b
SBS20,2383267.141113281,16-20,1528,856,continue
SBS20,2389059.141113281,21-25,1435,159,21_c
SBS20,2393491.141113281,21-25,1384,286,22_b
SBS20,2410731.141113281,21-25,1390,564,24_b
SBS20,2430691.141113281,21-25,1434,694,25_c
SBS20,2436355.141113281,21-25,1339,427,23_a
SBS20,2437483.141113281,21-25,1527,848,continue
SBS20,2446394.141113281,26-30,1435,161,26_c
SBS20,2455362.1416015625,26-30,1488,294,27_d
SBS20,2473922.141113281,26-30,1492,429,28_d
SBS20,2501930.141113281,26-30,1386,695,30_b
SBS20,2507290.141113281,26-30,1335,561,29_a
SBS20,2520626.141113281,26-30,1537,700,30_e
SBS20,2545354.141113281,26-30,1491,567,29_d
SBS20,2574778.141113281,26-30,1339,705,30_a
SBS20,2580418.141113281,26-30,1539,700,30_e
SBS20,2626850.141113281,31-33,713,274,31_b
SBS20,2630202.141113281,31-33,962,537,32_c
SBS20,2633426.141113281,31-33,721,799,33_b
SBS20,2634938.141113281,31-33,1537,935,continue
SBS20,2639722.141113281,34-36,1206,270,34_d
SBS20,2646882.141113281,34-36,729,536,35_b
SBS20,2649850.141113281,34-36,955,808,36_c
SBS20,2652666.141113281,34-36,480,800,36_a
SBS20,2655242.141113281,34-36,1532,931,continue
SBS20,2659298.141113281,37-39,1442,272,37_e
SBS20,2665002.141113281,37-39,1201,544,38_d
SBS20,2679362.1416015625,37-39,1202,800,39_d
SBS20,2691394.141113281,37-39,1528,938,continue
SBS20,2696898.141113281,40-42,1208,269,40_d
SBS20,2714346.141113281,40-42,722,536,41_b
SBS20,2728610.141113281,40-42,957,805,42_c
SBS20,2739210.1416015625,40-42,1545,925,continue
SBS20,2760674.141113281,43-45,724,274,43_b
SBS20,2908634.1411132812,46-48,1198,236,46_d
SBS20,2935818.1411132812,46-48,1203,762,48_d
SBS20,2952106.1411132812,46-48,716,501,47_b
SBS20,2953778.1411132812,46-48,1506,929,continue
SBS20,2963355.1411132812,49-51,719,235,49_b
SBS20,2976386.1411132812,49-51,719,496,50_b
SBS20,2990378.1411132812,49-51,472,760,51_a
SBS20,2991898.1411132812,49-51,1522,934,continue
SBS20,3005666.1411132812,52-54,1202,239,52_d
SBS20,3026362.1416015625,52-54,955,500,53_c
SBS20,3045114.1411132812,52-54,958,765,54_c
SBS20,3052354.1411132812,52-54,1532,934,continue
SGN25,2516201.33984375,1-3,1204,230,1_d
SGN25,2518073.3393554688,1-3,724,469,2_b
SGN25,2520257.3393554688,1-3,1449,687,3_e
SGN25,2521345.33984375,1-3,1533,842,continue
SGN25,2523192.33984375,4-6,484,231,4_a
SGN25,2533064.33984375,4-6,1448,452,5_e
SGN25,2540720.33984375,4-6,726,687,6_b
SGN25,2542264.33984375,4-6,1533,821,continue
SGN25,2545217.3393554688,7-9,966,225,7_c
SGN25,2554137.33984375,7-9,963,450,8_c
SGN25,2568329.3393554688,7-9,1202,687,9_d
SGN25,2569617.33984375,7-9,1536,824,continue
SGN25,2587480.3393554688,10-12,483,226,10_a
SGN25,2598864.33984375,10-12,735,455,11_b
SGN25,2610889.33984375,10-12,1443,683,12_e
SGN25,2612168.33984375,10-12,1535,818,continue
SGN25,2640160.33984375,13-15,480,233,13_a
SGN25,2658928.33984375,13-15,963,222,13_c
SGN25,2705032.33984375,13-15,1203,467,14_d
SGN25,2750728.33984375,13-15,1452,683,15_e
SGN25,2783927.33984375,16-20,1485,160,16_d
SGN25,2788807.33984375,16-20,1334,299,17_a
SGN25,2795343.33984375,16-20,1390,437,18_b
SGN25,2804735.33984375,16-20,1332,563,19_a
SGN25,2809911.33984375,16-20,1541,695,20_e
SGN25,2810591.33984375,16-20,1521,849,continue
SGN25,2853016.33984375,21-25,1440,165,21_c
SGN25,2862392.33984375,21-25,1371,299,22_b
SGN25,2862680.33984375,21-25,1389,297,22_b
SGN25,2871111.33984375,21-25,1331,429,23_a
SGN25,2882568.33984375,21-25,1450,564,24_c
SGN25,2920295.33984375,21-25,1339,700,25_a
SGN25,2921127.33984375,21-25,1503,839,continue
SGN25,2924239.33984375,21-25,1524,841,continue
SGN25,2965727.33984375,26-30,1439,162,26_c
SGN25,2987079.33984375,26-30,1543,297,27_e
SGN25,3009903.33984375,26-30,1491,429,28_d
SGN25,3072406.33984375,31-33,480,267,31_a
SGN25,3073814.3403320312,31-33,476,534,32_a
SGN25,3076214.33984375,31-33,958,544,32_c
SGN25,3078814.3403320312,31-33,703,807,33_b
SGN25,3080006.33984375,31-33,1526,944,continue
SGN25,3082927.33984375,34-36,1195,269,34_d
SGN25,3088239.33984375,34-36,1436,536,35_e
SGN25,3095335.33984375,34-36,488,800,36_a
SGN25,3096375.33984375,34-36,1515,934,continue
SGN25,3102839.33984375,37-39,1446,273,37_e
SGN25,3105095.33984375,37-39,1451,276,37_e
SGN25,3118119.33984375,37-39,1218,535,38_d
SGN25,3151855.33984375,37-39,1203,801,39_d
SGN25,3163991.33984375,37-39,1498,942,continue
SGN25,3188022.33984375,40-42,478,264,40_a
SGN25,3219830.33984375,40-42,480,538,41_a
SGN25,3351758.33984375,46-48,1202,239,46_d
SGN25,3367486.33984375,46-48,723,502,47_b
SGN25,3434862.33984375,46-48,722,769,48_b
SGN25,3435774.33984375,46-48,1525,932,continue
SGN25,3445710.33984375,49-51,721,236,49_b
SGN25,3482606.33984375,49-51,966,510,50_c
SGN25,3494646.33984375,49-51,484,742,51_a
SGN25,3521029.33984375,49-51,1523,947,continue
SGN25,3521294.33984375,49-51,1531,937,continue
SHS27,19824884.50390625,1-3,1207,244,1_d
SHS27,19828060.50390625,1-3,719,462,2_b
SHS27,19832020.50390625,1-3,1437,694,3_e
SHS27,19833108.50390625,1-3,1533,839,continue
SHS27,19836724.50390625,4-6,486,225,4_a
SHS27,19841388.50390625,4-6,1435,456,5_e
SHS27,19850779.50390625,4-6,715,680,6_b
SHS27,19852356.50390625,4-6,1529,815,continue
SHS27,19859115.50390625,7-9,954,228,7_c
SHS27,19869579.50390625,7-9,721,452,8_b
SHS27,19898267.50390625,7-9,1200,684,9_d
SHS27,19901683.50390625,7-9,1540,822,continue
SHS27,19913652.50390625,10-12,480,232,10_a
SHS27,19923468.50390625,10-12,716,453,11_b
SHS27,19937988.50390625,10-12,1442,681,12_e
SHS27,19948435.50390625,10-12,482,686,12_a
SHS27,19950779.50390625,10-12,1511,819,continue
SHS27,19967515.50390625,13-15,486,221,13_a
SHS27,19980739.50390625,13-15,480,451,14_a
SHS27,19986043.50390625,13-15,958,683,15_c
SHS27,19991515.50390625,13-15,481,680,15_a
SHS27,20004011.50390625,13-15,1435,808,not on any aoi
SHS27,20004291.50439453,13-15,1434,808,not on any aoi
SHS27,20004811.50390625,13-15,1482,824,continue
SHS27,20008403.50390625,13-15,723,843,not on any aoi
SHS27,20012979.50390625,13-15,417,825,back
SHS27,20017235.50390625,10-12,1553,830,continue
SHS27,20017883.50439453,13-15,1524,824,continue
SHS27,20018059.50390625,13-15,1524,824,continue
SHS27,20021987.50390625,13-15,484,493,14_a
SHS27,20023371.50390625,13-15,407,823,back
SHS27,20024915.50390625,10-12,1543,836,continue
SHS27,20025642.50390625,13-15,1541,815,continue
SHS27,20097315.50390625,16-20,1486,161,16_d
SHS27,20102979.50390625,16-20,1335,293,17_a
SHS27,20109083.50390625,16-20,1384,432,18_b
SHS27,20117635.50390625,16-20,1331,562,19_a
SHS27,20120955.50439453,16-20,1537,703,20_e
SHS27,20121659.50439453,16-20,1527,845,continue
SHS27,20136411.50390625,21-25,1427,164,21_c
SHS27,20141827.50390625,21-25,1381,302,22_b
SHS27,20154147.50390625,21-25,1331,434,23_a
SHS27,20166370.50439453,21-25,1337,563,24_a
SHS27,20210443.50390625,21-25,1537,704,25_e
SHS27,20211314.50390625,21-25,1525,848,continue
SHS27,20215602.50390625,26-30,1487,167,26_d
SHS27,20217266.50390625,26-30,409,853,back
SHS27,20220050.50390625,21-25,1527,860,continue
SHS27,20227746.50390625,26-30,1551,294,27_e
SHS27,20228051.50390625,26-30,1542,294,27_e
SHS27,20238282.50390625,26-30,1480,430,28_d
SHS27,20247754.50390625,26-30,1332,568,29_a
SHS27,20253762.50390625,26-30,1533,687,30_e
SHS27,20254130.50390625,26-30,1535,694,30_e
SHS27,20284778.50390625,26-30,1442,159,26_c
SHS27,20293402.50439453,26-30,414,867,not on any aoi
SHS27,20297234.50390625,26-30,388,845,back
SHS27,20326578.50390625,21-25,1332,693,25_a
SHS27,20328962.50439453,21-25,1501,852,continue
SHS27,20363266.50390625,31-33,717,267,31_b
SHS27,20365506.50390625,31-33,960,538,32_c
SHS27,20368010.50390625,31-33,728,806,33_b
SHS27,20369450.50390625,31-33,1540,942,continue
SHS27,20375609.50390625,34-36,1193,274,34_d
SHS27,20379569.50390625,34-36,1200,536,35_d
SHS27,20382057.50390625,34-36,728,538,35_b
SHS27,20386217.50390625,34-36,493,804,36_a
SHS27,20387489.50341797,34-36,1517,928,continue
SHS27,20394321.50390625,37-39,1428,271,37_e
SHS27,20397857.50390625,37-39,1202,538,38_d
SHS27,20402121.50341797,37-39,950,796,39_c
SHS27,20415297.50390625,37-39,1195,800,39_d
SHS27,20436249.50390625,37-39,940,793,39_c
SHS27,20439433.50390625,37-39,1516,929,continue
SHS27,20454225.50390625,40-42,479,273,40_a
SHS27,20468137.50390625,40-42,726,534,41_b
SHS27,20491745.50390625,40-42,1201,800,42_d
SHS27,20498825.50390625,40-42,1498,913,continue
SHS27,20511393.50390625,43-45,720,264,43_b
SHS27,20520233.50390625,43-45,1202,779,45_d
SHS27,20540369.50390625,43-45,484,515,44_a
SHS27,20665152.50390625,46-48,479,233,46_a
SHS27,20681776.50390625,46-48,720,500,47_b
SHS27,20705840.50390625,46-48,473,765,48_a
SHS27,20706984.50390625,46-48,1548,931,continue
SHS27,20712824.50390625,49-51,728,240,49_b
SHS27,20715464.50390625,49-51,484,510,50_a
SHS27,20722592.50390625,49-51,483,761,51_a
SHS27,20723544.50390625,49-51,1552,931,continue
SHS27,20729344.50390625,52-54,475,237,52_a
SHS27,20736504.50390625,52-54,483,502,53_a
SHS27,20741808.50390625,52-54,1192,762,54_d
SHS27,20742528.50390625,52-54,1556,919,continue
SHS27,20750464.50390625,55-56,471,246,55_a
SHS27,20756688.50390625,55-56,720,504,56_b
SIE16,501267.9497070313,1-3,1206,237,1_d
SIE16,505104.94921875,1-3,719,468,2_b
SIE16,508474.94921875,1-3,1446,687,3_e
SIE16,510760.94921875,1-3,1530,844,continue
SIE16,515730.94921875,4-6,484,226,4_a
SIE16,521243.94921875,4-6,1438,454,5_e
SIE16,530226.9497070311,4-6,719,682,6_b
SIE16,533059.94921875,4-6,1530,828,continue
SIE16,540844.94921875,7-9,956,217,7_c
SIE16,547259.94921875,7-9,959,451,8_c
SIE16,560287.94921875,7-9,1199,682,9_d
SIE16,561946.94921875,7-9,1557,824,continue
SIE16,570408.94921875,10-12,1197,226,10_d
SIE16,576306.9497070311,10-12,483,222,10_a
SIE16,583900.94921875,10-12,722,451,11_b
SIE16,598727.9497070311,10-12,489,682,12_a
SIE16,603435.94921875,10-12,1538,820,continue
SIE16,640686.94921875,13-15,962,226,13_c
SIE16,673069.94921875,13-15,1202,453,14_d
SIE16,695347.94921875,13-15,1441,687,15_e
SIE16,761735.94921875,16-20,1489,158,16_d
SIE16,768475.94921875,16-20,1334,298,17_a
SIE16,777239.94921875,16-20,1383,426,18_b
SIE16,791999.94921875,16-20,1539,706,20_e
SIE16,796687.94921875,16-20,1343,558,19_a
SIE16,799418.9497070312,16-20,1528,861,continue
SIE16,818220.94921875,21-25,1388,160,21_b
SIE16,833698.94921875,21-25,1328,160,21_a
SIE16,848775.94921875,21-25,1382,427,23_b
SIE16,853406.9487304688,21-25,1393,291,22_b
SIE16,867317.94921875,21-25,1539,698,25_e
SIE16,879536.94921875,21-25,1387,564,24_b
SIE16,881417.94921875,21-25,1518,844,continue
SIE16,906461.94921875,26-30,1534,293,27_e
SIE16,949425.94921875,26-30,1539,164,26_e
SIE16,974894.94921875,26-30,1541,698,30_e
SIE16,985290.94921875,26-30,1389,426,28_b
SIE16,990174.94921875,26-30,1482,562,29_d
SIE16,1032948.94921875,31-33,721,266,31_b
SIE16,1038456.94921875,31-33,965,536,32_c
SIE16,1042369.94921875,31-33,719,807,33_b
SIE16,1044594.94921875,31-33,1517,925,continue
SIE16,1049993.94921875,34-36,1199,266,34_d
SIE16,1057138.94921875,34-36,1192,532,35_d
SIE16,1064286.94921875,34-36,475,805,36_a
SIE16,1066480.94921875,34-36,1533,937,continue
SIE16,1078860.94921875,37-39,1447,270,37_e
SIE16,1086110.9487304688,37-39,1203,537,38_d
SIE16,1099840.94921875,37-39,968,803,39_c
SIE16,1102337.94921875,37-39,1551,926,continue
SIE16,1112941.94921875,40-42,484,264,40_a
SIE16,1128276.94921875,40-42,727,536,41_b
SIE16,1142974.94921875,40-42,959,803,42_c
SIE16,1147394.94921875,40-42,1548,914,continue
SIE16,1163802.94921875,43-45,1198,270,43_d
SIE16,1167802.94921875,43-45,728,267,43_b
SIE16,1180243.94921875,43-45,1201,268,43_d
SIE16,1310459.94921875,46-48,1198,237,46_d
SIE16,1317599.94921875,46-48,720,498,47_b
SIE16,1326055.94921875,46-48,1197,763,48_d
SIE16,1327451.9497070312,46-48,1520,924,continue
SIE16,1334824.94921875,49-51,721,230,49_b
SIE16,1355988.94921875,49-51,962,499,50_c
SIE16,1362268.94921875,49-51,479,758,51_a
SIE16,1364543.9497070312,49-51,1539,933,continue
SIE16,1375875.94921875,52-54,1203,235,52_d
SIE16,1386206.94921875,52-54,482,498,53_a
SIE16,1406637.94921875,52-54,481,764,54_a
SIE16,1409104.94921875,52-54,1533,924,continue
SIE16,1424638.94921875,55-56,720,497,56_b
SIE16,1435694.94921875,55-56,957,235,55_c
SJB24,19587090.35205078,1-3,1211,291,1_d
SJB24,19589930.35205078,1-3,712,517,2_b
SJB24,19592834.35205078,1-3,1461,746,3_e
SJB24,19593770.35205078,1-3,1521,832,continue
SJB24,19597026.35205078,4-6,486,268,4_a
SJB24,19600994.35205078,4-6,1427,502,5_e
SJB24,19607890.35205078,4-6,728,742,6_b
SJB24,19608946.35205078,4-6,1530,819,continue
SJB24,19614370.35205078,7-9,941,260,7_c
SJB24,19623834.35205078,7-9,952,507,8_c
SJB24,19629010.35205078,7-9,1196,741,9_d
SJB24,19630938.35205078,7-9,1500,830,continue
SJB24,19649586.35205078,10-12,488,279,10_a
SJB24,19661810.35205078,10-12,713,516,11_b
SJB24,19678458.35205078,10-12,492,746,12_a
SJB24,19679786.35205078,10-12,1535,825,continue
SJB24,19701858.35205078,13-15,949,279,13_c
SJB24,19717842.35205078,13-15,1190,496,14_d
SJB24,19746794.35205078,13-15,1455,718,15_e
SJB24,19840258.35205078,16-20,1484,165,16_d
SJB24,19848250.35205078,16-20,1336,295,17_a
SJB24,19851850.35205078,16-20,1385,424,18_b
SJB24,19857346.35205078,16-20,1339,573,19_a
SJB24,19865170.35205078,16-20,1559,697,20_e
SJB24,19868106.35205078,16-20,1530,852,continue
SJB24,19876858.35205078,21-25,1437,166,21_c
SJB24,19880674.35205078,21-25,1391,294,22_b
SJB24,19888042.35205078,21-25,1334,429,23_a
SJB24,19903738.35205078,21-25,1430,563,24_c
SJB24,19910786.35205078,21-25,1340,695,25_a
SJB24,19915938.35205078,21-25,1533,702,25_e
SJB24,19918034.35205078,21-25,1517,856,continue
SJB24,19929058.35205078,26-30,1490,166,26_d
SJB24,19937698.35205078,26-30,1440,159,26_c
SJB24,19950154.35205078,26-30,1534,298,27_e
SJB24,19961746.35205078,26-30,1485,435,28_d
SJB24,19994498.35205078,26-30,1485,565,29_d
SJB24,20016858.35205078,26-30,1434,703,30_c
SJB24,20051090.35205078,26-30,942,846,not on any aoi
SJB24,20116865.352539066,31-33,725,267,31_b
SJB24,20121177.35205078,31-33,958,560,32_c
SJB24,20125249.35205078,31-33,729,838,33_b
SJB24,20126585.35205078,31-33,1514,935,continue
SJB24,20130681.35205078,34-36,1211,326,34_d
SJB24,20139521.35205078,34-36,721,584,35_b
SJB24,20144209.35205078,34-36,498,852,36_a
SJB24,20146809.35205078,34-36,1532,934,continue
SJB24,20151633.35205078,37-39,1461,310,37_e
SJB24,20157129.35205078,37-39,1175,564,38_d
SJB24,20179073.35205078,37-39,984,830,39_c
SJB24,20180337.35205078,37-39,1518,938,continue
SJB24,20190593.35205078,40-42,500,305,40_a
SJB24,20211617.35205078,40-42,731,573,41_b
SJB24,20261305.35205078,40-42,1429,839,42_e
SJB24,20270273.352539066,40-42,962,836,42_c
SJB24,20271465.35205078,40-42,1515,921,continue
SJB24,20279313.35205078,43-45,1190,301,43_d
SJB24,20284145.35205078,43-45,1439,560,44_e
SJB24,20290465.35205078,43-45,470,810,45_a
SJB24,20364769.35205078,46-48,1201,245,46_d
SJB24,20369977.35205078,46-48,720,504,47_b
SJB24,20393673.35205078,46-48,717,835,48_b
SJB24,20394865.352539066,46-48,1529,923,continue
SJB24,20408057.35205078,49-51,720,302,49_b
SJB24,20419537.35205078,49-51,722,577,50_b
SJB24,20465273.352539066,49-51,986,571,50_c
SJB24,20479832.352539066,49-51,487,825,51_a
SJB24,20481168.35205078,49-51,1554,924,continue
SJB24,20491472.35205078,52-54,718,305,52_b
SJB24,20509856.35205078,52-54,741,585,53_b
SJB24,20512984.35205078,52-54,949,570,53_c
SJB24,20527048.352539066,52-54,494,582,53_a
SJN12,583533.541015625,1-3,1203,232,1_d
SJN12,586549.541015625,1-3,720,467,2_b
SJN12,589861.541015625,1-3,1442,695,3_e
SJN12,591021.541015625,1-3,1521,840,continue
SJN12,594285.541015625,4-6,481,223,4_a
SJN12,601213.541015625,4-6,1444,447,5_e
SJN12,605253.541015625,4-6,713,677,6_b
SJN12,606493.541015625,4-6,1528,825,continue
SJN12,611798.5405273439,7-9,964,218,7_c
SJN12,615030.541015625,7-9,958,451,8_c
SJN12,627862.541015625,7-9,1202,686,9_d
SJN12,631406.541015625,7-9,1537,833,continue
SJN12,641949.541015625,10-12,481,223,10_a
SJN12,647549.541015625,10-12,1200,448,11_d
SJN12,656293.541015625,10-12,1201,681,12_d
SJN12,658013.541015625,10-12,1529,826,continue
SJN12,665758.541015625,13-15,959,218,13_c
SJN12,683926.541015625,13-15,1201,449,14_d
SJN12,703662.541015625,13-15,960,678,15_c
SJN12,714366.541015625,13-15,477,680,15_a
SJN12,808077.541015625,13-15,1201,682,15_d
SJN12,863869.541015625,16-20,1488,162,16_d
SJN12,867389.541015625,16-20,1333,297,17_a
SJN12,871525.541015625,16-20,1384,429,18_b
SJN12,877149.541015625,16-20,1337,567,19_a
SJN12,887773.541015625,16-20,1533,701,20_e
SJN12,889269.541015625,16-20,1533,853,continue
SJN12,903893.541015625,21-25,1433,164,21_c
SJN12,908709.541015625,21-25,1390,291,22_b
SJN12,913485.541015625,21-25,1332,428,23_a
SJN12,938621.541015625,21-25,1336,569,24_a
SJN12,953981.541015625,21-25,1332,697,25_a
SJN12,954869.541015625,21-25,1525,853,continue
SJN12,973949.541015625,26-30,1432,160,26_c
SJN12,995732.541015625,26-30,1533,294,27_e
SJN12,1021052.541015625,26-30,1483,430,28_d
SJN12,1038996.541015625,26-30,1337,566,29_a
SJN12,1058636.541015625,26-30,1337,700,30_a
SJN12,1131364.541015625,31-33,723,266,31_b
SJN12,1133644.541015625,31-33,964,544,32_c
SJN12,1135348.541015625,31-33,723,797,33_b
SJN12,1136340.541015625,31-33,1551,936,continue
SJN12,1141533.541015625,34-36,1199,271,34_d
SJN12,1146485.541015625,34-36,724,529,35_b
SJN12,1149141.541015625,34-36,473,803,36_a
SJN12,1150501.541015625,34-36,1524,940,continue
SJN12,1156781.541015625,37-39,1441,270,37_e
SJN12,1160637.541015625,37-39,1197,538,38_d
SJN12,1168581.541015625,37-39,959,801,39_c
SJN12,1186293.541015625,37-39,1546,933,continue
SJN12,1203764.5415039062,40-42,482,269,40_a
SJN12,1235564.541015625,40-42,960,538,41_c
SJN12,1253892.541015625,40-42,960,801,42_c
SJN12,1257852.541015625,40-42,1524,922,continue
SJN12,1276564.541015625,43-45,1200,273,43_d
SJN12,1297292.541015625,43-45,475,514,44_a
SJN12,1388188.541015625,46-48,1197,242,46_d
SJN12,1396708.541015625,46-48,1438,503,47_e
SJN12,1433012.541015625,46-48,723,765,48_b
SJN12,1434228.541015625,46-48,1540,920,continue
SJN12,1442260.541015625,49-51,720,236,49_b
SJN12,1470196.541015625,49-51,960,499,50_c
SJN12,1479220.541015625,49-51,483,761,51_a
SJN12,1480476.541015625,49-51,1514,922,continue
SJN12,1489796.541015625,52-54,718,233,52_b
SJN12,1504628.541015625,52-54,476,504,53_a
SJN12,1519884.541015625,52-54,479,765,54_a
SJN12,1521100.5415039062,52-54,1529,934,continue
SJN12,1551036.541015625,55-56,484,233,55_a
SKA02,20041417.51220703,1-3,1201,237,1_d
SKA02,20046905.51220703,1-3,727,469,2_b
SKA02,20053753.51220703,1-3,1448,692,3_e
SKA02,20054649.51220703,1-3,1528,831,continue
SKA02,20060625.51220703,4-6,488,222,4_a
SKA02,20069281.51220703,4-6,1443,454,5_e
SKA02,20083321.51220703,4-6,721,682,6_b
SKA02,20084713.51220703,4-6,1522,832,continue
SKA02,20101378.51220703,7-9,960,226,7_c
SKA02,20124618.51171875,7-9,961,459,8_c
SKA02,20139818.51220703,7-9,1199,690,9_d
SKA02,20149098.51220703,7-9,1521,823,continue
SKA02,20181089.51220703,10-12,482,221,10_a
SKA02,20233625.51220703,10-12,716,457,11_b
SKA02,20255017.51220703,10-12,484,683,12_a
SKA02,20265161.51220703,10-12,1530,820,continue
SKA02,20300865.51220703,16-20,1518,856,continue
SKA02,20312841.51220703,21-25,408,848,back
SKA02,20313481.51220703,16-20,403,848,back
SKA02,20340713.51220703,16-20,414,856,back
SKA02,20361897.51220703,16-20,371,848,back
SKA02,20393953.51220703,16-20,1478,161,16_d
SKA02,20403065.51220703,16-20,1336,299,17_a
SKA02,20417137.51220703,16-20,1381,428,18_b
SKA02,20450521.51220703,16-20,1325,563,19_a
SKA02,20459145.51220703,16-20,1537,700,20_e
SKA02,20487008.51220703,16-20,1338,694,20_a
SKA02,20508328.512695312,16-20,1538,693,20_e
SKA02,20517112.51220703,16-20,1326,699,20_a
SKA02,20517464.51220703,16-20,1330,699,20_a
SKA02,20530648.51220703,31-33,379,929,back
SKA02,20539424.51220703,31-33,478,272,31_a
SKA02,20545248.51220703,31-33,957,531,32_c
SKA02,20549800.51220703,31-33,729,803,33_b
SKA02,20551104.512695312,31-33,1537,942,continue
SKA02,20558400.512695312,34-36,1202,270,34_d
SKA02,20563992.512695312,34-36,723,536,35_b
SKA02,20571024.51220703,34-36,481,805,36_a
SKA02,20572144.512695312,34-36,1546,942,continue
SKA02,20578912.51220703,37-39,1439,271,37_e
SKA02,20586865.51220703,37-39,1197,540,38_d
SKA02,20606648.51220703,37-39,966,804,39_c
SKA02,20616824.51220703,37-39,1540,930,continue
SKA02,20644408.51220703,40-42,486,267,40_a
SKA02,20695752.51220703,40-42,718,545,41_b
SKA02,20816343.51171875,46-48,1202,245,46_d
SKA02,20849807.51220703,46-48,1442,507,47_e
SKA02,20889279.51220703,46-48,1204,771,48_d
SKA02,20892055.51220703,46-48,1517,928,continue
SKA02,20905423.51220703,49-51,720,238,49_b
SKA02,20930151.51171875,49-51,965,504,50_c
SKA02,20956143.51220703,49-51,478,773,51_a
SKA02,20963511.51220703,49-51,1534,940,continue
SKW22,16197198.525878904,1-3,1204,248,1_d
SKW22,16201750.525878904,1-3,723,469,2_b
SKW22,16203902.525878904,1-3,1438,698,3_e
SKW22,16205614.525878904,1-3,1524,837,continue
SKW22,16208174.525390625,4-6,483,224,4_a
SKW22,16220006.525878904,4-6,1438,456,5_e
SKW22,16225918.525878904,4-6,738,680,6_b
SKW22,16228742.525878904,4-6,1533,825,continue
SKW22,16233750.525878904,7-9,962,228,7_c
SKW22,16242030.525878904,7-9,733,459,8_b
SKW22,16250214.525878904,7-9,1197,682,9_d
SKW22,16251382.525878904,7-9,1543,837,continue
SKW22,16263933.525878904,10-12,1207,224,10_d
SKW22,16272997.525878904,10-12,733,455,11_b
SKW22,16284389.525878904,10-12,1444,685,12_e
SKW22,16292461.525878904,10-12,943,682,12_c
SKW22,16292869.525878904,10-12,966,685,12_c
SKW22,16294197.525878904,10-12,1512,824,continue
SKW22,16334093.525878904,13-15,981,229,13_c
SKW22,16354965.525878904,13-15,1449,460,14_e
SKW22,16361221.525878904,13-15,1202,464,14_d
SKW22,16401653.525878904,13-15,719,690,15_b
SKW22,16407045.525878904,13-15,935,802,not on any aoi
SKW22,16461732.526367188,16-20,1482,153,16_d
SKW22,16464932.525878904,16-20,1334,298,17_a
SKW22,16467964.525878904,16-20,1383,424,18_b
SKW22,16480964.525878904,16-20,1333,562,19_a
SKW22,16498140.526367188,16-20,1536,694,20_e
SKW22,16498828.525878904,16-20,1527,858,continue
SKW22,16506588.525878904,21-25,1430,157,21_c
SKW22,16512004.525878904,21-25,1387,300,22_b
SKW22,16527172.525878904,21-25,1381,428,23_b
SKW22,16539612.525878904,21-25,1438,565,24_c
SKW22,16563700.525878904,21-25,1538,700,25_e
SKW22,16564308.525878904,21-25,1521,861,continue
SKW22,16603628.525878904,26-30,1380,289,27_b
SKW22,16629516.525878904,26-30,1336,159,26_a
SKW22,16651020.525878904,26-30,1482,561,29_d
SKW22,16653956.526367188,26-30,1441,443,28_c
SKW22,16672244.525878904,26-30,1479,703,30_d
SKW22,16682044.525878904,26-30,1337,703,30_a
SKW22,16728012.525878904,31-33,722,267,31_b
SKW22,16731596.525878904,31-33,961,548,32_c
SKW22,16735412.525878904,31-33,725,805,33_b
SKW22,16737532.525878904,31-33,1515,934,continue
SKW22,16741987.525878904,34-36,1205,284,34_d
SKW22,16746484.525878904,34-36,722,551,35_b
SKW22,16751355.525878904,34-36,485,798,36_a
SKW22,16752187.525390625,34-36,1553,937,continue
SKW22,16759700.525878904,37-39,1439,269,37_e
SKW22,16764380.525878904,37-39,1204,547,38_d
SKW22,16778116.525878906,37-39,1197,806,39_d
SKW22,16778956.526367188,37-39,1548,925,continue
SKW22,16805843.525878906,40-42,480,271,40_a
SKW22,16820243.525878906,40-42,1212,549,41_d
SKW22,16835363.525878906,40-42,964,807,42_c
SKW22,16837027.525878906,40-42,1522,923,continue
SKW22,16855403.525878906,43-45,726,271,43_b
SKW22,16902523.525390625,43-45,473,523,44_a
SKW22,17009746.525390625,46-48,1209,234,46_d
SKW22,17022138.525878906,46-48,755,482,47_b
SKW22,17023042.525390625,46-48,715,499,47_b
SKW22,17052146.525878906,46-48,491,776,48_a
SKW22,17056138.525878906,46-48,1534,940,continue
SKW22,17064226.525390625,49-51,720,262,49_b
SKW22,17081874.525878906,49-51,978,502,50_c
SKW22,17091322.525878906,49-51,465,835,51_a
SKW22,17092314.525878906,49-51,1533,926,continue
SKW22,17116578.525878906,52-54,1192,280,52_d
SKW22,17130514.525878906,52-54,465,546,53_a
SKW22,17140690.525878906,52-54,491,818,54_a
SKW22,17142146.525878906,52-54,1517,934,continue
SKW22,17175489.525878906,55-56,1441,535,56_e
SKW22,17178265.525878906,55-56,1179,300,55_d
SKW22,17182609.525878906,55-56,950,303,55_c
SMK23,2441637.728027344,1-3,1196,240,1_d
SMK23,2444517.728027344,1-3,721,471,2_b
SMK23,2446949.728027344,1-3,1438,697,3_e
SMK23,2448101.728027344,1-3,1539,837,continue
SMK23,2451805.728027344,4-6,487,222,4_a
SMK23,2454789.728027344,4-6,718,451,5_b
SMK23,2465901.728027344,4-6,1446,457,5_e
SMK23,2477597.728027344,4-6,713,680,6_b
SMK23,2478933.728027344,4-6,1520,826,continue
SMK23,2483701.728027344,7-9,943,233,7_c
SMK23,2488101.728027344,7-9,957,448,8_c
SMK23,2493933.728027344,7-9,1199,682,9_d
SMK23,2495125.728027344,7-9,1504,825,continue
SMK23,2507541.728027344,10-12,487,222,10_a
SMK23,2513237.728027344,10-12,1208,219,10_d
SMK23,2521013.728027344,10-12,1208,452,11_d
SMK23,2529933.728027344,10-12,477,681,12_a
SMK23,2532661.728027344,10-12,1528,835,continue
SMK23,2541196.728027344,13-15,478,225,13_a
SMK23,2546612.728027344,13-15,959,230,13_c
SMK23,2559388.728027344,13-15,1204,454,14_d
SMK23,2572572.728027344,13-15,739,685,15_b
SMK23,2573356.728027344,13-15,401,815,back
SMK23,2580029.728027344,10-12,1557,822,continue
SMK23,2612133.728027344,13-15,1199,682,15_d
SMK23,2616652.728027344,13-15,1450,682,15_e
SMK23,2642829.728027344,13-15,1448,456,14_e
SMK23,2695101.728027344,16-20,1491,167,16_d
SMK23,2709613.728027344,16-20,1339,308,17_a
SMK23,2720045.728027344,16-20,1396,438,18_b
SMK23,2736525.728027344,16-20,1317,573,19_a
SMK23,2751317.728027344,16-20,1489,702,20_d
SMK23,2754845.728027344,16-20,1542,870,continue
SMK23,2759997.728027344,16-20,1394,708,20_b
SMK23,2761373.728027344,16-20,1517,857,continue
SMK23,2782269.728027344,21-25,1439,170,21_c
SMK23,2794005.728027344,21-25,1374,298,22_b
SMK23,2808933.728027344,21-25,1340,431,23_a
SMK23,2820957.7280273438,21-25,1356,577,24_a
SMK23,2850477.7280273438,21-25,1375,713,25_b
SMK23,2865629.7280273438,21-25,1541,697,25_e
SMK23,2866621.7280273438,21-25,1555,853,continue
SMK23,2881748.7280273438,26-30,1419,171,26_c
SMK23,2891588.7280273438,26-30,1439,302,27_c
SMK23,2903420.7280273438,26-30,1502,291,27_d
SMK23,2920092.7280273438,26-30,1479,434,28_d
SMK23,2931988.7280273438,26-30,1382,571,29_b
SMK23,2971845.7280273438,31-33,718,291,31_b
SMK23,2975357.7280273438,31-33,972,545,32_c
SMK23,2978813.7280273438,31-33,734,819,33_b
SMK23,2979957.7280273438,31-33,1546,927,continue
SMK23,2984757.7280273438,34-36,1198,272,34_d
SMK23,2988421.7280273438,34-36,1425,543,35_e
SMK23,2992109.7280273438,34-36,733,533,35_b
SMK23,2995261.7280273438,34-36,952,832,36_c
SMK23,2996525.7280273438,34-36,1511,940,continue
SMK23,2999253.7280273438,34-36,489,817,36_a
SMK23,3000485.7280273438,34-36,1551,951,continue
SMK23,3001661.7280273438,34-36,1540,940,continue
SMK23,3006349.7280273438,37-39,1449,282,37_e
SMK23,3013845.7280273438,37-39,501,540,38_a
SMK23,3024317.7280273438,37-39,1204,805,39_d
SMK23,3025493.7280273438,37-39,1544,944,continue
SMK23,3030581.7280273438,37-39,1550,937,continue
SMK23,3037301.7280273438,40-42,949,282,40_c
SMK23,3051797.7280273438,40-42,732,527,41_b
SMK23,3070605.7280273438,40-42,1193,816,42_d
SMK23,3074245.7280273438,40-42,953,801,42_c
SMK23,3078229.7280273438,40-42,720,805,42_b
SMK23,3081725.7280273438,40-42,1555,924,continue
SMK23,3091853.7280273438,43-45,730,270,43_b
SMK23,3107621.7280273438,43-45,1445,527,44_e
SMK23,3120597.7280273438,43-45,970,774,45_c
SMK23,3136885.7280273438,43-45,481,770,45_a
SMK23,3204829.7280273438,46-48,1200,242,46_d
SMK23,3220437.7280273438,46-48,722,511,47_b
SMK23,3227861.7280273438,46-48,1190,779,48_d
SMK23,3231541.7280273438,46-48,1556,938,continue
SMK23,3237869.7280273438,46-48,1542,932,continue
SMK23,3252549.7280273438,49-51,724,247,49_b
SMK23,3277725.7280273438,49-51,957,499,50_c
SMK23,3287997.7280273438,49-51,503,510,50_a
SMK23,3304765.7280273438,49-51,505,785,51_a
SMK23,3312317.7280273438,49-51,488,766,51_a
SMK23,3323837.7280273438,49-51,1206,775,51_d
SMK23,3324773.7280273438,49-51,1543,940,continue
SMK23,3336685.7280273438,52-54,724,291,52_b
SMK23,3352605.7280273438,52-54,483,525,53_a
SML04,1574167.33203125,1-3,1208,236,1_d
SML04,1575911.33203125,1-3,722,463,2_b
SML04,1579695.33203125,1-3,1437,693,3_e
SML04,1581151.33203125,1-3,1518,834,continue
SML04,1584686.33203125,4-6,474,223,4_a
SML04,1596542.33203125,4-6,1437,457,5_e
SML04,1605367.33203125,4-6,719,674,6_b
SML04,1606870.3325195312,4-6,1536,823,continue
SML04,1610615.33203125,7-9,957,219,7_c
SML04,1617759.33203125,7-9,963,448,8_c
SML04,1633375.33203125,7-9,1201,681,9_d
SML04,1634791.3325195312,7-9,1516,829,continue
SML04,1649023.33203125,10-12,720,226,10_b
SML04,1658239.33203125,10-12,482,223,10_a
SML04,1674271.3325195312,10-12,719,453,11_b
SML04,1688855.33203125,10-12,478,684,12_a
SML04,1690135.33203125,10-12,1516,838,continue
SML04,1714543.33203125,13-15,1206,220,13_d
SML04,1729431.33203125,13-15,1202,453,14_d
SML04,1770111.33203125,13-15,1446,683,15_e
SML04,1839983.33203125,16-20,1490,156,16_d
SML04,1842999.33203125,16-20,1340,296,17_a
SML04,1845511.33203125,16-20,1384,431,18_b
SML04,1850503.33203125,16-20,1334,566,19_a
SML04,1856263.33203125,16-20,1533,700,20_e
SML04,1857791.3325195312,16-20,1519,854,continue
SML04,1866455.3325195312,21-25,1433,161,21_c
SML04,1871575.33203125,21-25,1390,294,22_b
SML04,1885999.33203125,21-25,1341,443,23_a
SML04,1895943.33203125,21-25,1433,567,24_c
SML04,1917647.33203125,21-25,1540,697,25_e
SML04,1920247.33203125,21-25,1523,848,continue
SML04,1932703.33203125,26-30,1433,159,26_c
SML04,1945567.3325195312,26-30,1539,298,27_e
SML04,1964631.33203125,26-30,1487,436,28_d
SML04,2016479.33203125,26-30,1337,706,30_a
SML04,2061959.33203125,26-30,1539,568,29_e
SML04,2101360.33203125,31-33,729,267,31_b
SML04,2106040.33203125,31-33,964,541,32_c
SML04,2109352.33203125,31-33,724,800,33_b
SML04,2110784.33203125,31-33,1518,944,continue
SML04,2114392.33203125,34-36,1194,270,34_d
SML04,2121872.33203125,34-36,713,541,35_b
SML04,2127040.33203125,34-36,487,799,36_a
SML04,2129016.33203125,34-36,1525,935,continue
SML04,2133231.33203125,37-39,1447,280,37_e
SML04,2140015.33203125,37-39,479,542,38_a
SML04,2153559.33203125,37-39,965,803,39_c
SML04,2161783.33203125,37-39,1534,932,continue
SML04,2189967.33203125,40-42,483,269,40_a
SML04,2202151.33203125,40-42,722,548,41_b
SML04,2218679.3325195312,40-42,959,801,42_c
SML04,2221383.3325195312,40-42,1530,921,continue
SML04,2228655.33203125,43-45,1207,279,43_d
SML04,2229231.33203125,43-45,1207,274,43_d
SML04,2245863.3325195312,43-45,1439,526,44_e
SML04,2272527.33203125,43-45,1199,776,45_d
SML04,2341560.33203125,46-48,1199,242,46_d
SML04,2347472.33203125,46-48,719,505,47_b
SML04,2362296.33203125,46-48,717,774,48_b
SML04,2363560.33203125,46-48,1544,939,continue
SML04,2372727.33203125,49-51,724,236,49_b
SML04,2385671.33203125,49-51,961,505,50_c
SML04,2400927.33203125,49-51,474,762,51_a
SML04,2403031.33203125,49-51,1536,934,continue
SML04,2414871.33203125,52-54,1201,234,52_d
SML04,2439831.33203125,52-54,485,496,53_a
SML04,2463919.33203125,52-54,478,766,54_a
SML04,2470287.33203125,52-54,1529,926,continue
SML04,2499271.3325195312,55-56,959,242,55_c
SML04,2517535.33203125,55-56,724,504,56_b
SPW16,2246116.1440429688,1-3,1197,241,1_d
SPW16,2249508.1440429688,1-3,719,471,2_b
SPW16,2254996.1440429688,1-3,1442,702,3_e
SPW16,2255868.14453125,1-3,1533,840,continue
SPW16,2259540.14453125,4-6,480,252,4_a
SPW16,2265428.14453125,4-6,1426,499,5_e
SPW16,2279060.1440429688,4-6,724,731,6_b
SPW16,2280172.1440429688,4-6,1537,829,continue
SPW16,2287364.1440429688,7-9,965,270,7_c
SPW16,2296660.1440429688,7-9,949,487,8_c
SPW16,2308044.1440429688,7-9,1188,736,9_d
SPW16,2309044.1440429688,7-9,1524,827,continue
SPW16,2319579.1440429688,10-12,1203,266,10_d
SPW16,2326443.1440429688,10-12,728,499,11_b
SPW16,2341659.1435546875,10-12,485,731,12_a
SPW16,2343339.1440429688,10-12,1539,825,continue
SPW16,2355404.1440429688,13-15,493,268,13_a
SPW16,2364556.1440429688,13-15,951,266,13_c
SPW16,2381516.1440429688,13-15,1189,495,14_d
SPW16,2400756.14453125,13-15,1461,722,15_e
SPW16,2493347.1440429688,16-20,1487,161,16_d
SPW16,2500099.1440429688,16-20,1337,293,17_a
SPW16,2503627.1440429688,16-20,1389,433,18_b
SPW16,2508859.1440429688,16-20,1341,565,19_a
SPW16,2515723.1440429688,16-20,1523,697,20_e
SPW16,2516907.1440429688,16-20,1551,844,continue
SPW16,2526587.1435546875,21-25,1438,160,21_c
SPW16,2539963.1440429688,21-25,1536,296,22_e
SPW16,2548163.1440429688,21-25,1332,434,23_a
SPW16,2567307.1440429688,21-25,1393,563,24_b
SPW16,2580267.1440429688,21-25,1488,701,25_d
SPW16,2582419.1440429688,21-25,1535,859,continue
SPW16,2599339.1440429688,26-30,1336,159,26_a
SPW16,2602379.1440429688,26-30,1488,163,26_d
SPW16,2608619.1440429688,26-30,1434,163,26_c
SPW16,2620987.1440429688,26-30,1536,295,27_e
SPW16,2629499.1440429688,26-30,1479,425,28_d
SPW16,2656283.1440429688,26-30,1483,563,29_d
SPW16,2666739.1440429688,26-30,1536,696,30_e
SPW16,2753610.1440429688,31-33,718,293,31_b
SPW16,2756554.1440429688,31-33,969,585,32_c
SPW16,2759410.1440429688,31-33,716,834,33_b
SPW16,2760834.1440429688,31-33,1531,941,continue
SPW16,2765394.1440429688,34-36,1199,313,34_d
SPW16,2768810.1440429688,34-36,1444,568,35_e
SPW16,2771754.1440429688,34-36,485,830,36_a
SPW16,2774298.1440429688,34-36,1515,934,continue
SPW16,2782347.1440429688,37-39,1438,302,37_e
SPW16,2788867.1440429688,37-39,1199,574,38_d
SPW16,2795227.1440429688,37-39,986,847,39_c
SPW16,2802098.1440429688,37-39,1544,937,continue
SPW16,2818122.1440429688,40-42,490,311,40_a
SPW16,2840026.1440429688,40-42,490,572,41_a
SPW16,2867322.1440429688,40-42,956,837,42_c
SPW16,2869082.1440429688,40-42,1553,920,continue
SPW16,2885161.1440429688,43-45,1208,305,43_d
SPW16,3001273.1440429688,46-48,1217,291,46_d
SPW16,3011409.1440429688,46-48,730,554,47_b
SPW16,3024169.1440429688,46-48,1196,843,48_d
SPW16,3025257.14453125,46-48,1518,927,continue
SPW16,3035241.1440429688,49-51,747,302,49_b
SPW16,3059305.1440429688,49-51,953,570,50_c
SPW16,3067065.1440429688,49-51,482,817,51_a
SPW16,3068457.1440429688,49-51,1525,932,continue
SPW16,3078545.1440429688,52-54,719,306,52_b
SPW16,3095969.1440429688,52-54,464,564,53_a
SPW16,3108369.14453125,52-54,495,822,54_a
SPW16,3109537.1440429688,52-54,1533,922,continue
SPW16,3126553.14453125,55-56,503,319,55_a
SPW16,3137225.1440429688,55-56,705,558,56_b
SRB22,19894504.165527344,1-3,1194,236,1_d
SRB22,19897643.165039066,1-3,716,470,2_b
SRB22,19901353.165039066,1-3,1445,698,3_e
SRB22,19903052.16455078,1-3,1525,838,continue
SRB22,19906710.165039066,4-6,485,228,4_a
SRB22,19921200.165039066,4-6,1441,461,5_e
SRB22,19931853.165039066,4-6,725,679,6_b
SRB22,19933403.165039066,4-6,1515,823,continue
SRB22,19937833.165039066,7-9,1435,232,7_e
SRB22,19942953.165039066,7-9,966,449,8_c
SRB22,19955010.165039066,7-9,480,682,9_a
SRB22,19956559.165039066,7-9,1515,823,continue
SRB22,19966704.165039066,10-12,477,223,10_a
SRB22,19973717.165039066,10-12,728,453,11_b
SRB22,19984842.165039066,10-12,1440,691,12_e
SRB22,19986044.165039066,10-12,1511,819,continue
SRB22,19996925.165039066,13-15,476,216,13_a
SRB22,20002422.165039066,13-15,964,453,14_c
SRB22,20008370.165039066,13-15,959,680,15_c
SRB22,20022027.165039066,13-15,1186,814,not on any aoi
SRB22,20064563.165039066,13-15,485,685,15_a
SRB22,20089681.165039066,13-15,1440,447,14_e
SRB22,20156894.165039066,16-20,1489,159,16_d
SRB22,20163458.165039066,16-20,1336,298,17_a
SRB22,20166505.165527344,16-20,1385,435,18_b
SRB22,20174838.165039066,16-20,1338,564,19_a
SRB22,20181640.165039066,16-20,1530,700,20_e
SRB22,20187861.165039066,16-20,1530,853,continue
SRB22,20198232.165039066,21-25,1438,164,21_c
SRB22,20202994.165039066,21-25,1383,295,22_b
SRB22,20209396.165039066,21-25,1341,431,23_a
SRB22,20242876.165039066,21-25,1336,563,24_a
SRB22,20254430.165039066,21-25,1392,698,25_b
SRB22,20255910.165039066,21-25,1537,859,continue
SRB22,20265730.165039066,26-30,1390,159,26_b
SRB22,20274159.165039066,26-30,1542,295,27_e
SRB22,20282613.165039066,26-30,1487,431,28_d
SRB22,20293818.165039066,26-30,1335,567,29_a
SRB22,20354306.165039066,26-30,1434,702,30_c
SRB22,20376733.165039066,26-30,1434,162,26_c
SRB22,20431294.165039066,31-33,723,266,31_b
SRB22,20434993.165039066,31-33,964,544,32_c
SRB22,20437649.165039066,31-33,723,804,33_b
SRB22,20439834.165039066,31-33,1514,937,continue
SRB22,20451110.165039066,34-36,1185,273,34_d
SRB22,20459638.165039066,34-36,713,532,35_b
SRB22,20469310.165039066,34-36,472,797,36_a
SRB22,20471734.165039066,34-36,1516,932,continue
SRB22,20479630.165039066,37-39,1436,268,37_e
SRB22,20485350.165039066,37-39,1203,535,38_d
SRB22,20494230.165039066,37-39,943,822,39_c
SRB22,20501358.165039066,37-39,1505,935,continue
SRB22,20511661.165039066,40-42,474,274,40_a
SRB22,20533685.165039066,40-42,465,539,41_a
SRB22,20544125.165039066,40-42,1209,804,42_d
SRB22,20545341.165039066,40-42,1518,925,continue
SRB22,20561342.165039066,43-45,724,269,43_b
SRB22,20677341.165039066,46-48,1216,238,46_d
SRB22,20693365.165039066,46-48,728,499,47_b
SRB22,20702413.165527344,46-48,1212,768,48_d
SRB22,20706629.165039066,46-48,1538,928,continue
SRB22,20719749.165039066,49-51,1208,236,49_d
SRB22,20729693.165039066,49-51,968,500,50_c
SRB22,20736421.165039066,49-51,963,762,51_c
SRB22,20737917.165039066,49-51,1542,929,continue
SRB22,20755589.165039066,52-54,954,249,52_c
SRB22,20770525.165039066,52-54,960,500,53_c
SRB22,20772437.165039066,52-54,723,758,54_b
SRB22,20774309.165039066,52-54,1534,920,continue
SRB22,20789461.165039066,55-56,480,235,55_a
SRB22,20821388.16455078,55-56,480,508,56_a
SRL17,21206884.953125,1-3,1197,240,1_d
SRL17,21209628.953125,1-3,717,463,2_b
SRL17,21215380.953125,1-3,1431,725,3_e
SRL17,21216364.953125,1-3,1513,838,continue
SRL17,21219308.953125,4-6,478,232,4_a
SRL17,21228556.953125,4-6,1438,452,5_e
SRL17,21242412.953125,4-6,716,683,6_b
SRL17,21253004.953125,4-6,1507,824,continue
SRL17,21258204.953125,7-9,1447,261,7_e
SRL17,21266228.953125,7-9,938,259,7_c
SRL17,21274372.953125,7-9,956,453,8_c
SRL17,21287156.953125,7-9,1206,718,9_d
SRL17,21288644.953125,7-9,1508,824,continue
SRL17,21304380.953125,10-12,485,253,10_a
SRL17,21313500.953125,10-12,705,496,11_b
SRL17,21325068.953125,10-12,482,719,12_a
SRL17,21325764.953125,10-12,481,723,12_a
SRL17,21330444.953125,10-12,1511,827,continue
SRL17,21350012.953125,13-15,961,268,13_c
SRL17,21362508.953125,13-15,725,252,13_b
SRL17,21389716.953125,13-15,1197,490,14_d
SRL17,21447068.953125,16-20,389,851,back
SRL17,21471948.953125,16-20,1488,158,16_d
SRL17,21478356.953125,16-20,1337,293,17_a
SRL17,21485196.953125,16-20,1389,428,18_b
SRL17,21505252.953125,16-20,1334,565,19_a
SRL17,21513724.953125,16-20,1538,698,20_e
SRL17,21514972.953125,16-20,1527,857,continue
SRL17,21536204.953125,21-25,1433,162,21_c
SRL17,21543124.953125,21-25,1382,300,22_b
SRL17,21549844.953125,21-25,1342,429,23_a
SRL17,21568644.953125,21-25,1437,569,24_c
SRL17,21581884.953125,21-25,1535,698,25_e
SRL17,21582868.953125,21-25,1518,853,continue
SRL17,21594515.953125,26-30,1435,159,26_c
SRL17,21626107.953125,26-30,1386,290,27_b
SRL17,21630307.953125,26-30,1431,294,27_c
SRL17,21654107.953125,26-30,1490,431,28_d
SRL17,21671995.953125,26-30,1334,703,30_a
SRL17,21711755.953125,31-33,720,324,31_b
SRL17,21713987.95361328,31-33,972,580,32_c
SRL17,21715660.953125,31-33,716,811,33_b
SRL17,21717659.953125,31-33,1526,932,continue
SRL17,21721603.953125,34-36,1196,314,34_d
SRL17,21727635.953125,34-36,979,571,35_c
SRL17,21730779.953125,34-36,487,845,36_a
SRL17,21733083.953125,34-36,1520,934,continue
SRL17,21739371.953125,37-39,1440,312,37_e
SRL17,21747531.953125,37-39,477,578,38_a
SRL17,21762339.953125,37-39,965,839,39_c
SRL17,21763899.953125,37-39,1526,925,continue
SRL17,21788883.953125,40-42,481,300,40_a
SRL17,21809819.953125,40-42,726,573,41_b
SRL17,21857755.953125,40-42,1200,839,42_d
SRL17,21863435.95361328,40-42,970,842,42_c
SRL17,21869267.953125,40-42,1516,927,continue
SRL17,21873907.953125,43-45,481,271,43_a
SRL17,21874883.953125,43-45,720,275,43_b
SRL17,21886643.953125,43-45,1196,306,43_d
SRL17,21976850.95263672,46-48,1189,237,46_d
SRL17,21988883.953125,46-48,1441,501,47_e
SRL17,22000298.95263672,46-48,1199,765,48_d
SRL17,22002650.953125,46-48,1535,922,continue
SRL17,22014123.953125,49-51,721,238,49_b
SRL17,22025299.953125,49-51,956,508,50_c
SRL17,22033635.953125,49-51,485,764,51_a
SRL17,22044179.953125,49-51,1517,929,continue
SRL17,22059355.953125,52-54,725,238,52_b
SRL17,22077603.953125,52-54,1202,237,52_d
SRL17,22108315.953125,52-54,957,506,53_c
SRL17,22134699.953125,52-54,727,775,54_b
SSH14,2374870.383300781,1-3,1205,234,1_d
SSH14,2377214.3837890625,1-3,720,461,2_b
SSH14,2380638.3837890625,1-3,1436,695,3_e
SSH14,2381494.3837890625,1-3,1527,838,continue
SSH14,2385046.3837890625,4-6,479,227,4_a
SSH14,2390358.3837890625,4-6,1450,454,5_e
SSH14,2395366.3837890625,4-6,724,681,6_b
SSH14,2396750.3837890625,4-6,1514,822,continue
SSH14,2400742.3837890625,7-9,960,222,7_c
SSH14,2403926.3837890625,7-9,723,453,8_b
SSH14,2412798.383300781,7-9,487,686,9_a
SSH14,2413710.3837890625,7-9,1515,834,continue
SSH14,2420213.3837890625,10-12,722,222,10_b
SSH14,2433301.3837890625,10-12,483,451,11_a
SSH14,2441141.3837890625,10-12,478,688,12_a
SSH14,2442581.3837890625,10-12,1536,823,continue
SSH14,2450686.383300781,13-15,484,227,13_a
SSH14,2458582.3837890625,13-15,481,450,14_a
SSH14,2471206.383300781,13-15,1440,687,15_e
SSH14,2476870.383300781,13-15,1530,850,continue
SSH14,2483998.3837890625,13-15,387,832,back
SSH14,2487366.3837890625,10-12,1506,809,continue
SSH14,2487710.3837890625,10-12,1517,822,continue
SSH14,2561157.3837890625,13-15,964,229,13_c
SSH14,2591613.383300781,13-15,1200,456,14_d
SSH14,2594621.3837890625,13-15,406,824,back
SSH14,2607109.3837890625,10-12,726,454,11_b
SSH14,2621053.3837890625,16-20,1486,161,16_d
SSH14,2627373.3837890625,16-20,1337,295,17_a
SSH14,2632117.3837890625,16-20,1387,432,18_b
SSH14,2638701.3837890625,16-20,1342,560,19_a
SSH14,2656445.3837890625,16-20,1532,701,20_e
SSH14,2692212.3837890625,16-20,416,858,back
SSH14,2697821.3837890625,16-20,1538,851,continue
SSH14,2718245.3837890625,21-25,1540,701,25_e
SSH14,2726893.3837890625,21-25,1432,570,24_c
SSH14,2731277.383300781,21-25,1333,434,23_a
SSH14,2737860.3837890625,21-25,1393,290,22_b
SSH14,2748828.3837890625,21-25,1476,159,21_d
SSH14,2750236.3837890625,21-25,1529,853,continue
SSH14,2765628.3837890625,26-30,1437,157,26_c
SSH14,2772972.3837890625,26-30,1338,289,27_a
SSH14,2785380.3837890625,26-30,1339,432,28_a
SSH14,2798924.3837890625,26-30,1338,566,29_a
SSH14,2812804.3837890625,26-30,1491,562,29_d
SSH14,2825044.3837890625,26-30,1439,705,30_c
SSH14,2886028.3837890625,31-33,717,278,31_b
SSH14,2888268.3837890625,31-33,955,538,32_c
SSH14,2889924.3837890625,31-33,720,803,33_b
SSH14,2891316.3837890625,31-33,1517,933,continue
SSH14,2895020.3837890625,34-36,1204,277,34_d
SSH14,2905124.3837890625,34-36,722,540,35_b
SSH14,2911564.3837890625,34-36,488,802,36_a
SSH14,2912884.3837890625,34-36,1521,938,continue
SSH14,2917196.3837890625,37-39,476,269,37_a
SSH14,2919076.3837890625,37-39,1437,274,37_e
SSH14,2927764.3837890625,37-39,1204,539,38_d
SSH14,2938764.3837890625,37-39,962,808,39_c
SSH14,2940100.3837890625,37-39,1538,939,continue
SSH14,2954835.3837890625,40-42,1197,268,40_d
SSH14,2972675.3837890625,40-42,961,533,41_c
SSH14,3005091.3837890625,40-42,1438,802,42_e
SSH14,3005851.3837890625,40-42,1528,916,continue
SSH14,3021108.3837890625,43-45,716,268,43_b
SSH14,3048324.3837890625,43-45,1437,524,44_e
SSH14,3119963.3837890625,46-48,1200,242,46_d
SSH14,3138172.3837890625,46-48,720,507,47_b
SSH14,3151323.3837890625,46-48,721,761,48_b
SSH14,3154363.3837890625,46-48,1511,916,continue
SSH14,3160732.3837890625,49-51,718,239,49_b
SSH14,3176979.3837890625,49-51,961,507,50_c
SSH14,3182396.3837890625,49-51,478,760,51_a
SSH14,3183443.3837890625,49-51,1521,940,continue
SSH14,3200739.3837890625,52-54,1200,242,52_d
SSH14,3217538.3837890625,52-54,481,505,53_a
SSH14,3224458.3837890625,52-54,481,760,54_a
SSH14,3236722.3837890625,52-54,1552,928,continue
SSH14,3273755.3837890625,55-56,1445,503,56_e
SSH14,3292771.3837890625,55-56,482,243,55_a
STC31,13788945.29296875,1-3,1198,232,1_d
STC31,13792209.29296875,1-3,724,468,2_b
STC31,13796161.29296875,1-3,1447,695,3_e
STC31,13796777.29296875,1-3,1541,839,continue
STC31,13800161.29296875,4-6,474,225,4_a
STC31,13811985.29296875,4-6,1443,453,5_e
STC31,13816953.29296875,4-6,725,682,6_b
STC31,13820369.29296875,4-6,1501,819,continue
STC31,13826569.29296875,7-9,478,220,7_a
STC31,13838225.29296875,7-9,962,455,8_c
STC31,13851233.29296875,7-9,1196,683,9_d
STC31,13852185.29296875,7-9,1539,822,continue
STC31,13858602.29296875,10-12,477,225,10_a
STC31,13865362.292480467,10-12,723,445,11_b
STC31,13880594.29296875,10-12,477,698,12_a
STC31,13882257.29296875,10-12,1539,838,continue
STC31,13923817.29296875,13-15,969,217,13_c
STC31,13962489.29296875,13-15,1192,443,14_d
STC31,14015808.29296875,13-15,1444,689,15_e
STC31,14061840.29296875,16-20,1482,157,16_d
STC31,14065624.29296875,16-20,1338,283,17_a
STC31,14072280.29296875,16-20,1390,424,18_b
STC31,14083360.29296875,16-20,1334,568,19_a
STC31,14102752.29296875,16-20,1537,701,20_e
STC31,14103440.29296875,16-20,1545,857,continue
STC31,14120385.29296875,21-25,1437,158,21_c
STC31,14127408.29296875,21-25,1387,297,22_b
STC31,14165168.29296875,21-25,1333,430,23_a
STC31,14195160.29296875,21-25,1436,562,24_c
STC31,14220896.29296875,21-25,1532,696,25_e
STC31,14221544.29296875,21-25,1554,848,continue
STC31,14244319.29296875,26-30,1422,164,26_c
STC31,14268647.29296875,26-30,1544,289,27_e
STC31,14297263.29296875,26-30,1492,424,28_d
STC31,14334831.29296875,31-33,721,268,31_b
STC31,14338879.29296875,31-33,956,534,32_c
STC31,14340503.29296875,31-33,721,802,33_b
STC31,14341807.29296875,31-33,1526,936,continue
STC31,14345479.293457033,34-36,1200,282,34_d
STC31,14355023.29296875,34-36,716,534,35_b
STC31,14359951.29296875,34-36,476,811,36_a
STC31,14361759.29296875,34-36,1537,938,continue
STC31,14367631.29296875,37-39,1435,279,37_e
STC31,14372063.29296875,37-39,1202,543,38_d
STC31,14390687.29296875,37-39,960,802,39_c
STC31,14393558.293457033,37-39,1557,938,continue
STC31,14414102.29296875,40-42,483,263,40_a
STC31,14460606.29296875,40-42,483,537,41_a
STC31,14481206.29296875,40-42,964,806,42_c
STC31,14481974.29296875,40-42,1534,912,continue
STC31,14508247.29296875,43-45,1200,273,43_d
STC31,14621366.293457033,46-48,1201,228,46_d
STC31,14648062.29296875,46-48,719,507,47_b
STC31,14684470.29296875,46-48,1200,762,48_d
STC31,14685222.293457033,46-48,1517,920,continue
STC31,14691853.29296875,49-51,718,237,49_b
STC31,14715269.292480467,49-51,961,501,50_c
STC31,14730165.29296875,49-51,475,822,51_a
STC31,14731077.29296875,49-51,1545,925,continue
STC31,14749373.29296875,52-54,1201,235,52_d
STM20,695064.4790039061,1-3,1191,283,1_d
STM20,701488.4790039061,1-3,725,514,2_b
STM20,704368.4790039062,1-3,1440,750,3_e
STM20,705304.4790039062,1-3,1540,841,continue
STM20,707713.4790039062,4-6,478,223,4_a
STM20,713041.4790039062,4-6,1430,452,5_e
STM20,717289.4790039062,4-6,724,684,6_b
STM20,718721.4790039062,4-6,1522,828,continue
STM20,724353.4790039062,7-9,983,225,7_c
STM20,724673.4790039062,7-9,968,226,7_c
STM20,734833.4790039062,7-9,961,452,8_c
STM20,745777.4790039062,7-9,1201,684,9_d
STM20,746961.4790039062,7-9,1549,818,continue
STM20,753761.4790039062,10-12,482,223,10_a
STM20,760569.4790039062,10-12,716,448,11_b
STM20,770889.4790039062,10-12,482,680,12_a
STM20,772257.4790039062,10-12,1512,830,continue
STM20,783304.4790039062,13-15,484,226,13_a
STM20,799848.4790039062,13-15,1198,450,14_d
STM20,813464.4794921875,13-15,1444,689,15_e
STM20,819168.4794921875,13-15,1141,577,not on any aoi
STM20,822768.4790039062,13-15,418,830,back
STM20,826008.4790039062,10-12,1545,819,continue
STM20,859056.4794921875,13-15,381,829,back
STM20,862248.4790039062,10-12,1531,828,continue
STM20,868792.4790039062,13-15,409,824,back
STM20,869176.4790039062,10-12,407,824,back
STM20,882904.4790039062,7-9,407,825,back
STM20,884487.4790039062,4-6,1546,830,continue
STM20,897784.4790039062,7-9,406,819,back
STM20,910504.4790039062,4-6,407,819,back
STM20,918536.4794921876,1-3,1528,831,continue
STM20,919160.4790039062,4-6,1528,831,continue
STM20,919768.4790039062,7-9,1528,824,continue
STM20,920903.4790039062,10-12,1528,824,continue
STM20,950888.4790039062,16-20,1485,165,16_d
STM20,958080.4790039062,16-20,1339,300,17_a
STM20,962983.4794921876,16-20,1388,434,18_b
STM20,980424.4790039062,16-20,1539,704,20_e
STM20,990231.4790039062,16-20,1342,560,19_a
STM20,991184.4790039062,16-20,1536,851,continue
STM20,1001231.4790039062,21-25,1437,159,21_c
STM20,1006135.4794921876,21-25,1386,293,22_b
STM20,1023423.4790039062,21-25,1343,433,23_a
STM20,1042911.4794921876,21-25,1434,563,24_c
STM20,1058767.4790039062,21-25,1438,704,25_c
STM20,1059519.4790039062,21-25,1543,846,continue
STM20,1075535.4794921877,26-30,1437,165,26_c
STM20,1100863.4790039062,26-30,1485,568,29_d
STM20,1120855.4790039062,26-30,1527,295,27_e
STM20,1137007.4790039062,26-30,1490,434,28_d
STM20,1138655.4794921877,26-30,412,850,back
STM20,1155887.4790039062,21-25,1543,701,25_e
STM20,1159775.4790039062,21-25,380,860,back
STM20,1166263.4790039062,16-20,380,860,back
STM20,1167951.4794921877,16-20,1532,783,20_e
STM20,1168519.4790039062,16-20,1528,845,continue
STM20,1169094.4790039062,21-25,1528,849,continue
STM20,1209415.4790039062,31-33,722,284,31_b
STM20,1212823.4790039062,31-33,960,538,32_c
STM20,1214727.4794921877,31-33,719,804,33_b
STM20,1215991.4790039062,31-33,1556,928,continue
STM20,1219822.4790039062,34-36,1199,271,34_d
STM20,1225494.4790039062,34-36,730,547,35_b
STM20,1230510.4790039062,34-36,489,804,36_a
STM20,1231638.4790039062,34-36,1539,925,continue
STM20,1236022.4790039062,37-39,1434,282,37_e
STM20,1239670.4790039062,37-39,1198,533,38_d
STM20,1255470.4790039062,37-39,961,806,39_c
STM20,1261614.4790039062,37-39,1518,945,continue
STM20,1278038.4790039062,40-42,483,269,40_a
STM20,1304942.4790039062,40-42,483,533,41_a
STM20,1347966.4790039062,40-42,961,811,42_c
STM20,1358078.4790039062,40-42,1550,925,continue
STM20,1374462.4790039062,43-45,1204,275,43_d
STM20,1381638.4790039062,43-45,1439,525,44_e
STM20,1450893.4790039062,46-48,1203,242,46_d
STM20,1463029.4790039062,46-48,726,494,47_b
STM20,1479621.4790039062,46-48,721,744,48_b
STM20,1482573.4790039062,46-48,1536,937,continue
STM20,1487694.4790039062,49-51,725,240,49_b
STM20,1495814.4790039062,49-51,962,503,50_c
STM20,1501510.4790039062,49-51,473,753,51_a
STM20,1501926.4790039062,49-51,478,767,51_a
STM20,1502342.4790039062,49-51,478,767,51_a
STM20,1503758.4790039062,49-51,1545,934,continue
STM20,1518470.4790039062,52-54,1203,226,52_d
STM20,1531430.4790039062,52-54,964,507,53_c
STM20,1539246.4790039062,52-54,482,757,54_a
STM20,1542382.4790039062,52-54,483,763,54_a
STM20,1545638.4790039062,52-54,964,772,54_c
STM20,1550957.4790039062,52-54,1510,929,continue
STM20,1564789.4790039062,55-56,720,493,56_b
STM20,1591517.4790039062,55-56,958,243,55_c
SUM08,1991839.2412109373,1-3,1201,241,1_d
SUM08,1994575.2412109373,1-3,726,459,2_b
SUM08,1999615.2412109373,1-3,1451,700,3_e
SUM08,2000687.2412109373,1-3,1533,846,continue
SUM08,2003350.2412109373,4-6,476,219,4_a
SUM08,2011062.2412109373,4-6,1445,456,5_e
SUM08,2018150.2412109373,4-6,737,689,6_b
SUM08,2019342.2412109373,4-6,1519,815,continue
SUM08,2026167.2412109373,7-9,958,227,7_c
SUM08,2031087.2412109373,7-9,961,455,8_c
SUM08,2043863.2412109373,7-9,1205,690,9_d
SUM08,2044991.2412109373,7-9,1525,815,continue
SUM08,2051591.2412109373,10-12,485,221,10_a
SUM08,2070167.2412109373,10-12,731,457,11_b
SUM08,2088886.2412109373,10-12,479,685,12_a
SUM08,2090078.2412109373,10-12,1525,833,continue
SUM08,2109823.241210937,13-15,491,223,13_a
SUM08,2151255.241210937,13-15,1445,698,15_e
SUM08,2204599.241210937,13-15,962,228,13_c
SUM08,2222511.241210937,13-15,1205,460,14_d
SUM08,2248462.241210937,16-20,1486,158,16_d
SUM08,2251542.241210937,16-20,1342,294,17_a
SUM08,2255086.2416992188,16-20,1391,432,18_b
SUM08,2261390.241210937,16-20,1340,569,19_a
SUM08,2272158.2416992188,16-20,1528,700,20_e
SUM08,2273934.241210937,16-20,1526,855,continue
SUM08,2285198.2416992188,21-25,1435,159,21_c
SUM08,2291638.241210937,21-25,1381,295,22_b
SUM08,2302326.241210937,21-25,1331,428,23_a
SUM08,2323174.241210937,21-25,1435,566,24_c
SUM08,2380742.241210937,21-25,1537,706,25_e
SUM08,2381582.241210937,21-25,1519,849,continue
SUM08,2392670.241210937,26-30,1435,164,26_c
SUM08,2407814.241210937,26-30,1527,291,27_e
SUM08,2480414.241210937,26-30,1486,431,28_d
SUM08,2482326.241210937,26-30,1435,560,29_c
SUM08,2484558.241210937,26-30,1439,702,30_c
SUM08,2520845.241210937,31-33,732,269,31_b
SUM08,2524309.241210937,31-33,969,532,32_c
SUM08,2526365.241210937,31-33,725,802,33_b
SUM08,2527621.240722656,31-33,1527,933,continue
SUM08,2531085.241210937,34-36,1204,268,34_d
SUM08,2535949.240722656,34-36,725,538,35_b
SUM08,2541069.241210937,34-36,476,797,36_a
SUM08,2543045.241210937,34-36,1521,928,continue
SUM08,2551013.241210937,37-39,1445,277,37_e
SUM08,2558117.241210937,37-39,1209,539,38_d
SUM08,2566429.240722656,37-39,1449,807,39_e
SUM08,2574541.240722656,37-39,964,790,39_c
SUM08,2577141.241210937,37-39,1519,934,continue
SUM08,2588181.241210937,40-42,485,267,40_a
SUM08,2625285.240722656,40-42,486,531,41_a
SUM08,2644109.241210937,40-42,970,812,42_c
SUM08,2649373.241210937,40-42,1538,916,continue
SUM08,2664181.241210937,43-45,1200,272,43_d
SUM08,2681493.241210937,43-45,1441,526,44_e
SUM08,2697173.240722656,43-45,480,776,45_a
SUM08,2806845.241210937,46-48,1195,233,46_d
SUM08,2822245.2407226562,46-48,723,498,47_b
SUM08,2832509.2407226562,46-48,1205,760,48_d
SUM08,2835725.2407226562,46-48,1528,930,continue
SUM08,2850981.2412109375,49-51,731,237,49_b
SUM08,2875885.2412109375,49-51,959,499,50_c
SUM08,2898229.2412109375,49-51,475,769,51_a
SUM08,2906957.2412109375,49-51,1523,927,continue
SUM08,2921940.2412109375,52-54,1207,236,52_d
SUM08,2949572.2412109375,52-54,489,499,53_a
SUM08,2978460.2412109375,52-54,484,769,54_a
SUM14,2141084.123046875,1-3,1197,233,1_d
SUM14,2145772.123046875,1-3,720,462,2_b
SUM14,2149876.123046875,1-3,1440,695,3_e
SUM14,2151036.123046875,1-3,1519,834,continue
SUM14,2155661.123046875,4-6,481,220,4_a
SUM14,2162893.123535156,4-6,1446,448,5_e
SUM14,2168501.123046875,4-6,723,679,6_b
SUM14,2169997.123535156,4-6,1522,828,continue
SUM14,2175125.123046875,7-9,961,215,7_c
SUM14,2180941.123046875,7-9,957,450,8_c
SUM14,2195525.123046875,7-9,1197,682,9_d
SUM14,2196781.123535156,7-9,1534,832,continue
SUM14,2205893.123535156,10-12,478,223,10_a
SUM14,2215477.123046875,10-12,722,454,11_b
SUM14,2227165.123046875,10-12,478,681,12_a
SUM14,2229013.123046875,10-12,1527,829,continue
SUM14,2242861.123046875,13-15,477,218,13_a
SUM14,2270893.123535156,13-15,1203,451,14_d
SUM14,2285205.123046875,13-15,1438,683,15_e
SUM14,2407509.123046875,16-20,1488,158,16_d
SUM14,2415549.123046875,16-20,1334,293,17_a
SUM14,2420797.123046875,16-20,1387,426,18_b
SUM14,2428573.123046875,16-20,1333,567,19_a
SUM14,2438893.123535156,16-20,1538,692,20_e
SUM14,2439893.123535156,16-20,1530,846,continue
SUM14,2447516.123046875,21-25,1432,156,21_c
SUM14,2458740.123046875,21-25,1536,296,22_e
SUM14,2471581.123046875,21-25,1330,428,23_a
SUM14,2497052.1225585938,21-25,1436,563,24_c
SUM14,2512213.123046875,21-25,1536,700,25_e
SUM14,2512909.123046875,21-25,1528,852,continue
SUM14,2530533.123046875,26-30,1429,159,26_c
SUM14,2541637.123046875,26-30,1531,301,27_e
SUM14,2592421.123046875,26-30,1381,430,28_b
SUM14,2634869.123046875,26-30,1331,697,30_a
SUM14,2637837.123046875,26-30,1330,561,29_a
SUM14,2672485.123535156,31-33,732,273,31_b
SUM14,2675749.123046875,31-33,960,534,32_c
SUM14,2678189.123535156,31-33,719,800,33_b
SUM14,2679725.123046875,31-33,1512,930,continue
SUM14,2683613.123046875,34-36,1193,271,34_d
SUM14,2693341.123046875,34-36,1198,540,35_d
SUM14,2699821.123046875,34-36,475,795,36_a
SUM14,2701501.123046875,34-36,1530,928,continue
SUM14,2705789.123046875,37-39,1440,269,37_e
SUM14,2713405.123535156,37-39,1198,529,38_d
SUM14,2720413.123046875,37-39,971,805,39_c
SUM14,2723037.123535156,37-39,1524,932,continue
SUM14,2726717.123046875,40-42,373,916,back
SUM14,2734269.123046875,37-39,1543,944,continue
SUM14,2745725.123046875,40-42,476,262,40_a
SUM14,2775277.123046875,40-42,476,530,41_a
SUM14,2799669.123535156,40-42,960,804,42_c
SUM14,2800781.123535156,40-42,1515,916,continue
SUM14,2815790.123046875,43-45,1196,265,43_d
SUM14,2921997.1235351562,46-48,1205,239,46_d
SUM14,2930701.1235351562,46-48,720,498,47_b
SUM14,2958893.1235351562,46-48,1202,763,48_d
SUM14,2960109.1235351562,46-48,1541,927,continue
SUM14,2969213.123046875,49-51,721,233,49_b
SUM14,2980885.1235351562,49-51,957,497,50_c
SUM14,3002789.123046875,49-51,482,766,51_a
SUM14,3003941.123046875,49-51,1506,925,continue
SUM14,3023158.123046875,52-54,1204,238,52_d
SUM14,3050630.1235351562,52-54,481,497,53_a
SUM14,3063318.123046875,52-54,482,766,54_a
SUM14,3064550.123046875,52-54,1545,930,continue
SUM14,3087886.1235351562,55-56,963,238,55_c
SUS03,2166183.4877929688,1-3,1192,289,1_d
SUS03,2168383.48828125,1-3,712,511,2_b
SUS03,2171783.4877929688,1-3,1423,743,3_e
SUS03,2172679.48828125,1-3,1520,841,continue
SUS03,2175638.4877929688,4-6,458,260,4_a
SUS03,2179278.4877929688,4-6,1445,503,5_e
SUS03,2186398.4873046875,4-6,721,736,6_b
SUS03,2188622.4877929688,4-6,1545,827,continue
SUS03,2194238.4877929688,7-9,966,261,7_c
SUS03,2196566.4877929688,7-9,737,510,8_b
SUS03,2201270.4877929688,7-9,972,495,8_c
SUS03,2211742.4877929688,7-9,1213,732,9_d
SUS03,2213038.4877929688,7-9,1516,822,continue
SUS03,2223206.4877929688,10-12,489,261,10_a
SUS03,2232886.4877929688,10-12,705,504,11_b
SUS03,2241054.4877929688,10-12,490,725,12_a
SUS03,2242222.4877929688,10-12,1540,819,continue
SUS03,2254822.4877929688,13-15,949,261,13_c
SUS03,2268110.4877929688,13-15,473,510,14_a
SUS03,2272542.4877929688,13-15,1203,514,14_d
SUS03,2313293.4877929688,13-15,1451,747,15_e
SUS03,2322709.4877929688,13-15,408,830,back
SUS03,2326126.4877929688,10-12,407,829,back
SUS03,2328509.4877929688,7-9,393,823,back
SUS03,2330205.4877929688,4-6,393,823,back
SUS03,2342925.4877929688,1-3,1506,838,continue
SUS03,2356333.4877929688,4-6,1514,822,continue
SUS03,2365277.4877929688,7-9,948,262,7_c
SUS03,2391053.4877929688,7-9,1539,829,continue
SUS03,2393053.4877929688,10-12,383,834,back
SUS03,2395597.4877929688,7-9,1553,838,continue
SUS03,2403125.4877929688,10-12,1535,829,continue
SUS03,2432677.4877929688,16-20,1482,159,16_d
SUS03,2436885.4877929688,16-20,1338,296,17_a
SUS03,2441357.4877929688,16-20,1383,426,18_b
SUS03,2447421.4877929688,16-20,1339,564,19_a
SUS03,2456357.4877929688,16-20,1542,700,20_e
SUS03,2457773.4877929688,16-20,1531,847,continue
SUS03,2468277.4877929688,21-25,1436,163,21_c
SUS03,2475917.4877929688,21-25,1382,298,22_b
SUS03,2495669.4877929688,21-25,1332,423,23_a
SUS03,2505701.4877929688,21-25,1438,570,24_c
SUS03,2516973.4877929688,21-25,1535,700,25_e
SUS03,2519013.4877929688,21-25,1519,844,continue
SUS03,2537452.4877929688,26-30,1537,293,27_e
SUS03,2545860.4877929688,26-30,1486,434,28_d
SUS03,2562580.4877929688,26-30,1479,564,29_d
SUS03,2564812.4877929688,26-30,1484,561,29_d
SUS03,2592812.4877929688,26-30,1340,703,30_a
SUS03,2609020.4877929688,26-30,1441,159,26_c
SUS03,2645971.4873046875,26-30,1383,701,30_b
SUS03,2653667.4877929688,26-30,419,850,back
SUS03,2696028.48828125,31-33,709,296,31_b
SUS03,2698308.4877929688,31-33,951,576,32_c
SUS03,2700380.4877929688,31-33,733,827,33_b
SUS03,2701596.4877929688,31-33,1542,938,continue
SUS03,2705667.4877929688,34-36,1205,312,34_d
SUS03,2709645.4877929688,34-36,720,587,35_b
SUS03,2714307.4877929688,34-36,474,845,36_a
SUS03,2716075.4877929688,34-36,1519,932,continue
SUS03,2720763.4877929688,37-39,1447,310,37_e
SUS03,2724419.4877929688,37-39,1203,583,38_d
SUS03,2731219.4877929688,37-39,971,840,39_c
SUS03,2740507.4877929688,37-39,1541,937,continue
SUS03,2763451.4873046875,40-42,492,317,40_a
SUS03,2784091.4877929688,40-42,726,577,41_b
SUS03,2818115.4873046875,40-42,957,832,42_c
SUS03,2820211.4877929688,40-42,1504,913,continue
SUS03,2832787.4873046875,43-45,1205,306,43_d
SUS03,2848003.4873046875,43-45,1452,553,44_e
SUS03,2865299.4873046875,43-45,490,815,45_a
SUS03,2950322.4877929688,46-48,1206,303,46_d
SUS03,2959402.4877929688,46-48,736,557,47_b
SUS03,2974418.4877929688,46-48,721,824,48_b
SUS03,2975722.4877929688,46-48,1529,927,continue
SUS03,2983890.4877929688,49-51,729,300,49_b
SUS03,2994906.4877929688,49-51,954,566,50_c
SUS03,3005962.4877929688,49-51,486,839,51_a
SUS03,3008306.4873046875,49-51,1539,931,continue
SUS03,3022426.4877929688,52-54,1197,306,52_d
SUS03,3032298.4877929688,52-54,488,571,53_a
SUS03,3057730.4877929688,52-54,485,826,54_a
SUS03,3065074.4877929688,52-54,1556,929,continue
SUS03,3086906.4877929688,55-56,961,293,55_c
SUS03,3097914.4877929688,55-56,723,542,56_b
SUS03,3123490.4873046875,55-56,1433,563,56_e
SUU30,1671171.7143554688,1-3,1198,236,1_d
SUU30,1677683.7138671875,1-3,718,469,2_b
SUU30,1681691.7143554688,1-3,1437,695,3_e
SUU30,1682851.7138671875,1-3,1544,830,continue
SUU30,1686635.7138671875,4-6,481,225,4_a
SUU30,1691659.7143554688,4-6,1436,449,5_e
SUU30,1696747.7138671875,4-6,728,693,6_b
SUU30,1698675.7138671875,4-6,1520,823,continue
SUU30,1706347.7138671875,7-9,958,223,7_c
SUU30,1712067.7143554688,7-9,959,448,8_c
SUU30,1742211.7143554688,7-9,1198,685,9_d
SUU30,1744099.7143554688,7-9,1534,828,continue
SUU30,1753355.7138671875,10-12,476,217,10_a
SUU30,1762443.7138671875,10-12,719,451,11_b
SUU30,1776539.7138671875,10-12,486,682,12_a
SUU30,1778763.7143554688,10-12,1532,829,continue
SUU30,1817786.7138671875,13-15,962,224,13_c
SUU30,1848410.7133789062,13-15,1195,452,14_d
SUU30,1872850.7138671875,13-15,1440,677,15_e
SUU30,1933763.7143554688,16-20,1487,161,16_d
SUU30,1942202.7138671875,16-20,1339,298,17_a
SUU30,1946034.7138671875,16-20,1386,427,18_b
SUU30,1953034.7138671875,16-20,1339,568,19_a
SUU30,1972458.7138671875,16-20,1532,703,20_e
SUU30,1973730.7138671875,16-20,1528,849,continue
SUU30,1981770.7138671875,21-25,1432,160,21_c
SUU30,1988970.7138671875,21-25,1385,301,22_b
SUU30,1995666.7138671875,21-25,1338,430,23_a
SUU30,2013170.7138671875,21-25,1437,570,24_c
SUU30,2029978.7138671875,21-25,1533,702,25_e
SUU30,2030898.7138671875,21-25,1535,848,continue
SUU30,2066530.7138671875,26-30,1436,160,26_c
SUU30,2083490.7138671875,26-30,1536,292,27_e
SUU30,2094586.7138671875,26-30,1488,434,28_d
SUU30,2148402.7138671875,26-30,1489,562,29_d
SUU30,2195866.7138671875,31-33,722,268,31_b
SUU30,2198450.7138671875,31-33,959,535,32_c
SUU30,2200546.7138671875,31-33,725,800,33_b
SUU30,2202162.7138671875,31-33,1517,928,continue
SUU30,2206122.7138671875,34-36,1203,266,34_d
SUU30,2211105.7138671875,34-36,719,536,35_b
SUU30,2215497.7138671875,34-36,479,799,36_a
SUU30,2216905.7138671875,34-36,1516,929,continue
SUU30,2222042.7138671875,37-39,1441,270,37_e
SUU30,2225762.7138671875,37-39,1208,535,38_d
SUU30,2238306.7138671875,37-39,964,802,39_c
SUU30,2239401.7138671875,37-39,1550,935,continue
SUU30,2248825.7138671875,40-42,476,261,40_a
SUU30,2271465.7138671875,40-42,724,534,41_b
SUU30,2307433.7138671875,40-42,1441,802,42_e
SUU30,2308241.7138671875,40-42,1527,933,continue
SUU30,2318354.7138671875,43-45,1205,262,43_d
SUU30,2332513.7138671875,43-45,1441,522,44_e
SUU30,2353729.7138671875,43-45,478,778,45_a
SUU30,2449057.7138671875,46-48,1202,234,46_d
SUU30,2460545.7138671875,46-48,716,503,47_b
SUU30,2486777.7138671875,46-48,1198,766,48_d
SUU30,2488329.7138671875,46-48,1531,923,continue
SUU30,2501312.7138671875,49-51,717,232,49_b
SUU30,2520824.7138671875,49-51,962,502,50_c
SUU30,2539696.7138671875,49-51,479,764,51_a
SUU30,2540864.7138671875,49-51,1512,922,continue
SUU30,2555241.7138671875,52-54,1203,236,52_d
SUU30,2577297.7138671875,52-54,958,503,53_c
SUU30,2584081.7138671875,52-54,479,503,53_a
SUU30,2610552.7138671875,52-54,478,767,54_a
SUU30,2611920.7138671875,52-54,1524,931,continue
SWA07,10929272.933105467,1-3,1116,391,not on any aoi
SWA07,10936096.932617188,1-3,1200,240,1_d
SWA07,10939456.933105467,1-3,726,477,2_b
SWA07,10943808.933105467,1-3,1447,702,3_e
SWA07,10953392.932617188,1-3,1542,842,continue
SWA07,10956880.933105467,4-6,491,232,4_a
SWA07,10975952.933105467,4-6,1441,453,5_e
SWA07,10996880.933105467,4-6,720,684,6_b
SWA07,11000928.933105467,4-6,1548,821,continue
SWA07,11007544.932617188,7-9,962,225,7_c
SWA07,11021040.933105467,7-9,963,454,8_c
SWA07,11039296.933105467,7-9,1200,684,9_d
SWA07,11041856.933105467,7-9,1522,825,continue
SWA07,11065344.933105467,10-12,1202,221,10_d
SWA07,11092096.932617188,10-12,721,446,11_b
SWA07,11111032.933105467,10-12,483,690,12_a
SWA07,11112415.933105467,10-12,1515,820,continue
SWA07,11132175.933105467,13-15,963,225,13_c
SWA07,11148247.932617188,13-15,476,228,13_a
SWA07,11196719.933105467,16-20,1485,157,16_d
SWA07,11200095.933105467,16-20,1336,300,17_a
SWA07,11208279.933105467,16-20,1380,434,18_b
SWA07,11226887.933105467,16-20,1323,556,19_a
SWA07,11241919.933105467,16-20,1536,693,20_e
SWA07,11242639.933105467,16-20,1572,904,not on any aoi
SWA07,11242895.933105467,16-20,1544,858,continue
SWA07,11262599.933105467,21-25,1383,296,22_b
SWA07,11282150.933105467,21-25,1391,157,21_b
SWA07,11296214.933105467,21-25,1390,419,23_b
SWA07,11317158.933105467,21-25,1408,570,not on any aoi
SWA07,11337934.933105467,21-25,1384,689,25_b
SWA07,11339222.933105467,21-25,1539,849,continue
SWA07,11378615.932617188,26-30,1404,170,26_b
SWA07,11382575.933105467,26-30,1336,293,27_a
SWA07,11396399.933105467,26-30,1423,428,28_c
SWA07,11403719.933105467,26-30,1381,562,29_b
SWA07,11482622.933105467,31-33,719,271,31_b
SWA07,11485366.933105467,31-33,956,537,32_c
SWA07,11488358.933105467,31-33,719,801,33_b
SWA07,11489718.933105467,31-33,1534,925,continue
SWA07,11494477.933105467,34-36,1194,280,34_d
SWA07,11510749.933105467,34-36,716,572,35_b
SWA07,11519605.933105467,34-36,963,812,36_c
SWA07,11521997.933105467,34-36,1527,926,continue
SWA07,11532293.933105467,37-39,1441,271,37_e
SWA07,11564045.933105467,37-39,1197,537,38_d
SWA07,11574813.933105467,37-39,964,813,39_c
SWA07,11578157.933105467,37-39,1544,928,continue
SWA07,11619221.933105467,40-42,1201,267,40_d
SWA07,11621173.93359375,40-42,1203,267,40_d
SWA07,11622469.933105467,40-42,469,263,40_a
SWA07,11658077.933105467,40-42,964,538,41_c
SWA07,11816852.933105467,46-48,1197,235,46_d
SWA07,11839172.933105467,46-48,718,506,47_b
SWA07,11840892.933105467,46-48,722,498,47_b
SWA07,11877076.933105467,46-48,1192,766,48_d
SWA07,11878060.933105467,46-48,1196,765,48_d
SWA07,11882748.933105467,46-48,1505,928,continue
SWA07,11901452.933105467,49-51,729,240,49_b
SWA07,11938364.93359375,49-51,1202,503,50_d
SWA07,11958771.933105467,49-51,478,763,51_a
SWA07,11960267.933105467,49-51,1530,938,continue
TJB20,9169387.411132812,1-3,1199,240,1_d
TJB20,9172027.411132812,1-3,721,466,2_b
TJB20,9174731.411132812,1-3,1429,705,3_e
TJB20,9175707.411132812,1-3,1509,830,continue
TJB20,9178691.411132812,4-6,486,226,4_a
TJB20,9184099.411132812,4-6,1442,458,5_e
TJB20,9187467.411132812,4-6,713,693,6_b
TJB20,9188571.411132812,4-6,1545,824,continue
TJB20,9206458.410644533,7-9,944,242,7_c
TJB20,9209258.411132812,7-9,967,509,8_c
TJB20,9222282.411132812,7-9,485,704,9_a
TJB20,9223642.410644533,7-9,1550,833,continue
TJB20,9229418.410644533,10-12,495,272,10_a
TJB20,9237762.411132812,10-12,723,495,11_b
TJB20,9249018.411132812,10-12,490,736,12_a
TJB20,9250098.411132812,10-12,1537,826,continue
TJB20,9272794.410644533,13-15,488,268,13_a
TJB20,9283186.411132812,13-15,1202,512,14_d
TJB20,9306690.411132812,13-15,1461,723,15_e
TJB20,9362778.411132812,13-15,967,265,13_c
TJB20,9441048.411132812,16-20,1485,169,16_d
TJB20,9444945.411132812,16-20,1336,299,17_a
TJB20,9449432.411132812,16-20,1390,443,18_b
TJB20,9455376.411132812,16-20,1346,571,19_a
TJB20,9468400.411132812,16-20,1553,708,20_e
TJB20,9469528.411132812,16-20,1536,858,continue
TJB20,9500385.410644533,21-25,1335,162,21_a
TJB20,9506193.411132812,21-25,1384,307,22_b
TJB20,9514841.411132812,21-25,1344,489,23_a
TJB20,9562456.411132812,21-25,1521,720,25_e
TJB20,9571088.411132812,21-25,1437,596,24_c
TJB20,9571992.411132812,21-25,1522,859,continue
TJB20,9582896.411132812,26-30,1435,167,26_c
TJB20,9592568.411132812,26-30,1545,323,27_e
TJB20,9603816.411132812,26-30,1482,438,28_d
TJB20,9631472.411132812,26-30,1388,569,29_b
TJB20,9643888.411132812,26-30,1327,712,30_a
TJB20,9662640.411132812,26-30,1545,716,30_e
TJB20,9720799.411132812,31-33,710,301,31_b
TJB20,9721943.411621094,31-33,957,558,32_c
TJB20,9723791.411132812,31-33,718,840,33_b
TJB20,9726351.411621094,31-33,1532,934,continue
TJB20,9728871.411621094,34-36,1196,333,34_d
TJB20,9732711.411132812,34-36,706,577,35_b
TJB20,9736535.411621094,34-36,486,825,36_a
TJB20,9737927.411132812,34-36,1526,934,continue
TJB20,9744055.411621094,37-39,1464,317,37_e
TJB20,9747663.411132812,37-39,1207,588,38_d
TJB20,9756831.411621094,37-39,964,832,39_c
TJB20,9761687.411621094,37-39,1533,931,continue
TJB20,9778231.411132812,40-42,1195,319,40_d
TJB20,9792599.411132812,40-42,724,550,41_b
TJB20,9823447.411132812,40-42,970,805,42_c
TJB20,9824927.411132812,40-42,1531,914,continue
TJB20,9844207.411132812,43-45,1206,291,43_d
TJB20,9886039.411132812,43-45,484,562,44_a
TJB20,9893231.411132812,43-45,1207,825,45_d
TJB20,10000638.411132812,46-48,1212,257,46_d
TJB20,10023974.411132812,46-48,749,579,47_b
TJB20,10037829.411132812,46-48,1218,792,48_d
TJB20,10044693.411132812,46-48,1528,935,continue
TJB20,10059902.411132812,49-51,722,230,49_b
TJB20,10076726.411621094,49-51,723,518,50_b
TJB20,10092493.411132812,49-51,472,813,51_a
TJB20,10093821.411132812,49-51,1533,930,continue
TJB20,10111461.411132812,52-54,708,255,52_b
TJB20,10123101.411132812,52-54,1196,266,52_d
TJB20,10168933.411132812,52-54,466,546,53_a
TJB20,10173597.411132812,52-54,725,826,54_b
TTH22,2049552.5400390625,1-3,1204,285,1_d
TTH22,2052624.5400390625,1-3,717,522,2_b
TTH22,2056304.5400390625,1-3,1455,753,3_e
TTH22,2057568.5400390625,1-3,1530,837,continue
TTH22,2060032.5400390625,4-6,476,293,4_a
TTH22,2066144.5400390625,4-6,1432,506,5_e
TTH22,2078152.5400390625,4-6,1212,746,6_d
TTH22,2079440.5400390625,4-6,1542,827,continue
TTH22,2089160.5400390625,7-9,976,286,7_c
TTH22,2092136.5400390625,7-9,970,503,8_c
TTH22,2100160.5400390625,7-9,1206,744,9_d
TTH22,2101407.5400390625,7-9,1519,830,continue
TTH22,2108848.5400390625,10-12,485,273,10_a
TTH22,2119040.5400390625,10-12,714,507,11_b
TTH22,2124160.5400390625,10-12,1187,752,12_d
TTH22,2125136.5400390625,10-12,1520,842,continue
TTH22,2139208.5400390625,13-15,962,283,13_c
TTH22,2140720.5400390625,13-15,939,282,13_c
TTH22,2159512.5400390625,13-15,1197,507,14_d
TTH22,2166336.5400390625,13-15,481,751,15_a
TTH22,2179968.5400390625,13-15,722,734,15_b
TTH22,2214856.5400390625,13-15,497,272,13_a
TTH22,2245183.540527344,13-15,412,826,back
TTH22,2267039.5400390625,10-12,500,754,12_a
TTH22,2268687.5400390625,10-12,399,841,back
TTH22,2283199.5400390625,7-9,1531,830,continue
TTH22,2312239.5400390625,16-20,1493,166,16_d
TTH22,2317071.540527344,16-20,1340,304,17_a
TTH22,2326567.5400390625,16-20,1384,448,18_b
TTH22,2333479.540527344,16-20,1535,575,19_e
TTH22,2336655.5400390625,16-20,1335,572,19_a
TTH22,2341367.540527344,16-20,1533,711,20_e
TTH22,2344023.5400390625,16-20,1538,859,continue
TTH22,2352966.5400390625,21-25,1444,173,21_c
TTH22,2357718.5400390625,21-25,1535,307,22_e
TTH22,2363406.540527344,21-25,1334,451,23_a
TTH22,2372654.5400390625,21-25,1430,572,24_c
TTH22,2389358.5400390625,21-25,1491,708,25_d
TTH22,2390190.5400390625,21-25,1529,856,continue
TTH22,2396623.5400390625,26-30,1427,177,26_c
TTH22,2404599.5400390625,26-30,1533,305,27_e
TTH22,2414311.5400390625,26-30,1483,436,28_d
TTH22,2424663.540527344,26-30,1333,570,29_a
TTH22,2436527.5400390625,26-30,1445,713,30_c
TTH22,2512110.540527344,26-30,402,868,not on any aoi
TTH22,2522999.5400390625,21-25,1388,307,22_b
TTH22,2541542.5400390625,21-25,1497,866,not on any aoi
TTH22,2566654.5400390625,31-33,714,312,31_b
TTH22,2569862.5400390625,31-33,962,580,32_c
TTH22,2575510.5400390625,31-33,707,852,33_b
TTH22,2576886.540527344,31-33,1504,941,continue
TTH22,2579774.540527344,34-36,1202,312,34_d
TTH22,2585374.5400390625,34-36,706,593,35_b
TTH22,2588470.5400390625,34-36,488,839,36_a
TTH22,2589798.5400390625,34-36,1560,949,continue
TTH22,2590646.5400390625,34-36,1545,947,continue
TTH22,2596182.540527344,37-39,1471,321,37_e
TTH22,2600638.5400390625,37-39,1186,594,38_d
TTH22,2607158.5400390625,37-39,1198,857,39_d
TTH22,2616046.5400390625,37-39,1532,945,continue
TTH22,2624262.540527344,40-42,485,321,40_a
TTH22,2639381.539550781,40-42,485,570,41_a
TTH22,2648230.5400390625,40-42,957,842,42_c
TTH22,2650901.539550781,40-42,1537,931,continue
TTH22,2665862.5400390625,43-45,1208,319,43_d
TTH22,2686158.5400390625,43-45,1452,568,44_e
TTH22,2711950.5400390625,43-45,486,811,45_a
TTH22,2727406.540527344,43-45,376,903,not on any aoi
TTH22,2730037.5400390625,40-42,1545,933,continue
TTH22,2816341.5400390625,46-48,1198,247,46_d
TTH22,2824133.5400390625,46-48,716,572,47_b
TTH22,2831389.5400390625,46-48,1203,834,48_d
TTH22,2833213.5400390625,46-48,1518,940,continue
TTH22,2840781.5400390625,49-51,731,307,49_b
TTH22,2853661.5400390625,49-51,980,583,50_c
TTH22,2869333.5400390625,49-51,468,842,51_a
TTH22,2870221.5400390625,49-51,461,833,51_a
TTH22,2871445.5400390625,49-51,1515,931,continue
TTH22,2882548.5400390625,52-54,719,317,52_b
TTH22,2910484.5400390625,52-54,476,569,53_a
TTH22,2923836.5400390625,52-54,483,844,54_a
TTH22,2930252.5400390625,52-54,1518,932,continue
TTH22,2954596.5400390625,55-56,469,307,55_a
TTH22,2970412.5400390625,55-56,724,577,56_b
UAH09,2227195.149902344,1-3,1198,233,1_d
UAH09,2231163.149902344,1-3,718,464,2_b
UAH09,2234323.149902344,1-3,1440,692,3_e
UAH09,2235179.149902344,1-3,1526,836,continue
UAH09,2239251.149902344,4-6,479,220,4_a
UAH09,2243347.149902344,4-6,1440,452,5_e
UAH09,2256283.149902344,4-6,725,682,6_b
UAH09,2257595.149902344,4-6,1532,827,continue
UAH09,2264532.149902344,7-9,958,218,7_c
UAH09,2269452.149902344,7-9,959,447,8_c
UAH09,2284364.149902344,7-9,1200,680,9_d
UAH09,2285548.149902344,7-9,1547,830,continue
UAH09,2299611.149902344,10-12,1200,224,10_d
UAH09,2313027.149902344,10-12,722,449,11_b
UAH09,2324771.149902344,10-12,480,684,12_a
UAH09,2326099.149902344,10-12,1517,823,continue
UAH09,2345468.150390625,13-15,965,222,13_c
UAH09,2362220.149902344,13-15,1198,452,14_d
UAH09,2388644.149902344,13-15,1445,674,15_e
UAH09,2490835.149902344,16-20,1486,159,16_d
UAH09,2497843.149902344,16-20,1334,294,17_a
UAH09,2500115.149902344,16-20,1386,434,18_b
UAH09,2510683.149902344,16-20,1335,564,19_a
UAH09,2517635.149902344,16-20,1529,698,20_e
UAH09,2518923.1494140625,16-20,1540,851,continue
UAH09,2532523.149902344,21-25,1437,163,21_c
UAH09,2537835.149902344,21-25,1395,296,22_b
UAH09,2570427.149902344,21-25,1337,426,23_a
UAH09,2589755.149902344,21-25,1436,562,24_c
UAH09,2616715.149902344,21-25,1535,700,25_e
UAH09,2619003.149902344,21-25,1535,854,continue
UAH09,2630123.149902344,26-30,1484,161,26_d
UAH09,2653523.149902344,26-30,1533,294,27_e
UAH09,2662643.149902344,26-30,1490,431,28_d
UAH09,2678483.149902344,26-30,1487,563,29_d
UAH09,2694515.1494140625,26-30,1439,697,30_c
UAH09,2695243.149902344,26-30,1437,699,30_c
UAH09,2756514.149902344,31-33,725,266,31_b
UAH09,2758114.149902344,31-33,963,537,32_c
UAH09,2759570.149902344,31-33,721,799,33_b
UAH09,2760962.149902344,31-33,1537,932,continue
UAH09,2764874.149902344,34-36,1204,273,34_d
UAH09,2770082.149902344,34-36,725,535,35_b
UAH09,2772866.149902344,34-36,476,799,36_a
UAH09,2775154.149902344,34-36,1516,931,continue
UAH09,2781346.149902344,37-39,1437,269,37_e
UAH09,2785162.149902344,37-39,1207,536,38_d
UAH09,2793186.149902344,37-39,958,796,39_c
UAH09,2795218.149902344,37-39,1509,930,continue
UAH09,2802602.149902344,40-42,482,267,40_a
UAH09,2828354.1499023438,40-42,478,539,41_a
UAH09,2839514.1499023438,40-42,960,800,42_c
UAH09,2840642.1499023438,40-42,1531,919,continue
UAH09,2859882.1499023438,43-45,1200,272,43_d
UAH09,2883610.1499023438,43-45,1443,523,44_e
UAH09,2914794.1499023438,43-45,479,775,45_a
UAH09,3004914.1499023438,46-48,1200,241,46_d
UAH09,3019306.1499023438,46-48,1435,499,47_e
UAH09,3029786.1499023438,46-48,1205,769,48_d
UAH09,3036138.1499023438,46-48,1515,925,continue
UAH09,3045785.1499023438,49-51,722,232,49_b
UAH09,3077945.1499023438,49-51,962,507,50_c
UAH09,3101945.1499023438,49-51,479,762,51_a
UAH09,3103217.1499023438,49-51,1515,925,continue
UAH09,3124017.1499023438,52-54,1195,234,52_d
UAH09,3175489.1499023438,52-54,477,493,53_a
UMN13,10650172.671875,1-3,1207,235,1_d
UMN13,10653044.671875,1-3,729,469,2_b
UMN13,10656836.671875,1-3,1467,714,3_e
UMN13,10657700.671875,1-3,1547,845,continue
UMN13,10660412.67236328,4-6,483,259,4_a
UMN13,10669204.671875,4-6,1445,492,5_e
UMN13,10676620.671875,4-6,719,720,6_b
UMN13,10677668.671875,4-6,1558,825,continue
UMN13,10682859.671875,7-9,944,284,7_c
UMN13,10687404.671875,7-9,977,500,8_c
UMN13,10696787.671875,7-9,1228,733,9_d
UMN13,10698411.671875,7-9,1523,829,continue
UMN13,10717516.671875,10-12,499,248,10_a
UMN13,10738275.67138672,10-12,731,510,11_b
UMN13,10749843.671875,10-12,483,726,12_a
UMN13,10753595.671875,10-12,1549,832,continue
UMN13,10775068.671875,13-15,970,245,13_c
UMN13,10791635.671875,13-15,1211,512,14_d
UMN13,10853947.67138672,13-15,1453,737,15_e
UMN13,10879171.671875,13-15,406,818,back
UMN13,10928347.67138672,16-20,1487,166,16_d
UMN13,10933211.671875,16-20,1330,303,17_a
UMN13,10935771.671875,16-20,1387,423,18_b
UMN13,10945859.671875,16-20,1331,559,19_a
UMN13,10958628.671875,16-20,1541,690,20_e
UMN13,10959691.671875,16-20,1537,851,continue
UMN13,10968410.671875,21-25,1414,159,21_c
UMN13,10973802.671875,21-25,1391,292,22_b
UMN13,10984394.671875,21-25,1325,434,23_a
UMN13,10994154.671875,21-25,1445,566,24_c
UMN13,11009426.67138672,21-25,1534,697,25_e
UMN13,11010394.671875,21-25,1543,847,continue
UMN13,11023842.671875,26-30,1435,162,26_c
UMN13,11033178.671875,26-30,1526,297,27_e
UMN13,11041346.671875,26-30,1496,433,28_d
UMN13,11095721.671875,26-30,1428,697,30_c
UMN13,11115569.671875,26-30,1491,562,29_d
UMN13,11133553.671875,26-30,415,845,back
UMN13,11151609.671875,21-25,412,843,back
UMN13,11173450.671875,31-33,722,270,31_b
UMN13,11177010.671875,31-33,932,551,32_c
UMN13,11179002.671875,31-33,716,817,33_b
UMN13,11190097.671875,31-33,416,930,back
UMN13,11197265.671875,31-33,1535,930,continue
UMN13,11205641.671875,34-36,1197,301,34_d
UMN13,11221873.671875,34-36,737,573,35_b
UMN13,11225569.671875,34-36,498,843,36_a
UMN13,11228345.671875,34-36,1549,940,continue
UMN13,11234913.671875,37-39,1426,313,37_e
UMN13,11239729.671875,37-39,1196,590,38_d
UMN13,11251697.671875,37-39,956,840,39_c
UMN13,11259745.671875,37-39,1547,931,continue
UMN13,11266617.671875,40-42,486,313,40_a
UMN13,11294505.671875,40-42,1198,574,41_d
UMN13,11308809.671875,40-42,967,832,42_c
UMN13,11314073.671875,40-42,1546,923,continue
UMN13,11324529.671875,43-45,725,295,43_b
UMN13,11330521.671875,43-45,1200,294,43_d
UMN13,11332737.671875,43-45,703,303,43_b
UMN13,11430944.671875,46-48,1225,303,46_d
UMN13,11444904.671875,46-48,732,521,47_b
UMN13,11478952.671875,46-48,1207,833,48_d
UMN13,11480016.671875,46-48,1532,918,continue
UMN13,11492424.671875,49-51,723,290,49_b
UMN13,11506240.671875,49-51,971,548,50_c
UMN13,11523408.671875,49-51,497,827,51_a
UMN13,11526376.671875,49-51,1549,919,continue
UMN13,11537448.671875,52-54,699,282,52_b
UMN13,11553847.671875,52-54,1204,308,52_d
UMN13,11582927.671875,52-54,501,536,53_a
URF18,1874806.537109375,1-3,1200,247,1_d
URF18,1879486.537109375,1-3,718,463,2_b
URF18,1882670.537109375,1-3,1435,702,3_e
URF18,1883830.537597656,1-3,1545,852,continue
URF18,1887366.537109375,4-6,476,233,4_a
URF18,1893438.537109375,4-6,1437,465,5_e
URF18,1900062.537109375,4-6,733,685,6_b
URF18,1901462.537597656,4-6,1542,834,continue
URF18,1905254.537109375,7-9,959,230,7_c
URF18,1912206.537109375,7-9,958,461,8_c
URF18,1921102.537109375,7-9,1207,685,9_d
URF18,1922590.537109375,7-9,1545,834,continue
URF18,1928950.537109375,10-12,1443,233,10_e
URF18,1939030.537109375,10-12,725,467,11_b
URF18,1939526.537109375,10-12,718,461,11_b
URF18,1956142.537109375,10-12,476,688,12_a
URF18,1961806.537109375,10-12,1532,831,continue
URF18,1976574.537109375,13-15,961,229,13_c
URF18,1989422.537597656,13-15,1200,471,14_d
URF18,2015398.537109375,13-15,1451,693,15_e
URF18,2054998.537109375,13-15,385,841,back
URF18,2064574.537109375,10-12,478,229,10_a
URF18,2074166.537597656,10-12,1528,832,continue
URF18,2146212.537109375,16-20,1483,168,16_d
URF18,2151900.537109375,16-20,1337,306,17_a
URF18,2154780.537109375,16-20,1393,434,18_b
URF18,2166764.537109375,16-20,1331,571,19_a
URF18,2176836.537109375,16-20,1541,705,20_e
URF18,2178004.537109375,16-20,1501,860,continue
URF18,2194925.537109375,21-25,1436,165,21_c
URF18,2201149.537109375,21-25,1392,301,22_b
URF18,2210693.537109375,21-25,1334,441,23_a
URF18,2229421.537597656,21-25,1422,569,24_c
URF18,2229765.537109375,21-25,1441,572,24_c
URF18,2230237.537597656,21-25,1432,575,24_c
URF18,2264012.537109375,21-25,1535,706,25_e
URF18,2264956.5366210938,21-25,1513,861,continue
URF18,2277332.537109375,26-30,1438,165,26_c
URF18,2296524.537109375,26-30,1542,301,27_e
URF18,2332868.537109375,26-30,1491,443,28_d
URF18,2367988.537109375,26-30,1493,576,29_d
URF18,2381884.5366210938,26-30,1411,701,30_c
URF18,2382428.537109375,26-30,1430,711,30_c
URF18,2424684.537109375,31-33,732,275,31_b
URF18,2427372.537109375,31-33,965,534,32_c
URF18,2429916.537109375,31-33,722,809,33_b
URF18,2431276.537109375,31-33,1534,941,continue
URF18,2434867.537109375,34-36,1198,276,34_d
URF18,2440523.537109375,34-36,722,542,35_b
URF18,2444763.537109375,34-36,475,805,36_a
URF18,2446491.537109375,34-36,488,810,36_a
URF18,2448211.537109375,34-36,1534,949,continue
URF18,2453523.537109375,37-39,1444,279,37_e
URF18,2461035.537109375,37-39,1208,535,38_d
URF18,2472755.537109375,37-39,969,802,39_c
URF18,2474931.537109375,37-39,1520,949,continue
URF18,2487635.537109375,40-42,485,273,40_a
URF18,2527923.537109375,40-42,724,541,41_b
URF18,2539347.537109375,40-42,478,547,41_a
URF18,2563547.537109375,40-42,952,811,42_c
URF18,2567467.537109375,40-42,1546,936,continue
URF18,2581307.537109375,43-45,1201,276,43_d
URF18,2596571.537109375,43-45,1435,532,44_e
URF18,2708571.537109375,46-48,1200,243,46_d
URF18,2721203.537109375,46-48,723,513,47_b
URF18,2743051.537109375,46-48,714,764,48_b
URF18,2744251.537109375,46-48,1527,929,continue
URF18,2751394.537109375,49-51,721,242,49_b
URF18,2778506.537109375,49-51,964,508,50_c
URF18,2801442.537597656,49-51,480,774,51_a
URF18,2804234.537109375,49-51,1523,936,continue
URF18,2823202.537109375,52-54,1201,247,52_d
URF18,2845921.537109375,52-54,475,511,53_a
URF18,2860473.537109375,52-54,477,763,54_a
URF18,2862657.537109375,52-54,1519,936,continue
URH09,3165510.4462890625,1-3,1198,235,1_d
URH09,3167918.4462890625,1-3,719,467,2_b
URH09,3170566.4467773438,1-3,1439,699,3_e
URH09,3172478.4462890625,1-3,1548,839,continue
URH09,3175783.4467773438,4-6,484,223,4_a
URH09,3179383.4467773438,4-6,1441,454,5_e
URH09,3190671.4467773438,4-6,718,680,6_b
URH09,3192079.4467773438,4-6,1544,820,continue
URH09,3198294.4462890625,7-9,961,217,7_c
URH09,3204430.4467773438,7-9,951,452,8_c
URH09,3223670.4467773438,7-9,1206,685,9_d
URH09,3225374.4467773438,7-9,1534,824,continue
URH09,3232918.4462890625,10-12,1196,227,10_d
URH09,3243558.4467773438,10-12,715,452,11_b
URH09,3254606.4467773438,10-12,488,683,12_a
URH09,3256198.4467773438,10-12,1531,826,continue
URH09,3271734.4462890625,13-15,476,218,13_a
URH09,3276790.4467773438,13-15,954,218,13_c
URH09,3293022.4467773438,13-15,1197,452,14_d
URH09,3310758.4467773438,13-15,1442,681,15_e
URH09,3448333.4467773438,16-20,1482,156,16_d
URH09,3456293.4462890625,16-20,1329,301,17_a
URH09,3463733.4467773438,16-20,1392,429,18_b
URH09,3474861.4467773438,16-20,1333,561,19_a
URH09,3481573.4467773438,16-20,1537,702,20_e
URH09,3483317.4467773438,16-20,1527,853,continue
URH09,3493669.4467773438,21-25,1436,163,21_c
URH09,3498877.4467773438,21-25,1541,296,22_e
URH09,3506325.4467773438,21-25,1323,428,23_a
URH09,3542997.4462890625,21-25,1488,568,24_d
URH09,3579101.4467773438,21-25,1430,703,25_c
URH09,3584541.4467773438,21-25,1330,697,25_a
URH09,3595685.4467773438,21-25,1527,697,25_e
URH09,3596709.4467773438,21-25,1327,703,25_a
URH09,3597621.4467773438,21-25,1548,846,continue
URH09,3620380.4467773438,26-30,1433,156,26_c
URH09,3628717.4467773438,26-30,1542,293,27_e
URH09,3636021.4467773438,26-30,1481,429,28_d
URH09,3672452.4467773438,26-30,1485,568,29_d
URH09,3675860.4467773438,26-30,1478,701,30_d
URH09,3732173.4467773438,31-33,719,264,31_b
URH09,3735933.4467773438,31-33,958,535,32_c
URH09,3739981.4467773438,31-33,723,803,33_b
URH09,3742493.4467773438,31-33,1533,938,continue
URH09,3745613.4467773438,34-36,1199,270,34_d
URH09,3752245.4467773438,34-36,716,536,35_b
URH09,3759005.4467773438,34-36,481,800,36_a
URH09,3761101.4467773438,34-36,1524,920,continue
URH09,3761877.4467773438,34-36,1524,930,continue
URH09,3768732.4467773438,37-39,1434,270,37_e
URH09,3776052.4467773438,37-39,1204,540,38_d
URH09,3786828.4467773438,37-39,956,797,39_c
URH09,3799564.4467773438,37-39,1540,930,continue
URH09,3850884.4467773438,40-42,1201,274,40_d
URH09,3854868.4467773438,40-42,476,264,40_a
URH09,3873916.4467773438,40-42,1199,540,41_d
URH09,3889748.4467773438,40-42,719,535,41_b
URH09,3991756.4467773438,46-48,1205,235,46_d
URH09,4006700.4467773438,46-48,1438,498,47_e
URH09,4025244.4467773438,46-48,719,763,48_b
URH09,4032828.4467773438,46-48,1543,920,continue
URH09,4047372.4467773438,49-51,707,233,49_b
URH09,4064804.4467773438,49-51,959,501,50_c
URH09,4104699.4467773438,49-51,474,764,51_a
URH09,4106083.4467773438,49-51,1530,928,continue
URH09,4130915.4467773438,52-54,1198,240,52_d
URH09,4147539.4467773438,52-54,476,505,53_a
URH09,4157827.4467773438,52-54,474,763,54_a
URH09,4159971.4467773438,52-54,1541,928,continue
URS20,1667725.5517578125,1-3,1201,281,1_d
URS20,1671885.5517578125,1-3,724,513,2_b
URS20,1676525.5517578125,1-3,1454,742,3_e
URS20,1677533.5517578125,1-3,1535,839,continue
URS20,1682141.5517578125,4-6,486,271,4_a
URS20,1691084.5517578125,4-6,1433,503,5_e
URS20,1698884.5517578125,4-6,708,728,6_b
URS20,1700212.5517578125,4-6,1513,825,continue
URS20,1705861.5517578125,7-9,950,272,7_c
URS20,1715997.5517578125,7-9,955,507,8_c
URS20,1757413.5517578125,7-9,715,737,9_b
URS20,1770061.5517578125,7-9,1549,818,continue
URS20,1778756.5517578125,10-12,1204,278,10_d
URS20,1781492.5517578125,10-12,491,273,10_a
URS20,1790596.5517578125,10-12,715,498,11_b
URS20,1809916.5517578125,10-12,484,735,12_a
URS20,1813012.5517578125,10-12,1529,829,continue
URS20,1855540.5517578125,13-15,485,270,13_a
URS20,1872044.5522460938,13-15,1204,509,14_d
URS20,1933124.5517578125,16-20,1482,157,16_d
URS20,1938700.5517578125,16-20,1337,299,17_a
URS20,1941516.5517578125,16-20,1385,430,18_b
URS20,1954732.5517578125,16-20,1329,560,19_a
URS20,1977932.5522460938,16-20,1386,703,20_b
URS20,1980388.5517578125,16-20,1547,854,continue
URS20,1995147.5517578125,21-25,1432,163,21_c
URS20,2034155.5522460938,21-25,1382,303,22_b
URS20,2052515.5517578125,21-25,1337,433,23_a
URS20,2075651.5517578125,21-25,1338,564,24_a
URS20,2092827.5522460938,21-25,1530,698,25_e
URS20,2093571.5517578125,21-25,1554,847,continue
URS20,2111907.5517578125,26-30,1341,163,26_a
URS20,2124139.5517578125,26-30,1533,297,27_e
URS20,2139267.5522460938,26-30,1531,431,28_e
URS20,2199483.5517578125,31-33,718,313,31_b
URS20,2204563.5522460938,31-33,971,580,32_c
URS20,2206731.5517578125,31-33,728,843,33_b
URS20,2208331.5517578125,31-33,1541,927,continue
URS20,2212171.5517578125,34-36,1196,307,34_d
URS20,2215419.5522460938,34-36,725,581,35_b
URS20,2218627.5517578125,34-36,485,836,36_a
URS20,2221235.5522460938,34-36,1527,930,continue
URS20,2225227.5522460938,37-39,1441,316,37_e
URS20,2232283.5517578125,37-39,1205,578,38_d
URS20,2239883.5517578125,37-39,1182,834,39_d
URS20,2260155.5522460938,37-39,1547,936,continue
URS20,2274715.5522460938,40-42,487,310,40_a
URS20,2328555.5517578125,40-42,723,572,41_b
URS20,2357690.5517578125,40-42,966,839,42_c
URS20,2366266.5517578125,40-42,1533,918,continue
URS20,2371323.5517578125,43-45,731,305,43_b
URS20,2372155.5522460938,43-45,728,553,44_b
URS20,2373915.5517578125,43-45,963,815,45_c
URS20,2462930.5517578125,46-48,1175,302,46_d
URS20,2489401.5517578125,46-48,717,573,47_b
URS20,2524377.5517578125,46-48,700,846,48_b
URS20,2530105.5517578125,46-48,1535,939,continue
URS20,2546698.5517578125,49-51,722,307,49_b
URS20,2587506.5517578125,49-51,954,574,50_c
URS20,2611650.5512695312,49-51,1445,846,51_e
URS20,2612514.5517578125,49-51,1551,922,continue
URW14,19762960.525878906,1-3,478,238,1_a
URW14,19768352.525878906,1-3,719,467,2_b
URW14,19774520.525878906,1-3,1438,697,3_e
URW14,19775568.525878906,1-3,1511,832,continue
URW14,19780448.525878906,4-6,480,226,4_a
URW14,19796488.525878906,4-6,1439,454,5_e
URW14,19806280.525878906,4-6,726,686,6_b
URW14,19807656.525878906,4-6,1527,822,continue
URW14,19813887.525878906,7-9,965,228,7_c
URW14,19836831.525878906,7-9,960,449,8_c
URW14,19846695.525878906,7-9,1200,687,9_d
URW14,19848735.525878906,7-9,1515,824,continue
URW14,19866055.525390625,10-12,725,219,10_b
URW14,19880343.525878906,10-12,722,454,11_b
URW14,19890551.525878906,10-12,481,688,12_a
URW14,19895999.525878906,10-12,1550,829,continue
URW14,19941326.525878906,13-15,960,232,13_c
URW14,19981662.525878906,13-15,1196,449,14_d
URW14,20028791.525878906,16-20,1482,158,16_d
URW14,20034367.525878906,16-20,1331,290,17_a
URW14,20036959.525878906,16-20,1383,424,18_b
URW14,20053967.525878906,16-20,1336,564,19_a
URW14,20062079.525878906,16-20,1533,697,20_e
URW14,20063183.525878906,16-20,1538,854,continue
URW14,20082366.525878906,21-25,1436,158,21_c
URW14,20089790.525878906,21-25,1384,300,22_b
URW14,20098358.525390625,21-25,1336,431,23_a
URW14,20125798.525878906,21-25,1332,563,24_a
URW14,20158454.525878906,21-25,1534,696,25_e
URW14,20159566.525878906,21-25,1512,844,continue
URW14,20173303.525878906,26-30,1434,158,26_c
URW14,20194486.525878906,26-30,1533,294,27_e
URW14,20218646.525878906,26-30,1485,429,28_d
URW14,20254542.525390625,26-30,1483,562,29_d
URW14,20299189.525878906,31-33,720,271,31_b
URW14,20302669.525878906,31-33,963,540,32_c
URW14,20304821.525878906,31-33,724,802,33_b
URW14,20306085.525878906,31-33,1537,930,continue
URW14,20310454.525878906,34-36,1204,273,34_d
URW14,20322742.525878906,34-36,715,530,35_b
URW14,20327150.525878906,34-36,725,793,36_b
URW14,20330342.525878906,34-36,1535,930,continue
URW14,20336597.525878906,37-39,1446,271,37_e
URW14,20340581.525878906,37-39,1206,537,38_d
URW14,20346165.525878906,37-39,952,795,39_c
URW14,20355901.525878906,37-39,1518,933,continue
URW14,20366181.525878906,40-42,478,263,40_a
URW14,20407013.525878906,40-42,483,539,41_a
URW14,20448485.525878906,40-42,959,806,42_c
URW14,20450125.525878906,40-42,1512,921,continue
URW14,20464133.525878906,43-45,1208,269,43_d
URW14,20599229.525878906,46-48,1202,236,46_d
URW14,20615668.525878906,46-48,719,501,47_b
URW14,20631284.525878906,46-48,1439,502,47_e
URW14,20642940.525878906,46-48,1202,772,48_d
URW14,20658660.525878906,46-48,362,930,back
URW14,20681604.525878906,46-48,1541,933,continue
URW14,20695165.525878906,49-51,721,232,49_b
URW14,20710549.525878906,49-51,959,503,50_c
URW14,20719876.525878906,49-51,481,766,51_a
URW14,20722916.526367188,49-51,1525,926,continue
URW14,20751436.526367188,52-54,721,238,52_b
UTB27,21136819.83203125,1-3,1202,237,1_d
UTB27,21139467.83203125,1-3,717,467,2_b
UTB27,21142075.83203125,1-3,1439,695,3_e
UTB27,21142875.83203125,1-3,1522,823,continue
UTB27,21144315.83203125,1-3,1529,840,continue
UTB27,21148099.83203125,4-6,481,223,4_a
UTB27,21153371.83203125,4-6,1437,453,5_e
UTB27,21158035.83203125,4-6,723,679,6_b
UTB27,21160195.83251953,4-6,1518,815,continue
UTB27,21164851.83203125,7-9,962,228,7_c
UTB27,21172963.83203125,7-9,963,452,8_c
UTB27,21178819.83203125,7-9,1200,676,9_d
UTB27,21180675.83251953,7-9,1543,830,continue
UTB27,21187915.83203125,10-12,479,221,10_a
UTB27,21211907.83203125,10-12,721,450,11_b
UTB27,21225811.83203125,10-12,482,683,12_a
UTB27,21226963.83203125,10-12,1548,827,continue
UTB27,21246899.83251953,13-15,959,222,13_c
UTB27,21268763.83203125,13-15,1201,452,14_d
UTB27,21291963.83203125,13-15,724,678,15_b
UTB27,21352083.83251953,13-15,1445,682,15_e
UTB27,21390050.83203125,16-20,1433,161,16_c
UTB27,21395426.83154297,16-20,1332,293,17_a
UTB27,21402554.83203125,16-20,1382,431,18_b
UTB27,21408986.83154297,16-20,1340,564,19_a
UTB27,21423634.83203125,16-20,1536,695,20_e
UTB27,21432250.83203125,16-20,1505,848,continue
UTB27,21438970.83203125,21-25,1436,158,21_c
UTB27,21452314.83203125,21-25,1387,293,22_b
UTB27,21486578.83154297,21-25,1337,432,23_a
UTB27,21517234.83203125,21-25,1436,567,24_c
UTB27,21554242.83154297,21-25,1386,702,25_b
UTB27,21568050.83203125,21-25,1532,846,continue
UTB27,21588361.83203125,26-30,1430,160,26_c
UTB27,21599689.83203125,26-30,1533,297,27_e
UTB27,21613521.83203125,26-30,1487,433,28_d
UTB27,21652633.83203125,31-33,721,271,31_b
UTB27,21654273.83203125,31-33,959,537,32_c
UTB27,21655865.83203125,31-33,720,795,33_b
UTB27,21657713.83203125,31-33,1505,933,continue
UTB27,21662609.83203125,34-36,1198,270,34_d
UTB27,21668249.83154297,34-36,1199,538,35_d
UTB27,21671561.83203125,34-36,482,805,36_a
UTB27,21673377.83203125,34-36,1503,929,continue
UTB27,21678058.83154297,37-39,1435,270,37_e
UTB27,21682729.83154297,37-39,1203,538,38_d
UTB27,21687970.83203125,37-39,963,796,39_c
UTB27,21693529.83203125,37-39,1549,937,continue
UTB27,21707753.83203125,40-42,482,267,40_a
UTB27,21730145.83203125,40-42,1202,535,41_d
UTB27,21743465.83203125,40-42,725,534,41_b
UTB27,21800833.83203125,40-42,961,802,42_c
UTB27,21809281.83203125,40-42,1534,920,continue
UTB27,21817225.83203125,43-45,1202,266,43_d
UTB27,21945057.83203125,46-48,1201,238,46_d
UTB27,21962897.83203125,46-48,480,501,47_a
UTB27,21976681.83203125,46-48,1199,764,48_d
UTB27,21998089.83203125,46-48,720,763,48_b
UTB27,22001065.83203125,46-48,1524,920,continue
UTB27,22031000.83203125,49-51,962,232,49_c
UTB27,22041944.83203125,49-51,957,498,50_c
UTB27,22069296.83203125,49-51,486,766,51_a
UTB27,22079504.83203125,49-51,1542,926,continue
UTB27,22103088.83203125,52-54,963,239,52_c
UTM10,2115575.3369140625,1-3,1207,278,1_d
UTM10,2117063.3369140625,1-3,493,490,2_a
UTM10,2120462.3369140625,1-3,1431,745,3_e
UTM10,2121342.3369140625,1-3,1540,837,continue
UTM10,2123583.3369140625,4-6,485,274,4_a
UTM10,2128759.3369140625,4-6,1445,510,5_e
UTM10,2133575.3369140625,4-6,745,741,6_b
UTM10,2134831.3369140625,4-6,1540,825,continue
UTM10,2138607.3369140625,7-9,965,273,7_c
UTM10,2142423.3369140625,7-9,710,502,8_b
UTM10,2150919.3369140625,7-9,1203,737,9_d
UTM10,2151967.3369140625,7-9,1562,835,continue
UTM10,2152551.3369140625,7-9,1547,831,continue
UTM10,2156863.3369140625,10-12,1465,282,10_e
UTM10,2159695.3369140625,10-12,491,275,10_a
UTM10,2166615.3369140625,10-12,724,492,11_b
UTM10,2175047.3369140625,10-12,1464,734,12_e
UTM10,2180527.3369140625,10-12,468,735,12_a
UTM10,2181711.3369140625,10-12,1537,819,continue
UTM10,2191958.3369140625,13-15,724,279,13_b
UTM10,2198822.3369140625,13-15,480,484,14_a
UTM10,2203958.3369140625,13-15,1209,504,14_d
UTM10,2219958.3369140625,13-15,1440,510,14_e
UTM10,2247430.3369140625,13-15,1449,738,15_e
UTM10,2334902.3369140625,13-15,1214,502,14_d
UTM10,2382758.3369140625,16-20,743,213,not on any aoi
UTM10,2385494.3369140625,16-20,1483,157,16_d
UTM10,2388694.3369140625,16-20,1338,295,17_a
UTM10,2391357.3369140625,16-20,1388,434,18_b
UTM10,2397181.3369140625,16-20,1338,562,19_a
UTM10,2402837.3369140625,16-20,1541,700,20_e
UTM10,2403565.3369140625,16-20,1545,849,continue
UTM10,2410421.336425781,21-25,664,210,not on any aoi
UTM10,2411989.3369140625,21-25,1433,163,21_c
UTM10,2416789.3369140625,21-25,1388,296,22_b
UTM10,2428037.3369140625,21-25,1327,438,23_a
UTM10,2464653.3369140625,21-25,1429,695,25_c
UTM10,2481437.3369140625,21-25,1440,563,24_c
UTM10,2483173.3369140625,21-25,1511,853,continue
UTM10,2516333.3369140625,26-30,1433,160,26_c
UTM10,2523181.3369140625,26-30,1534,295,27_e
UTM10,2532757.336425781,26-30,1542,402,not on any aoi
UTM10,2544476.3369140625,26-30,1539,564,29_e
UTM10,2564316.3369140625,26-30,1533,697,30_e
UTM10,2566612.3369140625,26-30,404,854,back
UTM10,2586540.3369140625,21-25,1548,848,continue
UTM10,2597308.3369140625,26-30,1486,429,28_d
UTM10,2617404.3369140625,26-30,1340,563,29_a
UTM10,2645339.3369140625,31-33,722,283,31_b
UTM10,2646819.3369140625,31-33,980,570,32_c
UTM10,2648083.3369140625,31-33,722,837,33_b
UTM10,2649091.337402344,31-33,1541,938,continue
UTM10,2652364.3369140625,34-36,1202,314,34_d
UTM10,2656732.3369140625,34-36,719,581,35_b
UTM10,2660628.3369140625,34-36,502,834,36_a
UTM10,2662428.3369140625,34-36,1535,934,continue
UTM10,2664771.3369140625,37-39,486,304,37_a
UTM10,2671691.3369140625,37-39,1213,571,38_d
UTM10,2695475.3369140625,37-39,951,840,39_c
UTM10,2696547.3369140625,37-39,1537,932,continue
UTM10,2706428.3369140625,40-42,463,313,40_a
UTM10,2715980.3369140625,40-42,722,564,41_b
UTM10,2744259.3369140625,40-42,956,837,42_c
UTM10,2745539.337402344,40-42,1535,921,continue
UTM10,2762379.3369140625,43-45,720,297,43_b
UTM10,2763419.3369140625,43-45,472,303,43_a
UTM10,2764611.337402344,43-45,727,307,43_b
UTM10,2802458.3369140625,43-45,1196,557,44_d
UTM10,2888931.3369140625,46-48,1198,244,46_d
UTM10,2907355.3369140625,46-48,720,565,47_b
UTM10,2915587.3369140625,46-48,1199,786,48_d
UTM10,2930122.3369140625,46-48,1545,927,continue
UTM10,2937955.3369140625,49-51,725,289,49_b
UTM10,2953898.3369140625,49-51,966,536,50_c
UTM10,2961266.3369140625,49-51,470,824,51_a
UTM10,2972354.3369140625,49-51,1539,924,continue
UTM10,2983394.3369140625,52-54,947,292,52_c
UTM10,2999618.3369140625,52-54,964,572,53_c
UTM10,3014034.3364257812,52-54,485,831,54_a
UTM10,3015418.3369140625,52-54,1530,932,continue
UTM10,3033794.3369140625,55-56,962,563,56_c
UTM10,3044362.3364257812,55-56,723,318,55_b
UUG03,1283164.958984375,1-3,1210,298,1_d
UUG03,1286188.958984375,1-3,1195,242,1_d
UUG03,1288548.958984375,1-3,720,474,2_b
UUG03,1291924.958984375,1-3,1436,701,3_e
UUG03,1292852.958984375,1-3,1529,834,continue
UUG03,1297244.958984375,4-6,486,297,4_a
UUG03,1298300.958984375,4-6,482,227,4_a
UUG03,1304204.958984375,4-6,1439,462,5_e
UUG03,1308348.958984375,4-6,716,699,6_b
UUG03,1309908.958984375,4-6,1529,846,continue
UUG03,1311196.9594726562,4-6,1526,838,continue
UUG03,1315381.958984375,7-9,960,229,7_c
UUG03,1321917.958984375,7-9,724,454,8_b
UUG03,1337197.958984375,7-9,1200,698,9_d
UUG03,1338021.958984375,7-9,1548,826,continue
UUG03,1342804.958984375,10-12,486,233,10_a
UUG03,1352332.958984375,10-12,1201,464,11_d
UUG03,1363492.9594726562,10-12,491,682,12_a
UUG03,1364676.958984375,10-12,1522,827,continue
UUG03,1381436.958984375,13-15,966,231,13_c
UUG03,1395812.958984375,13-15,481,467,14_a
UUG03,1419988.958984375,13-15,479,686,15_a
UUG03,1431612.958984375,13-15,719,685,15_b
UUG03,1432636.958984375,13-15,470,687,15_a
UUG03,1433732.958984375,13-15,998,235,13_c
UUG03,1434100.958984375,13-15,970,249,13_c
UUG03,1434500.958984375,13-15,901,338,not on any aoi
UUG03,1437060.958984375,13-15,396,835,back
UUG03,1438796.958984375,10-12,1527,826,continue
UUG03,1439988.958984375,13-15,1468,833,not on any aoi
UUG03,1440204.958984375,13-15,1478,838,not on any aoi
UUG03,1440396.958984375,13-15,1488,843,continue
UUG03,1440588.958984375,13-15,1518,845,continue
UUG03,1440844.958984375,13-15,1532,845,continue
UUG03,1441076.958984375,13-15,1532,846,continue
UUG03,1441300.958984375,13-15,1542,847,continue
UUG03,1482100.958984375,13-15,1192,491,14_d
UUG03,1498908.958984375,13-15,478,233,13_a
UUG03,1567995.958984375,16-20,1491,170,16_d
UUG03,1571643.958984375,16-20,1343,304,17_a
UUG03,1574611.958984375,16-20,1381,432,18_b
UUG03,1580699.958984375,16-20,1344,573,19_a
UUG03,1589683.958984375,16-20,1533,700,20_e
UUG03,1590827.958984375,16-20,1527,872,continue
UUG03,1614691.9584960938,21-25,1385,166,21_b
UUG03,1615475.958984375,21-25,1487,170,21_d
UUG03,1616995.958984375,21-25,1392,168,21_b
UUG03,1617627.958984375,21-25,1488,171,21_d
UUG03,1620995.958984375,21-25,1385,168,21_b
UUG03,1634875.9584960938,21-25,1390,301,22_b
UUG03,1647955.9584960938,21-25,1341,438,23_a
UUG03,1673411.958984375,21-25,1328,566,24_a
UUG03,1674387.958984375,21-25,1541,567,24_e
UUG03,1675691.9584960938,21-25,1323,565,24_a
UUG03,1691330.958984375,21-25,1391,574,24_b
UUG03,1712874.958984375,21-25,1339,707,25_a
UUG03,1713986.958984375,21-25,1514,857,continue
UUG03,1758098.958984375,26-30,1491,434,28_d
UUG03,1798290.958984375,26-30,1431,705,30_c
UUG03,1801298.958984375,26-30,1336,577,29_a
UUG03,1804034.958984375,26-30,1485,164,26_d
UUG03,1845978.958984375,31-33,720,275,31_b
UUG03,1848954.9584960938,31-33,955,540,32_c
UUG03,1851530.958984375,31-33,725,804,33_b
UUG03,1852562.958984375,31-33,1557,935,continue
UUG03,1857146.958984375,34-36,1196,278,34_d
UUG03,1864658.9584960938,34-36,727,544,35_b
UUG03,1870906.958984375,34-36,481,808,36_a
UUG03,1872482.958984375,34-36,1499,935,continue
UUG03,1878770.958984375,37-39,1439,277,37_e
UUG03,1887458.958984375,37-39,1201,548,38_d
UUG03,1892233.958984375,37-39,1203,816,39_d
UUG03,1893385.958984375,37-39,1536,936,continue
UUG03,1904377.958984375,40-42,1206,274,40_d
UUG03,1929841.958984375,40-42,717,545,41_b
UUG03,1966649.958984375,40-42,722,810,42_b
UUG03,1969913.958984375,40-42,1552,925,continue
UUG03,1980809.958984375,43-45,1205,276,43_d
UUG03,1995873.958984375,43-45,1440,534,44_e
UUG03,2014185.958984375,43-45,955,777,45_c
UUG03,2098296.958984375,46-48,1190,314,46_d
UUG03,2118160.958984375,46-48,1442,505,47_e
UUG03,2136696.959472656,46-48,1201,773,48_d
UUG03,2137936.958984375,46-48,1509,931,continue
UUG03,2150801.958984375,49-51,718,237,49_b
UUG03,2170808.959472656,49-51,961,502,50_c
UUG03,2185496.958984375,49-51,486,768,51_a
UUG03,2186800.958984375,49-51,1516,935,continue
UUG03,2225664.958984375,52-54,1202,244,52_d
UWU16,1931121.51171875,1-3,1200,236,1_d
UWU16,1934729.5122070312,1-3,716,465,2_b
UWU16,1939089.51171875,1-3,1443,691,3_e
UWU16,1940041.5122070312,1-3,1514,831,continue
UWU16,1944106.5122070312,4-6,478,213,4_a
UWU16,1947682.5122070312,4-6,1432,450,5_e
UWU16,1956098.5122070312,4-6,715,680,6_b
UWU16,1957418.5122070312,4-6,1511,814,continue
UWU16,1970906.5122070312,7-9,960,219,7_c
UWU16,1979970.5122070312,7-9,718,451,8_b
UWU16,1998705.5122070312,7-9,1209,689,9_d
UWU16,1999945.5122070312,7-9,1543,822,continue
UWU16,2013602.5122070312,10-12,1444,221,10_e
UWU16,2031938.5122070312,10-12,1196,453,11_d
UWU16,2040058.5122070312,10-12,1202,681,12_d
UWU16,2044954.5122070312,10-12,957,677,12_c
UWU16,2060530.5122070312,10-12,487,678,12_a
UWU16,2061970.5122070312,10-12,1530,826,continue
UWU16,2085993.5122070312,13-15,474,221,13_a
UWU16,2104113.5122070312,13-15,479,447,14_a
UWU16,2152033.5122070312,13-15,965,686,15_c
UWU16,2195009.51171875,16-20,1486,162,16_d
UWU16,2199617.5122070312,16-20,1341,293,17_a
UWU16,2202441.5122070312,16-20,1388,423,18_b
UWU16,2210057.5122070312,16-20,1336,565,19_a
UWU16,2219393.5122070312,16-20,1536,692,20_e
UWU16,2220113.5122070312,16-20,1522,847,continue
UWU16,2233217.5122070312,21-25,1440,158,21_c
UWU16,2237377.5122070312,21-25,1389,297,22_b
UWU16,2246065.5122070312,21-25,1337,436,23_a
UWU16,2290112.5122070312,21-25,1437,570,24_c
UWU16,2305456.5122070312,21-25,1389,695,25_b
UWU16,2308776.5122070312,21-25,1544,698,25_e
UWU16,2312056.5122070312,21-25,1521,839,continue
UWU16,2312440.5122070312,21-25,1523,849,continue
UWU16,2330345.51171875,26-30,1442,161,26_c
UWU16,2343641.51171875,26-30,1479,298,27_d
UWU16,2344665.5122070312,26-30,1543,294,27_e
UWU16,2375953.5122070312,26-30,1337,424,28_a
UWU16,2414137.5122070312,26-30,1383,559,29_b
UWU16,2469272.51171875,31-33,718,263,31_b
UWU16,2471640.5122070312,31-33,965,534,32_c
UWU16,2474552.5122070312,31-33,732,805,33_b
UWU16,2475848.5122070312,31-33,1536,930,continue
UWU16,2478480.5122070312,34-36,1211,276,34_d
UWU16,2485152.5122070312,34-36,1451,536,35_e
UWU16,2489248.5122070312,34-36,463,799,36_a
UWU16,2490544.5122070312,34-36,1555,930,continue
UWU16,2494376.5122070312,37-39,1429,275,37_e
UWU16,2500112.5122070312,37-39,1204,531,38_d
UWU16,2515384.51171875,37-39,985,814,39_c
UWU16,2516424.5122070312,37-39,1533,954,continue
UWU16,2517264.5122070312,37-39,1536,938,continue
UWU16,2525512.5122070312,40-42,488,289,40_a
UWU16,2540648.5122070312,40-42,727,535,41_b
UWU16,2560551.5122070312,40-42,962,825,42_c
UWU16,2561519.5122070312,40-42,1540,931,continue
UWU16,2590592.5122070312,43-45,1186,285,43_d
UWU16,2603920.5122070312,43-45,1440,556,44_e
UWU16,2771463.5122070312,46-48,1200,235,46_d
UWU16,2783543.5122070312,46-48,720,499,47_b
UWU16,2794839.5122070312,46-48,1223,783,48_d
UWU16,2796199.5122070312,46-48,1556,938,continue
UWU16,2814055.5122070312,49-51,733,295,49_b
UWU16,2860959.5122070312,49-51,754,568,50_b
UWU16,2911895.5122070312,49-51,476,823,51_a
UWU16,2912975.5122070312,49-51,374,927,back
UWU16,2924255.5122070312,46-48,1171,265,46_d
VHK31,2336641.337890625,1-3,1196,231,1_d
VHK31,2342881.337890625,1-3,715,470,2_b
VHK31,2347833.337890625,1-3,1450,694,3_e
VHK31,2349593.337890625,1-3,1547,836,continue
VHK31,2353049.337890625,4-6,478,224,4_a
VHK31,2363505.337890625,4-6,1447,453,5_e
VHK31,2370161.337890625,4-6,734,684,6_b
VHK31,2371841.337890625,4-6,1536,819,continue
VHK31,2378969.3383789062,7-9,966,218,7_c
VHK31,2387009.3383789062,7-9,723,455,8_b
VHK31,2405825.3383789062,7-9,1198,684,9_d
VHK31,2407625.337890625,7-9,1534,827,continue
VHK31,2427337.3383789062,10-12,482,223,10_a
VHK31,2439361.337890625,10-12,715,452,11_b
VHK31,2444289.337890625,10-12,482,690,12_a
VHK31,2448265.3383789062,10-12,1520,833,continue
VHK31,2481016.337890625,13-15,1203,225,13_d
VHK31,2483048.337890625,13-15,950,224,13_c
VHK31,2490560.337890625,13-15,485,225,13_a
VHK31,2506272.337890625,13-15,480,448,14_a
VHK31,2523400.337890625,13-15,1440,684,15_e
VHK31,2546480.337890625,13-15,1209,456,14_d
VHK31,2604449.3383789062,16-20,1498,158,16_d
VHK31,2616689.337890625,16-20,1340,289,17_a
VHK31,2621409.3383789062,16-20,1402,426,18_b
VHK31,2632721.337890625,16-20,1332,562,19_a
VHK31,2644496.337890625,16-20,1535,698,20_e
VHK31,2645912.337890625,16-20,1531,863,continue
VHK31,2665224.337890625,21-25,1435,165,21_c
VHK31,2687304.337890625,21-25,1399,299,22_b
VHK31,2696000.337890625,21-25,1342,434,23_a
VHK31,2724344.337890625,21-25,1436,561,24_c
VHK31,2739760.337402344,21-25,1446,700,25_c
VHK31,2746616.337890625,21-25,1532,844,continue
VHK31,2774456.337890625,26-30,1478,434,28_d
VHK31,2784016.337890625,26-30,1495,561,29_d
VHK31,2800808.337890625,26-30,1389,697,30_b
VHK31,2814952.337890625,26-30,1539,296,27_e
VHK31,2824480.337890625,26-30,1432,156,26_c
VHK31,2876896.337890625,31-33,726,268,31_b
VHK31,2879536.3374023438,31-33,962,531,32_c
VHK31,2882280.3374023438,31-33,726,801,33_b
VHK31,2888920.337890625,31-33,1538,933,continue
VHK31,2894239.337890625,34-36,1212,269,34_d
VHK31,2896327.337890625,34-36,967,538,35_c
VHK31,2900647.337890625,34-36,476,806,36_a
VHK31,2902519.337890625,34-36,1537,935,continue
VHK31,2908296.337890625,37-39,1443,275,37_e
VHK31,2914480.337890625,37-39,956,533,38_c
VHK31,2924584.337890625,37-39,717,806,39_b
VHK31,2939424.3374023438,37-39,963,801,39_c
VHK31,2941392.337890625,37-39,1519,932,continue
VHK31,2952543.337890625,40-42,721,266,40_b
VHK31,2976927.337890625,40-42,727,530,41_b
VHK31,3004943.337890625,40-42,1438,805,42_e
VHK31,3006359.337890625,40-42,1536,921,continue
VHK31,3020271.337890625,43-45,957,269,43_c
VHK31,3150807.337890625,46-48,1208,236,46_d
VHK31,3166271.337890625,46-48,717,498,47_b
VHK31,3196431.337890625,46-48,721,761,48_b
VHK31,3197935.337890625,46-48,1517,924,continue
VHK31,3216478.337890625,49-51,724,232,49_b
VHK31,3267614.3383789062,49-51,482,761,51_a
VHK31,3289662.337890625,49-51,964,498,50_c
VHK31,3291150.337890625,49-51,1523,937,continue
VHK31,3304927.337890625,52-54,481,237,52_a
WHH19,2312723.96484375,1-3,1206,239,1_d
WHH19,2317499.96484375,1-3,719,462,2_b
WHH19,2321395.96484375,1-3,1441,695,3_e
WHH19,2323163.96484375,1-3,1518,841,continue
WHH19,2330210.96484375,4-6,482,229,4_a
WHH19,2338730.96484375,4-6,1441,457,5_e
WHH19,2345618.96484375,4-6,722,680,6_b
WHH19,2346522.96484375,4-6,1512,827,continue
WHH19,2356818.96484375,7-9,961,224,7_c
WHH19,2372514.96484375,7-9,957,446,8_c
WHH19,2392482.96484375,7-9,717,682,9_b
WHH19,2394322.96484375,7-9,1526,830,continue
WHH19,2411202.9653320312,10-12,479,226,10_a
WHH19,2420457.96484375,10-12,723,453,11_b
WHH19,2443809.9643554688,10-12,477,680,12_a
WHH19,2445209.9643554688,10-12,1542,821,continue
WHH19,2457929.96484375,13-15,959,224,13_c
WHH19,2477705.96484375,13-15,483,224,13_a
WHH19,2498433.9643554688,13-15,1205,453,14_d
WHH19,2531169.96484375,13-15,1447,682,15_e
WHH19,2534185.96484375,13-15,959,891,not on any aoi
WHH19,2575409.96484375,16-20,1488,160,16_d
WHH19,2580073.96484375,16-20,1335,301,17_a
WHH19,2588632.96484375,16-20,1391,427,18_b
WHH19,2595152.96484375,16-20,1336,565,19_a
WHH19,2609256.96484375,16-20,1537,700,20_e
WHH19,2613128.96484375,16-20,1522,856,continue
WHH19,2630840.96484375,21-25,1434,160,21_c
WHH19,2644568.96484375,21-25,1384,299,22_b
WHH19,2665624.9643554688,21-25,1339,432,23_a
WHH19,2689928.96484375,21-25,1438,568,24_c
WHH19,2714352.96484375,21-25,1540,698,25_e
WHH19,2718344.96484375,21-25,1535,852,continue
WHH19,2754777.96484375,26-30,1539,296,27_e
WHH19,2778489.96484375,26-30,1485,437,28_d
WHH19,2846144.96484375,31-33,720,264,31_b
WHH19,2850152.96484375,31-33,965,533,32_c
WHH19,2853592.96484375,31-33,721,798,33_b
WHH19,2854984.96484375,31-33,1528,931,continue
WHH19,2859048.96484375,34-36,1213,273,34_d
WHH19,2862104.9643554688,34-36,725,534,35_b
WHH19,2868240.96484375,34-36,484,811,36_a
WHH19,2869256.96484375,34-36,1552,944,continue
WHH19,2875152.96484375,37-39,1432,266,37_e
WHH19,2880920.9643554688,37-39,1200,536,38_d
WHH19,2908607.96484375,37-39,956,796,39_c
WHH19,2909623.96484375,37-39,1531,931,continue
WHH19,2933103.96484375,40-42,1207,267,40_d
WHH19,2955639.96484375,40-42,717,535,41_b
WHH19,2977991.96484375,40-42,959,799,42_c
WHH19,2981223.96484375,40-42,1536,922,continue
WHH19,2994311.96484375,43-45,1205,269,43_d
WHH19,3017367.96484375,43-45,1437,524,44_e
WHH19,3102950.96484375,46-48,1207,235,46_d
WHH19,3125038.96484375,46-48,719,499,47_b
WHH19,3142598.96484375,46-48,1195,764,48_d
WHH19,3156750.96484375,46-48,1517,920,continue
WHH19,3166751.96484375,49-51,716,239,49_b
WHH19,3180279.96484375,49-51,956,502,50_c
WHH19,3197951.96484375,49-51,481,773,51_a
WHH19,3199278.96484375,49-51,1524,925,continue
WHH19,3214646.96484375,52-54,1191,244,52_d
WHH19,3232694.96484375,52-54,483,498,53_a
WHH19,3247726.96484375,52-54,476,769,54_a
WHH19,3249382.96484375,52-54,1542,931,continue
ZMH28,2049558.9028320312,1-3,1218,286,1_d
ZMH28,2052422.9028320312,1-3,729,516,2_b
ZMH28,2056214.9028320312,1-3,1441,747,3_e
ZMH28,2057710.9028320312,1-3,1514,831,continue
ZMH28,2061855.9028320312,4-6,479,258,4_a
ZMH28,2072223.9028320312,4-6,1445,509,5_e
ZMH28,2081159.9028320312,4-6,735,731,6_b
ZMH28,2083103.9028320312,4-6,1546,831,continue
ZMH28,2089591.9028320312,7-9,983,277,7_c
ZMH28,2095447.9028320312,7-9,962,515,8_c
ZMH28,2103303.9033203125,7-9,1202,731,9_d
ZMH28,2108111.9028320312,7-9,1518,823,continue
ZMH28,2123638.9028320312,10-12,1160,252,10_d
ZMH28,2134342.9028320312,10-12,734,513,11_b
ZMH28,2148958.9028320312,10-12,965,737,12_c
ZMH28,2153350.90234375,10-12,1536,825,continue
ZMH28,2177023.9028320312,13-15,489,279,13_a
ZMH28,2198063.9028320312,13-15,1194,496,14_d
ZMH28,2214607.9028320312,13-15,970,740,15_c
ZMH28,2234855.9028320312,13-15,388,822,back
ZMH28,2240519.9028320312,10-12,1514,834,continue
ZMH28,2315662.9028320312,16-20,747,207,not on any aoi
ZMH28,2320766.9028320312,16-20,413,333,not on any aoi
ZMH28,2325270.9028320312,16-20,1482,159,16_d
ZMH28,2327782.9028320312,16-20,1332,296,17_a
ZMH28,2334822.9028320312,16-20,1390,432,18_b
ZMH28,2346142.9028320312,16-20,1339,571,19_a
ZMH28,2359166.90234375,16-20,1526,698,20_e
ZMH28,2360173.9028320312,16-20,1521,855,continue
ZMH28,2369774.9028320312,21-25,1436,158,21_c
ZMH28,2386774.9028320312,21-25,1383,303,22_b
ZMH28,2393070.9028320312,21-25,1332,435,23_a
ZMH28,2452566.9028320312,21-25,1440,563,24_c
ZMH28,2455461.9028320312,21-25,1335,692,25_a
ZMH28,2461229.9028320312,21-25,1519,859,continue
ZMH28,2485549.9028320312,26-30,1434,162,26_c
ZMH28,2496805.9028320312,26-30,1435,298,27_c
ZMH28,2517629.9028320312,26-30,1541,431,28_e
ZMH28,2548093.9028320312,26-30,1536,698,30_e
ZMH28,2553277.9028320312,26-30,1483,567,29_d
ZMH28,2582909.9028320312,31-33,731,301,31_b
ZMH28,2585301.9028320312,31-33,975,582,32_c
ZMH28,2587085.9028320312,31-33,709,848,33_b
ZMH28,2587773.9028320312,31-33,1524,925,continue
ZMH28,2591717.9028320312,34-36,1205,318,34_d
ZMH28,2596813.9028320312,34-36,727,570,35_b
ZMH28,2600341.9028320312,34-36,508,848,36_a
ZMH28,2601701.9028320312,34-36,1516,942,continue
ZMH28,2606149.9028320312,37-39,1447,314,37_e
ZMH28,2611093.9028320312,37-39,1213,574,38_d
ZMH28,2621661.9028320312,37-39,1202,866,39_d
ZMH28,2633949.90234375,37-39,973,832,39_c
ZMH28,2636461.9028320312,37-39,1545,927,continue
ZMH28,2663060.9028320312,40-42,494,316,40_a
ZMH28,2682460.9028320312,40-42,1252,575,41_d
ZMH28,2724396.9028320312,40-42,971,830,42_c
ZMH28,2728100.9028320312,40-42,1563,927,continue
ZMH28,2728988.9028320312,40-42,1533,920,continue
ZMH28,2755045.9028320312,43-45,1196,294,43_d
ZMH28,2870764.9028320312,46-48,1210,312,46_d
ZMH28,2884108.9028320312,46-48,710,570,47_b
ZMH28,2896324.9028320312,46-48,1213,835,48_d
ZMH28,2897284.9028320312,46-48,1522,927,continue
ZMH28,2910684.9028320312,49-51,726,318,49_b
ZMH28,2945364.9028320312,49-51,964,569,50_c
ZMH28,2984532.9028320312,49-51,494,839,51_a
ZMH28,2986924.9028320312,49-51,1513,932,continue
ZMH28,3006443.9028320312,52-54,1210,307,52_d
ZMH28,3014123.9028320312,52-54,724,572,53_b
ZMH28,3020595.9028320312,52-54,496,560,53_a
ZMH28,3032475.9028320312,52-54,1444,837,54_e
ZMH28,3033835.9028320312,52-54,1519,916,continue
ZMH28,3041492.9028320312,55-56,947,316,55_c
