,starttime,duration,meanPupilDiameter,eye,eventType,eventIdxLeft,eventIdxRight,meanX,meanY,startSaccadeX,startSaccadeY,endSaccadeX,endSaccadeY,microsaccadeCount,microsaccadeAmplitude,microsaccadePeakVelocity
0,2856134,304,3.688633116883117,left,fixation,1.0,,555.702649350649,741.8887792207788,,,,,0.0,,
1,2856134,304,3.688633116883117,right,fixation,,1.0,555.508090909091,755.27625974026,,,,,0.0,,
2,2856442,44,,left,saccade,1.0,,,,558.101,744.3489999999997,565.669,275.677,,,
3,2856442,44,,right,saccade,,1.0,,,554.9630000000002,743.27,569.5880000000002,273.85900000000004,,,
4,2856490,132,3.677106060606061,left,fixation,2.0,,572.004617647059,258.36014705882303,,,,,3.0,2.5496536852219105,9.932098002969516
5,2856490,136,3.677102941176471,right,fixation,,2.0,554.776657142857,241.99745714285703,,,,,2.0,4.1237893643114045,12.91010001957492
6,2856626,12,,left,saccade,2.0,,,,555.877,242.865,509.62699999999995,238.696,,,
7,2856630,12,,right,saccade,,2.0,,,538.585,229.09799999999998,487.51800000000003,226.52900000000002,,,
8,2856642,208,3.6092115384615377,left,fixation,3.0,,496.712905660377,226.083735849056,,,,,1.0,3.288635705814122,29.67510283048736
9,2856646,204,3.6080196078431364,right,fixation,,3.0,484.53159615384595,231.478115384615,,,,,1.0,2.6701874518051474,5.501808611720301
10,2856854,20,,left,saccade,3.0,,,,493.82300000000004,213.924,592.802,215.551,,,
11,2856854,20,,right,saccade,,3.0,,,484.87,235.601,589.1759999999998,232.88099999999997,,,
12,2856878,80,,right,fixation,,4.0,593.7582380952381,226.369238095238,,,,,1.0,4.075562554898279,19.958335125956765
13,2856878,88,,left,fixation,4.0,,598.780086956522,230.442217391304,,,,,1.0,3.0966136791304484,26.15708265460808
14,2856962,52,,right,saccade,,4.0,,,597.734,242.53900000000002,822.791,218.78900000000002,,,
15,2856970,40,,left,saccade,4.0,,,,600.868,239.792,749.558,218.88099999999997,,,
16,2857078,12,,left,fixation,5.0,,754.1815,229.0495,,,,,0.0,,
17,2857094,16,,left,saccade,5.0,,,,757.2180000000003,228.946,826.061,229.046,,,
18,2857110,196,3.3870000000000005,right,fixation,,5.0,825.1522,229.99147999999997,,,,,2.0,3.0641489368724537,7.583034478526816
19,2857114,192,3.387,left,fixation,6.0,,842.637020408163,233.350326530612,,,,,1.0,4.096787094785369,6.074945267243064
20,2857310,20,,left,saccade,6.0,,,,844.72,235.718,749.4730000000003,235.99400000000003,,,
21,2857310,20,,right,saccade,,5.0,,,824.09,224.18099999999998,750.5210000000003,225.15599999999998,,,
22,2857334,148,3.4126216216216214,left,fixation,7.0,,747.321368421053,230.661710526316,,,,,0.0,,
23,2857334,148,3.4126216216216214,right,fixation,,6.0,740.859842105263,224.127789473684,,,,,0.0,,
24,2857486,20,,left,saccade,7.0,,,,747.46,231.468,658.314,234.933,,,
25,2857486,20,,right,saccade,,6.0,,,739.368,215.805,667.409,224.92700000000002,,,
26,2857510,264,3.4106439393939394,left,fixation,8.0,,653.459880597015,224.925686567164,,,,,3.0,77.58645170349996,232.91530336175984
27,2857510,264,3.4106439393939394,right,fixation,,7.0,654.195805970149,220.90652238806,,,,,2.0,115.07891157298815,346.65333666653567
28,2857778,24,,left,saccade,8.0,,,,648.92,227.502,483.494,233.00400000000002,,,
29,2857778,28,,right,saccade,,7.0,,,654.8580000000002,218.024,475.869,228.386,,,
30,2857806,156,3.4209137662337663,left,fixation,9.0,,472.42465,226.844975,,,,,2.0,1.9882707954958898,5.1060549708676986
31,2857810,144,3.4217758328627883,right,fixation,,8.0,472.08721621621595,229.061486486487,,,,,0.0,,
32,2857958,40,,right,saccade,,8.0,,,469.2,221.824,425.279,206.398,,,
33,2857966,40,,left,saccade,9.0,,,,468.12699999999995,231.423,452.168,222.44099999999997,,,
34,2858074,152,3.471963297571992,left,fixation,10.0,,452.080333333333,244.566820512821,,,,,3.0,3.3339996119400523,15.330623508733597
35,2858082,144,3.4719632975719925,right,fixation,,9.0,424.7750270270269,199.286621621622,,,,,0.0,,
36,2858230,20,,left,saccade,10.0,,,,439.333,228.952,537.651,226.06099999999998,,,
37,2858230,20,,right,saccade,,9.0,,,425.49,211.56400000000002,543.6569999999998,208.227,,,
38,2858254,256,3.5036015625,left,fixation,11.0,,552.981138461539,224.037476923077,,,,,2.0,2.468780781000417,13.135480479110706
39,2858254,256,3.5036015625,right,fixation,,10.0,540.984646153846,220.483692307692,,,,,0.0,,
40,2858514,28,,right,saccade,,10.0,,,540.5509999999998,220.865,840.959,216.87599999999998,,,
41,2858514,32,,left,saccade,11.0,,,,551.257,219.74200000000002,839.6110000000001,216.949,,,
42,2858546,256,3.4789609375,right,fixation,,11.0,845.4342307692308,215.763353846154,,,,,2.0,2.1688327989096874,5.3230937836019345
43,2858550,252,3.478587301587301,left,fixation,12.0,,862.231453125,225.09975,,,,,1.0,3.016297307037941,26.547382281498127
44,2858806,16,,left,saccade,12.0,,,,863.564,226.24099999999999,795.802,228.46200000000002,,,
45,2858806,16,,right,saccade,,11.0,,,855.204,208.051,766.227,205.149,,,
46,2858826,344,3.480655172413793,left,fixation,13.0,,784.926505747126,226.845287356322,,,,,3.0,1.882983776713729,4.930816501139937
47,2858826,344,3.480655172413793,right,fixation,,12.0,767.19743678161,212.71947126436797,,,,,1.0,3.5611291904550484,10.344092903681751
48,2859174,20,,left,saccade,13.0,,,,784.69,237.46599999999998,613.359,239.74,,,
49,2859174,24,,right,saccade,,12.0,,,766.8989999999999,238.238,607.731,237.604,,,
50,2859198,156,3.5021410256410253,left,fixation,14.0,,617.969125,229.202425,,,,,1.0,3.231108383958813,8.58786661517284
51,2859202,148,3.5022297297297293,right,fixation,,13.0,615.7230263157891,234.675947368421,,,,,0.0,,
52,2859354,24,,right,saccade,,13.0,,,618.2080000000002,235.77,475.51800000000003,236.525,,,
53,2859358,20,,left,saccade,14.0,,,,613.393,228.956,464.602,231.602,,,
54,2859382,424,3.5244761904761903,right,fixation,,14.0,444.343214953271,211.749261682243,,,,,5.0,2.9770887356769533,15.34383369397861
55,2859382,432,3.524247663551402,left,fixation,15.0,,465.422917431193,234.58593577981705,,,,,3.0,2.5336436214251346,14.611580880845047
56,2859810,20,,right,saccade,,14.0,,,458.63,238.78900000000002,544.75,229.668,,,
57,2859818,16,,left,saccade,15.0,,,,472.162,219.584,537.3340000000002,217.542,,,
58,2859834,572,3.5372118055555566,right,fixation,,15.0,541.524423611112,223.090333333333,,,,,6.0,3.237560867943764,10.995603092217856
59,2859838,572,3.537541666666667,left,fixation,16.0,,548.126472222222,222.60382638888905,,,,,3.0,2.540750595019578,7.7459127870757625
60,2860410,24,,right,saccade,,15.0,,,530.0930000000002,235.333,667.6389999999999,225.813,,,
61,2860414,20,,left,saccade,16.0,,,,541.146,204.602,662.212,206.21099999999998,,,
62,2860438,1028,3.560891050583657,right,fixation,,16.0,653.154062015504,229.04005813953492,,,,,8.0,3.2451780260873804,13.545477497672506
63,2860438,1032,3.5608120155038763,left,fixation,17.0,,663.088262548262,230.37122007722,,,,,3.0,3.957308908546819,16.506402693595806
64,2861470,20,,right,saccade,,16.0,,,673.676,232.71099999999998,762.596,224.645,,,
65,2861474,20,,left,saccade,17.0,,,,688.0160000000003,234.74200000000002,759.145,234.868,,,
66,2861494,1004,3.6096847545219632,right,fixation,,17.0,805.8466031746028,202.143619047619,,,,,4.0,10.3968912684589,33.41282601086838
67,2861498,1004,3.60998022217608,left,fixation,18.0,,823.0557579365089,236.16695238095198,,,,,3.0,9.078286987302267,33.6065595352712
68,2862502,52,,right,saccade,,17.0,,,848.2560000000003,214.94400000000002,597.424,241.735,,,
69,2862506,48,,left,saccade,18.0,,,,863.443,236.05700000000002,635.418,249.74099999999999,,,
70,2862622,716,3.545274053807569,left,fixation,19.0,,648.5797,242.94643888888905,,,,,5.0,3.4434311887765894,10.483466117976038
71,2862630,156,3.5981620155038763,right,fixation,,18.0,591.7085,213.623275,,,,,0.0,,
72,2862790,16,,right,saccade,,18.0,,,584.813,216.78900000000002,641.668,228.15200000000002,,,
73,2862810,528,3.536969696969697,right,fixation,,19.0,654.598894736842,243.01545112781898,,,,,2.0,3.1436529635924537,5.323234615729442
74,2863342,20,,right,saccade,,19.0,,,665.7539999999998,222.959,562.887,236.43599999999998,,,
75,2863342,24,,left,saccade,19.0,,,,672.6619999999998,243.872,552.461,244.997,,,
76,2863366,216,3.437722222222221,right,fixation,,20.0,555.1052,232.93885454545398,,,,,3.0,2.3239344506343174,5.642510019988696
77,2863370,212,3.437396226415093,left,fixation,20.0,,561.3804444444451,225.89194444444402,,,,,3.0,3.1727410457208536,16.776982548076933
78,2863586,24,,right,saccade,,20.0,,,553.3380000000002,242.38,827.072,240.88,,,
79,2863586,28,,left,saccade,20.0,,,,563.645,221.183,821.301,225.196,,,
80,2863614,668,3.5075778443113768,right,fixation,,21.0,845.3346785714281,217.71406547619,,,,,4.0,5.681556615626727,16.35546213516761
81,2863618,660,3.5077606060606064,left,fixation,21.0,,864.182445783133,236.70313253012,,,,,3.0,4.859224370245549,23.906004265654893
82,2864282,20,,left,saccade,21.0,,,,878.7,241.799,761.63,242.018,,,
83,2864286,20,,right,saccade,,21.0,,,844.75,217.68599999999998,743.873,213.635,,,
84,2864306,312,3.5334743589743587,left,fixation,22.0,,769.418126582278,247.68951898734198,,,,,1.0,2.2789276839972183,4.809785130335906
85,2864310,312,3.5333076923076923,right,fixation,,22.0,740.3049746835451,231.587746835443,,,,,1.0,3.1506355487601647,10.039485345375102
86,2864622,20,,left,saccade,22.0,,,,772.313,248.25900000000001,679.0189999999999,243.347,,,
87,2864626,16,,right,saccade,,22.0,,,733.8330000000003,232.87,664.78,227.03,,,
88,2864646,132,3.5531333333333333,right,fixation,,23.0,656.795470588235,228.68194117647099,,,,,2.0,2.9543635359054203,5.4403135818202975
89,2864646,140,3.5531333333333333,left,fixation,23.0,,677.872388888889,224.17280555555598,,,,,2.0,4.1303424993938425,5.321369185000061
90,2864782,40,,right,saccade,,23.0,,,662.427,232.938,672.541,240.9,,,
91,2864790,40,,left,saccade,23.0,,,,675.758,219.87599999999998,684.074,229.64,,,
92,2864902,632,3.6301502931502934,left,fixation,24.0,,670.57341509434,236.200842767296,,,,,4.0,4.104499395468541,18.31987460480546
93,2864906,628,3.6301502931502934,right,fixation,,24.0,648.551639240506,215.381164556962,,,,,2.0,8.43130130166572,39.45739167617918
94,2865538,52,,right,saccade,,24.0,,,629.6619999999998,217.15099999999998,1333.971,242.109,,,
95,2865538,56,,left,saccade,24.0,,,,642.61,216.21099999999998,1355.192,241.202,,,
96,2865594,1412,3.652841101694916,right,fixation,,25.0,1384.2208389830496,193.39664689265496,,,,,7.0,4.744982913363707,15.243211680005407
97,2865598,212,3.565311320754717,left,fixation,25.0,,1374.6017037037,247.935388888889,,,,,1.0,3.3851546534505315,9.648120697835473
98,2865814,12,,left,saccade,25.0,,,,1375.099,253.295,1375.645,198.421,,,
99,2865830,1172,3.669805272108843,left,fixation,26.0,,1435.1964013605402,177.88158503401402,,,,,14.0,3.2963693567991377,12.751432877162696
100,2867006,60,,left,saccade,26.0,,,,1436.09,175.46099999999996,649.1659999999998,188.24400000000003,,,
101,2867010,56,,right,saccade,,25.0,,,1381.775,199.796,631.381,172.387,,,
102,2867070,356,3.786120780322306,right,fixation,,26.0,634.492788888889,210.63932222222198,,,,,5.0,5.684666033104457,18.20052646455894
103,2867070,368,3.786120780322306,left,fixation,27.0,,656.247193548387,209.361774193548,,,,,6.0,3.7753302147518495,17.69354162022685
104,2867430,40,,right,saccade,,26.0,,,665.0139999999999,225.699,647.451,214.554,,,
105,2867442,40,,left,saccade,27.0,,,,682.461,242.826,673.755,231.37400000000002,,,
106,2867546,124,3.7236666666666665,left,fixation,28.0,,646.3478125,227.33940625,,,,,2.0,2.871772401690445,8.720726852347788
107,2867558,112,3.723666666666667,right,fixation,,27.0,628.433724137931,213.63579310344798,,,,,1.0,4.5447417387814335,17.400834520217618
108,2867674,19,,left,saccade,28.0,,,,637.064,218.873,550.029,221.355,,,
109,2867674,19,,right,saccade,,27.0,,,625.811,227.745,546.883,226.574,,,
110,2867697,156,3.6806923076923077,left,fixation,29.0,,541.40175,225.63765,,,,,3.0,3.1810669986640527,19.84604223772125
111,2867697,156,3.6806923076923077,right,fixation,,28.0,533.00285,226.376225,,,,,1.0,2.7785755393326643,8.321172573622029
112,2867857,24,,left,saccade,29.0,,,,536.411,226.868,753.155,228.42700000000002,,,
113,2867857,24,,right,saccade,,28.0,,,527.36,226.136,775.2239999999997,227.085,,,
114,2867885,716,3.636418994413408,left,fixation,30.0,,817.8358,231.36911111111093,,,,,9.0,3.0190418858032917,10.871781802370524
115,2867885,716,3.636418994413408,right,fixation,,29.0,798.768122222222,221.573316666666,,,,,7.0,4.4610757889894135,17.212030939912857
116,2868605,32,,left,saccade,30.0,,,,864.202,235.959,482.48900000000003,239.054,,,
117,2868605,36,,right,saccade,,29.0,,,838.4019999999997,198.261,475.583,213.169,,,
118,2868641,232,3.662919199672965,left,fixation,31.0,,465.342576271186,234.908881355932,,,,,1.0,2.543358655400371,12.22678764025941
119,2868645,220,3.662739173855964,right,fixation,,30.0,459.58346428571406,218.87675,,,,,4.0,2.573326712859461,9.916155241289292
120,2868869,40,,right,saccade,,30.0,,,440.51099999999997,216.671,434.528,207.48,,,
121,2868877,40,,left,saccade,31.0,,,,453.39300000000003,227.34,450.587,199.582,,,
122,2868985,184,3.6440555555555565,left,fixation,32.0,,468.88302127659597,221.273957446809,,,,,1.0,3.342101177070772,22.101982716489452
123,2868989,180,3.644055555555555,right,fixation,,31.0,440.94226086956496,211.54439130434798,,,,,2.0,3.632308088116943,5.024648078917383
124,2869173,28,,left,saccade,32.0,,,,470.023,226.145,667.163,222.38299999999998,,,
125,2869173,28,,right,saccade,,31.0,,,445.066,214.111,682.673,220.06799999999998,,,
126,2869205,792,3.568709595959596,right,fixation,,32.0,674.177959798995,225.371894472362,,,,,2.0,7.308731653542483,39.64777596399143
127,2869205,1320,3.54709393939394,left,fixation,33.0,,714.365978851965,220.92901510573998,,,,,20.0,3.750766993435007,15.200199384381015
128,2870001,16,,right,saccade,,32.0,,,685.5319999999998,236.22,746.8810000000003,238.27900000000002,,,
129,2870021,508,3.515877952755905,right,fixation,,33.0,758.10021875,225.5791640625,,,,,3.0,4.861804612087201,19.814513987416024
130,2870529,24,,left,saccade,33.0,,,,791.2610000000003,221.642,663.1089999999998,228.375,,,
131,2870533,20,,right,saccade,,33.0,,,763.4730000000003,226.71599999999998,651.937,235.453,,,
132,2870557,168,3.5328834846979795,right,fixation,,34.0,642.961604651162,211.093511627907,,,,,1.0,4.572633246342377,22.915150905023538
133,2870557,176,3.5328834846979804,left,fixation,34.0,,660.879622222222,223.166577777778,,,,,0.0,,
134,2870729,40,,right,saccade,,34.0,,,638.085,201.372,650.071,226.946,,,
135,2870737,40,,left,saccade,34.0,,,,654.558,227.49599999999998,678.064,219.873,,,
136,2870845,304,3.584310711665444,left,fixation,35.0,,666.292155844156,205.910935064935,,,,,2.0,2.1744527006887417,7.107578275406196
137,2870857,292,3.584310711665444,right,fixation,,35.0,657.477391891892,208.42672972973,,,,,1.0,4.5400164983792335,12.94252637625284
138,2871153,24,,left,saccade,35.0,,,,660.217,203.808,504.00199999999995,213.392,,,
139,2871153,24,,right,saccade,,35.0,,,655.655,210.268,513.861,210.43099999999998,,,
140,2871181,568,3.589031690140845,left,fixation,36.0,,540.093797202798,207.917734265734,,,,,6.0,2.257282996290671,6.112438321958045
141,2871181,572,3.5885944055944057,right,fixation,,36.0,536.3604444444439,213.052541666667,,,,,4.0,3.684882248144449,12.059302392665709
142,2871753,24,,left,saccade,36.0,,,,564.6990000000002,222.25599999999997,433.624,221.138,,,
143,2871757,20,,right,saccade,,36.0,,,550.775,238.111,450.564,238.391,,,
144,2871781,356,3.5100331719433786,right,fixation,,37.0,452.963811111111,225.25062222222198,,,,,2.0,5.536594198096463,10.488346540387496
145,2871781,364,3.5100331719433786,left,fixation,37.0,,446.166869565217,210.24572826086998,,,,,1.0,6.362891439606866,17.259643246602707
146,2872141,40,,right,saccade,,37.0,,,442.164,218.455,437.165,212.502,,,
147,2872149,40,,left,saccade,37.0,,,,450.865,221.30700000000002,454.2,222.415,,,
148,2872261,32,,left,fixation,38.0,,460.190333333333,228.243666666667,,,,,1.0,4.8643246562201385,9.225786524735948
149,2872269,24,,right,fixation,,38.0,441.141142857143,195.021285714286,,,,,0.0,,
150,2872297,28,,left,saccade,38.0,,,,465.142,230.19299999999998,753.424,225.37400000000002,,,
151,2872297,28,,right,saccade,,38.0,,,442.548,183.093,774.1569999999997,186.921,,,
152,2872329,520,3.549201940035274,left,fixation,39.0,,772.094076335878,234.242198473283,,,,,2.0,3.658447663306683,11.496119315757156
153,2872329,520,3.549201940035274,right,fixation,,39.0,763.121679389313,221.361381679389,,,,,3.0,4.203891088136968,12.962079887457087
154,2872853,20,,left,saccade,39.0,,,,746.3580000000003,238.03,667.8639999999998,234.888,,,
155,2872853,20,,right,saccade,,39.0,,,730.796,195.16,648.571,200.22,,,
156,2872877,152,3.5887859259259267,right,fixation,,40.0,640.898820512821,204.65910256410305,,,,,1.0,2.071104596586108,3.1718417362787634
157,2872877,160,3.5887859259259263,left,fixation,40.0,,660.904195121951,231.924146341463,,,,,1.0,4.761886443417123,6.386812193888407
158,2873033,40,,right,saccade,,40.0,,,640.499,211.533,651.019,213.84900000000002,,,
159,2873041,40,,left,saccade,40.0,,,,662.17,240.248,670.181,245.04,,,
160,2873157,688,3.645517270955166,left,fixation,41.0,,661.635838150289,234.565658959538,,,,,4.0,3.033661850011812,19.551373004112047
161,2873173,672,3.645517270955166,right,fixation,,41.0,650.7162426035501,213.13648520709998,,,,,4.0,3.5852736310192017,10.198967358290432
162,2873849,20,,left,saccade,41.0,,,,639.65,237.387,556.224,237.213,,,
163,2873849,20,,right,saccade,,41.0,,,626.255,211.908,557.321,228.106,,,
164,2873873,464,3.66348717948718,left,fixation,42.0,,565.222555555555,235.23655555555598,,,,,2.0,4.482291328991334,22.897354755525374
165,2873873,464,3.66348717948718,right,fixation,,42.0,554.302905982906,207.512581196581,,,,,3.0,3.851182284835277,11.044733242707654
166,2874341,24,,left,saccade,42.0,,,,576.3969999999998,227.093,389.659,233.505,,,
167,2874341,24,,right,saccade,,42.0,,,573.846,210.00099999999998,393.099,222.50400000000002,,,
168,2874369,136,3.693325581395349,right,fixation,,43.0,398.804171428571,227.143828571429,,,,,3.0,2.6457946670327224,6.900237262198798
169,2874369,144,3.693325581395349,left,fixation,43.0,,405.508351351351,230.383702702703,,,,,1.0,2.366866482175195,11.512689520698455
170,2874509,48,,right,saccade,,43.0,,,390.86800000000005,214.43400000000003,439.537,197.642,,,
171,2874517,40,,left,saccade,43.0,,,,415.164,231.19299999999998,445.12199999999996,199.55700000000002,,,
172,2874637,632,3.689742393209259,left,fixation,44.0,,461.204735849057,205.17925786163502,,,,,3.0,3.316429734002833,10.186886244382725
173,2874649,612,3.689742393209259,right,fixation,,44.0,444.308103896104,209.094214285714,,,,,3.0,3.55808454182278,10.828726045200991
174,2875265,40,,right,saccade,,44.0,,,447.921,226.643,418.16900000000004,228.102,,,
175,2875273,40,,left,saccade,44.0,,,,446.764,210.645,434.00300000000004,206.271,,,
176,2875401,792,3.6417498269656696,left,fixation,45.0,,442.12340201005,235.71872361808997,,,,,7.0,2.3408904029770685,8.905043914241826
177,2875409,780,3.64198813004734,right,fixation,,45.0,424.70331122449,227.42903571428602,,,,,1.0,6.0976941452395605,11.37615879811812
178,2876193,32,,right,saccade,,45.0,,,422.537,228.771,729.3919999999997,222.771,,,
179,2876197,28,,left,saccade,45.0,,,,453.14599999999996,247.672,704.03,234.299,,,
180,2876229,392,3.630066326530612,left,fixation,46.0,,729.894454545455,234.86622222222198,,,,,5.0,5.149418490619184,16.098400804363607
181,2876229,392,3.630066326530612,right,fixation,,46.0,717.4198080808078,227.990202020202,,,,,4.0,5.984138833368981,19.51395771764583
182,2876625,20,,left,saccade,46.0,,,,734.565,232.63,660.834,231.578,,,
183,2876625,20,,right,saccade,,46.0,,,729.948,219.426,651.327,221.24,,,
184,2876649,740,3.68870625,right,fixation,,47.0,656.274483870968,205.73977419354802,,,,,3.0,3.9032246915545565,19.05790054833641
185,2876649,748,3.68870625,left,fixation,47.0,,670.595515957447,228.114632978723,,,,,4.0,3.3541192710624763,18.814478335970925
186,2877393,40,,right,saccade,,47.0,,,637.935,214.62099999999998,631.021,228.44299999999998,,,
187,2877401,40,,left,saccade,47.0,,,,653.665,223.238,659.847,222.11,,,
188,2877525,376,3.742165467625899,left,fixation,48.0,,657.1985578947371,216.37654736842097,,,,,7.0,4.455080781186502,16.701743321344544
189,2877533,368,3.7421654676258997,right,fixation,,48.0,645.700516129033,215.166559139785,,,,,3.0,9.366837951920395,23.040868588512684
190,2877905,24,,left,saccade,48.0,,,,688.117,236.165,889.9639999999997,241.925,,,
191,2877905,24,,right,saccade,,48.0,,,678.395,225.743,904.725,227.505,,,
192,2877933,664,3.6322319277108432,left,fixation,49.0,,885.02945508982,238.18640119760502,,,,,8.0,2.808361024348207,9.574292410223533
193,2877933,664,3.6322319277108432,right,fixation,,49.0,862.344976047905,223.02156287425203,,,,,1.0,5.455680019229738,32.57537309072611
194,2878601,28,,left,saccade,49.0,,,,873.6239999999997,226.292,617.82,234.00400000000002,,,
195,2878601,32,,right,saccade,,49.0,,,861.659,219.72299999999998,627.719,217.907,,,
196,2878633,992,3.644915322580645,left,fixation,50.0,,644.536136546184,219.517385542169,,,,,3.0,6.9603894240835364,32.491596341510096
197,2878637,988,3.645044534412956,right,fixation,,50.0,635.694379032258,231.142875,,,,,5.0,5.872781232370062,18.707976872056317
198,2879629,52,,right,saccade,,50.0,,,614.068,205.252,1285.205,201.649,,,
199,2879629,56,,left,saccade,50.0,,,,621.253,199.53099999999998,1304.65,210.263,,,
200,2879685,184,3.6543913043478256,right,fixation,,51.0,1293.08225531915,199.841893617021,,,,,0.0,,
201,2879689,184,3.6554021739130436,left,fixation,51.0,,1314.96361702128,210.53342553191501,,,,,2.0,3.1924263493379264,5.055195925485415
202,2879873,16,,right,saccade,,51.0,,,1309.5739999999996,204.292,1377.85,201.21,,,
203,2879877,12,,left,saccade,51.0,,,,1327.234,209.953,1381.846,194.632,,,
204,2879893,260,3.6881846153846163,left,fixation,52.0,,1408.5960303030301,178.665439393939,,,,,3.0,3.5034225998936304,12.908920191734573
205,2879893,264,3.6884015151515164,right,fixation,,52.0,1381.44834328358,178.271507462687,,,,,3.0,3.3765527589992868,10.978044312503776
206,2880157,52,,left,saccade,52.0,,,,1435.744,168.023,812.692,224.645,,,
207,2880161,48,,right,saccade,,52.0,,,1386.733,189.085,822.924,206.13099999999997,,,
208,2880213,168,3.643583333333334,right,fixation,,53.0,809.0171860465109,245.32106976744203,,,,,1.0,4.3942035841422715,17.949318455027726
209,2880213,172,3.6428488372093035,left,fixation,53.0,,805.526522727272,241.88620454545503,,,,,1.0,2.7549440052789045,8.710398613151972
210,2880385,20,,right,saccade,,53.0,,,803.393,245.601,860.0210000000003,221.123,,,
211,2880389,16,,left,saccade,53.0,,,,803.699,236.136,877.216,232.31400000000002,,,
212,2880409,136,3.611977328163915,right,fixation,,54.0,865.952571428571,218.93200000000002,,,,,2.0,2.4430711955698006,6.48979463239689
213,2880409,144,3.611977328163915,left,fixation,54.0,,880.144162162162,233.17810810810798,,,,,2.0,3.481389564470523,11.74963708538878
214,2880549,40,,right,saccade,,54.0,,,868.806,221.25,865.9830000000003,231.012,,,
215,2880557,40,,left,saccade,54.0,,,,876.6060000000001,225.77900000000002,881.069,225.622,,,
216,2880653,147,3.637721955477957,left,fixation,55.0,,869.509026315789,219.574,,,,,5.0,2.5506186086043607,6.8964188463148535
217,2880669,131,3.637721955477957,right,fixation,,55.0,864.636352941176,204.951823529412,,,,,0.0,,
218,2880804,16,,left,saccade,55.0,,,,859.6569999999997,224.055,789.3480000000003,224.497,,,
219,2880804,20,,right,saccade,,55.0,,,862.155,203.18599999999998,789.623,209.77,,,
220,2880824,541,3.64875111206876,left,fixation,56.0,,777.997911764705,217.922676470588,,,,,9.0,2.6249130780622445,13.411965509904652
221,2880828,525,3.6490571972282817,right,fixation,,56.0,770.4926818181821,200.482848484849,,,,,6.0,3.7308062407304967,14.734002375735038
222,2881357,40,,right,saccade,,56.0,,,753.966,210.146,766.637,201.82299999999998,,,
223,2881369,40,,left,saccade,56.0,,,,782.35,226.1,791.2669999999997,227.271,,,
224,2881493,120,3.694835294117647,left,fixation,57.0,,788.135580645161,226.55274193548402,,,,,0.0,,
225,2881509,100,3.714252941176471,right,fixation,,57.0,765.386076923077,222.269846153846,,,,,2.0,4.727908104666454,17.345319498116908
226,2881613,20,,right,saccade,,57.0,,,756.975,227.146,840.7610000000003,218.62599999999998,,,
227,2881617,16,,left,saccade,57.0,,,,789.8560000000001,225.73,857.043,225.53,,,
228,2881637,308,3.675935064935065,left,fixation,58.0,,867.608358974359,227.74537179487203,,,,,6.0,2.7571520422018607,10.424129263699713
229,2881637,308,3.675935064935065,right,fixation,,58.0,847.7518589743588,222.67741025641,,,,,1.0,2.6569253951806013,5.490748764968146
230,2881949,20,,left,saccade,58.0,,,,862.432,231.753,779.3789999999997,238.98,,,
231,2881949,20,,right,saccade,,58.0,,,854.235,215.248,759.503,215.019,,,
232,2881973,516,3.6563255813953486,left,fixation,59.0,,769.7404769230769,223.598853846154,,,,,6.0,2.6403543422527496,9.273624122162657
233,2881973,516,3.6563255813953486,right,fixation,,59.0,762.230084615384,223.793238461539,,,,,3.0,3.0333368025961778,8.757613160843897
234,2882493,20,,left,saccade,59.0,,,,775.503,223.157,657.3760000000002,227.62099999999998,,,
235,2882493,20,,right,saccade,,59.0,,,781.53,208.326,669.7610000000002,216.84,,,
236,2882517,768,3.6710520833333327,left,fixation,60.0,,664.565155440414,223.00055958549197,,,,,5.0,2.366011464791067,4.444437628992901
237,2882517,768,3.6710520833333327,right,fixation,,60.0,658.740834196891,215.627336787565,,,,,5.0,3.437517774541522,9.021292748287882
238,2883289,16,,left,saccade,60.0,,,,682.45,217.41299999999998,586.6659999999998,226.136,,,
239,2883289,16,,right,saccade,,60.0,,,671.472,226.077,604.513,226.077,,,
240,2883309,88,,right,fixation,,61.0,592.81547826087,216.18547826086998,,,,,2.0,2.457257445131066,6.132461789812834
241,2883309,96,,left,fixation,61.0,,584.73744,227.7738,,,,,0.0,,
242,2883401,39,,right,saccade,,61.0,,,581.472,211.75799999999998,507.158,218.94,,,
243,2883409,39,,left,saccade,61.0,,,,579.639,223.68,511.35,222.00099999999998,,,
244,2883516,1097,3.651449612931757,left,fixation,62.0,,557.70348,228.722752727273,,,,,9.0,4.011433163713023,18.712530153352844
245,2883520,1085,3.651449612931757,right,fixation,,62.0,547.696547794117,217.799886029412,,,,,11.0,5.607007873789151,18.103607067776768
246,2884609,40,,right,saccade,,62.0,,,580.807,206.55,445.85,217.81799999999998,,,
247,2884617,40,,left,saccade,62.0,,,,585.79,224.505,488.327,227.55,,,
248,2884760,308,3.637625,left,fixation,63.0,,490.7903205128201,246.10083333333301,,,,,3.0,2.816453150109588,8.901309419157903
249,2884764,304,3.637625,right,fixation,,63.0,471.4287142857151,218.21079220779203,,,,,1.0,4.828601353164054,7.355210737973477
250,2885072,20,,left,saccade,63.0,,,,479.523,241.709,588.7040000000002,231.023,,,
251,2885072,20,,right,saccade,,63.0,,,467.728,233.033,592.665,219.30200000000002,,,
252,2885096,152,3.6851315789473684,left,fixation,64.0,,591.715769230769,222.24587179487202,,,,,1.0,2.1506372763542534,6.088141999001005
253,2885096,152,3.6851315789473684,right,fixation,,64.0,584.893820512821,228.510538461539,,,,,1.0,2.9847825623392685,5.102082907989644
254,2885252,20,,left,saccade,64.0,,,,593.077,223.75099999999998,682.564,224.771,,,
255,2885252,20,,right,saccade,,64.0,,,591.111,237.87900000000002,692.2560000000003,231.498,,,
256,2885276,352,3.6596306818181814,left,fixation,65.0,,674.777303370787,234.815247191011,,,,,2.0,4.905927193438192,19.046474817378414
257,2885276,356,3.6596910112359553,right,fixation,,65.0,666.6173444444439,223.9753,,,,,2.0,3.8888884287653775,12.121154736574812
258,2885632,28,,left,saccade,65.0,,,,649.469,220.144,427.469,240.153,,,
259,2885636,24,,right,saccade,,65.0,,,651.778,223.93200000000002,434.295,231.644,,,
260,2885664,396,3.698873737373737,right,fixation,,66.0,428.07541,231.86624,,,,,0.0,,
261,2885664,400,3.6991099999999992,left,fixation,66.0,,435.834069306931,240.444257425742,,,,,2.0,2.5032499724250434,5.050847119599512
262,2886064,20,,right,saccade,,66.0,,,421.565,209.59599999999998,529.361,209.44299999999998,,,
263,2886068,20,,left,saccade,66.0,,,,444.411,222.15599999999998,540.47,216.937,,,
264,2886088,184,3.6981847826086964,right,fixation,,67.0,546.704680851064,226.08061702127705,,,,,2.0,3.223927835057724,2.2707237772307347
265,2886092,184,3.697,left,fixation,67.0,,548.0137659574469,224.33114893617,,,,,2.0,3.087561157767632,4.573278714009749
266,2886276,20,,right,saccade,,67.0,,,549.625,228.515,459.901,230.39700000000002,,,
267,2886280,16,,left,saccade,67.0,,,,546.874,224.707,460.559,234.537,,,
268,2886300,164,3.678353658536585,left,fixation,68.0,,454.999238095238,231.816738095238,,,,,0.0,,
269,2886300,164,3.678353658536585,right,fixation,,68.0,445.77880952380997,229.951404761905,,,,,0.0,,
270,2886468,20,,left,saccade,68.0,,,,452.776,228.92,533.7909999999998,222.092,,,
271,2886468,20,,right,saccade,,68.0,,,444.3,227.61700000000002,542.495,219.908,,,
272,2886492,560,3.7080249999999992,right,fixation,,69.0,554.908241134752,224.245886524823,,,,,2.0,6.072824746713499,16.862925908909588
273,2886492,564,3.7080921985815607,left,fixation,69.0,,557.732056338028,228.471295774648,,,,,3.0,5.305804335553684,16.801942466195786
274,2887056,24,,right,saccade,,69.0,,,581.406,205.47799999999998,776.293,207.303,,,
275,2887060,24,,left,saccade,69.0,,,,601.738,225.424,772.034,226.97,,,
276,2887084,412,3.715111650485437,right,fixation,,70.0,767.449221153846,225.878634615384,,,,,2.0,5.426975679448839,8.246413768627326
277,2887088,408,3.715088235294117,left,fixation,70.0,,775.044300970874,223.41228155339803,,,,,0.0,,
278,2887500,16,,right,saccade,,70.0,,,772.605,224.079,848.307,220.565,,,
279,2887500,20,,left,saccade,70.0,,,,778.5089999999999,226.47299999999998,857.832,228.896,,,
280,2887520,344,3.64991875,right,fixation,,71.0,850.4034597701151,200.721057471264,,,,,0.0,,
281,2887524,348,3.648901024590164,left,fixation,71.0,,866.308613636363,238.981568181818,,,,,0.0,,
282,2887868,40,,right,saccade,,71.0,,,854.584,196.347,866.672,227.46,,,
283,2887876,40,,left,saccade,71.0,,,,865.059,236.389,879.1569999999997,210.952,,,
284,2887984,512,3.6251144698568414,left,fixation,72.0,,881.2963100775197,237.53410077519402,,,,,2.0,4.516434088414472,5.936556633242952
285,2888000,496,3.6251144698568414,right,fixation,,72.0,865.7615920000011,183.926808,,,,,2.0,5.030960667945539,10.367316719270264
286,2888500,24,,left,saccade,72.0,,,,882.3739999999997,239.363,691.387,240.498,,,
287,2888500,24,,right,saccade,,72.0,,,870.467,170.50599999999997,701.0310000000003,189.951,,,
288,2888528,504,3.5860393700787405,left,fixation,73.0,,681.717858267716,245.268511811024,,,,,2.0,5.716463895638393,17.25902135670559
289,2888528,504,3.5860393700787405,right,fixation,,73.0,673.832748031496,213.230960629921,,,,,4.0,3.488016030062135,12.014402123906619
290,2889036,28,,left,saccade,73.0,,,,665.947,241.674,863.237,239.405,,,
291,2889036,28,,right,saccade,,73.0,,,658.058,223.84,894.69,216.77700000000002,,,
292,2889068,568,3.6105572689987033,right,fixation,,74.0,869.21706993007,200.629097902098,,,,,1.0,1.9570570096164368,5.47061577886801
293,2889068,576,3.6105572689987033,left,fixation,74.0,,873.2058413793111,234.48351724137902,,,,,2.0,2.312938295240249,7.639704051147631
294,2889640,40,,right,saccade,,74.0,,,848.2610000000003,206.667,855.793,199.36900000000003,,,
295,2889648,40,,left,saccade,74.0,,,,861.6260000000003,238.699,868.451,240.61,,,
296,2889764,216,3.6233414634146337,left,fixation,75.0,,870.831018181819,241.44363636363602,,,,,0.0,,
297,2889780,200,3.6233414634146337,right,fixation,,75.0,852.4656470588243,204.87231372549,,,,,1.0,3.8924861414153904,17.528963916900434
298,2889984,24,,left,saccade,75.0,,,,859.3430000000003,244.517,636.7090000000002,253.16,,,
299,2889984,24,,right,saccade,,75.0,,,852.7130000000003,205.889,659.8789999999998,211.493,,,
300,2890012,276,3.6290797101449273,left,fixation,76.0,,647.393785714286,247.942542857143,,,,,0.0,,
301,2890012,276,3.6290797101449273,right,fixation,,76.0,653.549057142857,226.3719,,,,,1.0,4.132055383758115,12.209110450806786
302,2890292,20,,left,saccade,76.0,,,,651.76,241.46400000000003,746.8939999999999,243.84,,,
303,2890292,20,,right,saccade,,76.0,,,644.257,204.75900000000001,758.2360000000001,204.75900000000001,,,
304,2890316,124,3.5724677419354838,left,fixation,77.0,,753.44396875,239.003125,,,,,1.0,2.0573560432965348,5.813895079892667
305,2890316,124,3.5724677419354838,right,fixation,,77.0,754.12421875,215.9869375,,,,,1.0,2.4833341387023102,6.014827345818032
306,2890444,32,,left,saccade,77.0,,,,745.023,241.91099999999997,456.834,296.535,,,
307,2890444,32,,right,saccade,,77.0,,,755.0089999999999,226.56900000000002,481.44800000000004,277.814,,,
308,2890480,416,3.575398734177216,right,fixation,,78.0,450.3828,315.0332,,,,,3.0,6.345719644932179,26.11687711152416
309,2890480,420,3.575398734177216,left,fixation,78.0,,443.249301886792,331.496679245283,,,,,6.0,3.7172090196729832,12.696086909557964
310,2890900,40,,right,saccade,,78.0,,,436.531,336.506,428.134,347.91900000000015,,,
311,2890904,44,,left,saccade,78.0,,,,430.765,364.588,426.467,341.615,,,
312,2891028,408,3.528706666666667,left,fixation,79.0,,437.138932038835,356.262368932039,,,,,3.0,2.9986004086953493,10.631944899659848
313,2891036,400,3.528706666666667,right,fixation,,79.0,432.10003960396006,359.75524752475195,,,,,5.0,2.8515219093966477,12.70230639176609
314,2891440,56,,right,saccade,,79.0,,,439.2,365.394,1287.951,369.059,,,
315,2891440,60,,left,saccade,79.0,,,,431.375,358.09,1287.629,373.48400000000004,,,
316,2891500,336,3.5706488095238083,right,fixation,,80.0,1313.2110117647098,341.415552941177,,,,,3.0,5.0474119753634605,18.268921146168797
317,2891504,216,3.5642500000000004,left,fixation,80.0,,1300.23465454545,374.26192727272695,,,,,2.0,2.462283494256169,7.508895385804598
318,2891724,16,,left,saccade,80.0,,,,1302.348,361.921,1354.219,316.502,,,
319,2891744,92,3.5836956521739127,left,fixation,81.0,,1364.88208333333,295.939625,,,,,1.0,3.289549893222477,6.682000673451082
320,2891840,44,,left,saccade,81.0,,,,1365.7220000000002,295.647,682.193,304.24,,,
321,2891840,48,,right,saccade,,80.0,,,1346.06,301.756,681.212,297.772,,,
322,2891888,152,3.5876842105263163,left,fixation,82.0,,666.139205128205,307.82794871794897,,,,,1.0,7.727157672420361,5.894569110630593
323,2891892,148,3.5872702702702712,right,fixation,,81.0,662.666078947368,314.79597368421,,,,,2.0,4.734860210301185,9.284253380422037
324,2892044,24,,left,saccade,82.0,,,,667.945,314.2870000000001,489.226,335.9,,,
325,2892044,28,,right,saccade,,81.0,,,659.62,329.82,489.46,353.07800000000015,,,
326,2892072,224,3.5986160714285718,left,fixation,83.0,,475.61140350877196,348.865228070176,,,,,1.0,2.3072509917408133,10.82399648928252
327,2892076,668,3.5755421686746987,right,fixation,,82.0,515.941809523809,354.192232142857,,,,,7.0,6.705229447167577,19.42990355895968
328,2892300,16,,left,saccade,83.0,,,,483.056,354.069,535.618,345.029,,,
329,2892320,428,3.55975,left,fixation,84.0,,560.25725,348.83099074074096,,,,,5.0,4.021206245854957,12.308693938433974
330,2892748,20,,right,saccade,,82.0,,,568.004,355.154,638.9730000000002,355.154,,,
331,2892752,16,,left,saccade,84.0,,,,589.554,343.751,651.04,342.74,,,
332,2892772,200,3.508421568627451,right,fixation,,83.0,633.536509803922,348.300254901961,,,,,2.0,3.9422419053891535,18.956486676342568
333,2892772,204,3.5083461538461544,left,fixation,85.0,,661.890576923077,351.673365384615,,,,,2.0,2.7656310668885515,11.225899661700094
334,2892976,20,,right,saccade,,83.0,,,635.494,360.167,749.937,361.36800000000005,,,
335,2892980,16,,left,saccade,85.0,,,,661.743,351.29400000000015,751.681,340.82199999999995,,,
336,2893000,252,3.484087301587301,left,fixation,86.0,,760.2774375,333.361125,,,,,2.0,2.1394003457188644,7.422814055083438
337,2893000,252,3.484087301587301,right,fixation,,84.0,753.523375,370.397859375,,,,,0.0,,
338,2893256,16,,right,saccade,,84.0,,,760.2660000000003,371.62699999999995,851.35,365.417,,,
339,2893256,20,,left,saccade,86.0,,,,771.659,338.651,871.812,339.06,,,
340,2893276,192,3.497604166666666,right,fixation,,85.0,852.6002857142862,362.25053061224503,,,,,1.0,4.140681814494906,10.873853272874362
341,2893280,188,3.4976382978723413,left,fixation,87.0,,871.8072708333342,340.99739583333303,,,,,2.0,2.001207172171905,5.730381439790263
342,2893472,28,,left,saccade,87.0,,,,864.283,344.815,557.5930000000002,347.87,,,
343,2893472,32,,right,saccade,,85.0,,,861.1,358.70300000000015,568.211,351.849,,,
344,2893504,296,3.5131013513513523,left,fixation,88.0,,553.812053333333,338.165346666667,,,,,1.0,1.7521289351972669,4.706494342926631
345,2893508,288,3.513208333333333,right,fixation,,86.0,541.834191780822,342.28883561643903,,,,,4.0,3.1627235433983705,10.967385362114364
346,2893800,24,,right,saccade,,86.0,,,544.101,362.019,662.194,347.837,,,
347,2893804,20,,left,saccade,88.0,,,,553.991,341.267,665.323,345.722,,,
348,2893828,184,3.5803586956521736,left,fixation,89.0,,670.812319148936,355.279276595745,,,,,3.0,2.8972861279231856,7.064527519113373
349,2893828,184,3.5803586956521736,right,fixation,,87.0,660.683808510638,364.990893617021,,,,,3.0,2.7242742112414344,6.266250601871568
350,2894016,48,,right,saccade,,87.0,,,659.9680000000002,375.73,1319.875,333.9480000000001,,,
351,2894016,52,,left,saccade,89.0,,,,672.18,360.18800000000016,1338.725,331.444,,,
352,2894068,284,3.6194084507042255,right,fixation,,88.0,1347.39213888889,310.32976388888903,,,,,1.0,11.204938500748488,34.675115053882664
353,2894072,280,3.61965,left,fixation,90.0,,1366.29453521127,303.001366197183,,,,,7.0,3.48325277674537,13.889767165185495
354,2894356,56,,left,saccade,90.0,,,,1383.06,274.643,538.268,327.249,,,
355,2894356,56,,right,saccade,,88.0,,,1358.5870000000002,271.217,546.316,329.976,,,
356,2894416,564,3.634161971830986,left,fixation,91.0,,544.044823943662,338.42485915492995,,,,,4.0,3.3892761570109835,9.212656932630352
357,2894416,564,3.634161971830986,right,fixation,,89.0,533.462316901408,341.148366197183,,,,,5.0,6.147414512169803,13.577748680111648
358,2894984,20,,left,saccade,91.0,,,,559.18,345.49300000000005,459.026,348.75199999999984,,,
359,2894984,24,,right,saccade,,89.0,,,557.68,366.402,451.108,365.77,,,
360,2895008,216,3.584138888888889,left,fixation,92.0,,463.440472727273,348.4158,,,,,3.0,2.708686861892577,7.028944359491106
361,2895012,212,3.5839811320754715,right,fixation,,90.0,462.100185185185,367.095703703704,,,,,2.0,2.757749867440197,5.833046060324352
362,2895228,20,,right,saccade,,90.0,,,465.67800000000005,356.506,661.68,355.069,,,
363,2895228,24,,left,saccade,92.0,,,,471.48400000000004,356.301,644.903,345.139,,,
364,2895252,252,3.6113412698412697,right,fixation,,91.0,653.2783125,342.5844375,,,,,2.0,3.36287216789275,9.21180296812435
365,2895256,248,3.611806451612904,left,fixation,93.0,,661.619047619048,345.090174603175,,,,,4.0,2.7353260712322323,8.730145742541128
366,2895508,20,,right,saccade,,91.0,,,651.026,343.599,791.2810000000003,341.42800000000005,,,
367,2895508,24,,left,saccade,93.0,,,,661.7080000000002,343.772,795.875,348.853,,,
368,2895532,172,3.607093023255816,right,fixation,,92.0,783.823727272728,350.7679545454551,,,,,6.0,3.683964500525204,8.810894528011213
369,2895536,644,3.58908695652174,left,fixation,94.0,,846.734086419753,360.54129012345595,,,,,11.0,3.419675593040648,10.970101875465597
370,2895708,16,,right,saccade,,92.0,,,785.53,362.423,844.197,357.30800000000005,,,
371,2895728,456,3.582758771929824,right,fixation,,93.0,851.789321739131,340.17767826087004,,,,,9.0,4.729380031646134,10.786795481117457
372,2896184,32,,left,saccade,94.0,,,,872.64,362.565,555.841,363.724,,,
373,2896188,28,,right,saccade,,93.0,,,852.154,367.30300000000005,587.01,366.20599999999996,,,
374,2896220,360,3.5713666666666666,right,fixation,,94.0,565.731945054945,356.247758241758,,,,,3.0,3.4495246349132205,10.540414354635823
375,2896220,364,3.5714010989011,left,fixation,95.0,,564.277413043478,349.780336956522,,,,,3.0,2.4174131390263427,5.751778669650142
376,2896584,64,,right,saccade,,94.0,,,555.837,356.709,1338.851,331.952,,,
377,2896588,60,,left,saccade,95.0,,,,556.386,353.86300000000006,1344.885,342.533,,,
378,2896652,248,3.6189596774193538,left,fixation,96.0,,1374.34195238095,324.298603174603,,,,,5.0,3.422165212972016,12.816235918026248
379,2896652,248,3.6189596774193538,right,fixation,,95.0,1339.09398412698,323.562650793651,,,,,1.0,7.517321405335231,31.531190906783102
380,2896904,56,,left,saccade,96.0,,,,1386.66,290.132,526.5269999999998,443.974,,,
381,2896904,56,,right,saccade,,95.0,,,1340.445,298.344,521.131,429.784,,,
382,2896964,235,3.627525862068966,left,fixation,97.0,,516.247783333333,450.5767833333329,,,,,0.0,,
383,2896964,496,3.6267822580645173,right,fixation,,96.0,532.992592,474.08053600000005,,,,,5.0,5.8072446216697875,17.388807778778176
384,2897203,8,,left,saccade,97.0,,,,517.762,463.07,538.002,484.337,,,
385,2897215,245,3.627814516129032,left,fixation,98.0,,560.783629032258,491.7147903225811,,,,,2.0,3.2843819765091533,6.727048376304905
386,2897464,20,,left,saccade,98.0,,,,554.992,491.98,456.767,492.881,,,
387,2897464,20,,right,saccade,,96.0,,,538.215,501.421,455.435,497.55300000000005,,,
388,2897488,112,3.6455925925925934,right,fixation,,97.0,437.132689655172,490.628655172414,,,,,1.0,6.953881681797905,11.391591153126905
389,2897488,116,3.6455925925925934,left,fixation,99.0,,449.9002,488.9486,,,,,1.0,2.6252250802973376,3.446856248815767
390,2897604,40,,right,saccade,,97.0,,,431.754,485.73699999999997,435.245,471.718,,,
391,2897608,40,,left,saccade,99.0,,,,450.975,488.611,432.715,484.57199999999995,,,
392,2897716,148,3.593983918128655,left,fixation,100.0,,450.693236842105,490.177421052632,,,,,3.0,3.0602727318259,8.627216404342649
393,2897736,124,3.5940226315789485,right,fixation,,98.0,433.6616875,495.69925,,,,,1.0,3.184060972685308,7.88718264020808
394,2897864,24,,right,saccade,,98.0,,,428.595,488.967,624.4630000000002,480.06199999999995,,,
395,2897868,20,,left,saccade,100.0,,,,468.116,503.356,622.3580000000002,495.75199999999995,,,
396,2897892,444,3.6179144144144137,right,fixation,,99.0,630.479169642857,492.64599999999996,,,,,8.0,5.249275609010606,14.677862236134693
397,2897892,448,3.6178169642857134,left,fixation,101.0,,645.174309734513,496.589672566372,,,,,4.0,5.2116338973278,16.934942722299823
398,2898340,20,,right,saccade,,99.0,,,644.226,488.157,747.778,480.14,,,
399,2898344,16,,left,saccade,101.0,,,,667.408,483.066,757.512,483.066,,,
400,2898364,268,3.568365671641791,right,fixation,,100.0,743.990632352941,493.54141176470597,,,,,0.0,,
401,2898364,272,3.567919117647058,left,fixation,102.0,,765.752797101449,492.386101449275,,,,,3.0,2.4192449488515906,7.545323218977297
402,2898636,20,,right,saccade,,100.0,,,756.47,503.361,854.7860000000003,490.839,,,
403,2898640,19,,left,saccade,102.0,,,,770.279,494.93800000000016,877.534,493.231,,,
404,2898659,580,3.5626517241379307,right,fixation,,101.0,847.408390410959,491.778109589042,,,,,3.0,3.651882102847287,6.809506044464763
405,2898663,576,3.5627951388888888,left,fixation,103.0,,881.096503448276,489.683634482758,,,,,3.0,3.3105400627882786,4.810419502614921
406,2899243,24,,left,saccade,103.0,,,,883.783,497.469,621.77,502.408,,,
407,2899243,28,,right,saccade,,101.0,,,853.581,510.038,627.408,511.548,,,
408,2899271,164,3.558524390243904,left,fixation,104.0,,624.262642857143,491.189690476191,,,,,1.0,2.956057908957652,9.048137764203148
409,2899275,156,3.5586538461538475,right,fixation,,102.0,619.837625,516.697275,,,,,0.0,,
410,2899435,20,,right,saccade,,102.0,,,619.7130000000002,510.85,538.018,517.765,,,
411,2899439,16,,left,saccade,104.0,,,,617.019,492.815,562.6990000000002,499.976,,,
412,2899459,341,3.5615813953488367,left,fixation,105.0,,550.9393488372099,495.918848837209,,,,,5.0,2.3942340584051336,8.423258898201956
413,2899459,341,3.5615813953488367,right,fixation,,103.0,539.452697674419,506.454186046511,,,,,2.0,2.4785185873975037,4.4014239124070365
414,2899804,20,,left,saccade,105.0,,,,560.274,498.42,429.03,498.42,,,
415,2899804,20,,right,saccade,,103.0,,,535.771,511.48199999999997,444.88300000000004,501.635,,,
416,2899828,143,3.60145,right,fixation,,104.0,444.37721621621597,503.992189189189,,,,,2.0,4.600430188259517,11.860264085066301
417,2899828,147,3.60145,left,fixation,106.0,,458.064868421053,483.44731578947403,,,,,1.0,5.6247493771327886,11.664005186898722
418,2899975,40,,right,saccade,,104.0,,,451.75199999999995,500.342,442.145,515.107,,,
419,2899979,44,,left,saccade,106.0,,,,464.68,488.43800000000016,424.82300000000004,484.334,,,
420,2900091,468,3.5148786572622783,left,fixation,107.0,,445.00963559321997,490.78359322033896,,,,,9.0,2.938429428517175,12.246622003952876
421,2900099,460,3.5148786572622783,right,fixation,,105.0,434.98142241379287,500.103629310345,,,,,4.0,3.663259080653632,9.207696522219312
422,2900563,24,,right,saccade,,105.0,,,423.48400000000004,499.522,643.165,497.00699999999995,,,
423,2900563,28,,left,saccade,107.0,,,,440.975,484.98,626.535,492.226,,,
424,2900591,536,3.4982425373134327,right,fixation,,106.0,648.733785185185,486.179207407407,,,,,2.0,2.66839625782368,7.726500799335697
425,2900595,532,3.49824060150376,left,fixation,108.0,,657.338097014925,504.128664179105,,,,,8.0,2.3328432629398765,8.650851521501574
426,2901131,20,,left,saccade,108.0,,,,662.477,505.537,537.443,506.30300000000005,,,
427,2901131,20,,right,saccade,,106.0,,,651.761,474.592,537.716,481.561,,,
428,2901155,160,3.517475,left,fixation,109.0,,539.7544634146341,496.38643902439003,,,,,2.0,2.3269330862164312,5.522543123482263
429,2901155,160,3.517475,right,fixation,,107.0,541.831292682927,494.87158536585406,,,,,2.0,2.0467390526797042,4.8573398654377264
430,2901319,20,,left,saccade,109.0,,,,538.275,493.249,450.585,489.332,,,
431,2901319,20,,right,saccade,,107.0,,,540.364,502.528,443.278,500.134,,,
432,2901343,284,3.5003027755556486,right,fixation,,108.0,437.830861111111,496.510972222222,,,,,1.0,2.527009305043751,13.61974203133085
433,2901343,288,3.5003027755556486,left,fixation,110.0,,438.020273972603,481.029082191781,,,,,1.0,5.060113399036728,16.03128382257642
434,2901631,40,,right,saccade,,108.0,,,421.36199999999997,491.355,551.448,499.07599999999996,,,
435,2901635,40,,left,saccade,110.0,,,,440.711,497.582,578.845,477.13699999999994,,,
436,2901743,800,3.5698539568354253,left,fixation,111.0,,561.8086368159201,497.540776119403,,,,,12.0,2.620476161773853,11.037931990998132
437,2901755,1180,3.574194633014009,right,fixation,,109.0,574.353597972973,492.855557432433,,,,,9.0,5.795830870998577,21.84588157509348
438,2902547,20,,left,saccade,111.0,,,,554.739,483.199,638.077,485.084,,,
439,2902571,368,3.583717391304348,left,fixation,112.0,,651.273150537634,491.417483870968,,,,,2.0,2.936014428753092,7.281979391959423
440,2902939,20,,right,saccade,,109.0,,,638.698,482.54,735.934,482.54,,,
441,2902943,16,,left,saccade,112.0,,,,663.318,490.404,730.753,492.76099999999997,,,
442,2902963,380,3.6245,left,fixation,113.0,,746.3150416666672,492.5553541666671,,,,,4.0,3.7637192188880335,14.951405673887026
443,2902963,380,3.6245,right,fixation,,110.0,738.298,490.38328125,,,,,3.0,3.4338773280978656,8.603928933748238
444,2903347,20,,left,saccade,113.0,,,,769.432,502.06,845.492,499.176,,,
445,2903347,20,,right,saccade,,110.0,,,755.046,494.9,839.187,500.62,,,
446,2903371,1384,3.699020231213873,left,fixation,114.0,,866.8839394812669,505.260682997118,,,,,11.0,2.3393830963699624,8.415414314420918
447,2903371,1384,3.699020231213873,right,fixation,,111.0,841.310541786742,485.421469740634,,,,,2.0,3.2016172258753914,11.474898545587212
448,2904759,32,,left,saccade,114.0,,,,859.448,507.744,525.21,495.29900000000004,,,
449,2904759,48,,right,saccade,,111.0,,,854.704,501.162,484.20099999999996,495.56800000000004,,,
450,2904795,1076,3.6279722222222217,left,fixation,115.0,,452.83652592592597,484.171588888889,,,,,3.0,3.852149567653168,15.42225605999684
451,2904811,1060,3.6263176691729333,right,fixation,,112.0,443.41040977443606,501.66881578947306,,,,,3.0,4.1030562282610425,17.750283944415052
452,2905875,32,,right,saccade,,112.0,,,442.99300000000005,501.195,707.688,491.67199999999997,,,
453,2905875,36,,left,saccade,115.0,,,,423.106,475.353,699.549,488.85400000000004,,,
454,2905911,80,3.471447368421053,right,fixation,,113.0,731.386571428572,487.788619047619,,,,,1.0,4.249338072636245,15.13311501310958
455,2905915,76,3.4712500000000004,left,fixation,116.0,,723.35905,496.2976,,,,,1.0,3.4099912226996683,31.946978026098215
456,2905995,20,,left,saccade,116.0,,,,743.596,496.20099999999996,857.3760000000003,496.42400000000004,,,
457,2905995,20,,right,saccade,,113.0,,,736.3380000000003,485.741,839.7310000000001,484.111,,,
458,2906019,548,3.4619963768115936,left,fixation,117.0,,850.828442028985,504.787079710145,,,,,8.0,2.899048041768752,12.755127574298706
459,2906019,548,3.4619963768115936,right,fixation,,114.0,831.519471014493,478.238195652174,,,,,2.0,3.239591439896195,12.51385966794112
460,2906571,36,,left,saccade,117.0,,,,817.703,477.792,460.934,486.874,,,
461,2906571,40,,right,saccade,,114.0,,,813.648,455.075,449.244,482.093,,,
462,2906611,76,,left,fixation,118.0,,436.7497,467.51455,,,,,2.0,3.17816330937894,13.143012202813726
463,2906615,68,,right,fixation,,115.0,444.437555555556,493.588722222222,,,,,1.0,4.666560784513089,15.183349202333412
464,2906687,40,,right,saccade,,115.0,,,441.705,481.974,427.153,473.811,,,
465,2906691,40,,left,saccade,118.0,,,,424.977,465.952,395.621,472.903,,,
466,2906831,220,3.4035568513119534,left,fixation,119.0,,417.756839285714,451.709375,,,,,4.0,3.959269772379872,22.494662244473368
467,2906851,196,3.402963525835866,right,fixation,,116.0,424.92186,471.08795999999995,,,,,0.0,,
468,2907051,20,,right,saccade,,116.0,,,426.911,475.71,539.419,479.811,,,
469,2907055,20,,left,saccade,119.0,,,,407.716,445.587,524.996,445.634,,,
470,2907075,508,3.4506220472440954,right,fixation,,117.0,541.022328125,499.4509140625,,,,,2.0,3.187031000424966,8.664270894186302
471,2907079,504,3.4508055555555566,left,fixation,120.0,,544.856700787401,482.804228346456,,,,,7.0,2.3212930042588766,8.341761457311945
472,2907587,20,,left,saccade,120.0,,,,540.903,487.13,630.3240000000002,486.50800000000004,,,
473,2907587,20,,right,saccade,,117.0,,,537.109,494.973,653.812,492.564,,,
474,2907611,320,3.4469000000000003,right,fixation,,118.0,645.776543209877,480.216777777778,,,,,0.0,,
475,2907611,324,3.446907407407408,left,fixation,121.0,,648.667792682927,498.69762195122,,,,,0.0,,
476,2907935,24,,right,saccade,,118.0,,,639.474,483.723,760.492,493.194,,,
477,2907939,20,,left,saccade,121.0,,,,664.692,513.23,775.238,506.551,,,
478,2907963,400,3.5185849999999994,right,fixation,,119.0,746.308693069307,481.312564356436,,,,,2.0,3.7344338813186013,7.134380150957877
479,2907963,404,3.5188514851485144,left,fixation,122.0,,776.032882352942,508.9173431372551,,,,,5.0,2.6387481778313893,9.07481371984044
480,2908367,24,,right,saccade,,119.0,,,734.682,479.327,892.0880000000003,476.523,,,
481,2908371,20,,left,saccade,122.0,,,,769.581,516.056,908.617,513.573,,,
482,2908395,360,3.5706888888888884,left,fixation,123.0,,890.6097912087912,504.056010989011,,,,,4.0,2.3919213599884905,7.393807492465014
483,2908395,360,3.5706888888888884,right,fixation,,120.0,866.114483516484,490.5342747252749,,,,,1.0,3.725110397320101,11.831764407728837
484,2908759,24,,left,saccade,123.0,,,,881.1610000000003,498.579,681.995,503.342,,,
485,2908759,24,,right,saccade,,120.0,,,853.395,500.404,663.1389999999999,506.57300000000004,,,
486,2908787,356,3.6271011235955055,left,fixation,124.0,,674.874333333333,507.47095555555495,,,,,2.0,2.9822217199761694,10.540822231243157
487,2908787,356,3.6271011235955055,right,fixation,,121.0,651.6145333333329,514.172922222222,,,,,3.0,3.7350700678833535,15.75689696944218
488,2909147,24,,left,saccade,124.0,,,,650.148,507.01199999999994,431.07199999999995,510.611,,,
489,2909147,28,,right,saccade,,121.0,,,622.096,504.441,419.041,494.64599999999996,,,
490,2909175,420,3.5575666666666668,left,fixation,125.0,,435.7906037735849,502.116933962264,,,,,4.0,2.3397204764401227,6.063307396534118
491,2909179,416,3.5569807692307687,right,fixation,,122.0,428.3359428571431,511.949733333334,,,,,5.0,2.8717149948211214,11.523314288536724
492,2909599,28,,right,saccade,,122.0,,,435.20099999999996,502.17900000000003,692.623,503.051,,,
493,2909599,32,,left,saccade,125.0,,,,438.76800000000003,489.939,681.335,493.522,,,
494,2909631,168,3.55125,right,fixation,,123.0,691.938860465116,484.39167441860496,,,,,2.0,4.908570430172131,27.01358198145132
495,2909635,496,3.537334677419355,left,fixation,126.0,,743.793216,502.85310400000003,,,,,7.0,3.731801987538825,13.456656915826487
496,2909803,12,,right,saccade,,123.0,,,694.62,498.531,743.768,492.991,,,
497,2909819,312,3.5305384615384616,right,fixation,,124.0,755.429455696203,497.850886075949,,,,,1.0,3.449199560928744,7.126723019733553
498,2910135,36,,left,saccade,126.0,,,,760.268,499.36699999999996,455.09,502.033,,,
499,2910135,40,,right,saccade,,124.0,,,753.044,491.01800000000003,450.267,508.675,,,
500,2910175,184,3.5349804275820538,left,fixation,127.0,,434.45582978723394,491.2032340425531,,,,,1.0,1.9259911229171247,5.548035508177657
501,2910179,180,3.5349025007913886,right,fixation,,125.0,437.251586956522,505.97376086956496,,,,,2.0,2.5029875363137832,5.1718724090483486
502,2910363,40,,left,saccade,127.0,,,,432.44300000000004,489.16,402.72900000000004,457.51599999999996,,,
503,2910363,40,,right,saccade,,125.0,,,431.24300000000005,500.626,424.791,505.541,,,
504,2910471,152,3.5148213125406103,left,fixation,128.0,,429.57971794871804,467.95541025641,,,,,1.0,4.77166687914776,49.00883612166274
505,2910491,128,3.5145649963689176,right,fixation,,126.0,417.318212121212,486.207666666667,,,,,1.0,2.5245871664711945,5.048413017969055
506,2910623,28,,right,saccade,,126.0,,,409.42900000000003,469.346,682.677,467.221,,,
507,2910627,28,,left,saccade,128.0,,,,442.35900000000004,480.389,674.927,479.152,,,
508,2910655,176,3.5845340909090906,right,fixation,,127.0,684.769733333333,466.604066666667,,,,,0.0,,
509,2910659,172,3.5854534883720928,left,fixation,129.0,,699.3539318181821,479.751113636363,,,,,2.0,3.039065283866198,9.982607769090228
510,2910835,16,,left,saccade,129.0,,,,700.2310000000001,490.727,642.445,497.36,,,
511,2910835,16,,right,saccade,,127.0,,,689.051,481.719,637.2280000000002,488.15,,,
512,2910855,236,3.5996779661016944,left,fixation,130.0,,641.307883333334,500.9629333333329,,,,,3.0,2.1975760801996054,4.661843909800884
513,2910855,236,3.5996779661016944,right,fixation,,128.0,619.331233333333,488.1343333333329,,,,,1.0,2.610759686162026,6.751417110503514
514,2911095,20,,left,saccade,130.0,,,,631.448,491.99199999999996,548.404,488.73699999999997,,,
515,2911095,20,,right,saccade,,128.0,,,618.78,501.25699999999995,537.823,509.965,,,
516,2911119,252,3.5915079365079365,left,fixation,131.0,,541.404453125,488.970171875,,,,,0.0,,
517,2911119,252,3.5915079365079365,right,fixation,,129.0,540.675625,509.523421875,,,,,0.0,,
518,2911375,20,,left,saccade,131.0,,,,539.955,490.461,389.668,495.718,,,
519,2911375,20,,right,saccade,,129.0,,,539.22,506.441,401.726,505.167,,,
520,2911399,156,3.58975641025641,right,fixation,,130.0,386.353275,484.34495,,,,,4.0,3.8804027459574484,9.921188870429782
521,2911399,360,3.5885277777777773,left,fixation,132.0,,429.61231868131796,483.767065934066,,,,,6.0,6.206490393779384,20.20939813385624
522,2911559,4,,right,saccade,,130.0,,,410.69800000000004,492.656,424.642,492.88199999999995,,,
523,2911567,284,3.586598591549296,right,fixation,,131.0,419.146388888889,482.313902777778,,,,,4.0,4.109094901096007,14.365561070176215
524,2911763,0,,left,saccade,132.0,,,,420.30199999999996,480.506,420.30199999999996,480.506,,,
525,2911767,84,3.5844761904761904,left,fixation,133.0,,409.493863636364,462.04040909090895,,,,,2.0,3.2249399499454343,6.60155008172228
526,2911855,60,,left,saccade,133.0,,,,403.342,453.82,1357.433,463.343,,,
527,2911855,60,,right,saccade,,131.0,,,403.836,470.92699999999996,1349.4560000000001,456.034,,,
528,2911919,448,3.6074196428571432,left,fixation,134.0,,1357.76330973451,453.148371681416,,,,,8.0,4.304131146413607,13.927307801662238
529,2911919,448,3.6074196428571432,right,fixation,,132.0,1323.07511504425,438.8403628318589,,,,,3.0,6.1124438341253216,25.72611472141406
530,2912371,56,,left,saccade,134.0,,,,1340.9920000000004,458.07099999999997,536.275,509.634,,,
531,2912371,56,,right,saccade,,132.0,,,1311.606,414.35699999999997,529.135,495.147,,,
532,2912431,144,3.576222222222221,right,fixation,,133.0,512.600864864865,517.751162162162,,,,,2.0,3.0524471708910768,10.681911660195656
533,2912431,156,3.5749230769230764,left,fixation,135.0,,520.853075,508.627225,,,,,3.0,6.509584649194178,15.558124290592724
534,2912579,16,,right,saccade,,133.0,,,509.089,523.363,447.00800000000004,520.3580000000002,,,
535,2912591,0,,left,saccade,135.0,,,,477.15,499.309,477.15,499.309,,,
536,2912595,232,3.6007330508474578,left,fixation,136.0,,459.800576271186,496.83293220339004,,,,,1.0,2.7068183249794315,5.058361888991312
537,2912599,228,3.601383620689655,right,fixation,,134.0,436.1545,495.36181034482695,,,,,1.0,3.715615580074034,12.443167161137064
538,2912831,64,,left,saccade,136.0,,,,449.778,499.16,1288.361,473.18800000000016,,,
539,2912831,64,,right,saccade,,134.0,,,442.213,487.286,1255.7269999999999,446.501,,,
540,2912899,132,3.6354696969696967,left,fixation,137.0,,1298.04017647059,472.7967058823529,,,,,0.0,,
541,2912899,132,3.6354696969696967,right,fixation,,135.0,1263.77861764706,458.151088235294,,,,,1.0,4.739906123074152,4.833554075418992
542,2913035,56,,left,saccade,137.0,,,,1307.235,463.61699999999996,790.53,514.437,,,
543,2913035,56,,right,saccade,,135.0,,,1268.205,455.345,795.268,498.958,,,
544,2913095,128,3.63846875,left,fixation,138.0,,790.9327272727271,525.2206969696971,,,,,0.0,,
545,2913095,128,3.63846875,right,fixation,,136.0,775.280424242424,513.4378787878791,,,,,2.0,2.9272625307340943,7.541060316990856
546,2913227,20,,left,saccade,138.0,,,,796.1519999999997,526.382,872.425,514.472,,,
547,2913227,20,,right,saccade,,136.0,,,768.857,520.422,837.1669999999997,508.03,,,
548,2913251,307,3.652743421052632,left,fixation,139.0,,874.221628205128,500.76417948717904,,,,,0.0,,
549,2913251,311,3.6529870129870137,right,fixation,,137.0,848.0289367088609,493.378037974683,,,,,1.0,4.262755384985431,4.554422136780938
550,2913562,20,,left,saccade,139.0,,,,882.424,495.155,761.7130000000003,498.06300000000016,,,
551,2913566,20,,right,saccade,,137.0,,,847.128,488.28,744.37,492.915,,,
552,2913586,112,3.6655771800281296,left,fixation,140.0,,766.151586206896,492.886655172414,,,,,1.0,2.573706152829249,10.965014956670132
553,2913590,108,3.664126582278482,right,fixation,,138.0,743.7528928571429,489.691392857143,,,,,0.0,,
554,2913702,40,,left,saccade,140.0,,,,767.6360000000003,498.62,773.568,498.856,,,
555,2913702,64,,right,saccade,,138.0,,,742.235,492.17699999999996,756.791,509.154,,,
556,2913818,184,3.67818918918919,left,fixation,141.0,,756.782212765958,497.360617021277,,,,,2.0,2.6875947484819354,20.746707706977997
557,2913838,164,3.678189189189189,right,fixation,,139.0,734.9824047619051,475.0805952380951,,,,,1.0,4.895258127912053,33.21194161743638
558,2914006,28,,left,saccade,141.0,,,,763.8919999999997,502.278,487.75699999999995,508.381,,,
559,2914006,28,,right,saccade,,139.0,,,730.919,471.50800000000004,470.39099999999996,501.702,,,
560,2914038,480,3.638032468971632,right,fixation,,140.0,447.207190082645,497.885917355372,,,,,4.0,4.179108552052812,20.12397868191624
561,2914038,484,3.638032468971632,left,fixation,142.0,,459.884327868852,503.352459016394,,,,,3.0,2.418169039885218,6.309749318843287
562,2914522,40,,right,saccade,,140.0,,,428.586,494.79699999999997,443.538,484.06,,,
563,2914526,40,,left,saccade,142.0,,,,441.93699999999995,495.504,441.111,484.23199999999997,,,
564,2914650,72,,left,fixation,143.0,,466.71078947368403,469.902157894737,,,,,2.0,5.560525199233867,21.392389689577332
565,2914674,48,,right,fixation,,141.0,468.253076923077,478.329,,,,,0.0,,
566,2914726,20,,left,saccade,143.0,,,,478.53,481.533,606.789,482.389,,,
567,2914726,20,,right,saccade,,141.0,,,469.64599999999996,486.74699999999996,581.7330000000002,498.44599999999997,,,
568,2914750,173,3.6071781656518014,left,fixation,144.0,,606.182545454546,495.579681818182,,,,,1.0,3.452291384798735,7.875734187997968
569,2914750,173,3.6071781656518014,right,fixation,,142.0,588.316272727273,488.27670454545404,,,,,0.0,,
570,2914927,20,,right,saccade,,142.0,,,595.564,492.925,707.809,491.334,,,
571,2914927,24,,left,saccade,144.0,,,,609.634,503.515,723.058,498.98400000000004,,,
572,2914951,140,3.6509,right,fixation,,143.0,702.624777777778,483.610555555555,,,,,1.0,1.9856054562218115,6.699774100669288
573,2914955,136,3.6516176470588233,left,fixation,145.0,,723.039371428571,492.551657142857,,,,,0.0,,
574,2915095,20,,left,saccade,145.0,,,,721.5089999999999,490.23199999999997,857.793,489.043,,,
575,2915095,20,,right,saccade,,143.0,,,697.676,468.7,852.515,468.7,,,
576,2915119,315,3.6933589743589743,left,fixation,146.0,,870.768662499999,485.7200125,,,,,1.0,2.385656053490454,16.009356170689646
577,2915119,315,3.6933589743589743,right,fixation,,144.0,851.112525,470.4943875,,,,,1.0,2.6954734535678013,7.632114058371936
578,2915438,44,,left,saccade,146.0,,,,874.095,488.773,471.459,569.28,,,
579,2915438,44,,right,saccade,,144.0,,,848.284,454.027,445.903,576.6709999999998,,,
580,2915486,408,3.5989166666666663,right,fixation,,145.0,447.63145631068,603.73859223301,,,,,6.0,4.013749185723526,17.059021345965526
581,2915486,412,3.5985048543689317,left,fixation,147.0,,455.9725,596.500586538461,,,,,6.0,2.827456003928818,12.960117941873255
582,2915898,16,,right,saccade,,145.0,,,470.472,618.864,535.624,617.674,,,
583,2915902,16,,left,saccade,147.0,,,,464.37699999999995,620.112,541.639,618.841,,,
584,2915918,316,3.5161962025316456,right,fixation,,146.0,548.4887875,615.5196,,,,,3.0,3.775081800335014,10.701019986041002
585,2915922,308,3.5163506493506493,left,fixation,148.0,,563.488717948718,621.633076923077,,,,,6.0,1.9726278955739431,5.195864459466886
586,2916234,24,,left,saccade,148.0,,,,563.428,629.0840000000002,423.139,631.193,,,
587,2916238,20,,right,saccade,,146.0,,,544.575,631.194,432.38199999999995,634.871,,,
588,2916262,88,,right,fixation,,147.0,443.4035217391298,639.443608695652,,,,,1.0,2.060801367861002,5.014316304342958
589,2916262,96,,left,fixation,149.0,,434.90712,628.93592,,,,,2.0,3.349535128174104,4.548415538557309
590,2916354,44,,right,saccade,,147.0,,,453.077,643.309,459.301,650.66,,,
591,2916362,64,,left,saccade,149.0,,,,441.098,625.812,428.56300000000016,589.81,,,
592,2916498,536,3.3721533579033585,left,fixation,150.0,,440.18876296296304,621.257466666667,,,,,10.0,2.6380259463099547,11.288546759289215
593,2916506,524,3.372082024793388,right,fixation,,148.0,447.091545454545,639.266833333333,,,,,3.0,3.6081888080993467,8.293551340421864
594,2917034,20,,right,saccade,,148.0,,,430.39,621.605,541.096,624.41,,,
595,2917038,16,,left,saccade,150.0,,,,450.101,625.8340000000002,530.5840000000002,618.069,,,
596,2917058,572,3.401489510489509,right,fixation,,149.0,535.120916666667,626.129701388889,,,,,5.0,2.407995338811499,5.840047200468107
597,2917058,832,3.4209567307692312,left,fixation,151.0,,550.839784688995,624.845894736842,,,,,4.0,3.3434636136987184,16.70161663276798
598,2917634,4,,right,saccade,,149.0,,,551.508,638.68,575.818,631.741,,,
599,2917642,244,3.4646967213114754,right,fixation,,150.0,566.528516129032,613.7063870967739,,,,,5.0,3.2167216171923387,8.317197418851384
600,2917890,20,,right,saccade,,150.0,,,553.845,588.739,655.837,600.655,,,
601,2917894,20,,left,saccade,151.0,,,,576.377,632.155,669.3739999999998,630.295,,,
602,2917914,736,3.587652173913044,right,fixation,,151.0,643.5112,624.683454054054,,,,,3.0,2.7627723666669297,14.59566907617384
603,2917918,732,3.588071038251366,left,fixation,152.0,,651.138983695652,627.5161086956523,,,,,3.0,2.5163053599271645,8.118837026982753
604,2918654,20,,right,saccade,,151.0,,,645.769,628.154,469.754,623.952,,,
605,2918654,24,,left,saccade,152.0,,,,649.406,632.745,466.256,640.528,,,
606,2918678,392,3.638948979591836,right,fixation,,152.0,455.241565656565,633.157676767677,,,,,4.0,3.8157358463475495,12.443641289121384
607,2918682,388,3.6388814432989687,left,fixation,153.0,,446.022520408163,641.503765306123,,,,,3.0,3.323117256436168,18.307926625145388
608,2919074,28,,right,saccade,,152.0,,,420.51300000000003,633.094,735.9760000000001,628.075,,,
609,2919074,32,,left,saccade,153.0,,,,419.29400000000004,624.639,713.325,627.999,,,
610,2919106,468,3.6879786324786337,right,fixation,,153.0,728.0726355932201,629.7926186440677,,,,,3.0,3.542461236750272,8.699899229472086
611,2919110,468,3.688303418803419,left,fixation,154.0,,737.600788135593,626.5734322033901,,,,,2.0,2.491890318516985,15.039642695747194
612,2919578,20,,right,saccade,,153.0,,,726.216,633.258,862.095,635.727,,,
613,2919582,20,,left,saccade,154.0,,,,748.199,627.119,832.1039999999997,627.119,,,
614,2919602,348,3.7582873563218393,right,fixation,,154.0,843.0717045454539,627.217181818182,,,,,2.0,7.6373627351757625,9.970661626662643
615,2919606,344,3.758529069767442,left,fixation,155.0,,842.221586206897,637.220954022989,,,,,2.0,4.925410769680756,16.23426764225606
616,2919954,20,,right,saccade,,154.0,,,838.949,632.253,646.3580000000002,631.4119999999998,,,
617,2919954,24,,left,saccade,155.0,,,,849.1060000000001,636.66,617.315,626.898,,,
618,2919978,1076,3.6566078066914502,right,fixation,,155.0,635.275570370371,619.517022222222,,,,,7.0,3.963972793419277,12.932095354855006
619,2919982,1072,3.656317164179105,left,fixation,156.0,,638.250223048326,608.833866171004,,,,,7.0,3.9603851115446784,12.891105892493114
620,2921058,56,,left,saccade,156.0,,,,602.971,585.061,1328.969,601.755,,,
621,2921058,56,,right,saccade,,155.0,,,590.2,606.665,1342.7779999999998,589.3430000000002,,,
622,2921118,904,3.646088105726872,left,fixation,157.0,,1409.4625374449402,569.705621145374,,,,,13.0,3.4338102516341045,15.562848730303983
623,2921118,908,3.645997807017544,right,fixation,,156.0,1401.29026315789,566.826254385965,,,,,8.0,5.176249827385849,16.438683300638335
624,2922026,52,,left,saccade,157.0,,,,1439.8670000000006,572.284,618.443,672.9760000000001,,,
625,2922030,52,,right,saccade,,156.0,,,1411.884,576.953,629.495,679.289,,,
626,2922082,144,3.6219583333333336,left,fixation,158.0,,613.269918918919,686.676513513514,,,,,0.0,,
627,2922086,140,3.6213142857142855,right,fixation,,157.0,616.415277777778,684.25375,,,,,2.0,2.654897611677414,5.9650586505428205
628,2922230,20,,left,saccade,158.0,,,,606.056,695.615,516.7280000000002,722.525,,,
629,2922230,24,,right,saccade,,157.0,,,610.877,683.852,516.1,737.94,,,
630,2922254,96,,left,fixation,159.0,,505.87375999999995,737.48472,,,,,0.0,,
631,2922258,84,,right,fixation,,158.0,506.4195454545449,742.206,,,,,0.0,,
632,2922346,96,,right,saccade,,158.0,,,499.211,736.574,471.589,774.6669999999997,,,
633,2922354,64,,left,saccade,159.0,,,,497.093,741.04,431.902,744.5039999999997,,,
634,2922486,403,3.5085997480711706,left,fixation,160.0,,447.571470588235,757.3620098039211,,,,,4.0,3.1044274809240893,14.136746615067091
635,2922510,379,3.5085997480711697,right,fixation,,159.0,443.786739583333,754.869739583333,,,,,3.0,2.9914268820518584,13.367127757872591
636,2922893,20,,left,saccade,160.0,,,,448.12300000000016,770.9810000000001,537.4590000000002,759.09,,,
637,2922893,20,,right,saccade,,159.0,,,431.82199999999995,759.222,551.436,760.42,,,
638,2922917,233,3.47766303030303,right,fixation,,160.0,547.007101694915,753.1896271186438,,,,,1.0,2.4262878138331985,6.3823859175076425
639,2922917,241,3.4776630303030305,left,fixation,161.0,,553.4237868852459,748.788655737705,,,,,1.0,2.0434106633001825,4.060330035846829
640,2923154,40,,right,saccade,,160.0,,,542.111,735.875,533.015,880.2439999999997,,,
641,2923162,44,,left,saccade,161.0,,,,555.9680000000002,741.285,535.811,777.387,,,
642,2923294,0,,right,fixation,,161.0,535.615,880.2439999999997,,,,,0.0,,
643,2923294,108,,left,fixation,162.0,,546.963571428571,750.772357142857,,,,,2.0,3.1829226640085237,9.210164756178695
644,2923298,32,,right,saccade,,161.0,,,539.3240000000002,880.2439999999997,572.105,763.307,,,
645,2923334,68,,right,fixation,,162.0,566.5035,750.142111111111,,,,,1.0,2.91061904450279,19.8983986541632
646,2923406,20,,left,saccade,162.0,,,,550.078,753.915,631.726,750.633,,,
647,2923406,20,,right,saccade,,162.0,,,556.7280000000002,762.9,627.161,766.053,,,
648,2923430,380,3.5549521276595746,right,fixation,,163.0,627.4249375,761.6974375,,,,,1.0,2.185624370492078,3.5538987042401464
649,2923430,384,3.5552473684210533,left,fixation,163.0,,634.935969072165,750.361164948454,,,,,1.0,1.864551249258436,3.688010981545516
650,2923814,24,,right,saccade,,163.0,,,626.46,768.709,782.3330000000003,761.8910000000003,,,
651,2923818,24,,left,saccade,163.0,,,,633.36,754.307,789.0939999999997,755.1080000000003,,,
652,2923842,432,3.609412037037037,right,fixation,,164.0,755.655844036697,771.323412844037,,,,,3.0,5.424634210309971,22.50915207368988
653,2923846,428,3.6094719626168232,left,fixation,164.0,,771.830462962963,750.3217685185181,,,,,2.0,5.071406468316239,25.423886214015628
654,2924278,20,,right,saccade,,164.0,,,736.439,776.9110000000003,863.9680000000003,781.0939999999997,,,
655,2924278,24,,left,saccade,164.0,,,,756.436,749.7,878.8969999999997,759.4989999999997,,,
656,2924302,372,3.6350579584775082,right,fixation,,165.0,847.4049148936169,785.880808510638,,,,,2.0,2.0966753374125187,5.93618419405062
657,2924306,376,3.635028972783143,left,fixation,165.0,,864.6633684210519,766.2731368421049,,,,,1.0,3.56253171525846,6.305447248213262
658,2924678,84,,right,saccade,,165.0,,,855.966,766.523,808.066,762.6410000000003,,,
659,2924686,40,,left,saccade,165.0,,,,849.416,764.618,840.6469999999997,778.493,,,
660,2924826,248,3.621606289601296,left,fixation,166.0,,849.331920634921,765.2560000000003,,,,,3.0,3.96700319950549,13.635077400158295
661,2924870,204,3.621606289601296,right,fixation,,166.0,828.375403846154,763.478576923077,,,,,2.0,3.2473601281321987,16.899734788276017
662,2925078,28,,left,saccade,166.0,,,,846.82,762.421,572.4209999999998,762.055,,,
663,2925078,28,,right,saccade,,166.0,,,838.9939999999997,780.904,583.747,774.304,,,
664,2925110,528,3.544117424242424,left,fixation,167.0,,560.616428571429,756.148187969924,,,,,4.0,2.131500656023908,8.424725217611014
665,2925110,528,3.544117424242424,right,fixation,,167.0,554.981218045112,767.0594887218042,,,,,2.0,3.0445842205744977,14.029288665701456
666,2925642,20,,left,saccade,167.0,,,,556.804,758.2289999999997,427.60400000000004,776.455,,,
667,2925642,20,,right,saccade,,167.0,,,538.1080000000002,763.0010000000003,430.967,774.551,,,
668,2925666,612,3.553468503937008,right,fixation,,168.0,433.305246753247,770.186305194805,,,,,4.0,2.205328109406808,10.350977565145053
669,2925666,620,3.553468503937008,left,fixation,168.0,,439.0348525641021,768.3156153846153,,,,,6.0,2.3736834277724497,8.632897959786046
670,2926282,80,,right,saccade,,168.0,,,438.93,770.8919999999997,444.01,767.4680000000003,,,
671,2926290,40,,left,saccade,168.0,,,,438.10699999999997,764.883,390.3,850.955,,,
672,2926414,0,,left,fixation,169.0,,390.3,850.955,,,,,0.0,,
673,2926418,20,,left,saccade,169.0,,,,390.3,850.955,392.346,762.08,,,
674,2926442,572,3.5896302581369253,left,fixation,170.0,,431.676715277778,767.292576388889,,,,,4.0,2.802432568032436,11.878974812712224
675,2926466,544,3.5893399465507088,right,fixation,,169.0,437.592277372263,775.482978102189,,,,,4.0,2.58130595564917,8.396761333847435
676,2927014,28,,right,saccade,,169.0,,,426.76,758.6110000000001,704.533,766.044,,,
677,2927018,28,,left,saccade,170.0,,,,445.351,763.3910000000003,680.278,757.3439999999997,,,
678,2927046,580,3.7107994949494953,right,fixation,,170.0,729.419321917808,761.807739726028,,,,,2.0,8.259933084604139,26.64251252967596
679,2927050,584,3.7113818436465498,left,fixation,171.0,,741.835251700681,752.9113469387752,,,,,5.0,4.333810146222828,19.906521836047254
680,2927630,96,,right,saccade,,170.0,,,736.4,756.475,729.5939999999997,752.9580000000003,,,
681,2927638,44,,left,saccade,171.0,,,,749.711,754.955,738.665,787.198,,,
682,2927762,232,3.6445199999999995,left,fixation,172.0,,740.619711864407,761.870694915254,,,,,4.0,3.5996434985352415,10.899556361833994
683,2927810,188,3.6450576923076934,right,fixation,,171.0,722.1614791666658,756.1063125,,,,,1.0,6.115368336322005,35.892294897373226
684,2927998,16,,left,saccade,172.0,,,,740.591,754.054,658.7919999999998,758.2660000000003,,,
685,2928002,12,,right,saccade,,171.0,,,711.813,765.044,661.623,772.39,,,
686,2928018,280,3.6391571428571434,left,fixation,173.0,,659.4486197183098,761.582591549296,,,,,1.0,2.123626000238474,4.5485549353612384
687,2928018,280,3.6391571428571434,right,fixation,,172.0,649.482788732394,772.9003521126759,,,,,1.0,2.3804447997053853,4.976373880648325
688,2928302,24,,left,saccade,173.0,,,,663.331,763.485,449.024,767.8789999999997,,,
689,2928302,24,,right,saccade,,172.0,,,646.441,774.7289999999997,462.228,776.079,,,
690,2928330,248,3.600967380290661,right,fixation,,173.0,444.881920634921,772.443841269841,,,,,2.0,2.0751761718505817,5.413365305389606
691,2928330,256,3.600967380290661,left,fixation,174.0,,453.73870769230797,764.2274,,,,,0.0,,
692,2928582,76,,right,saccade,,173.0,,,436.783,770.311,429.88800000000003,777.93,,,
693,2928590,72,,left,saccade,174.0,,,,444.108,764.828,393.245,742.821,,,
694,2928742,848,3.620842454575128,left,fixation,175.0,,432.63358685445996,755.9257934272299,,,,,8.0,2.2118486163963,6.46304723901552
695,2928762,824,3.6208250095727794,right,fixation,,174.0,432.108149758454,763.065927536232,,,,,1.0,2.631649298021644,8.32899303637588
696,2929590,24,,right,saccade,,174.0,,,419.24300000000005,766.4830000000003,636.894,768.204,,,
697,2929594,20,,left,saccade,175.0,,,,441.30199999999996,757.64,605.742,757.203,,,
698,2929618,836,3.7038564593301433,right,fixation,,175.0,568.0154142857141,758.420195238095,,,,,6.0,4.887256169847199,15.90732272202552
699,2929618,840,3.7039023809523814,left,fixation,176.0,,570.924739336493,758.8109383886259,,,,,2.0,9.450243734943056,21.670609668236576
700,2930458,20,,right,saccade,,175.0,,,543.623,767.62,633.5409999999998,774.841,,,
701,2930462,16,,left,saccade,176.0,,,,555.683,760.89,613.295,761.192,,,
702,2930482,715,3.738775280898876,right,fixation,,176.0,643.215194444444,772.774483333333,,,,,4.0,3.337295428963868,14.01728118282709
703,2930482,719,3.7391005586592176,left,fixation,177.0,,644.4642983425409,763.706121546962,,,,,3.0,3.5700949556549872,9.805780432560892
704,2931201,20,,right,saccade,,176.0,,,654.555,785.1080000000003,727.1560000000003,783.291,,,
705,2931205,20,,left,saccade,177.0,,,,652.721,770.7810000000003,731.32,766.758,,,
706,2931225,424,3.847443396226416,right,fixation,,177.0,733.651738317757,767.613831775701,,,,,2.0,3.073288759243692,10.367661544518814
707,2931229,420,3.8477952380952383,left,fixation,178.0,,741.7507924528302,756.7905849056599,,,,,5.0,2.8656944843590986,10.960686262112203
708,2931653,20,,left,saccade,178.0,,,,758.576,750.676,843.482,755.552,,,
709,2931653,20,,right,saccade,,177.0,,,747.665,756.4639999999997,831.461,760.543,,,
710,2931677,317,3.8296101710171007,right,fixation,,178.0,823.0458874999989,768.9306125,,,,,1.0,1.9601680554369771,5.6941398823702825
711,2931677,321,3.8296101710171015,left,fixation,179.0,,855.5829629629628,763.8057160493829,,,,,2.0,2.858317101303754,9.214795522313565
712,2931998,68,,right,saccade,,178.0,,,819.972,756.9680000000003,809.235,799.6080000000003,,,
713,2932002,44,,left,saccade,179.0,,,,850.299,760.813,846.304,767.694,,,
714,2932130,343,3.7926078431372554,left,fixation,180.0,,863.4242298850571,764.737471264368,,,,,2.0,3.1399770499745716,10.153730940254096
715,2932162,315,3.7922788461538466,right,fixation,,179.0,833.5073,765.6403,,,,,1.0,4.735422314852173,13.030924947984266
716,2932477,20,,left,saccade,180.0,,,,875.9789999999997,770.5260000000003,762.2260000000001,757.35,,,
717,2932481,20,,right,saccade,,179.0,,,833.165,776.676,755.0169999999997,769.638,,,
718,2932501,228,3.680824561403509,left,fixation,181.0,,766.3501551724139,746.010586206897,,,,,2.0,3.365615727491313,7.580290098560204
719,2932505,224,3.6796875,right,fixation,,180.0,751.8017017543857,764.510859649123,,,,,1.0,2.2564203336750097,5.528997106166743
720,2932733,28,,left,saccade,181.0,,,,756.827,747.565,459.19800000000004,756.551,,,
721,2932733,28,,right,saccade,,180.0,,,755.6489999999999,767.314,492.402,764.053,,,
722,2932765,400,3.630835,right,fixation,,181.0,452.39796039604005,754.8188514851489,,,,,4.0,4.492012480681104,19.51404141847977
723,2932765,404,3.6306980198019807,left,fixation,182.0,,453.060068627451,758.0326764705881,,,,,3.0,2.484475596669613,8.621391992280103
724,2933169,28,,right,saccade,,181.0,,,444.86699999999996,765.565,726.7330000000003,760.9839999999997,,,
725,2933173,36,,left,saccade,182.0,,,,447.81800000000004,761.1110000000001,728.2260000000001,756.432,,,
726,2933201,72,3.645916666666667,right,fixation,,182.0,760.2397894736839,755.547736842105,,,,,2.0,3.247768068159062,7.6393466567395985
727,2933213,48,3.644083333333333,left,fixation,183.0,,739.2983076923082,754.3889230769231,,,,,1.0,2.2689826709587315,12.864792575086527
728,2933265,20,,left,saccade,183.0,,,,747.9939999999997,751.951,827.9939999999997,759.185,,,
729,2933277,4,,right,saccade,,182.0,,,804.573,753.075,805.6239999999997,755.3910000000003,,,
730,2933285,732,3.7214781420765033,right,fixation,,183.0,837.7030978260858,766.1149510869569,,,,,3.0,4.227027659798981,17.22421040232943
731,2933289,728,3.7217142857142864,left,fixation,184.0,,847.916218579235,770.666677595628,,,,,5.0,3.964287013427859,11.180900110996372
732,2934021,24,,left,saccade,184.0,,,,842.648,777.297,658.054,762.905,,,
733,2934021,24,,right,saccade,,183.0,,,846.059,776.888,668.204,780.779,,,
734,2934049,52,3.6558461538461535,left,fixation,185.0,,629.422071428571,747.529857142857,,,,,1.0,4.150200483778524,17.948721987929996
735,2934049,56,3.6547142857142854,right,fixation,,184.0,634.7105333333329,769.1054,,,,,1.0,5.186174797264132,31.71342499636393
736,2934105,24,,left,saccade,185.0,,,,616.153,743.1569999999997,489.931,750.091,,,
737,2934109,20,,right,saccade,,184.0,,,611.6759999999998,765.9069999999997,481.20300000000003,770.185,,,
738,2934133,540,3.6255296296296295,left,fixation,186.0,,457.475698529412,759.024272058824,,,,,6.0,4.244395346385562,12.69332691347836
739,2934133,540,3.6255296296296295,right,fixation,,185.0,448.936970588235,758.1359558823531,,,,,4.0,4.7710096255593815,14.229956484469213
740,2934677,32,,right,saccade,,185.0,,,444.06699999999995,765.93,820.85,775.195,,,
741,2934677,40,,left,saccade,186.0,,,,452.33099999999996,760.9810000000001,816.895,756.492,,,
742,2934713,624,3.743676282051282,right,fixation,,186.0,840.897076433121,771.7997770700639,,,,,3.0,3.1658285003284035,10.570783892136319
743,2934721,616,3.744707792207792,left,fixation,187.0,,852.474941935484,755.228006451613,,,,,4.0,3.0372667882463174,16.423479662278154
744,2935341,20,,left,saccade,187.0,,,,842.4910000000001,764.307,652.1709999999998,754.821,,,
745,2935341,24,,right,saccade,,186.0,,,834.21,787.4689999999997,660.012,776.546,,,
746,2935365,580,3.6803931034482753,left,fixation,188.0,,646.68191780822,744.951616438357,,,,,3.0,2.107806344252406,6.0318326062333005
747,2935369,580,3.6800689655172407,right,fixation,,187.0,642.620630136986,768.870136986301,,,,,2.0,2.9068997420581826,8.949760785496224
748,2935949,20,,left,saccade,188.0,,,,646.577,750.2739999999999,521.4159999999998,753.1160000000001,,,
749,2935953,16,,right,saccade,,187.0,,,626.357,777.955,544.827,775.947,,,
750,2935973,104,3.6625,right,fixation,,188.0,528.963740740741,762.0665925925929,,,,,0.0,,
751,2935973,112,3.6625,left,fixation,189.0,,525.468965517241,751.634379310345,,,,,0.0,,
752,2936081,56,,right,saccade,,188.0,,,526.61,764.4730000000003,533.172,791.1310000000003,,,
753,2936089,64,,left,saccade,189.0,,,,527.443,749.262,514.448,759.6389999999999,,,
754,2936225,140,3.5368000000000004,left,fixation,190.0,,547.2417222222219,748.808694444445,,,,,2.0,3.655901506853307,12.999325546203634
755,2936237,8,,right,fixation,,189.0,540.2106666666671,785.377,,,,,0.0,,
756,2936249,8,,right,saccade,,189.0,,,543.863,771.566,550.409,745.179,,,
757,2936261,104,3.5368000000000004,right,fixation,,190.0,550.122222222222,743.679777777778,,,,,1.0,4.050460690533353,15.078938026267009
758,2936369,20,,left,saccade,190.0,,,,559.5369999999998,756.6060000000001,443.717,757.707,,,
759,2936369,20,,right,saccade,,190.0,,,550.882,759.428,444.665,764.383,,,
760,2936393,160,3.6314756097560976,left,fixation,191.0,,440.8112195121949,756.958048780488,,,,,0.0,,
761,2936393,160,3.6314756097560976,right,fixation,,191.0,430.491048780488,762.899170731707,,,,,0.0,,
762,2936557,32,,right,saccade,,191.0,,,420.452,751.257,808.063,753.2869999999997,,,
763,2936557,36,,left,saccade,191.0,,,,433.61800000000005,765.23,771.063,752.678,,,
764,2936593,848,3.6450829383886254,right,fixation,,192.0,758.9524272300459,771.713802816901,,,,,3.0,6.085761014231753,17.778930353571642
765,2936597,156,3.721217948717949,left,fixation,192.0,,801.394825,745.927325,,,,,2.0,5.061722388044319,15.33735742679504
766,2936757,4,,left,saccade,192.0,,,,770.06,747.4910000000001,755.8330000000003,747.3430000000003,,,
767,2936765,676,3.6259613095238095,left,fixation,193.0,,745.548435294118,747.1526176470593,,,,,3.0,2.0153115052728783,5.815661287608037
768,2937445,20,,left,saccade,193.0,,,,730.688,736.998,838.416,744.15,,,
769,2937445,20,,right,saccade,,192.0,,,733.068,771.163,835.3960000000003,773.377,,,
770,2937469,372,3.6834095744680853,left,fixation,194.0,,851.702372340426,740.2382340425529,,,,,2.0,2.448719945193805,7.044713363865784
771,2937469,376,3.6836947368421056,right,fixation,,193.0,834.807431578947,765.2447894736839,,,,,2.0,2.489250460888956,8.17994471574617
772,2937845,20,,left,saccade,194.0,,,,844.85,740.0880000000003,721.9580000000003,745.3810000000003,,,
773,2937849,20,,right,saccade,,193.0,,,836.59,767.597,725.441,761.2339999999997,,,
774,2937869,416,3.687557692307692,left,fixation,195.0,,728.668580952381,742.838266666667,,,,,0.0,,
775,2937873,412,3.687514563106796,right,fixation,,194.0,740.643413461538,769.805182692307,,,,,1.0,2.6519387038332893,6.5810665548982366
776,2938289,20,,left,saccade,195.0,,,,741.013,748.404,635.124,751.4989999999997,,,
777,2938289,20,,right,saccade,,194.0,,,745.5239999999999,766.916,637.078,759.607,,,
778,2938313,200,3.7139153234472384,right,fixation,,195.0,644.12305882353,764.856588235294,,,,,2.0,3.2894894054189914,13.940310832571704
779,2938313,204,3.7139153234472384,left,fixation,196.0,,631.934673076923,749.692346153846,,,,,1.0,1.7546746216258549,3.627795473838059
780,2938517,92,,right,saccade,,195.0,,,642.609,762.6569999999997,649.403,765.1030000000003,,,
781,2938521,64,,left,saccade,196.0,,,,626.512,755.291,602.589,738.3960000000003,,,
782,2938661,288,3.7025113929997655,left,fixation,197.0,,627.316547945205,753.965164383562,,,,,4.0,2.4266935045018325,7.043873339832629
783,2938693,260,3.702124770431588,right,fixation,,196.0,636.704121212121,763.2068787878792,,,,,3.0,3.4905476624993663,19.443667032269364
784,2938953,20,,left,saccade,197.0,,,,656.291,763.3639999999997,529.577,765.998,,,
785,2938957,20,,right,saccade,,196.0,,,641.265,770.98,554.465,766.67,,,
786,2938977,596,3.6570838926174503,left,fixation,198.0,,546.155406666667,759.095613333333,,,,,6.0,2.3680294804069537,8.114670919958957
787,2938981,588,3.657010204081633,right,fixation,,197.0,543.147635135134,754.6943986486481,,,,,4.0,2.6983580130923164,6.538968673872322
788,2939573,20,,right,saccade,,197.0,,,568.9680000000002,753.319,453.68800000000016,764.444,,,
789,2939577,16,,left,saccade,198.0,,,,532.779,759.2689999999999,457.721,759.7610000000003,,,
790,2939597,580,3.6303896551724137,right,fixation,,198.0,443.8350068493151,764.982780821918,,,,,1.0,2.4639843185828587,18.37893470797474
791,2939597,584,3.6304828767123287,left,fixation,199.0,,444.889408163265,767.356721088435,,,,,2.0,1.90711367223922,5.136654882353605
792,2940181,32,,right,saccade,,198.0,,,442.111,764.5419999999997,783.3489999999997,766.9739999999997,,,
793,2940185,32,,left,saccade,199.0,,,,433.405,769.5310000000003,738.4010000000003,764.688,,,
794,2940217,132,3.704227272727273,right,fixation,,199.0,780.497882352941,773.94355882353,,,,,0.0,,
795,2940221,128,3.705171875,left,fixation,200.0,,774.416515151515,762.085121212121,,,,,1.0,2.7854265831287277,14.453840354729222
796,2940353,20,,left,saccade,200.0,,,,778.8580000000003,768.444,855.005,772.597,,,
797,2940353,20,,right,saccade,,199.0,,,775.5989999999997,768.592,843.485,772.855,,,
798,2940377,464,3.827840517241379,left,fixation,201.0,,858.3170341880341,776.153512820513,,,,,2.0,8.21184344733353,14.918435724628672
799,2940377,968,3.827024134366925,right,fixation,,200.0,801.142629629629,770.282502057612,,,,,6.0,4.848117456500668,14.795257236969093
800,2940845,4,,left,saccade,201.0,,,,812.177,770.686,808.4019999999997,770.258,,,
801,2940853,496,3.8254811342592596,left,fixation,202.0,,765.531376,757.358144,,,,,4.0,3.7684890264616486,11.549032902221427
802,2941349,96,,right,saccade,,200.0,,,742.409,763.2760000000003,695.58,766.03,,,
803,2941353,60,,left,saccade,202.0,,,,738.0419999999997,755.044,663.324,752.5419999999997,,,
804,2941485,860,3.714900826446281,left,fixation,203.0,,643.928800925927,753.593393518519,,,,,8.0,3.207667619923217,11.234943734530034
805,2941533,812,3.714900826446281,right,fixation,,201.0,643.951887254901,754.544,,,,,6.0,4.384993974964143,15.471446543360932
806,2942349,20,,left,saccade,203.0,,,,638.516,766.307,537.053,765.1469999999997,,,
807,2942349,20,,right,saccade,,201.0,,,638.356,768.175,541.486,769.3510000000001,,,
808,2942373,348,3.6868237945745785,right,fixation,,202.0,548.795170454545,770.6303522727278,,,,,1.0,3.9906384653474984,10.283285078222724
809,2942373,356,3.6868237945745785,left,fixation,204.0,,542.635233333333,759.6731,,,,,1.0,4.351518716366636,7.28148130533887
810,2942725,96,,right,saccade,,202.0,,,550.636,760.7289999999997,561.4159999999998,744.699,,,
811,2942733,40,,left,saccade,204.0,,,,530.428,759.551,487.66,818.039,,,
812,2942849,4,,left,fixation,205.0,,496.088,818.039,,,,,0.0,,
813,2942857,20,,left,saccade,205.0,,,,499.042,806.827,510.351,729.592,,,
814,2942881,240,3.623735865881933,left,fixation,206.0,,533.207147540984,741.625737704918,,,,,3.0,2.6992251302506194,12.299908879448425
815,2942909,212,3.623735865881933,right,fixation,,203.0,550.096388888889,744.8905,,,,,1.0,3.840825609307344,29.565994317796847
816,2943125,20,,left,saccade,206.0,,,,527.423,747.1419999999997,420.289,757.258,,,
817,2943125,20,,right,saccade,,203.0,,,538.097,757.1260000000003,438.226,770.303,,,
818,2943149,480,3.617766666666667,right,fixation,,204.0,440.63737190082605,770.414190082644,,,,,0.0,,
819,2943149,484,3.617694214876033,left,fixation,207.0,,441.998893442623,761.577155737705,,,,,2.0,2.881540717896053,7.848084102108163
820,2943633,24,,right,saccade,,204.0,,,430.86199999999997,766.097,659.003,766.207,,,
821,2943637,24,,left,saccade,207.0,,,,433.906,767.695,623.729,755.778,,,
822,2943661,383,3.638084210526316,right,fixation,,205.0,652.300855670103,765.6966082474229,,,,,1.0,1.9552212506233095,7.489198889066897
823,2943665,379,3.6383031914893618,left,fixation,208.0,,644.246635416667,753.831010416667,,,,,1.0,2.0602029700439357,5.145624937750561
824,2944048,20,,left,saccade,208.0,,,,645.238,747.363,736.528,744.29,,,
825,2944048,20,,right,saccade,,205.0,,,651.283,768.671,752.8939999999999,770.0419999999997,,,
826,2944072,413,3.6928846153846164,left,fixation,209.0,,743.008490384615,745.824432692307,,,,,1.0,2.948255552959312,4.246381282927817
827,2944072,413,3.6928846153846164,right,fixation,,206.0,741.608932692308,762.700846153847,,,,,1.0,2.933359966735177,3.2733018498146573
828,2944489,20,,left,saccade,209.0,,,,749.193,750.202,816.862,751.049,,,
829,2944489,20,,right,saccade,,206.0,,,732.12,748.566,832.29,750.9169999999997,,,
830,2944513,484,3.7686859504132233,right,fixation,,207.0,835.127098360655,770.11606557377,,,,,4.0,2.899963245352284,6.307572100399464
831,2944513,492,3.769207317073172,left,fixation,210.0,,845.7134193548393,756.8120241935492,,,,,4.0,4.478318712138101,9.429108745630788
832,2945001,16,,right,saccade,,207.0,,,846.36,778.865,793.008,743.595,,,
833,2945009,4,,left,saccade,210.0,,,,819.1419999999997,738.551,818.929,728.4830000000003,,,
834,2945017,276,3.7867463768115934,left,fixation,211.0,,807.675142857143,712.0404,,,,,3.0,2.935836376241601,7.4648232244256505
835,2945021,272,3.786573529411765,right,fixation,,208.0,789.086739130435,732.7192318840581,,,,,1.0,4.557907027597447,29.465995876603237
836,2945297,40,,right,saccade,,208.0,,,807.86,747.034,1285.18,696.9110000000003,,,
837,2945297,44,,left,saccade,211.0,,,,818.175,720.625,1279.878,710.2180000000003,,,
838,2945341,180,3.732044444444444,right,fixation,,209.0,1294.43239130435,700.8028260869569,,,,,3.0,2.5711092722314386,8.691324945189045
839,2945345,172,3.731767441860464,left,fixation,212.0,,1294.74790909091,688.8779772727271,,,,,1.0,2.3253175171480787,2.2915950776697094
840,2945521,20,,left,saccade,212.0,,,,1300.69,681.2130000000002,1391.108,692.387,,,
841,2945525,12,,right,saccade,,209.0,,,1308.758,698.3710000000003,1373.707,703.3330000000003,,,
842,2945541,951,3.6623151260504194,right,fixation,,210.0,1457.87283682008,711.4776903765691,,,,,8.0,4.429231023742,14.306334475109164
843,2945545,180,3.6989777777777775,left,fixation,213.0,,1392.4540434782598,695.343347826087,,,,,1.0,12.98538694178106,23.920912398987003
844,2945729,4,,left,saccade,213.0,,,,1433.4660000000001,692.925,1435.9920000000006,690.18,,,
845,2945737,755,3.652669312169312,left,fixation,214.0,,1494.96127894737,688.409131578947,,,,,9.0,4.65267464142243,14.893114557356244
846,2946496,44,,right,saccade,,210.0,,,1515.124,719.383,1401.65,92.889,,,
847,2946496,48,,left,saccade,214.0,,,,1514.8829999999994,695.918,1381.398,117.86,,,
848,2946544,140,3.6807428571428566,right,fixation,,211.0,1363.46636111111,98.7624444444445,,,,,1.0,4.249933836086303,22.16233708343965
849,2946548,136,3.681485294117647,left,fixation,215.0,,1381.58862857143,101.621085714286,,,,,2.0,2.47935827597338,10.196150884751582
850,2946688,28,,left,saccade,215.0,,,,1375.921,93.294,1043.843,90.714,,,
851,2946688,40,,right,saccade,,211.0,,,1357.3139999999999,107.568,1004.752,90.24600000000001,,,
852,2946720,273,3.630210144927536,left,fixation,216.0,,995.4567681159419,95.69550724637692,,,,,4.0,3.2308150539864307,9.421540836879057
853,2946732,261,3.6283257575757575,right,fixation,,212.0,977.1374696969699,82.2111666666666,,,,,5.0,4.5873099599828375,22.091988344288417
854,2946997,40,,right,saccade,,212.0,,,963.6510000000001,45.315,1396.4920000000006,126.524,,,
855,2946997,44,,left,saccade,216.0,,,,981.827,86.367,1435.7379999999994,125.719,,,
856,2947041,283,3.516928571428572,right,fixation,,213.0,1411.07513888889,134.940236111111,,,,,0.0,,
857,2947045,283,3.5164285714285715,left,fixation,217.0,,1448.2912777777801,121.87618055555599,,,,,2.0,3.309733612244422,9.593208719783528
858,2947328,52,,right,saccade,,213.0,,,1422.384,120.385,1482.359,715.227,,,
859,2947332,48,,left,saccade,217.0,,,,1445.8210000000001,119.368,1486.368,699.9010000000003,,,
860,2947384,133,3.5353088235294123,left,fixation,218.0,,1485.21252941176,723.3377941176469,,,,,1.0,5.062256658074745,18.40753867305454
861,2947384,133,3.5353088235294123,right,fixation,,214.0,1483.04447058824,736.871617647059,,,,,1.0,5.5322878580605686,8.526506729018497
862,2947521,16,,left,saccade,218.0,,,,1490.983,736.3810000000003,1498.8139999999999,820.681,,,
863,2947521,20,,right,saccade,,214.0,,,1489.8129999999999,743.477,1501.116,835.238,,,
864,2947541,128,3.56871875,left,fixation,219.0,,1496.8692424242402,821.6037575757581,,,,,1.0,2.029972420447568,6.804857823643293
865,2947545,128,3.57028125,right,fixation,,215.0,1497.6527575757598,843.032575757576,,,,,0.0,,
866,2947673,48,,left,saccade,219.0,,,,1500.535,825.569,747.633,707.529,,,
867,2947677,44,,right,saccade,,215.0,,,1488.615,840.791,786.1569999999997,721.462,,,
868,2947725,119,3.6731445802005016,right,fixation,,216.0,755.467322580645,693.052709677419,,,,,2.0,5.361215415509037,14.667076287064129
869,2947725,127,3.6731445802005016,left,fixation,220.0,,733.749636363636,683.715454545454,,,,,1.0,4.55786090787722,11.01003801083349
870,2947848,88,,right,saccade,,216.0,,,749.39,693.77,745.3430000000003,733.3510000000001,,,
871,2947856,44,,left,saccade,220.0,,,,737.5169999999997,682.512,734.945,756.34,,,
872,2947964,208,3.666607413804782,left,fixation,221.0,,749.928433962264,724.704320754717,,,,,3.0,2.409964911381623,7.198871276531207
873,2948012,328,3.6940121843865854,right,fixation,,217.0,719.5101325301201,732.9709879518069,,,,,2.0,7.697835321529003,25.765752084210693
874,2948176,0,,left,saccade,221.0,,,,718.3560000000001,728.564,718.3560000000001,728.564,,,
875,2948180,160,3.7069875,left,fixation,222.0,,689.8551219512192,719.446780487805,,,,,1.0,2.870800062700281,14.331468347660664
876,2948344,60,,left,saccade,222.0,,,,699.0889999999997,713.9839999999997,1460.5739999999994,793.035,,,
877,2948344,60,,right,saccade,,217.0,,,692.0880000000003,723.8889999999999,1502.875,840.6669999999997,,,
878,2948408,312,3.6902756410256408,left,fixation,223.0,,1492.4059367088598,807.448810126582,,,,,2.0,3.1378601600847986,6.258959157455894
879,2948408,312,3.6902756410256408,right,fixation,,218.0,1494.69689873418,841.74917721519,,,,,2.0,2.807894385140853,8.211320371996374
880,2948724,52,,left,saccade,223.0,,,,1504.785,815.798,1469.921,135.69299999999998,,,
881,2948724,52,,right,saccade,,218.0,,,1498.943,838.852,1455.71,175.63299999999995,,,
882,2948780,212,3.702296296296297,left,fixation,224.0,,1482.5482777777802,113.71533333333299,,,,,2.0,2.9741413508184062,9.523784411082657
883,2948780,220,3.701562500000001,right,fixation,,219.0,1440.31003571429,156.072392857143,,,,,1.0,4.123977213268218,6.5837193135795875
884,2948996,20,,left,saccade,224.0,,,,1487.06,109.58200000000001,1410.654,107.45200000000001,,,
885,2949004,12,,right,saccade,,219.0,,,1430.662,155.304,1377.5710000000001,151.254,,,
886,2949020,152,3.657148648648649,left,fixation,225.0,,1401.19925641026,113.590743589744,,,,,2.0,2.1317344273519296,6.316993484964563
887,2949020,152,3.657148648648649,right,fixation,,220.0,1366.2261025641,143.260384615385,,,,,1.0,2.392386819568294,4.8838110119044105
888,2949176,44,,left,saccade,225.0,,,,1397.609,126.47399999999999,967.311,104.662,,,
889,2949176,44,,right,saccade,,220.0,,,1358.329,147.21,946.716,88.156,,,
890,2949224,504,3.5839853658536587,right,fixation,,221.0,958.925181102363,64.1425196850394,,,,,3.0,5.476507769039878,26.689580330502878
891,2949224,516,3.5839853658536587,left,fixation,226.0,,981.668530769231,89.6812307692309,,,,,7.0,3.3643293901187623,12.451103328637874
892,2949732,68,,right,saccade,,221.0,,,978.11,62.95399999999999,656.405,609.502,,,
893,2949744,48,,left,saccade,226.0,,,,980.52,94.164,635.419,647.872,,,
894,2949860,316,3.665069399044505,left,fixation,227.0,,655.9788125,640.7371125,,,,,2.0,2.9575251520312955,7.830316576568844
895,2949900,272,3.664628754813864,right,fixation,,222.0,655.082710144927,642.430028985507,,,,,2.0,3.6734462214226338,9.220282928411764
896,2950176,20,,right,saccade,,222.0,,,660.422,647.683,658.875,751.2510000000003,,,
897,2950180,16,,left,saccade,227.0,,,,657.071,652.427,648.746,720.557,,,
898,2950200,288,3.7037108317214704,right,fixation,,223.0,660.835698630137,731.916424657534,,,,,4.0,5.012023946643568,24.219011511892113
899,2950200,300,3.7037108317214704,left,fixation,228.0,,638.570013157894,729.9687368421049,,,,,1.0,2.2396340536892203,14.803234308758366
900,2950492,96,,right,saccade,,223.0,,,661.682,715.3610000000001,659.8639999999998,710.8889999999999,,,
901,2950504,44,,left,saccade,228.0,,,,636.758,730.944,632.317,754.3589999999997,,,
902,2950632,480,3.6397215909090916,left,fixation,229.0,,647.151520661157,749.2493057851241,,,,,5.0,3.5157769959336327,14.932804879409915
903,2950684,428,3.6397215909090916,right,fixation,,224.0,647.146916666667,735.342611111111,,,,,3.0,3.656329563215576,11.946429814882505
904,2951116,12,,right,saccade,,224.0,,,653.476,749.93,703.112,750.2189999999997,,,
905,2951116,16,,left,saccade,229.0,,,,651.1669999999998,751.573,725.4830000000003,747.308,,,
906,2951132,968,3.672460401363965,right,fixation,,225.0,729.992897119342,746.1963827160498,,,,,8.0,4.238854159883257,14.369772546206786
907,2951136,972,3.6726824402591682,left,fixation,230.0,,741.478258196722,748.5472418032782,,,,,6.0,2.272355099784494,6.15419692665747
908,2952104,96,,right,saccade,,225.0,,,741.85,734.5160000000003,663.9989999999998,769.615,,,
909,2952112,60,,left,saccade,230.0,,,,747.789,751.47,643.905,752.1419999999997,,,
910,2952264,620,3.738134057971014,left,fixation,231.0,,644.858602564103,756.101403846154,,,,,7.0,2.799632951242581,11.663910200712412
911,2952300,584,3.738134057971015,right,fixation,,226.0,645.363897959184,756.5244421768698,,,,,2.0,4.038624689609217,20.50801712176684
912,2952888,24,,right,saccade,,226.0,,,646.008,761.569,818.9989999999997,763.429,,,
913,2952888,28,,left,saccade,231.0,,,,639.893,759.143,826.3960000000003,758.002,,,
914,2952916,836,3.911964285714286,right,fixation,,227.0,819.043942857143,757.8481238095239,,,,,4.0,6.854639372831031,21.034730392171788
915,2952920,624,3.8940032051282047,left,fixation,232.0,,852.848949044586,766.1865987261142,,,,,3.0,2.3088017084472012,11.122623431020402
916,2953548,8,,left,saccade,232.0,,,,824.434,764.27,807.434,752.525,,,
917,2953560,180,3.9676521739130433,left,fixation,233.0,,798.3336956521741,732.2955,,,,,1.0,3.0816801198552506,9.969412520304175
918,2953744,12,,left,saccade,233.0,,,,799.7510000000003,734.16,851.738,744.1310000000003,,,
919,2953756,4,,right,saccade,,227.0,,,824.2610000000003,731.6,828.71,737.7769999999997,,,
920,2953760,476,3.967504201680672,left,fixation,234.0,,867.925416666667,757.875625,,,,,2.0,2.5914123558305286,13.077004989122322
921,2953764,472,3.9675127118644067,right,fixation,,228.0,840.2425546218491,756.8436218487401,,,,,1.0,4.734369164829538,23.588089367305606
922,2954240,24,,left,saccade,234.0,,,,886.069,742.5360000000003,592.882,740.16,,,
923,2954240,28,,right,saccade,,228.0,,,853.3989999999999,745.29,618.905,745.4019999999997,,,
924,2954268,188,3.86172340425532,left,fixation,235.0,,605.447625,735.834708333333,,,,,1.0,2.4632581461236494,4.613836256305642
925,2954272,184,3.8605434782608703,right,fixation,,229.0,614.048021276596,744.0740851063831,,,,,1.0,2.627869141000393,6.972357205422
926,2954460,16,,left,saccade,235.0,,,,604.507,740.24,545.869,740.24,,,
927,2954460,16,,right,saccade,,229.0,,,604.436,742.591,548.356,741.784,,,
928,2954480,324,3.7673518518518514,left,fixation,236.0,,532.591134146342,738.5463536585361,,,,,1.0,2.8805156029587557,5.974258447707138
929,2954480,324,3.7673518518518514,right,fixation,,230.0,537.184536585366,741.739865853658,,,,,2.0,2.5704844803984988,5.5276572392118535
930,2954808,20,,left,saccade,236.0,,,,529.799,740.3860000000003,429.745,743.74,,,
931,2954808,20,,right,saccade,,230.0,,,543.438,738.755,445.423,743.17,,,
932,2954832,472,3.7163244121469927,right,fixation,,231.0,455.77623529411795,752.882277310925,,,,,2.0,2.736809498505304,9.390128674153084
933,2954832,484,3.7163244121469927,left,fixation,237.0,,438.963639344262,749.70306557377,,,,,3.0,2.8898874564582826,8.915208586149348
934,2955308,92,,right,saccade,,231.0,,,458.11300000000006,776.627,482.606,762.8480000000003,,,
935,2955320,72,,left,saccade,237.0,,,,437.22,770.788,426.29,764.7860000000003,,,
936,2955464,248,3.674111214435317,left,fixation,238.0,,449.744031746032,749.8286825396823,,,,,2.0,2.715653760937875,6.02777533873221
937,2955488,224,3.674111214435317,right,fixation,,232.0,473.74049122806997,754.366245614036,,,,,1.0,2.725702702464487,12.920136996177618
938,2955716,20,,left,saccade,238.0,,,,457.95,755.887,584.979,752.9069999999997,,,
939,2955716,20,,right,saccade,,232.0,,,474.779,762.91,598.635,755.887,,,
940,2955740,168,3.686476190476192,right,fixation,,233.0,588.5286744186039,756.169790697675,,,,,0.0,,
941,2955740,728,3.6928846153846164,left,fixation,239.0,,630.739453551913,748.0791912568311,,,,,2.0,9.861819183939392,28.36004447038332
942,2955912,8,,right,saccade,,233.0,,,616.855,755.62,632.9630000000002,758.972,,,
943,2955924,544,3.694639705882353,right,fixation,,234.0,640.771970802919,761.5790145985402,,,,,2.0,2.493791600046356,4.5219038674207415
944,2956472,16,,right,saccade,,234.0,,,655.3960000000002,768.247,746.23,770.435,,,
945,2956472,20,,left,saccade,239.0,,,,641.893,747.45,746.549,746.1139999999997,,,
946,2956492,340,3.6982036453100826,right,fixation,,235.0,742.238441860465,762.8745930232561,,,,,0.0,,
947,2956496,344,3.6982911015337807,left,fixation,240.0,,750.119344827586,748.74291954023,,,,,0.0,,
948,2956836,84,,right,saccade,,235.0,,,744.331,748.798,697.3589999999997,792.428,,,
949,2956844,60,,left,saccade,240.0,,,,757.966,746.118,710.809,777.571,,,
950,2957000,104,3.637195652173913,left,fixation,241.0,,709.413851851852,784.725074074074,,,,,1.0,2.2891968812469914,8.305819646488791
951,2957020,88,3.636646739130435,right,fixation,,236.0,701.8770434782608,785.979173913043,,,,,0.0,,
952,2957108,24,,left,saccade,241.0,,,,713.159,800.847,544.774,801.544,,,
953,2957112,20,,right,saccade,,236.0,,,701.6110000000001,793.7589999999999,559.67,790.243,,,
954,2957136,896,3.5345848214285707,left,fixation,242.0,,551.285133333334,772.2710711111121,,,,,2.0,3.742102884591976,25.705685326869464
955,2957136,896,3.5345848214285707,right,fixation,,237.0,555.379293333333,769.22456,,,,,9.0,2.754052702165891,10.640153840056604
956,2958036,20,,right,saccade,,237.0,,,538.243,755.823,401.707,756.925,,,
957,2958036,24,,left,saccade,242.0,,,,542.719,758.456,378.213,766.505,,,
958,2958060,755,3.4558154160125585,right,fixation,,238.0,430.290384210526,756.8205789473683,,,,,10.0,3.2880220724534435,12.251874823569178
959,2958064,759,3.4557895052757943,left,fixation,243.0,,424.862680628272,764.3829790575909,,,,,2.0,4.291837343681962,25.70376413688103
960,2958819,48,,right,saccade,,238.0,,,428.727,762.2,423.884,802.5010000000003,,,
961,2958827,40,,left,saccade,243.0,,,,443.332,755.5239999999999,408.291,782.837,,,
962,2958959,4,,left,fixation,244.0,,408.551,782.837,,,,,0.0,,
963,2958967,12,,left,saccade,244.0,,,,408.551,775.9739999999997,411.389,728.018,,,
964,2958971,4,,right,fixation,,239.0,425.0555,802.5010000000003,,,,,0.0,,
965,2958979,17,,right,saccade,,239.0,,,429.551,784.432,440.191,739.684,,,
966,2958983,309,3.4755416842105267,left,fixation,245.0,,447.4284230769229,734.911423076923,,,,,3.0,5.293997715511435,14.89488951846498
967,2959000,292,3.4755416842105267,right,fixation,,240.0,439.506189189189,737.0376621621623,,,,,2.0,4.382954983102505,19.850586311690737
968,2959296,24,,left,saccade,245.0,,,,449.76599999999996,722.915,631.976,728.454,,,
969,2959296,24,,right,saccade,,240.0,,,443.29900000000004,734.965,655.972,726.2230000000003,,,
970,2959324,428,3.4966401869158874,left,fixation,246.0,,653.18462037037,735.12475,,,,,3.0,2.2358463802627258,6.494754553337576
971,2959324,428,3.4966401869158874,right,fixation,,241.0,648.776518518519,744.2461018518518,,,,,1.0,2.1833462149747254,4.21196782988666
972,2959756,24,,right,saccade,,241.0,,,647.0319999999998,752.378,825.12,759.4910000000001,,,
973,2959756,28,,left,saccade,246.0,,,,646.825,731.9680000000003,827.385,735.6419999999997,,,
974,2959784,391,3.648603092783505,right,fixation,,242.0,823.9500505050501,765.9875050505051,,,,,2.0,2.5394027997256914,9.342742915214256
975,2959788,387,3.64928125,left,fixation,247.0,,840.278193877551,748.7670000000011,,,,,4.0,2.2583903320473846,5.443723885013113
976,2960179,52,,right,saccade,,242.0,,,827.05,756.1360000000003,1391.524,744.9939999999997,,,
977,2960179,56,,left,saccade,247.0,,,,839.862,752.0010000000003,1374.046,727.8789999999997,,,
978,2960235,157,3.606125,right,fixation,,243.0,1389.8756,738.12345,,,,,0.0,,
979,2960239,157,3.6044125,left,fixation,248.0,,1401.769225,714.1659,,,,,2.0,3.8621087158001055,18.31680747512808
980,2960396,20,,right,saccade,,243.0,,,1381.632,742.372,1503.376,746.055,,,
981,2960400,16,,left,saccade,248.0,,,,1406.016,708.852,1506.382,707.6389999999999,,,
982,2960420,192,3.5880625,left,fixation,249.0,,1500.8790204081604,696.685224489796,,,,,5.0,2.427374605492167,11.148702166384249
983,2960420,192,3.5880625,right,fixation,,244.0,1505.8832040816299,725.217081632653,,,,,3.0,4.761723150439392,22.371025244522173
984,2960616,56,,right,saccade,,244.0,,,1497.18,733.85,679.9019999999998,739.204,,,
985,2960616,60,,left,saccade,249.0,,,,1523.507,695.378,652.0409999999998,739.128,,,
986,2960676,92,,right,fixation,,245.0,665.175375,747.033041666667,,,,,2.0,2.9579887554264914,10.023547411409213
987,2960680,92,,left,fixation,250.0,,653.7452916666671,740.264375,,,,,0.0,,
988,2960772,76,,right,saccade,,245.0,,,653.41,756.091,861.566,712.684,,,
989,2960776,44,,left,saccade,250.0,,,,652.87,743.299,883.258,738.1489999999999,,,
990,2960900,136,3.687,left,fixation,251.0,,885.3543142857138,719.921514285715,,,,,2.0,5.099905227402613,11.585356211622944
991,2960944,92,3.687,right,fixation,,246.0,878.63675,714.478916666667,,,,,1.0,5.747425087714381,22.9131478850025
992,2961040,44,,right,saccade,,246.0,,,882.6080000000003,733.808,1469.98,617.781,,,
993,2961040,48,,left,saccade,251.0,,,,882.89,721.803,1440.9460000000001,595.9830000000002,,,
994,2961088,168,3.675630952380952,right,fixation,,247.0,1473.3389302325595,597.900558139535,,,,,2.0,2.7193180296786474,7.547189855601682
995,2961092,160,3.6765,left,fixation,252.0,,1462.2991707317099,580.562048780488,,,,,3.0,3.166812152844697,7.5120686652981785
996,2961256,20,,left,saccade,252.0,,,,1470.185,569.298,1401.235,563.304,,,
997,2961260,16,,right,saccade,,247.0,,,1455.2020000000002,600.786,1403.585,569.745,,,
998,2961280,192,3.6420208333333335,left,fixation,253.0,,1406.0712244898002,554.3595306122451,,,,,2.0,2.6984719124540395,9.323359846853172
999,2961280,192,3.6420208333333335,right,fixation,,248.0,1390.53946938776,561.677183673469,,,,,1.0,4.058503726744643,9.335820103236907
1000,2961476,28,,left,saccade,253.0,,,,1403.2220000000002,551.172,1384.031,382.06199999999995,,,
1001,2961476,28,,right,saccade,,248.0,,,1375.943,570.075,1368.7160000000001,374.649,,,
1002,2961508,204,3.5820392156862733,left,fixation,254.0,,1367.4221730769198,366.380326923077,,,,,4.0,2.923388769182881,14.247561023994837
1003,2961508,204,3.5820392156862733,right,fixation,,249.0,1335.42092307692,371.976865384615,,,,,1.0,3.3947673623452683,14.063157006874311
1004,2961716,16,,right,saccade,,249.0,,,1333.391,369.917,1404.17,369.745,,,
1005,2961716,20,,left,saccade,254.0,,,,1365.655,372.63699999999994,1434.997,361.267,,,
1006,2961736,192,3.5366770833333336,right,fixation,,250.0,1422.66402040816,344.863571428572,,,,,0.0,,
1007,2961740,184,3.5360652173913047,left,fixation,255.0,,1451.77910638298,329.75708510638304,,,,,1.0,3.9488841919093436,12.398751953321787
1008,2961928,20,,left,saccade,255.0,,,,1458.51,326.20599999999996,1450.3670000000006,436.38599999999997,,,
1009,2961932,20,,right,saccade,,250.0,,,1433.378,330.983,1428.89,418.075,,,
1010,2961952,187,3.552826086956522,left,fixation,256.0,,1429.40691666667,438.4412083333329,,,,,3.0,2.463590764312649,6.63642263189447
1011,2961956,183,3.5530777777777782,right,fixation,,251.0,1412.0595106382998,429.508063829787,,,,,0.0,,
1012,2962143,40,,left,saccade,256.0,,,,1433.882,441.779,1456.5220000000006,162.89700000000005,,,
1013,2962143,40,,right,saccade,,251.0,,,1406.34,436.327,1455.32,165.673,,,
1014,2962187,353,3.6253988764044935,left,fixation,257.0,,1469.7223146067402,156.29665168539302,,,,,5.0,4.322524790789158,17.422284260012173
1015,2962187,357,3.6256,right,fixation,,252.0,1438.3716777777802,158.799744444444,,,,,4.0,4.528253654927854,18.733781172561773
1016,2962544,72,,left,saccade,257.0,,,,1455.277,171.23,559.012,490.858,,,
1017,2962548,68,,right,saccade,,252.0,,,1388.295,185.532,554.7040000000002,502.452,,,
1018,2962620,248,3.6713387096774195,left,fixation,258.0,,546.775793650794,510.682809523809,,,,,2.0,5.038804512402175,5.617155541510961
1019,2962620,248,3.6713387096774195,right,fixation,,253.0,538.136936507937,522.609904761904,,,,,3.0,3.0772216849021263,10.551710419991037
1020,2962872,28,,left,saccade,258.0,,,,543.909,524.0790000000002,596.316,684.2310000000001,,,
1021,2962872,28,,right,saccade,,253.0,,,535.851,534.572,590.875,709.6569999999997,,,
1022,2962904,87,,right,fixation,,254.0,602.476739130435,703.217869565217,,,,,1.0,4.690512084102456,12.153521012447353
1023,2962904,95,,left,fixation,259.0,,613.47736,692.8882,,,,,3.0,3.1495915090050963,7.281620146274598
1024,2962995,92,,right,saccade,,254.0,,,603.93,696.7869999999997,677.2639999999999,703.795,,,
1025,2963003,48,,left,saccade,259.0,,,,616.053,703.7760000000003,624.021,726.7080000000003,,,
1026,2963115,352,3.7025286648711035,left,fixation,260.0,,648.675741573034,738.4289775280901,,,,,4.0,4.759085501706115,22.05246772810608
1027,2963159,304,3.702168820994909,right,fixation,,255.0,655.037766233766,739.686922077923,,,,,5.0,4.0207209923713565,15.167004967301107
1028,2963467,24,,right,saccade,,255.0,,,632.707,756.3580000000003,752.3430000000003,756.7460000000003,,,
1029,2963471,20,,left,saccade,260.0,,,,627.405,746.7610000000003,740.645,746.225,,,
1030,2963495,552,3.7458876811594193,left,fixation,261.0,,742.248510791367,742.083021582735,,,,,2.0,2.991996316594535,19.08044680728543
1031,2963495,552,3.7458876811594193,right,fixation,,256.0,749.434287769784,753.55226618705,,,,,1.0,3.0113192245628846,10.56042731143008
1032,2964051,20,,left,saccade,261.0,,,,736.715,742.654,834.212,751.539,,,
1033,2964051,20,,right,saccade,,256.0,,,740.8660000000001,740.442,843.137,745.07,,,
1034,2964075,1160,3.8550810344827586,left,fixation,262.0,,852.531862542955,760.963096219933,,,,,5.0,2.688212670743167,10.859838230490846
1035,2964075,1164,3.8550120274914095,right,fixation,,257.0,835.7827020547951,754.522821917807,,,,,3.0,4.704196066020977,16.341135906495097
1036,2965239,24,,left,saccade,262.0,,,,864.047,748.5369999999997,658.404,754.544,,,
1037,2965243,24,,right,saccade,,257.0,,,844.752,745.15,655.137,753.235,,,
1038,2965267,652,3.696742331288344,left,fixation,263.0,,647.685823170732,751.597225609756,,,,,4.0,6.408204139109652,19.595717605188078
1039,2965271,644,3.696462732919255,right,fixation,,258.0,642.272925925926,752.387222222222,,,,,3.0,4.7068579210600445,14.659147572756034
1040,2965919,28,,right,saccade,,258.0,,,620.092,755.814,849.677,758.512,,,
1041,2965923,24,,left,saccade,263.0,,,,638.381,754.1160000000001,819.4760000000001,754.1160000000001,,,
1042,2965951,1004,3.7394960159362562,left,fixation,264.0,,846.574253968254,762.5685952380942,,,,,1.0,2.2760419652936714,9.21875571864235
1043,2965951,1008,3.739563492063492,right,fixation,,259.0,831.50562055336,759.792383399209,,,,,3.0,3.30680384702616,9.456414559584251
1044,2966959,24,,left,saccade,264.0,,,,858.8660000000001,765.684,630.497,766.6419999999997,,,
1045,2966963,20,,right,saccade,,259.0,,,839.0169999999997,762.5930000000003,645.553,762.188,,,
1046,2966987,296,3.7237567567567567,left,fixation,265.0,,638.163453333333,761.73636,,,,,0.0,,
1047,2966987,296,3.7237567567567567,right,fixation,,260.0,634.421026666667,758.045373333333,,,,,2.0,2.242449663391535,5.363157345618541
1048,2967287,20,,right,saccade,,260.0,,,630.888,757.1160000000001,770.5160000000003,757.4739999999997,,,
1049,2967287,24,,left,saccade,265.0,,,,642.0840000000002,762.8389999999997,776.9069999999997,763.2669999999997,,,
1050,2967311,492,3.7937321437727527,right,fixation,,261.0,743.251588709678,748.7682580645171,,,,,5.0,3.5195483072788845,9.15973131020171
1051,2967315,492,3.7941601657601662,left,fixation,266.0,,755.800467741936,757.281580645161,,,,,1.0,8.991731427014217,49.298430248842585
1052,2967807,92,,right,saccade,,261.0,,,723.927,734.795,743.9760000000001,717.44,,,
1053,2967811,44,,left,saccade,266.0,,,,746.123,759.6139999999997,727.183,762.363,,,
1054,2967919,128,,left,fixation,267.0,,742.075333333333,731.070636363636,,,,,1.0,9.703366358869708,30.574290981149588
1055,2967979,68,,right,fixation,,262.0,738.668388888889,701.739833333333,,,,,1.0,3.9439490432250266,23.977147161411782
1056,2968051,20,,left,saccade,267.0,,,,748.925,735.2339999999997,849.757,746.8330000000003,,,
1057,2968051,20,,right,saccade,,262.0,,,726.2310000000001,712.704,844.841,723.322,,,
1058,2968075,236,3.8247155172413794,left,fixation,268.0,,855.775883333333,764.5723833333342,,,,,1.0,2.5146846776042966,6.468448422921893
1059,2968075,236,3.8247155172413794,right,fixation,,263.0,835.223583333333,754.68775,,,,,0.0,,
1060,2968315,28,,left,saccade,268.0,,,,866.043,767.572,519.099,770.5880000000003,,,
1061,2968315,28,,right,saccade,,263.0,,,829.1139999999997,755.039,537.559,755.346,,,
1062,2968347,588,3.7130510204081633,left,fixation,269.0,,545.268385135135,756.8221959459462,,,,,1.0,2.8622221213983736,22.639295770849447
1063,2968347,604,3.7116423841059607,right,fixation,,264.0,541.170934210527,751.269506578947,,,,,6.0,5.860640889888472,14.404818710949707
1064,2968939,16,,left,saccade,269.0,,,,546.819,747.581,490.726,750.425,,,
1065,2968955,0,,right,saccade,,264.0,,,501.85,745.294,501.85,745.294,,,
1066,2968959,632,3.65578164556962,right,fixation,,265.0,450.061616352201,749.0362389937102,,,,,5.0,3.5413168886454387,12.085723347935836
1067,2968959,636,3.6557798742138363,left,fixation,270.0,,447.51984375,755.0653000000011,,,,,2.0,4.530865677005917,28.65192886022621
1068,2969595,28,,right,saccade,,265.0,,,434.98900000000003,747.564,737.2460000000003,750.959,,,
1069,2969599,28,,left,saccade,270.0,,,,445.213,760.003,695.317,760.823,,,
1070,2969627,272,3.7059926470588236,right,fixation,,266.0,729.918913043479,755.500188405797,,,,,2.0,2.5525958681546,4.084816532908096
1071,2969631,268,3.7062910447761204,left,fixation,271.0,,723.5147941176469,758.0919558823531,,,,,2.0,2.586385562606635,10.776018198353665
1072,2969903,60,,left,saccade,271.0,,,,725.403,753.957,1399.4920000000006,819.584,,,
1073,2969903,60,,right,saccade,,266.0,,,732.275,756.118,1445.5810000000001,816.553,,,
1074,2969967,128,3.693875,left,fixation,272.0,,1429.4627878787899,820.0238484848489,,,,,2.0,4.983555807507422,8.887381184453654
1075,2969967,128,3.693875,right,fixation,,267.0,1449.1823939393896,814.1017272727271,,,,,2.0,4.040773495882791,23.59482445330667
1076,2970099,4,,left,saccade,272.0,,,,1474.035,823.841,1478.9189999999999,825.2510000000003,,,
1077,2970099,4,,right,saccade,,267.0,,,1482.759,830.425,1485.97,830.425,,,
1078,2970107,124,3.671421875,left,fixation,273.0,,1499.8801875,831.66428125,,,,,1.0,5.59530203732467,13.29425657944065
1079,2970107,128,3.671212121212122,right,fixation,,268.0,1502.88187878788,824.3613333333328,,,,,1.0,4.062987697222081,5.0023827322587735
1080,2970235,20,,left,saccade,273.0,,,,1494.895,835.462,1480.1770000000001,706.698,,,
1081,2970239,20,,right,saccade,,268.0,,,1501.19,827.06,1487.624,699.943,,,
1082,2970259,312,3.6712378048780487,left,fixation,274.0,,1497.91701265823,699.241987341772,,,,,4.0,3.790688692062954,12.550712295838855
1083,2970263,308,3.671228395061728,right,fixation,,269.0,1480.001,697.411397435897,,,,,2.0,3.4943495560795585,13.0946977528256
