,starttime,duration,meanPupilDiameter,eye,eventType,eventIdxLeft,eventIdxRight,meanX,meanY,startSaccadeX,startSaccadeY,endSaccadeX,endSaccadeY,microsaccadeCount,microsaccadeAmplitude,microsaccadePeakVelocity
0,881678,527,3.4346231060606063,left,fixation,1.0,,468.236977443609,175.224593984962,,,,,4.0,3.5442596954161547,12.897638459972036
1,881678,531,3.43440037593985,right,fixation,,1.0,436.293358208955,161.387044776119,,,,,0.0,,
2,882209,32,,left,saccade,1.0,,,,442.099,144.859,631.785,148.877,,,
3,882213,20,,right,saccade,,1.0,,,456.77,172.72299999999996,612.225,159.759,,,
4,882237,136,3.3680147058823526,right,fixation,,2.0,630.310885714286,188.4108,,,,,0.0,,
5,882245,128,3.366703125,left,fixation,2.0,,655.687484848485,168.69203030303,,,,,0.0,,
6,882377,20,,left,saccade,2.0,,,,662.387,169.97799999999995,566.219,170.139,,,
7,882377,20,,right,saccade,,2.0,,,638.3969999999998,167.643,525.841,162.763,,,
8,882401,228,3.333561170212765,left,fixation,3.0,,556.159948275862,182.59503448275902,,,,,1.0,4.905657972065431,9.822616861101764
9,882401,228,3.333561170212765,right,fixation,,3.0,516.14625862069,171.983827586207,,,,,0.0,,
10,882633,40,,left,saccade,3.0,,,,544.2280000000002,180.078,412.24300000000005,149.226,,,
11,882633,48,,right,saccade,,3.0,,,514.007,172.178,427.087,143.545,,,
12,882701,96,3.283,left,fixation,4.0,,429.95744,153.66928000000001,,,,,0.0,,
13,882701,104,3.283,right,fixation,,4.0,431.635518518518,151.912592592593,,,,,0.0,,
14,882801,40,,left,saccade,4.0,,,,448.286,158.769,467.145,137.308,,,
15,882809,40,,right,saccade,,4.0,,,427.44800000000004,153.762,437.792,139.32399999999998,,,
16,882921,588,3.448434782608695,right,fixation,,5.0,521.063905405406,188.253148648649,,,,,2.0,7.706763570523617,24.84845659445643
17,882937,576,3.4483275862068963,left,fixation,5.0,,540.9085517241381,183.99912413793098,,,,,4.0,6.847742217589895,20.47414786712533
18,883513,20,,right,saccade,,5.0,,,525.138,194.519,618.931,184.609,,,
19,883517,20,,left,saccade,5.0,,,,540.28,191.335,627.8340000000002,172.78,,,
20,883537,484,3.402334710743802,right,fixation,,6.0,633.6952213114747,180.73095081967202,,,,,0.0,,
21,883541,480,3.402029166666667,left,fixation,6.0,,638.9869752066111,158.684512396694,,,,,0.0,,
22,884025,20,,left,saccade,6.0,,,,634.533,167.102,734.238,160.298,,,
23,884025,20,,right,saccade,,6.0,,,638.242,164.61,748.693,173.52599999999995,,,
24,884049,396,3.3771969696969686,left,fixation,7.0,,753.38732,162.85041,,,,,0.0,,
25,884049,396,3.3771969696969686,right,fixation,,7.0,745.81412,184.53298,,,,,0.0,,
26,884449,20,,left,saccade,7.0,,,,767.908,154.053,861.5260000000003,165.68099999999995,,,
27,884449,20,,right,saccade,,7.0,,,754.0930000000003,175.65099999999995,850.485,173.378,,,
28,884473,228,3.4325692307692317,left,fixation,8.0,,870.5848620689661,195.796551724138,,,,,0.0,,
29,884473,232,3.4325692307692317,right,fixation,,8.0,857.4822542372881,158.501474576271,,,,,0.0,,
30,884705,40,,left,saccade,8.0,,,,866.034,225.845,855.143,172.325,,,
31,884709,40,,right,saccade,,8.0,,,852.791,165.357,843.909,158.434,,,
32,884845,136,3.396428571428572,right,fixation,,9.0,839.551199999999,171.79902857142898,,,,,0.0,,
33,884857,124,3.396428571428572,left,fixation,9.0,,857.99675,210.23525,,,,,1.0,3.081815779698708,5.956410496263559
34,884985,24,,left,saccade,9.0,,,,848.304,202.40599999999998,689.0010000000003,189.96900000000002,,,
35,884985,24,,right,saccade,,9.0,,,836.916,175.88400000000001,672.1560000000002,178.417,,,
36,885013,440,3.3885636363636364,left,fixation,10.0,,663.672828828829,195.21346846846905,,,,,1.0,4.216674575091386,9.109013393337412
37,885013,440,3.3885636363636364,right,fixation,,10.0,645.550081081081,174.95418018018,,,,,1.0,6.7135283652570585,23.19312012213966
38,885457,24,,left,saccade,10.0,,,,649.788,169.09900000000005,589.453,275.041,,,
39,885457,24,,right,saccade,,10.0,,,620.725,173.226,569.802,263.374,,,
40,885485,164,3.3219878048780482,left,fixation,11.0,,586.857761904762,294.7975,,,,,0.0,,
41,885485,164,3.3219878048780482,right,fixation,,11.0,568.935571428572,294.149071428571,,,,,0.0,,
42,885653,24,,left,saccade,11.0,,,,597.9069999999998,290.17,450.81,298.857,,,
43,885653,24,,right,saccade,,11.0,,,569.9730000000002,307.651,417.54,310.853,,,
44,885681,576,3.3380243055555554,right,fixation,,12.0,418.30604137931,319.858496551724,,,,,1.0,4.1891040940887585,15.24317450533191
45,885681,960,3.3152854166666668,left,fixation,12.0,,483.74843153527,314.470614107884,,,,,7.0,4.407677846382923,17.194707831606852
46,886261,20,,right,saccade,,12.0,,,412.19699999999995,317.268,518.5790000000002,320.70799999999997,,,
47,886285,352,3.2784375,right,fixation,,13.0,530.17706741573,321.80053932584303,,,,,0.0,,
48,886641,16,,right,saccade,,13.0,,,537.6669999999998,304.767,615.4580000000002,305.622,,,
49,886645,16,,left,saccade,12.0,,,,566.756,329.30800000000005,630.646,331.11699999999996,,,
50,886661,516,3.2228023255813962,right,fixation,,14.0,628.390730769231,295.760007692308,,,,,0.0,,
51,886665,516,3.2224147286821703,left,fixation,13.0,,646.930023076923,319.85756153846086,,,,,1.0,4.396590396103667,17.466642150109983
52,887181,20,,right,saccade,,14.0,,,623.502,280.994,740.336,293.688,,,
53,887185,20,,left,saccade,13.0,,,,649.758,311.134,747.443,312.62,,,
54,887205,780,3.1741589743589733,right,fixation,,15.0,751.329387755103,309.802086734694,,,,,1.0,4.281706597711842,25.387494244213986
55,887209,780,3.1741846153846147,left,fixation,14.0,,766.722301020408,337.253653061225,,,,,0.0,,
56,887989,20,,right,saccade,,15.0,,,738.5239999999999,276.072,857.5060000000003,273.54,,,
57,887993,16,,left,saccade,14.0,,,,775.245,344.265,852.2289999999997,344.38800000000015,,,
58,888013,664,3.262024096385542,right,fixation,,16.0,854.305892215569,302.637790419162,,,,,1.0,10.989399601939638,38.16088480368352
59,888013,668,3.2623353293413166,left,fixation,15.0,,862.313755952381,323.760041666667,,,,,3.0,8.374578120467769,33.9974519363127
60,888681,28,,right,saccade,,16.0,,,869.6619999999997,314.039,603.535,321.607,,,
61,888685,28,,left,saccade,15.0,,,,867.696,322.205,618.414,321.532,,,
62,888713,176,3.3268068181818182,right,fixation,,17.0,589.305711111111,302.552155555555,,,,,0.0,,
63,888717,528,3.3373484848484845,left,fixation,16.0,,569.738007518796,316.649210526316,,,,,2.0,8.45095455131919,28.56708287568087
64,888893,12,,right,saccade,,17.0,,,594.855,320.074,544.705,325.1790000000001,,,
65,888909,332,3.3434397590361438,right,fixation,,18.0,526.324964285714,295.655678571429,,,,,0.0,,
66,889245,24,,right,saccade,,18.0,,,526.748,278.124,397.154,310.26,,,
67,889249,20,,left,saccade,16.0,,,,528.225,298.973,448.126,304.0420000000001,,,
68,889273,196,3.3167058823529407,left,fixation,17.0,,456.32268,326.34488,,,,,1.0,2.9784589788830287,5.6048245289215215
69,889273,208,3.3167058823529407,right,fixation,,19.0,403.786603773585,313.834188679245,,,,,0.0,,
70,889473,40,,left,saccade,17.0,,,,432.289,313.467,429.897,273.185,,,
71,889485,44,,right,saccade,,19.0,,,409.149,321.55,411.399,294.08,,,
72,889609,260,3.2735064935064937,right,fixation,,20.0,423.685318181818,313.899015151515,,,,,0.0,,
73,889625,244,3.2735064935064937,left,fixation,18.0,,443.895129032258,300.932419354839,,,,,0.0,,
74,889873,20,,left,saccade,18.0,,,,432.62800000000004,306.943,541.0840000000002,312.272,,,
75,889873,20,,right,saccade,,20.0,,,440.765,325.19599999999997,560.4490000000002,324.603,,,
76,889897,524,3.242407692307692,right,fixation,,21.0,555.690393939394,328.78,,,,,0.0,,
77,889897,528,3.242293893129772,left,fixation,19.0,,548.6048796992479,317.40296240601504,,,,,1.0,3.8632101109196046,9.182659799861977
78,890425,20,,right,saccade,,21.0,,,521.906,304.79,637.627,300.683,,,
79,890429,20,,left,saccade,19.0,,,,554.319,319.433,652.9730000000002,325.731,,,
80,890449,516,3.185178294573644,right,fixation,,22.0,639.728846153846,312.324238461538,,,,,0.0,,
81,890453,516,3.184643410852713,left,fixation,20.0,,656.540692307693,325.941669230769,,,,,0.0,,
82,890969,20,,right,saccade,,22.0,,,654.798,325.065,555.814,314.368,,,
83,890973,20,,left,saccade,20.0,,,,650.553,329.153,541.07,342.5680000000001,,,
84,890993,584,3.1692019772007,right,fixation,,23.0,531.234149659864,304.45573469387796,,,,,0.0,,
85,890997,576,3.1693198359326566,left,fixation,21.0,,541.335296551724,327.740448275862,,,,,1.0,3.1638595013755584,7.030442162481653
86,891577,40,,left,saccade,21.0,,,,556.067,315.492,550.535,286.124,,,
87,891581,44,,right,saccade,,23.0,,,528.5,290.69599999999997,534.866,265.754,,,
88,891705,148,3.1959473684210518,right,fixation,,24.0,552.640868421053,289.979315789474,,,,,0.0,,
89,891717,136,3.1959473684210518,left,fixation,22.0,,563.045028571428,296.98637142857103,,,,,0.0,,
90,891857,28,,left,saccade,22.0,,,,568.89,307.3540000000001,772.493,324.606,,,
91,891857,28,,right,saccade,,24.0,,,558.2040000000002,276.72700000000003,792.587,278.922,,,
92,891889,732,3.1758179347826085,left,fixation,23.0,,848.053798913043,330.998945652174,,,,,3.0,7.481022569794164,20.553423169716588
93,891889,732,3.1758179347826085,right,fixation,,25.0,841.20222826087,319.832304347826,,,,,2.0,8.16964250024326,25.798449511044243
94,892625,28,,left,saccade,23.0,,,,868.3660000000001,321.39799999999997,629.365,326.411,,,
95,892625,28,,right,saccade,,25.0,,,861.931,339.272,639.155,335.45599999999996,,,
96,892657,164,3.1518292682926834,left,fixation,24.0,,623.748785714286,316.071261904762,,,,,0.0,,
97,892657,164,3.1518292682926834,right,fixation,,26.0,616.259880952381,328.442142857143,,,,,1.0,4.4930186369770135,9.065166848988547
98,892825,20,,left,saccade,24.0,,,,630.436,308.172,729.053,302.426,,,
99,892825,20,,right,saccade,,26.0,,,609.641,311.4790000000001,725.1510000000003,309.7940000000001,,,
100,892849,532,3.2050225563909778,left,fixation,25.0,,754.676313432835,324.509320895523,,,,,1.0,3.805613587554252,11.03451915581281
101,892849,532,3.2050225563909778,right,fixation,,27.0,746.526776119403,319.344074626865,,,,,0.0,,
102,893385,20,,left,saccade,25.0,,,,779.812,358.63300000000015,679.466,350.279,,,
103,893385,20,,right,saccade,,27.0,,,755.38,285.106,655.4960000000002,298.938,,,
104,893409,1460,3.2330630136986307,left,fixation,26.0,,660.4304945355191,321.051628415301,,,,,5.0,5.422665048606649,18.882397569225894
105,893409,1460,3.2330630136986307,right,fixation,,28.0,649.920295081968,299.79027868852404,,,,,2.0,6.531504786665112,15.027494773991053
106,894873,16,,right,saccade,,28.0,,,642.719,285.204,547.154,293.126,,,
107,894873,20,,left,saccade,26.0,,,,654.258,333.885,559.376,331.08,,,
108,894893,132,3.253387175324676,right,fixation,,29.0,539.288617647059,291.734647058823,,,,,0.0,,
109,894897,120,3.2522017045454548,left,fixation,27.0,,559.7485806451609,310.685709677419,,,,,0.0,,
110,895021,40,,left,saccade,27.0,,,,560.256,310.441,524.7080000000002,281.467,,,
111,895029,40,,right,saccade,,29.0,,,534.7040000000002,285.095,514.056,269.867,,,
112,895149,144,3.2277193181818182,right,fixation,,30.0,508.7311621621621,284.322135135135,,,,,0.0,,
113,895161,976,3.1740325483340186,left,fixation,28.0,,462.5132,315.119987755102,,,,,5.0,11.056889928143327,28.36407145832419
114,895297,12,,right,saccade,,30.0,,,506.57300000000004,303.88599999999997,458.189,315.272,,,
115,895313,820,3.1698414634146346,right,fixation,,31.0,437.09856310679606,325.344398058252,,,,,2.0,5.601254257052089,17.86567438025956
116,896137,36,,right,saccade,,31.0,,,417.6,322.0420000000001,771.7239999999997,312.2270000000001,,,
117,896141,32,,left,saccade,28.0,,,,429.825,296.545,774.6410000000003,293.105,,,
118,896177,792,3.2556666666666665,left,fixation,29.0,,766.076939698493,308.845150753769,,,,,8.0,3.956611213953952,14.183295741210904
119,896177,792,3.2556666666666665,right,fixation,,32.0,744.49543718593,312.440366834171,,,,,2.0,7.896086214605424,22.593688926010532
120,896973,20,,left,saccade,29.0,,,,756.627,283.546,844.3910000000003,287.26,,,
121,896973,20,,right,saccade,,32.0,,,730.5360000000003,313.29,827.38,324.714,,,
122,896997,463,3.3067,left,fixation,30.0,,862.353452991453,308.315495726496,,,,,0.0,,
123,896997,463,3.3067,right,fixation,,33.0,846.72882051282,311.74624786324796,,,,,1.0,10.339838297951193,21.4996600205678
124,897464,24,,left,saccade,30.0,,,,876.291,324.422,659.341,307.813,,,
125,897464,24,,right,saccade,,33.0,,,849.1519999999997,334.955,646.7959999999998,327.303,,,
126,897492,569,3.3583391608391606,right,fixation,,34.0,620.143643356643,299.813307692308,,,,,1.0,11.661928259178323,53.75440246156587
127,897492,573,3.3583298611111108,left,fixation,31.0,,637.412888888889,292.560715277778,,,,,1.0,7.934015394349682,33.172126085013
128,898065,56,,right,saccade,,34.0,,,589.281,311.249,1369.132,285.06,,,
129,898069,52,,left,saccade,31.0,,,,604.034,276.142,1364.1970000000001,300.8590000000001,,,
130,898125,451,3.3272455357142863,left,fixation,32.0,,1400.3039912280701,306.172140350877,,,,,1.0,9.90408182126045,35.751058180143524
131,898125,451,3.3272455357142863,right,fixation,,35.0,1406.88483333333,280.459280701754,,,,,2.0,7.982486597982107,26.892979142120637
132,898580,56,,left,saccade,32.0,,,,1423.628,289.264,554.8290000000002,313.784,,,
133,898580,56,,right,saccade,,35.0,,,1429.908,287.526,562.611,291.255,,,
134,898640,812,3.2271359027777784,left,fixation,33.0,,543.103656862745,318.16543627451,,,,,1.0,3.875855436043908,5.652502543121969
135,898640,821,3.2271359027777784,right,fixation,,36.0,537.098669902913,309.866815533981,,,,,1.0,8.486098547362971,15.941710228203167
136,899456,41,,left,saccade,33.0,,,,548.115,311.303,508.978,219.64,,,
137,899465,40,,right,saccade,,36.0,,,539.692,305.496,531.59,266.31,,,
138,899589,804,3.1852055232558136,right,fixation,,37.0,530.906069306931,307.811267326733,,,,,0.0,,
139,899597,4,,left,fixation,34.0,,508.978,240.2455,,,,,0.0,,
140,899605,0,,left,saccade,34.0,,,,506.707,240.782,506.707,240.782,,,
141,899609,788,3.1852043352601163,left,fixation,35.0,,543.7753838383841,314.17536868686904,,,,,1.0,5.541358951356404,35.11082216354374
142,900397,19,,right,saccade,,37.0,,,542.67,303.874,650.395,303.874,,,
143,900401,19,,left,saccade,35.0,,,,569.222,325.219,665.783,321.816,,,
144,900420,460,3.148947826086957,right,fixation,,38.0,662.045999999999,315.624879310345,,,,,0.0,,
145,900424,460,3.148547826086957,left,fixation,36.0,,681.300508620689,325.259370689655,,,,,0.0,,
146,900884,20,,right,saccade,,38.0,,,656.8389999999997,316.633,751.278,310.732,,,
147,900888,16,,left,saccade,36.0,,,,683.573,310.6140000000001,751.882,322.538,,,
148,900908,200,3.1345959104186947,left,fixation,37.0,,771.736725490196,324.811176470588,,,,,0.0,,
149,900908,208,3.1345959104186965,right,fixation,,39.0,753.753037735849,306.766056603774,,,,,0.0,,
150,901112,40,,left,saccade,37.0,,,,777.0419999999997,311.869,768.826,287.098,,,
151,901120,40,,right,saccade,,39.0,,,751.115,312.087,763.828,285.52,,,
152,901236,348,3.1945619834710746,right,fixation,,40.0,758.9837727272729,308.009375,,,,,0.0,,
153,901252,332,3.1945619834710746,left,fixation,38.0,,772.18755952381,318.059464285714,,,,,1.0,10.108541616430673,40.31086782742338
154,901588,20,,left,saccade,38.0,,,,770.818,317.39599999999996,856.2919999999997,312.529,,,
155,901588,20,,right,saccade,,40.0,,,773.6189999999997,333.965,849.9119999999997,314.485,,,
156,901612,1820,3.2313230769230765,right,fixation,,41.0,848.7268662280701,312.33297368421,,,,,0.0,,
157,901612,1824,3.2316271929824563,left,fixation,39.0,,861.065118161926,310.679004376367,,,,,0.0,,
158,903436,20,,right,saccade,,41.0,,,854.671,294.656,750.449,294.747,,,
159,903440,20,,left,saccade,39.0,,,,866.7610000000003,319.464,778.828,330.8640000000001,,,
160,903460,892,3.391121076233184,right,fixation,,42.0,743.481361607143,291.499169642857,,,,,0.0,,
161,903464,888,3.3911756756756746,left,fixation,40.0,,776.788349775785,304.978094170403,,,,,0.0,,
162,904356,20,,left,saccade,40.0,,,,773.8860000000003,273.324,650.386,277.913,,,
163,904356,20,,right,saccade,,42.0,,,739.135,285.244,630.904,290.245,,,
164,904380,344,3.3552965116279063,right,fixation,,43.0,619.725057471264,307.200862068966,,,,,0.0,,
165,904380,348,3.3552068965517243,left,fixation,41.0,,653.418261363636,303.464443181818,,,,,0.0,,
166,904728,24,,right,saccade,,43.0,,,620.4830000000002,327.99699999999996,482.23400000000004,327.464,,,
167,904732,24,,left,saccade,41.0,,,,649.08,299.807,502.384,303.45799999999997,,,
168,904756,536,3.3407873134328354,right,fixation,,44.0,436.047311111111,319.224933333333,,,,,1.0,12.518906512861955,62.563675091861384
169,904760,536,3.3406007462686564,left,fixation,42.0,,465.932777777778,310.464162962963,,,,,2.0,9.660397726791206,25.359265646665694
170,905296,68,,right,saccade,,44.0,,,408.76599999999996,274.562,1478.031,257.473,,,
171,905300,68,,left,saccade,42.0,,,,447.16900000000004,292.684,1474.266,281.495,,,
172,905368,568,3.2823063380281687,right,fixation,,45.0,1501.9431608391599,269.145741258741,,,,,4.0,7.160550964970414,21.6152410498944
173,905372,560,3.2821464285714286,left,fixation,43.0,,1521.3764255319104,280.982765957447,,,,,2.0,4.920246188191445,8.562327742656137
174,905936,72,,left,saccade,43.0,,,,1527.112,311.337,459.31699999999995,316.719,,,
175,905940,68,,right,saccade,,45.0,,,1504.555,263.014,430.404,283.275,,,
176,906012,256,3.2396015625,right,fixation,,46.0,421.1799538461541,306.038753846154,,,,,0.0,,
177,906012,260,3.2392153846153846,left,fixation,44.0,,451.72953030303,305.93943939393904,,,,,0.0,,
178,906272,44,,right,saccade,,46.0,,,438.52099999999996,357.87800000000016,837.13,320.673,,,
179,906276,36,,left,saccade,44.0,,,,461.4,313.371,827.552,304.23,,,
180,906316,836,3.1871741706161134,left,fixation,45.0,,852.176004761905,324.199866666667,,,,,2.0,4.506522388490186,10.592260013893576
181,906320,832,3.187010714285714,right,fixation,,47.0,842.957995215311,302.617377990431,,,,,2.0,6.776372676037867,22.197169856747
182,907156,36,,left,saccade,45.0,,,,861.2189999999997,316.938,508.66,389.55199999999996,,,
183,907156,36,,right,saccade,,47.0,,,842.687,337.759,484.017,420.17800000000005,,,
184,907196,144,3.2345694444444444,left,fixation,46.0,,501.415702702703,411.6781621621621,,,,,0.0,,
185,907196,292,3.243244752623688,right,fixation,,48.0,429.758594594595,427.972283783784,,,,,1.0,12.76724803397785,47.46922768489084
186,907344,16,,left,saccade,46.0,,,,495.731,402.278,444.095,420.254,,,
187,907364,116,3.2819396551724136,left,fixation,47.0,,434.2439,430.029766666667,,,,,0.0,,
188,907484,44,,left,saccade,47.0,,,,432.21,430.01199999999994,418.642,411.67699999999996,,,
189,907492,40,,right,saccade,,48.0,,,394.531,448.97,402.00300000000004,415.658,,,
190,907596,308,3.2509453738477303,right,fixation,,49.0,406.316871794872,438.710705128205,,,,,0.0,,
191,907616,292,3.2507910947438905,left,fixation,48.0,,432.826918918919,452.251486486486,,,,,1.0,3.7770343488274163,14.879358084272303
192,907908,24,,right,saccade,,49.0,,,411.147,425.2,530.88,438.652,,,
193,907912,20,,left,saccade,48.0,,,,423.116,448.13599999999997,513.153,444.506,,,
194,907936,580,3.1753472222222223,left,fixation,49.0,,549.668773972602,469.663719178082,,,,,3.0,6.800969987539456,16.398650890144218
195,907936,748,3.1615510752688167,right,fixation,,50.0,525.84779787234,475.07174468085,,,,,3.0,11.135232169481045,26.3387814686797
196,908520,0,,left,saccade,49.0,,,,509.52099999999996,495.711,509.52099999999996,495.711,,,
197,908524,368,3.133537634408602,left,fixation,50.0,,471.718129032258,470.400021505376,,,,,2.0,9.707294586086297,26.223051613363193
198,908688,0,,right,saccade,,50.0,,,435.18,451.88800000000003,435.18,451.88800000000003,,,
199,908692,200,3.14856862745098,right,fixation,,51.0,413.4348039215689,464.020450980392,,,,,0.0,,
200,908896,28,,left,saccade,50.0,,,,443.779,462.311,685.922,437.384,,,
201,908896,28,,right,saccade,,51.0,,,406.695,458.282,692.816,425.85,,,
202,908928,336,3.2064880952380954,right,fixation,,52.0,711.0011882352942,444.874423529412,,,,,0.0,,
203,908928,340,3.2065,left,fixation,51.0,,711.161139534884,451.83981395348803,,,,,1.0,5.694422975840307,40.81642975567577
204,909268,20,,right,saccade,,52.0,,,709.55,431.851,847.8610000000001,422.685,,,
205,909272,20,,left,saccade,51.0,,,,718.9789999999997,473.504,847.8389999999997,470.83,,,
206,909292,192,3.161864583333333,right,fixation,,53.0,851.022142857143,421.679183673469,,,,,1.0,7.713348040896393,16.649407496965214
207,909296,192,3.1611874999999987,left,fixation,52.0,,857.0179591836743,463.323285714286,,,,,0.0,,
208,909488,24,,right,saccade,,53.0,,,853.613,437.30300000000005,852.513,561.41,,,
209,909492,20,,left,saccade,52.0,,,,853.807,455.227,848.425,581.245,,,
210,909516,648,3.2305308641975308,right,fixation,,54.0,847.5356319018422,608.313564417178,,,,,1.0,7.718508414123112,15.381907814052267
211,909516,652,3.2303987730061348,left,fixation,53.0,,859.733646341463,605.3342682926831,,,,,4.0,9.618975002470584,30.13178477524044
212,910168,20,,right,saccade,,54.0,,,851.705,619.804,727.4910000000001,618.434,,,
213,910172,20,,left,saccade,53.0,,,,850.7739999999999,567.86,715.095,566.422,,,
214,910192,820,3.1980731707317074,right,fixation,,55.0,721.6730048543691,613.489781553398,,,,,1.0,6.740166652242331,22.31531693702784
215,910196,748,3.196679144385026,left,fixation,54.0,,749.1089787234039,588.000202127659,,,,,4.0,7.472533773824477,20.13874625042672
216,910948,8,,left,saccade,54.0,,,,753.914,594.6519999999998,752.681,624.2230000000002,,,
217,910960,40,3.22075,left,fixation,55.0,,750.151363636363,641.911818181818,,,,,0.0,,
218,911004,32,,left,saccade,55.0,,,,745.9630000000003,629.0319999999998,680.62,573.972,,,
219,911016,20,,right,saccade,,55.0,,,720.3810000000003,599.9730000000002,650.312,602.757,,,
220,911040,760,3.2282184210526315,left,fixation,56.0,,642.393481675393,575.822591623037,,,,,1.0,7.441022153874044,16.55904251459009
221,911040,764,3.228193717277488,right,fixation,,56.0,624.101583333333,609.035218750001,,,,,1.0,4.11339033590972,10.488528209429546
222,911804,16,,left,saccade,56.0,,,,625.605,568.691,568.779,572.508,,,
223,911808,8,,right,saccade,,56.0,,,580.308,608.311,546.854,608.311,,,
224,911820,640,3.26214375,right,fixation,,57.0,524.352124223602,601.8881863354039,,,,,0.0,,
225,911824,640,3.26214375,left,fixation,57.0,,536.340267080745,573.609428571429,,,,,1.0,3.5117116632143315,10.69638466959748
226,912464,20,,right,saccade,,57.0,,,514.049,603.365,424.86199999999997,602.286,,,
227,912468,16,,left,saccade,57.0,,,,526.869,576.914,450.14599999999996,577.201,,,
228,912488,324,3.2625150574712647,left,fixation,58.0,,439.53693902438994,567.641756097561,,,,,0.0,,
229,912488,340,3.2625150574712647,right,fixation,,58.0,414.595872093023,592.330593023256,,,,,0.0,,
230,912816,60,,left,saccade,58.0,,,,437.42800000000005,566.549,391.77099999999996,495.733,,,
231,912832,48,,right,saccade,,58.0,,,407.902,585.028,413.05,562.61,,,
232,912928,727,3.2390988671023973,right,fixation,,59.0,409.793661202186,586.011349726776,,,,,0.0,,
233,912960,16,,left,fixation,59.0,,399.4818,502.8274,,,,,0.0,,
234,912980,8,,left,saccade,59.0,,,,408.222,524.799,419.449,541.67,,,
235,912992,667,3.239280043290044,left,fixation,60.0,,435.323375,581.946541666667,,,,,0.0,,
236,913659,24,,right,saccade,,59.0,,,388.608,592.38,501.39599999999996,593.839,,,
237,913663,20,,left,saccade,60.0,,,,426.337,585.452,517.036,586.952,,,
238,913687,501,3.259424603174604,right,fixation,,60.0,524.176761904762,608.7535079365081,,,,,0.0,,
239,913687,505,3.2591771653543318,left,fixation,61.0,,538.9576535433071,583.439921259842,,,,,0.0,,
240,914192,24,,right,saccade,,60.0,,,538.827,657.158,674.76,648.318,,,
241,914196,20,,left,saccade,61.0,,,,547.5740000000002,608.947,672.328,621.141,,,
242,914220,832,3.2813221153846164,right,fixation,,61.0,632.413961722488,612.922110047847,,,,,1.0,5.912775981343727,15.302120800725517
243,914220,836,3.2812248803827755,left,fixation,62.0,,645.659561904762,582.644209523809,,,,,1.0,3.990176437201754,24.813575357050162
244,915056,28,,right,saccade,,61.0,,,630.367,617.23,859.187,615.13,,,
245,915060,24,,left,saccade,62.0,,,,637.002,585.136,851.7280000000003,592.125,,,
246,915088,720,3.3056432268084084,left,fixation,63.0,,850.081077348066,610.281834254144,,,,,1.0,3.5748307263732366,7.313909624817586
247,915088,732,3.3056432268084084,right,fixation,,62.0,851.1079293478267,598.641538043478,,,,,0.0,,
248,915812,44,,left,saccade,63.0,,,,855.66,606.59,864.743,568.665,,,
249,915824,40,,right,saccade,,62.0,,,847.462,595.018,888.297,578.854,,,
250,915908,476,3.209358109990984,right,fixation,,63.0,872.501775,591.485583333333,,,,,1.0,12.14578078090405,32.540231744718774
251,915956,428,3.2093581099909847,left,fixation,64.0,,875.1792222222217,624.463453703704,,,,,0.0,,
252,916388,20,,right,saccade,,63.0,,,879.059,607.697,778.819,609.112,,,
253,916388,24,,left,saccade,64.0,,,,872.159,627.5369999999998,745.755,632.605,,,
254,916412,495,3.090678861788618,right,fixation,,64.0,741.5847679999997,602.541672,,,,,2.0,3.3397676112855144,6.487941704393972
255,916416,495,3.0900081300813014,left,fixation,65.0,,752.642928,629.054216,,,,,0.0,,
256,916911,24,,right,saccade,,64.0,,,735.1460000000003,603.622,850.2239999999997,601.821,,,
257,916915,20,,left,saccade,65.0,,,,771.082,642.955,849.748,643.656,,,
258,916939,316,3.0965000000000003,left,fixation,66.0,,868.2901,621.6246875,,,,,2.0,5.5962587677168605,13.180056370661204
259,916939,320,3.0966375,right,fixation,,65.0,858.42612345679,590.9801728395057,,,,,0.0,,
260,917259,28,,left,saccade,66.0,,,,869.946,583.66,651.53,582.087,,,
261,917263,24,,right,saccade,,65.0,,,866.5419999999997,601.649,658.363,616.0740000000002,,,
262,917291,544,3.1482647058823527,right,fixation,,66.0,641.946948905109,612.1742700729931,,,,,0.0,,
263,917291,548,3.148682481751825,left,fixation,67.0,,641.6755,582.341927536232,,,,,0.0,,
264,917839,28,,right,saccade,,66.0,,,663.0210000000002,609.507,476.244,602.729,,,
265,917843,24,,left,saccade,67.0,,,,636.118,603.6080000000002,495.54400000000004,592.156,,,
266,917871,372,3.232650537634409,left,fixation,68.0,,512.591212765957,573.993872340426,,,,,2.0,6.3437212720624325,31.148404677263713
267,917871,372,3.232650537634409,right,fixation,,67.0,496.76564893617007,601.452457446808,,,,,2.0,4.926445618253464,12.723084487715594
268,918247,20,,left,saccade,68.0,,,,542.883,612.4159999999998,476.86400000000003,681.779,,,
269,918247,24,,right,saccade,,67.0,,,527.471,641.165,453.00699999999995,710.293,,,
270,918271,244,3.3126885245901643,left,fixation,69.0,,453.505693548387,696.2208870967737,,,,,2.0,4.837049140885141,10.051466061443387
271,918275,236,3.312652542372881,right,fixation,,68.0,415.5984166666671,709.220066666667,,,,,0.0,,
272,918515,64,,right,saccade,,68.0,,,393.603,702.783,1464.181,774.3580000000003,,,
273,918519,60,,left,saccade,69.0,,,,426.853,710.653,1461.059,757.2239999999997,,,
274,918583,240,3.406442857142857,left,fixation,70.0,,1484.90627868853,775.326901639344,,,,,1.0,5.106008717949658,8.04387748539226
275,918583,244,3.406442857142857,right,fixation,,69.0,1482.35517741935,794.097903225807,,,,,0.0,,
276,918827,40,,left,saccade,70.0,,,,1492.432,775.7689999999999,1365.4479999999999,247.69099999999997,,,
277,918831,44,,right,saccade,,69.0,,,1500.751,783.664,1412.111,284.778,,,
278,918915,136,3.4731333333333336,right,fixation,,70.0,1384.82945714286,281.2918,,,,,0.0,,
279,918931,116,3.4731538461538465,left,fixation,71.0,,1377.9085,268.933266666667,,,,,0.0,,
280,919051,24,,left,saccade,71.0,,,,1375.983,290.606,1375.21,96.053,,,
281,919055,24,,right,saccade,,70.0,,,1384.154,281.14599999999996,1376.727,93.859,,,
282,919079,104,3.5489807692307704,left,fixation,72.0,,1380.0909629629598,93.0314444444444,,,,,0.0,,
283,919083,100,3.5507600000000004,right,fixation,,71.0,1376.63476923077,67.7424615384615,,,,,0.0,,
284,919187,36,,left,saccade,72.0,,,,1370.715,99.395,951.53,41.19300000000001,,,
285,919187,36,,right,saccade,,71.0,,,1372.81,56.733999999999995,942.85,43.21100000000001,,,
286,919227,572,3.4606567796610173,left,fixation,73.0,,959.754486111111,34.426180555555604,,,,,2.0,6.345515862099491,24.21246115511148
287,919227,572,3.4606567796610173,right,fixation,,72.0,941.4615763888893,36.1710069444444,,,,,2.0,6.599361930950867,22.860877575017465
288,919803,64,,left,saccade,73.0,,,,974.185,38.79,544.09,629.8530000000002,,,
289,919803,64,,right,saccade,,72.0,,,951.955,40.489000000000004,598.4580000000002,674.6489999999999,,,
290,919943,156,3.4655454545454543,right,fixation,,73.0,577.224375,702.3289,,,,,0.0,,
291,919959,4,,left,fixation,74.0,,549.595,639.5955,,,,,0.0,,
292,919967,4,,left,saccade,74.0,,,,553.9730000000002,649.3380000000002,557.388,649.3380000000002,,,
293,919975,124,3.4655454545454543,left,fixation,75.0,,586.65253125,708.982,,,,,0.0,,
294,920103,20,,left,saccade,75.0,,,,603.431,714.954,494.24699999999996,733.375,,,
295,920103,20,,right,saccade,,73.0,,,575.905,706.255,472.392,724.7769999999997,,,
296,920127,368,3.4872880434782614,left,fixation,76.0,,462.61479569892487,741.170559139785,,,,,2.0,8.63698456151916,22.9667005209418
297,920127,368,3.4872880434782614,right,fixation,,74.0,433.884623655914,730.67323655914,,,,,2.0,7.936258823963928,25.06567389294402
298,920499,20,,right,saccade,,74.0,,,406.838,746.681,537.256,727.472,,,
299,920499,24,,left,saccade,76.0,,,,444.026,766.5060000000003,551.543,728.185,,,
300,920523,180,3.433238095238095,right,fixation,,75.0,542.924108695652,742.850782608696,,,,,1.0,3.7092354595582666,7.3546638264438
301,920527,176,3.431775,left,fixation,77.0,,569.4726,739.790177777778,,,,,1.0,3.997412166361879,7.71011056989462
302,920707,48,,left,saccade,77.0,,,,558.5,718.637,623.864,680.905,,,
303,920707,44,,right,saccade,,75.0,,,525.706,726.194,653.722,697.738,,,
304,920839,248,3.401355561820938,right,fixation,,76.0,639.337269841269,726.5631428571429,,,,,0.0,,
305,920867,0,,left,fixation,78.0,,631.9119999999998,680.905,,,,,0.0,,
306,920871,0,,left,saccade,78.0,,,,643.774,680.905,643.774,680.905,,,
307,920875,212,3.401355561820938,left,fixation,79.0,,672.896481481481,722.751537037037,,,,,0.0,,
308,921091,20,,left,saccade,79.0,,,,682.316,728.373,765.043,730.3330000000003,,,
309,921091,20,,right,saccade,,76.0,,,639.3340000000002,750.4169999999997,737.488,745.2310000000001,,,
310,921115,180,3.4314444444444447,right,fixation,,77.0,752.884630434783,739.0650434782608,,,,,0.0,,
311,921115,184,3.4316304347826083,left,fixation,80.0,,777.6079361702119,744.4106170212773,,,,,0.0,,
312,921299,16,,right,saccade,,77.0,,,754.709,728.952,689.738,728.212,,,
313,921303,16,,left,saccade,80.0,,,,782.323,750.435,705.6060000000001,745.485,,,
314,921319,292,3.4346027397260275,right,fixation,,78.0,664.323391891892,745.3015,,,,,0.0,,
315,921323,288,3.4346875000000003,left,fixation,81.0,,684.396712328767,744.427178082192,,,,,0.0,,
316,921615,8,,right,saccade,,78.0,,,663.107,745.68,685.6210000000002,751.8810000000003,,,
317,921615,16,,left,saccade,81.0,,,,684.092,735.7589999999999,742.988,731.923,,,
318,921627,216,3.4584074074074085,right,fixation,,79.0,739.701727272727,746.2277272727271,,,,,1.0,5.8253450875367685,23.509758165493746
319,921635,208,3.4588269230769235,left,fixation,82.0,,759.289924528302,739.028490566037,,,,,1.0,4.202308360360468,10.540131498230926
320,921847,24,,left,saccade,82.0,,,,764.301,725.6510000000003,586.25,726.617,,,
321,921847,24,,right,saccade,,79.0,,,735.862,733.113,557.778,735.279,,,
322,921875,144,3.4488472222222213,right,fixation,,80.0,551.053648648649,742.515918918919,,,,,0.0,,
323,921875,408,3.4485048543689323,left,fixation,83.0,,617.358165048544,735.528679611651,,,,,2.0,7.490390645378056,33.017045001757566
324,922023,8,,right,saccade,,80.0,,,585.1519999999998,746.39,591.881,752.699,,,
325,922035,248,3.448301587301588,right,fixation,,81.0,616.426206349206,740.713174603175,,,,,0.0,,
326,922287,20,,left,saccade,83.0,,,,645.8240000000002,727.216,555.02,735.453,,,
327,922287,20,,right,saccade,,81.0,,,615.935,765.293,503.68,764.567,,,
328,922311,432,3.4977663551401865,left,fixation,84.0,,541.95723853211,740.9113944954131,,,,,0.0,,
329,922311,432,3.4977663551401865,right,fixation,,82.0,505.85905504587095,744.729623853211,,,,,1.0,5.433851317333671,19.516826842496602
330,922747,20,,left,saccade,84.0,,,,540.183,745.0360000000003,469.76599999999996,745.432,,,
331,922747,20,,right,saccade,,82.0,,,508.22900000000004,731.605,407.43300000000005,754.508,,,
332,922771,476,3.481394957983194,right,fixation,,83.0,402.87465,751.7130000000003,,,,,1.0,5.723848076736084,28.16464764558582
333,922771,480,3.4813541666666667,left,fixation,85.0,,447.615611570248,721.1182479338852,,,,,1.0,6.282991248424406,21.530663273573374
334,923251,24,,right,saccade,,83.0,,,416.212,744.4069999999997,524.3240000000002,729.434,,,
335,923255,20,,left,saccade,85.0,,,,466.64099999999996,698.0310000000003,554.072,697.163,,,
336,923279,348,3.5082988505747124,right,fixation,,84.0,532.491079545454,731.6345568181821,,,,,2.0,8.872759450885404,26.04762675549378
337,923279,352,3.5084318181818177,left,fixation,86.0,,564.111741573034,705.363808988764,,,,,1.0,8.104593570589728,25.09604470828015
338,923631,20,,right,saccade,,84.0,,,539.557,711.148,640.295,708.18,,,
339,923635,16,,left,saccade,86.0,,,,568.639,719.791,653.8290000000002,725.316,,,
340,923655,292,3.53654794520548,left,fixation,87.0,,663.648378378378,722.716972972974,,,,,1.0,3.7601875137935914,11.343412185052724
341,923655,292,3.53654794520548,right,fixation,,85.0,640.011432432432,718.2689189189191,,,,,1.0,4.688070925231408,12.844994978589892
342,923951,16,,left,saccade,87.0,,,,677.434,736.342,745.174,726.5889999999997,,,
343,923951,16,,right,saccade,,85.0,,,663.0189999999999,740.372,727.1260000000003,730.2689999999999,,,
344,923971,404,3.5518910891089117,left,fixation,88.0,,764.8558529411771,733.979352941176,,,,,0.0,,
345,923971,404,3.5518910891089117,right,fixation,,86.0,737.205696078432,735.0293333333328,,,,,0.0,,
346,924379,16,,left,saccade,88.0,,,,771.569,719.9110000000003,852.83,726.443,,,
347,924379,16,,right,saccade,,86.0,,,758.658,736.3689999999997,811.203,723.807,,,
348,924399,180,3.5746956521739133,right,fixation,,87.0,843.568717391305,737.808608695652,,,,,1.0,9.103723537652064,25.43320013289719
349,924399,184,3.5744255319148928,left,fixation,89.0,,863.18714893617,728.9835531914888,,,,,0.0,,
350,924583,24,,right,saccade,,87.0,,,837.455,748.091,713.582,758.428,,,
351,924587,20,,left,saccade,89.0,,,,868.053,730.4860000000001,762.931,730.163,,,
352,924611,296,3.489513513513514,left,fixation,90.0,,760.59556,732.8729599999997,,,,,0.0,,
353,924611,296,3.489513513513514,right,fixation,,88.0,715.1285333333342,717.366653333333,,,,,0.0,,
354,924911,20,,right,saccade,,88.0,,,725.047,709.169,857.33,740.163,,,
355,924911,24,,left,saccade,90.0,,,,759.324,741.1030000000003,877.403,740.6010000000001,,,
356,924935,548,3.561625,right,fixation,,89.0,843.283282608696,740.89097826087,,,,,2.0,7.930700026639282,21.057074951625232
357,924939,544,3.561937037037037,left,fixation,91.0,,877.236708029198,728.112321167883,,,,,1.0,13.624941481016045,33.32171934339535
358,925487,24,,left,saccade,91.0,,,,844.926,735.3860000000003,661.198,740.633,,,
359,925487,24,,right,saccade,,89.0,,,804.22,739.166,627.874,746.582,,,
360,925515,104,3.548,left,fixation,92.0,,654.674296296297,733.389074074074,,,,,0.0,,
361,925515,112,3.548,right,fixation,,90.0,614.003103448276,744.453931034483,,,,,0.0,,
362,925623,40,,left,saccade,92.0,,,,649.543,734.0939999999997,669.821,667.77,,,
363,925631,44,,right,saccade,,90.0,,,607.871,732.332,654.5830000000002,695.0939999999997,,,
364,925747,560,3.3968052473867596,right,fixation,,91.0,700.0100070921982,740.466574468085,,,,,3.0,14.225973044593468,45.90563273363072
365,925775,24,,left,fixation,93.0,,681.009857142857,674.659428571429,,,,,1.0,16.922235672005314,42.03083569238182
366,925803,4,,left,saccade,93.0,,,,687.868,701.7660000000003,688.42,709.429,,,
367,925811,500,3.396184443166129,left,fixation,94.0,,741.878563492063,748.201063492064,,,,,1.0,13.149394622736235,55.419046770943204
368,926311,16,,right,saccade,,91.0,,,713.404,740.9780000000003,631.332,738.663,,,
369,926315,16,,left,saccade,94.0,,,,746.2310000000001,768.096,683.422,751.04,,,
370,926331,632,3.2697232704402515,right,fixation,,92.0,632.727352201258,741.614534591195,,,,,0.0,,
371,926335,628,3.2694525316455687,left,fixation,95.0,,670.1132848101261,752.097582278481,,,,,1.0,3.6879308599508422,10.45900043025145
372,926967,20,,left,saccade,95.0,,,,681.933,753.696,584.885,759.8760000000003,,,
373,926967,20,,right,saccade,,92.0,,,644.569,781.6160000000001,532.0980000000002,763.38,,,
374,926991,372,3.2313373493975908,left,fixation,96.0,,553.94070212766,750.924180851064,,,,,0.0,,
375,926991,380,3.2313373493975908,right,fixation,,93.0,527.058260416666,723.72953125,,,,,0.0,,
376,927367,48,,left,saccade,96.0,,,,548.803,729.447,507.316,689.487,,,
377,927375,44,,right,saccade,,93.0,,,539.665,713.936,525.141,706.62,,,
378,927487,548,3.2586188643462743,right,fixation,,94.0,522.786231884058,726.5633695652167,,,,,1.0,4.0824446107693735,22.1181692054292
379,927515,524,3.2589985077926378,left,fixation,97.0,,544.821893939394,728.1645,,,,,1.0,4.761161170811637,13.027562358323314
380,928039,24,,right,saccade,,94.0,,,522.239,741.9989999999997,419.92,744.934,,,
381,928043,20,,left,saccade,97.0,,,,553.827,736.0139999999999,469.3,746.882,,,
382,928067,524,3.333469465648855,left,fixation,98.0,,439.299431818182,721.7962727272729,,,,,3.0,7.185727630517326,24.9069183438727
383,928067,524,3.333469465648855,right,fixation,,95.0,403.61450757575795,744.294666666667,,,,,0.0,,
384,928595,20,,left,saccade,98.0,,,,453.1,713.936,525.995,730.923,,,
385,928595,20,,right,saccade,,95.0,,,426.925,752.607,524.786,742.187,,,
386,928619,368,3.376157608695652,right,fixation,,96.0,524.298440860215,737.647505376344,,,,,0.0,,
387,928619,372,3.3763064516129035,left,fixation,99.0,,550.987478723405,729.751585106383,,,,,0.0,,
388,928991,20,,right,saccade,,96.0,,,519.307,738.571,609.145,750.4739999999997,,,
389,928995,16,,left,saccade,99.0,,,,562.512,728.284,639.465,722.0169999999997,,,
390,929015,540,3.330440740740741,right,fixation,,97.0,625.874477941176,751.2523455882359,,,,,0.0,,
391,929015,544,3.3302022058823533,left,fixation,100.0,,655.395569343066,730.7780729927008,,,,,0.0,,
392,929559,20,,right,saccade,,97.0,,,626.07,738.921,714.937,736.628,,,
393,929563,16,,left,saccade,100.0,,,,660.779,730.638,736.493,734.557,,,
394,929583,212,3.299060365968685,left,fixation,101.0,,742.0424814814819,741.4235185185181,,,,,0.0,,
395,929583,224,3.299060365968685,right,fixation,,98.0,740.227385964913,746.251719298246,,,,,1.0,3.690304658456,11.924978867905805
396,929799,40,,left,saccade,101.0,,,,743.2760000000003,730.439,763.43,667.905,,,
397,929811,44,,right,saccade,,98.0,,,745.9060000000003,747.676,746.513,730.2289999999997,,,
398,929907,356,3.2634302402761186,right,fixation,,99.0,756.293466666667,730.892211111111,,,,,1.0,4.677909819329329,17.11945854868081
399,929951,32,,left,fixation,102.0,,771.9045555555548,668.3710000000002,,,,,0.0,,
400,929987,12,,left,saccade,102.0,,,,774.076,688.01,769.3889999999999,724.783,,,
401,930003,264,3.2635111209791954,left,fixation,103.0,,759.127343283582,740.89,,,,,2.0,5.041646924713172,17.00772722685446
402,930267,20,,right,saccade,,99.0,,,724.252,726.062,854.6289999999997,727.822,,,
403,930271,20,,left,saccade,103.0,,,,771.128,742.9839999999997,838.5060000000003,746.7280000000003,,,
404,930291,727,3.2296574585635365,right,fixation,,100.0,857.296765027323,729.731863387978,,,,,0.0,,
405,930295,723,3.2294777777777783,left,fixation,104.0,,860.852587912088,756.8218791208791,,,,,0.0,,
406,931022,20,,left,saccade,104.0,,,,848.265,774.834,696.842,766.705,,,
407,931022,24,,right,saccade,,100.0,,,850.385,752.7539999999997,688.313,751.914,,,
408,931046,421,3.2206037735849065,left,fixation,105.0,,671.5615,750.686547169811,,,,,1.0,5.040416704554822,19.720991100854878
409,931050,413,3.2206538461538465,right,fixation,,101.0,650.3038557692311,733.9370673076918,,,,,2.0,6.318048749366059,19.33338705998649
410,931467,20,,right,saccade,,101.0,,,625.034,761.932,711.742,754.472,,,
411,931471,20,,left,saccade,105.0,,,,651.01,733.566,732.8889999999999,735.2330000000003,,,
412,931491,172,3.2574418604651165,right,fixation,,102.0,733.650090909091,746.6170227272729,,,,,0.0,,
413,931495,168,3.257511904761905,left,fixation,106.0,,755.924255813953,766.480348837209,,,,,1.0,4.139931433946454,8.896867089037574
414,931667,24,,left,saccade,106.0,,,,746.6030000000003,756.227,575.619,755.582,,,
415,931667,24,,right,saccade,,102.0,,,736.505,737.278,547.591,729.2389999999997,,,
416,931695,504,3.331670634920634,right,fixation,,103.0,524.344795275591,728.2597165354332,,,,,0.0,,
417,931695,508,3.3319724409448814,left,fixation,107.0,,559.158828125,735.45615625,,,,,1.0,8.428995908634482,24.04355422977213
418,932203,20,,right,saccade,,103.0,,,520.755,735.077,448.94599999999997,742.317,,,
419,932207,16,,left,saccade,107.0,,,,550.444,731.3560000000001,483.972,737.814,,,
420,932227,716,3.37481843575419,left,fixation,108.0,,537.4700444444451,742.971983333334,,,,,2.0,8.970631179267857,34.861043629717656
421,932227,716,3.37481843575419,right,fixation,,104.0,498.06220555555495,734.3463333333342,,,,,2.0,9.548317483592225,27.93951691964931
422,932947,20,,left,saccade,108.0,,,,571.609,772.551,480.344,763.096,,,
423,932947,20,,right,saccade,,104.0,,,545.464,712.432,442.11199999999997,717.562,,,
424,932971,604,3.323049668874172,right,fixation,,105.0,425.74148026315805,724.123802631579,,,,,0.0,,
425,932971,608,3.3230460526315784,left,fixation,109.0,,446.56722875817,752.437921568627,,,,,0.0,,
426,933579,24,,right,saccade,,105.0,,,406.02099999999996,731.6139999999997,555.821,730.868,,,
427,933583,24,,left,saccade,109.0,,,,437.4,719.873,557.341,742.112,,,
428,933607,220,3.3034000000000003,right,fixation,,106.0,563.447821428571,732.988178571429,,,,,0.0,,
429,933611,220,3.3033181818181823,left,fixation,110.0,,583.651446428571,760.535214285714,,,,,0.0,,
430,933831,20,,right,saccade,,106.0,,,558.434,739.0139999999999,686.6010000000001,740.27,,,
431,933835,20,,left,saccade,110.0,,,,580.982,759.668,690.7130000000003,759.668,,,
432,933855,172,3.3260473684210523,right,fixation,,107.0,687.886795454546,741.076363636364,,,,,0.0,,
433,933859,156,3.3258364661654136,left,fixation,111.0,,695.40645,764.18915,,,,,0.0,,
434,934019,40,,left,saccade,111.0,,,,693.4639999999997,759.048,739.2139999999997,692.773,,,
435,934031,48,,right,saccade,,107.0,,,687.102,729.2239999999997,767.5210000000003,691.6160000000001,,,
436,934142,580,3.325141647597254,right,fixation,,108.0,746.3678767123289,738.317438356164,,,,,1.0,10.14052224438604,31.655341571368307
437,934166,560,3.324718012704174,left,fixation,112.0,,757.140617021276,739.482007092199,,,,,3.0,6.4034530626673964,28.117562913491827
438,934726,20,,right,saccade,,108.0,,,735.52,764.702,848.0010000000003,763.9639999999997,,,
439,934730,20,,left,saccade,112.0,,,,753.471,769.3789999999997,849.752,770.997,,,
440,934750,141,3.289763888888889,right,fixation,,109.0,850.736972222222,746.224638888889,,,,,0.0,,
441,934754,137,3.2899285714285718,left,fixation,113.0,,855.143914285714,780.3895428571429,,,,,0.0,,
442,934895,24,,left,saccade,113.0,,,,857.837,768.133,666.395,770.4860000000001,,,
443,934895,28,,right,saccade,,109.0,,,863.5039999999997,755.7689999999999,649.634,758.783,,,
444,934923,371,3.241510869565217,left,fixation,114.0,,654.868127659575,737.569468085107,,,,,0.0,,
445,934927,367,3.2414450549450557,right,fixation,,110.0,627.233365591398,739.065021505376,,,,,2.0,4.409066072980952,23.949567591462888
446,935298,20,,left,saccade,114.0,,,,648.937,729.0260000000003,579.387,722.563,,,
447,935298,20,,right,saccade,,110.0,,,613.504,755.575,540.101,753.436,,,
448,935322,332,3.2662710843373497,left,fixation,115.0,,554.359678571429,741.211,,,,,1.0,5.578737872494108,6.479219474597222
449,935322,332,3.2662710843373497,right,fixation,,111.0,531.870726190476,723.3383452380949,,,,,0.0,,
450,935658,20,,left,saccade,115.0,,,,542.376,747.128,441.548,744.3510000000001,,,
451,935658,20,,right,saccade,,111.0,,,525.765,724.128,415.171,720.466,,,
452,935682,172,3.3265000000000016,left,fixation,116.0,,433.8085,713.714840909091,,,,,0.0,,
453,935682,992,3.3494717741935487,right,fixation,,112.0,410.86804016064315,734.713562248996,,,,,0.0,,
454,935858,12,,left,saccade,116.0,,,,439.06199999999995,711.3589999999997,443.01300000000003,754.505,,,
455,935874,524,3.3629847328244282,left,fixation,117.0,,451.45019696969706,745.425977272728,,,,,1.0,7.28537678809025,16.273263747632278
456,936402,0,,left,saccade,117.0,,,,465.651,739.615,465.651,739.615,,,
457,936406,48,3.3498749999999995,left,fixation,118.0,,469.116153846154,764.6870769230769,,,,,0.0,,
458,936458,0,,left,saccade,118.0,,,,471.475,738.422,471.475,738.422,,,
459,936462,352,3.3397414772727267,left,fixation,119.0,,459.517404494382,712.8101573033708,,,,,4.0,143.19295314011458,426.44815025585297
460,936678,4,,right,saccade,,112.0,,,438.454,740.084,453.836,739.888,,,
461,936686,124,3.346790322580645,right,fixation,,113.0,445.97584375,730.318875,,,,,0.0,,
462,936814,36,,right,saccade,,113.0,,,428.534,729.946,810.618,730.4839999999997,,,
463,936818,36,,left,saccade,119.0,,,,475.019,744.622,817.2660000000003,742.4580000000003,,,
464,936854,264,3.393815592635213,right,fixation,,114.0,831.3636716417909,737.6045373134331,,,,,0.0,,
465,936858,248,3.3941744391971667,left,fixation,120.0,,830.577349206349,745.40926984127,,,,,1.0,6.1389062091258495,22.99813438085802
466,937110,40,,left,saccade,120.0,,,,824.862,731.21,834.945,661.9060000000002,,,
467,937122,40,,right,saccade,,114.0,,,829.65,735.4069999999997,835.76,687.53,,,
468,937238,144,3.3561666666666667,right,fixation,,115.0,857.5755675675681,719.632432432433,,,,,1.0,24.212916216235577,65.92374341616213
469,937270,108,3.3615,left,fixation,121.0,,848.568035714285,723.653107142857,,,,,1.0,18.503502702191273,59.821193309729345
470,937382,36,,left,saccade,121.0,,,,856.7239999999997,747.502,535.349,751.684,,,
471,937386,32,,right,saccade,,115.0,,,848.932,729.3589999999997,503.629,728.8910000000003,,,
472,937422,640,3.220821875,left,fixation,122.0,,467.63437267080803,749.8971552795018,,,,,5.0,4.443952477480015,18.16205369939702
473,937422,640,3.220821875,right,fixation,,116.0,445.753267080746,740.9814782608701,,,,,2.0,7.222573100250081,25.75407188101708
474,938066,20,,left,saccade,122.0,,,,452.441,741.6489999999999,552.967,748.7439999999997,,,
475,938066,20,,right,saccade,,116.0,,,434.031,757.078,547.852,763.075,,,
476,938090,220,3.1837843265003443,left,fixation,123.0,,577.3943214285711,738.417142857143,,,,,0.0,,
477,938090,228,3.1837843265003443,right,fixation,,117.0,552.3814655172409,747.443275862069,,,,,0.0,,
478,938314,40,,left,saccade,123.0,,,,578.966,751.868,796.547,655.133,,,
479,938322,40,,right,saccade,,117.0,,,555.825,749.7739999999999,823.562,702.6039999999997,,,
480,938454,200,3.303333333333333,right,fixation,,118.0,822.8643137254901,723.322039215686,,,,,1.0,19.696280705024293,50.10439830992899
481,938474,592,3.3295423728813565,left,fixation,124.0,,846.618187919463,664.9905637583889,,,,,3.0,10.045061854111086,33.820586132523076
482,938658,20,,right,saccade,,118.0,,,825.538,711.2819999999997,839.8860000000003,611.107,,,
483,938682,384,3.334010416666667,right,fixation,,119.0,848.545402061856,607.969082474227,,,,,0.0,,
484,939070,36,,right,saccade,,119.0,,,846.2610000000003,599.245,444.957,609.586,,,
485,939070,40,,left,saccade,124.0,,,,876.1469999999997,624.615,477.705,606.394,,,
486,939110,224,3.277331117573743,right,fixation,,120.0,433.20149122807,601.825140350877,,,,,0.0,,
487,939114,216,3.277096072248292,left,fixation,125.0,,454.392581818182,581.381236363636,,,,,0.0,,
488,939334,48,,left,saccade,125.0,,,,452.85400000000004,592.612,394.121,160.833,,,
489,939338,40,,right,saccade,,120.0,,,427.15,601.217,433.041,170.581,,,
490,939474,636,3.3013727850769827,right,fixation,,121.0,462.11140625,192.6807875,,,,,2.0,7.008749676333139,22.718709270078435
491,939482,628,3.3013727850769827,left,fixation,126.0,,458.81975949367103,173.51889873417701,,,,,3.0,5.39493162923537,16.720769880453975
492,940114,36,,left,saccade,126.0,,,,493.66900000000004,193.25599999999997,847.3539999999997,171.11,,,
493,940114,36,,right,saccade,,121.0,,,482.657,174.692,843.3539999999997,184.74599999999998,,,
494,940154,52,3.2383076923076923,left,fixation,127.0,,871.536357142857,165.4375,,,,,1.0,3.873073427883529,23.584841954102693
495,940154,52,3.2383076923076923,right,fixation,,122.0,863.4355,170.93871428571398,,,,,1.0,4.159104687977401,7.3174488040572925
496,940210,40,,left,saccade,127.0,,,,888.916,163.88299999999995,1356.7420000000004,196.449,,,
497,940210,40,,right,saccade,,122.0,,,880.8480000000003,164.892,1374.805,189.065,,,
498,940254,236,3.222508474576272,left,fixation,128.0,,1388.5155833333301,185.170733333333,,,,,1.0,6.5975792382930925,20.005664497836737
499,940254,236,3.222508474576272,right,fixation,,123.0,1388.17296666667,185.222516666667,,,,,0.0,,
500,940494,20,,right,saccade,,123.0,,,1389.0729999999999,187.799,1427.6760000000006,356.216,,,
501,940494,24,,left,saccade,128.0,,,,1393.243,166.678,1429.379,329.121,,,
502,940518,160,3.240775,right,fixation,,124.0,1448.2551219512195,361.64543902438993,,,,,0.0,,
503,940522,160,3.2420375,left,fixation,129.0,,1444.1568780487805,358.68592682926806,,,,,2.0,4.803665479488799,12.454410032736213
504,940682,20,,right,saccade,,124.0,,,1454.726,376.398,1495.865,273.385,,,
505,940686,20,,left,saccade,129.0,,,,1452.9460000000001,371.644,1480.34,290.464,,,
506,940706,416,3.2972067307692314,right,fixation,,125.0,1502.66019047619,292.918580952381,,,,,0.0,,
507,940710,412,3.297364077669904,left,fixation,130.0,,1506.7663557692301,293.346288461538,,,,,0.0,,
508,941126,60,,left,saccade,130.0,,,,1507.55,285.573,567.569,224.262,,,
509,941126,60,,right,saccade,,125.0,,,1491.3129999999999,288.212,585.229,200.332,,,
510,941190,148,3.3474324324324325,right,fixation,,126.0,568.024842105263,200.29105263157902,,,,,0.0,,
511,941190,152,3.3478947368421057,left,fixation,131.0,,559.331128205128,198.89935897435902,,,,,0.0,,
512,941342,24,,right,saccade,,126.0,,,565.564,208.266,441.54,198.734,,,
513,941346,20,,left,saccade,131.0,,,,559.915,190.59599999999998,458.43199999999996,193.553,,,
514,941370,172,3.4159004447485466,left,fixation,132.0,,425.802681818182,183.97270454545503,,,,,2.0,3.357917983283564,8.092400676949165
515,941370,176,3.4159004447485466,right,fixation,,127.0,430.864177777778,170.189644444444,,,,,0.0,,
516,941546,40,,left,saccade,132.0,,,,417.885,192.75599999999997,432.59,145.88299999999995,,,
517,941550,40,,right,saccade,,127.0,,,422.529,166.678,416.54900000000004,147.679,,,
518,941666,244,3.3700412852969817,right,fixation,,128.0,434.545935483871,169.233822580645,,,,,0.0,,
519,941682,228,3.370041285296981,left,fixation,133.0,,465.34706896551694,184.217948275862,,,,,1.0,6.436059450471236,9.05041888533341
520,941914,20,,left,saccade,133.0,,,,458.347,190.222,564.456,199.595,,,
521,941914,20,,right,saccade,,128.0,,,439.57099999999997,163.785,524.15,178.679,,,
522,941938,400,3.3490050000000005,left,fixation,134.0,,557.444485148515,202.31007920792092,,,,,1.0,3.9413052124617147,9.625871908559796
523,941938,636,3.3672358490566032,right,fixation,,129.0,496.856675,189.64358125,,,,,1.0,10.51943582797522,51.01273215580595
524,942342,16,,left,saccade,134.0,,,,546.69,195.78799999999998,480.168,190.94799999999998,,,
525,942362,212,3.400660377358492,left,fixation,135.0,,466.697833333333,171.300648148148,,,,,1.0,3.506607481281275,6.7347152129841685
526,942578,20,,left,saccade,135.0,,,,454.87800000000004,180.097,542.913,193.16,,,
527,942578,20,,right,saccade,,129.0,,,440.431,194.1,523.001,210.30700000000002,,,
528,942602,412,3.4497669902912618,left,fixation,136.0,,558.846894230769,194.22401923076904,,,,,0.0,,
529,942602,412,3.4497669902912618,right,fixation,,130.0,525.657288461538,198.140288461539,,,,,0.0,,
530,943018,20,,left,saccade,136.0,,,,540.889,193.887,651.805,191.52900000000002,,,
531,943018,20,,right,saccade,,130.0,,,525.205,217.946,638.0419999999998,215.924,,,
532,943042,400,3.4190297029702967,left,fixation,137.0,,659.383326732674,174.655396039604,,,,,0.0,,
533,943042,400,3.4190297029702967,right,fixation,,131.0,631.286148514852,210.730514851485,,,,,1.0,3.719525466298716,7.184000626391988
534,943446,20,,left,saccade,137.0,,,,650.236,166.35,745.5369999999997,169.229,,,
535,943446,24,,right,saccade,,131.0,,,632.899,241.457,741.6080000000003,226.93099999999998,,,
536,943470,468,3.388935897435897,left,fixation,138.0,,773.204627118645,179.539889830508,,,,,1.0,3.3835895510537384,9.788798598398175
537,943474,328,3.4035426829268296,right,fixation,,132.0,737.5393975903619,185.25087951807203,,,,,1.0,5.712892130961383,18.311493794881876
538,943806,4,,right,saccade,,132.0,,,750.6610000000003,170.97099999999998,750.6610000000003,189.34900000000002,,,
539,943814,120,3.3511333333333333,right,fixation,,133.0,755.382451612903,209.808903225806,,,,,0.0,,
540,943938,20,,right,saccade,,133.0,,,757.315,193.169,829.716,184.033,,,
541,943942,16,,left,saccade,138.0,,,,790.518,186.72099999999998,864.805,186.957,,,
542,943962,652,3.3513650306748466,left,fixation,139.0,,861.888780487805,204.320396341463,,,,,1.0,4.150436991718154,14.269423884656366
543,943962,656,3.3511554878048777,right,fixation,,134.0,844.5636060606059,174.75234545454498,,,,,1.0,5.533944263462633,14.789894725791699
544,944618,36,,left,saccade,139.0,,,,867.3560000000001,244.62400000000002,592.613,214.245,,,
545,944622,28,,right,saccade,,134.0,,,839.826,168.38299999999995,599.119,169.52,,,
546,944654,60,3.3360333333333334,right,fixation,,135.0,581.491,159.0709375,,,,,1.0,4.686415584194143,12.355914211421256
547,944658,56,3.33675,left,fixation,140.0,,580.7549333333329,176.1518,,,,,0.0,,
548,944718,20,,left,saccade,140.0,,,,575.159,162.006,442.98199999999997,161.11,,,
549,944718,20,,right,saccade,,135.0,,,564.018,147.34,424.44599999999997,150.045,,,
550,944742,236,3.374118644067797,left,fixation,141.0,,423.1915,165.44845,,,,,1.0,9.525354710514009,23.42911436653129
551,944742,916,3.3987751091703062,right,fixation,,136.0,488.74067391304396,186.268347826087,,,,,4.0,7.632522190147187,22.70616408415793
552,944982,0,,left,saccade,141.0,,,,459.629,170.71200000000005,459.629,170.71200000000005,,,
553,944986,672,3.4074077380952383,left,fixation,142.0,,524.6670414201191,174.03599999999997,,,,,5.0,5.246753987197013,16.254827775561292
554,945662,20,,right,saccade,,136.0,,,508.783,196.99900000000002,636.75,191.685,,,
555,945662,24,,left,saccade,142.0,,,,532.727,178.736,641.536,177.54,,,
556,945686,524,3.447038167938932,right,fixation,,137.0,637.79178030303,187.61621969696998,,,,,1.0,4.25240959470173,8.592198903656826
557,945690,524,3.446942748091603,left,fixation,143.0,,642.87631060606,168.952787878788,,,,,1.0,7.577513873296441,16.425500662080278
558,946214,24,,right,saccade,,137.0,,,634.0419999999998,156.727,757.6,163.715,,,
559,946218,20,,left,saccade,143.0,,,,631.548,148.273,732.913,146.672,,,
560,946242,380,3.4210842105263164,left,fixation,144.0,,751.718041666667,180.53365625,,,,,1.0,4.005964788772968,12.306271978141911
561,946242,380,3.4210842105263164,right,fixation,,138.0,760.6873645833342,199.48494791666698,,,,,0.0,,
562,946626,20,,left,saccade,144.0,,,,768.54,183.303,859.2389999999997,183.227,,,
563,946626,20,,right,saccade,,138.0,,,750.831,207.405,857.337,188.021,,,
564,946650,708,3.412231638418078,left,fixation,145.0,,850.1691966292128,198.253719101124,,,,,4.0,4.484759065862791,20.689543070193086
565,946650,708,3.412231638418078,right,fixation,,139.0,833.45704494382,170.198674157303,,,,,2.0,4.465090853925396,12.376833305538435
566,947362,48,,left,saccade,145.0,,,,831.566,166.447,1461.395,186.47099999999998,,,
567,947362,48,,right,saccade,,139.0,,,821.462,170.082,1464.514,152.42,,,
568,947414,2232,3.444205277280859,left,fixation,146.0,,1523.87497674419,171.68156887298701,,,,,3.0,4.973776676913625,9.608646758996716
569,947414,2232,3.444205277280859,right,fixation,,140.0,1503.6535509839002,149.46905366726298,,,,,9.0,5.024848618629433,16.49895310975907
570,949650,60,,left,saccade,146.0,,,,1519.027,180.69299999999998,750.972,319.58,,,
571,949650,60,,right,saccade,,140.0,,,1514.8110000000001,132.422,734.3839999999999,332.08099999999996,,,
572,949714,232,3.6162131445170655,left,fixation,147.0,,748.79520338983,335.510288135593,,,,,0.0,,
573,949714,240,3.6162131445170655,right,fixation,,141.0,709.1769836065581,359.3260655737709,,,,,0.0,,
574,949950,40,,left,saccade,147.0,,,,744.5210000000003,342.855,465.75800000000004,293.923,,,
575,949958,40,,right,saccade,,141.0,,,693.857,384.22,462.51099999999997,313.598,,,
576,950050,304,3.4980306122448983,right,fixation,,142.0,449.534324675324,312.367168831169,,,,,1.0,4.570497435242187,17.165003582871712
577,950070,292,3.495950980392157,left,fixation,148.0,,476.439810810811,311.761554054054,,,,,2.0,3.6032649376333055,17.74369816950198
578,950358,24,,right,saccade,,142.0,,,445.045,294.591,461.195,454.19800000000004,,,
579,950366,20,,left,saccade,148.0,,,,455.577,317.095,470.019,428.92900000000003,,,
580,950386,232,3.390017241379311,right,fixation,,143.0,479.135762711864,471.62516949152496,,,,,0.0,,
581,950390,500,3.3748480000000005,left,fixation,149.0,,521.588944444445,441.25478571428596,,,,,1.0,9.872965434570414,57.97274501867236
582,950622,20,,right,saccade,,143.0,,,475.16,459.381,535.395,461.36,,,
583,950646,244,3.3610737704918034,right,fixation,,144.0,555.1709999999998,467.55824193548403,,,,,0.0,,
584,950894,36,,right,saccade,,144.0,,,565.815,475.046,783.19,233.887,,,
585,950894,40,,left,saccade,149.0,,,,564.974,445.962,763.94,225.365,,,
586,950934,183,3.3292777777777784,right,fixation,,145.0,786.984106382979,187.975382978723,,,,,0.0,,
587,950938,195,3.32896875,left,fixation,150.0,,793.12278,196.85328,,,,,0.0,,
588,951121,16,,right,saccade,,145.0,,,779.289,169.282,854.2510000000003,169.358,,,
589,951137,0,,left,saccade,150.0,,,,842.673,178.62099999999995,842.673,178.62099999999995,,,
590,951141,257,3.2911307692307687,left,fixation,151.0,,869.012092307692,180.468984615385,,,,,1.0,3.8002096141017048,10.374986168665435
591,951141,257,3.2911307692307687,right,fixation,,146.0,864.095092307693,176.861415384615,,,,,0.0,,
592,951402,16,,right,saccade,,146.0,,,861.4889999999997,191.201,763.289,189.442,,,
593,951402,20,,left,saccade,151.0,,,,871.056,214.127,775.82,220.386,,,
594,951422,167,3.2720714285714285,right,fixation,,147.0,749.035906976744,163.00237209302298,,,,,0.0,,
595,951426,155,3.2734999999999994,left,fixation,152.0,,763.151875,177.652925,,,,,0.0,,
596,951585,40,,left,saccade,152.0,,,,751.6510000000003,159.869,867.961,168.769,,,
597,951593,40,,right,saccade,,147.0,,,736.461,159.249,863.3919999999997,141.77700000000004,,,
598,951705,568,3.3262794759825325,right,fixation,,148.0,861.3185664335657,187.701202797203,,,,,0.0,,
599,951726,547,3.3262794759825325,left,fixation,153.0,,874.533615942029,187.36825362318802,,,,,0.0,,
600,952277,20,,left,saccade,153.0,,,,882.8889999999999,184.074,767.6489999999999,182.075,,,
601,952277,20,,right,saccade,,148.0,,,843.793,237.334,759.034,208.425,,,
602,952301,596,3.2915268456375837,left,fixation,154.0,,779.0090799999997,176.390933333333,,,,,0.0,,
603,952301,596,3.2915268456375837,right,fixation,,149.0,756.575413333334,175.986386666667,,,,,1.0,8.393315960069383,32.36159429014584
604,952901,20,,left,saccade,154.0,,,,786.93,184.46900000000002,666.681,191.542,,,
605,952901,24,,right,saccade,,149.0,,,759.086,171.15,633.736,167.111,,,
606,952925,216,3.3195777809743,left,fixation,155.0,,656.220272727273,191.19567272727298,,,,,0.0,,
607,952929,220,3.3197528768699653,right,fixation,,150.0,627.837071428572,158.075857142857,,,,,0.0,,
608,953145,40,,left,saccade,155.0,,,,651.131,181.28,646.884,150.584,,,
609,953153,40,,right,saccade,,150.0,,,629.494,170.011,625.41,146.839,,,
610,953269,332,3.3270213193885763,right,fixation,,151.0,634.656154761905,170.62169047619,,,,,0.0,,
611,953285,316,3.3270213193885763,left,fixation,156.0,,643.698537500001,186.51145,,,,,0.0,,
612,953605,20,,left,saccade,156.0,,,,647.102,180.028,574.805,196.50799999999998,,,
613,953605,20,,right,saccade,,151.0,,,638.183,213.685,546.145,198.205,,,
614,953629,440,3.34835,left,fixation,157.0,,557.219963963964,185.541423423423,,,,,1.0,2.6210303741509824,5.8392685329585
615,953629,440,3.34835,right,fixation,,152.0,528.8968288288289,183.63292792792802,,,,,0.0,,
616,954073,20,,right,saccade,,152.0,,,534.168,169.835,426.246,166.955,,,
617,954073,24,,left,saccade,157.0,,,,561.927,185.576,428.129,183.012,,,
618,954097,656,3.3593475609756096,right,fixation,,153.0,430.26555151515197,173.087715151515,,,,,0.0,,
619,954101,656,3.359460365853659,left,fixation,158.0,,434.784321212121,148.99773939393998,,,,,3.0,3.6365340386367606,24.580114972339157
620,954757,20,,right,saccade,,153.0,,,430.545,158.716,425.55199999999996,262.664,,,
621,954761,20,,left,saccade,158.0,,,,431.714,145.417,427.846,232.442,,,
622,954781,148,3.33922972972973,right,fixation,,154.0,429.167552631579,256.351289473684,,,,,0.0,,
623,954785,372,3.3252043010752685,left,fixation,159.0,,447.434085106383,281.826095744681,,,,,1.0,3.6270419229878073,26.025537957936603
624,954933,20,,right,saccade,,154.0,,,427.954,230.84,432.783,310.084,,,
625,954957,200,3.31564,right,fixation,,155.0,432.611117647059,314.826980392157,,,,,0.0,,
626,955161,20,,left,saccade,159.0,,,,442.175,285.336,456.874,391.94199999999995,,,
627,955161,20,,right,saccade,,155.0,,,427.48,335.88199999999995,443.10900000000004,413.347,,,
628,955185,140,3.295200000000001,right,fixation,,156.0,446.88625,415.4425,,,,,0.0,,
629,955185,292,3.306140105791401,left,fixation,160.0,,453.54033783783797,430.77333783783797,,,,,1.0,7.412855434611168,19.264249271643067
630,955329,4,,right,saccade,,156.0,,,442.135,470.535,440.385,471.11400000000003,,,
631,955337,152,3.3353260273972603,right,fixation,,157.0,432.443538461538,474.076461538461,,,,,0.0,,
632,955481,48,,left,saccade,160.0,,,,434.233,466.88599999999997,405.35,405.793,,,
633,955493,40,,right,saccade,,157.0,,,421.397,475.494,408.11400000000003,451.719,,,
634,955585,220,3.3051681255532723,right,fixation,,158.0,400.48721428571406,442.5503571428569,,,,,0.0,,
635,955613,192,3.3051681255532714,left,fixation,161.0,,415.982387755102,448.091224489796,,,,,0.0,,
636,955809,20,,left,saccade,161.0,,,,415.26300000000003,464.925,526.864,466.949,,,
637,955809,20,,right,saccade,,158.0,,,411.355,461.59,530.226,464.671,,,
638,955833,428,3.2406495327102807,left,fixation,162.0,,533.888333333333,473.036092592593,,,,,2.0,8.528071589095237,22.18477484493676
639,955833,428,3.2406495327102807,right,fixation,,159.0,538.102990740741,482.01968518518487,,,,,2.0,5.016281226129628,14.738220130422164
640,956265,20,,left,saccade,162.0,,,,536.571,456.89,631.7719999999998,445.911,,,
641,956265,20,,right,saccade,,159.0,,,525.485,487.44699999999995,643.347,487.824,,,
642,956289,452,3.1894424778761064,right,fixation,,160.0,647.350043859649,478.191070175439,,,,,0.0,,
643,956289,456,3.1895219298245614,left,fixation,163.0,,649.744078260869,461.888904347826,,,,,2.0,5.865181122657177,17.437541430404856
644,956745,24,,right,saccade,,160.0,,,660.3860000000002,477.741,790.0169999999997,484.51800000000003,,,
645,956749,20,,left,saccade,163.0,,,,669.326,465.606,783.176,453.13699999999994,,,
646,956773,380,3.224184210526316,right,fixation,,161.0,786.63115625,480.49559375,,,,,0.0,,
647,956773,384,3.2245781250000003,left,fixation,164.0,,791.137690721649,445.842783505155,,,,,0.0,,
648,957157,40,,right,saccade,,161.0,,,797.2739999999999,467.793,442.966,513.54,,,
649,957161,36,,left,saccade,164.0,,,,793.31,445.852,452.86,470.835,,,
650,957201,380,3.354473958333333,right,fixation,,162.0,410.025625,496.3303125,,,,,1.0,6.2058966806667915,16.243020039389226
651,957201,384,3.355123711340206,left,fixation,165.0,,447.061618556701,450.966288659793,,,,,1.0,5.214425485026043,20.671003120313305
652,957585,20,,right,saccade,,162.0,,,422.145,501.155,514.84,505.63800000000003,,,
653,957589,20,,left,saccade,165.0,,,,471.425,463.907,559.2090000000002,470.88699999999994,,,
654,957609,664,3.3398,right,fixation,,163.0,533.861592814372,487.742646706587,,,,,0.0,,
655,957613,664,3.3395843373493967,left,fixation,166.0,,550.960335329341,456.720910179641,,,,,2.0,5.385033757176736,14.3422228061993
656,958277,24,,right,saccade,,163.0,,,540.023,459.934,650.717,459.934,,,
657,958281,20,,left,saccade,166.0,,,,548.913,455.656,646.94,443.926,,,
658,958305,604,3.282713815789473,left,fixation,167.0,,660.441019736842,456.02485526315803,,,,,0.0,,
659,958305,604,3.282713815789473,right,fixation,,164.0,656.186953947368,472.911157894737,,,,,0.0,,
660,958913,24,,left,saccade,167.0,,,,655.252,470.8,791.6569999999997,472.99,,,
661,958913,24,,right,saccade,,164.0,,,644.706,437.21,788.885,444.36,,,
662,958941,424,3.1673584905660377,right,fixation,,165.0,781.99291588785,483.804224299066,,,,,1.0,5.469197313134716,19.250121480136148
663,958941,2288,3.161687062937064,left,fixation,168.0,,831.474263525305,467.95342233856906,,,,,3.0,7.410936404894807,31.203531726057086
664,959369,20,,right,saccade,,165.0,,,757.6239999999997,492.37300000000016,758.049,414.015,,,
665,959393,440,3.118963302752294,right,fixation,,166.0,772.514045045044,460.308171171171,,,,,0.0,,
666,959837,20,,right,saccade,,166.0,,,797.535,504.161,865.2719999999997,491.49,,,
667,959861,1368,3.1750524781341105,right,fixation,,167.0,851.67006122449,477.063297376093,,,,,2.0,7.782257637882403,26.30757382909833
668,961233,20,,left,saccade,168.0,,,,851.47,475.751,738.566,477.95599999999996,,,
669,961233,20,,right,saccade,,167.0,,,849.29,487.108,731.752,490.36300000000006,,,
670,961257,264,3.27494696969697,left,fixation,169.0,,732.1901194029849,457.375701492537,,,,,0.0,,
671,961257,264,3.27494696969697,right,fixation,,168.0,727.4565820895531,473.87476119403,,,,,0.0,,
672,961525,24,,left,saccade,169.0,,,,729.7360000000001,431.727,759.461,589.678,,,
673,961525,24,,right,saccade,,168.0,,,726.7360000000001,453.583,755.7769999999997,594.342,,,
674,961553,132,3.3155312500000003,right,fixation,,169.0,772.264558823529,593.037794117647,,,,,0.0,,
675,961553,136,3.315833333333334,left,fixation,170.0,,784.602342857143,593.6097142857141,,,,,1.0,3.2175862804627897,6.677767890545535
676,961689,20,,right,saccade,,169.0,,,769.67,596.266,846.365,606.2130000000002,,,
677,961693,16,,left,saccade,170.0,,,,785.534,589.432,852.378,596.8530000000002,,,
678,961713,260,3.3385461538461536,right,fixation,,170.0,856.7261666666658,615.837621212121,,,,,0.0,,
679,961713,264,3.33875,left,fixation,171.0,,874.800373134328,615.66976119403,,,,,0.0,,
680,961977,52,,right,saccade,,170.0,,,868.687,626.257,1406.6370000000006,597.9490000000002,,,
681,961981,48,,left,saccade,171.0,,,,874.117,618.771,1388.815,601.802,,,
682,962033,188,3.3154791666666665,left,fixation,172.0,,1418.0283125,588.839104166667,,,,,1.0,5.718340699985477,13.683948260644641
683,962033,188,3.3154791666666665,right,fixation,,171.0,1419.9107916666699,597.656895833333,,,,,0.0,,
684,962225,20,,left,saccade,172.0,,,,1422.402,599.7719999999998,1496.735,519.701,,,
685,962225,20,,right,saccade,,171.0,,,1434.526,576.5319999999998,1508.319,532.9630000000002,,,
686,962249,144,3.2938333333333336,left,fixation,173.0,,1519.07502702703,518.8351351351349,,,,,1.0,8.994772007795515,35.29706635118557
687,962249,144,3.2938333333333336,right,fixation,,172.0,1505.6395675675699,511.255702702702,,,,,0.0,,
688,962397,20,,left,saccade,173.0,,,,1535.1029999999994,537.505,1536.9720000000002,391.348,,,
689,962397,20,,right,saccade,,172.0,,,1513.69,495.46,1521.094,387.885,,,
690,962421,160,3.2989390243902434,left,fixation,174.0,,1517.3767560975598,401.99624390243895,,,,,0.0,,
691,962421,160,3.2989390243902434,right,fixation,,173.0,1526.19170731707,392.409341463415,,,,,0.0,,
692,962585,20,,left,saccade,174.0,,,,1507.4279999999999,419.278,1349.9660000000001,411.225,,,
693,962585,20,,right,saccade,,173.0,,,1518.9389999999999,404.32800000000003,1376.594,400.31,,,
694,962609,212,3.2667264150943387,left,fixation,175.0,,1348.24042592593,411.750111111111,,,,,0.0,,
695,962609,216,3.26675,right,fixation,,174.0,1358.0186,375.0958,,,,,0.0,,
696,962825,60,,left,saccade,175.0,,,,1337.984,410.974,533.78,489.455,,,
697,962829,60,,right,saccade,,174.0,,,1363.932,367.468,503.88599999999997,503.116,,,
698,962889,204,3.328745098039217,left,fixation,176.0,,520.676923076923,497.442615384615,,,,,1.0,8.699790307179192,22.703651798774573
699,962893,200,3.32932,right,fixation,,175.0,493.67641176470596,501.098274509804,,,,,1.0,8.306833574098981,15.923124222337798
700,963097,20,,left,saccade,176.0,,,,518.731,492.494,469.74199999999996,636.053,,,
701,963097,20,,right,saccade,,175.0,,,488.86300000000006,521.82,436.76,616.854,,,
702,963121,84,,left,fixation,177.0,,443.5745909090911,626.1825,,,,,1.0,5.255863926236208,10.41621913171958
703,963121,92,,right,fixation,,176.0,414.616083333333,602.21675,,,,,2.0,5.316633886499204,7.178355396339805
704,963209,48,,left,saccade,177.0,,,,438.519,629.1080000000002,426.583,680.454,,,
705,963217,48,,right,saccade,,176.0,,,407.12199999999996,607.672,432.92800000000005,696.74,,,
706,963345,384,3.3798295873573307,right,fixation,,177.0,420.836896907217,722.4739587628868,,,,,3.0,5.070157786338807,10.014527304338767
707,963353,376,3.3798295873573307,left,fixation,178.0,,460.0018526315789,739.5932526315787,,,,,4.0,7.091965815531247,18.88426073240042
708,963733,56,,left,saccade,178.0,,,,456.534,729.493,894.554,75.499,,,
709,963733,60,,right,saccade,,177.0,,,413.221,715.383,903.812,56.047,,,
710,963793,900,3.408373333333333,left,fixation,179.0,,968.868451327435,48.85145132743361,,,,,2.0,6.741120939954327,20.527712632247333
711,963797,896,3.4084620535714287,right,fixation,,178.0,951.1335688888879,60.1437644444444,,,,,5.0,5.898980092108611,15.153490734900085
712,964697,48,,left,saccade,179.0,,,,973.41,63.68,601.943,646.057,,,
713,964697,48,,right,saccade,,178.0,,,982.4730000000001,59.085,612.028,639.087,,,
714,964749,320,3.5533007337234133,left,fixation,180.0,,586.556222222222,696.465888888889,,,,,1.0,6.149946363813089,19.288857534856746
715,964749,328,3.5533007337234133,right,fixation,,179.0,567.6559397590361,682.841024096386,,,,,1.0,3.8175704934188373,7.932618041983352
716,965073,44,,left,saccade,180.0,,,,569.472,715.049,740.0360000000003,707.971,,,
717,965081,44,,right,saccade,,179.0,,,544.9590000000002,715.183,772.55,693.069,,,
718,965209,483,3.7522032967032968,right,fixation,,180.0,758.352073770492,727.865106557377,,,,,0.0,,
719,965229,467,3.751625,left,fixation,181.0,,782.2678983050847,747.451042372882,,,,,0.0,,
720,965696,16,,right,saccade,,180.0,,,766.7189999999997,727.0239999999999,830.28,727.0239999999999,,,
721,965700,12,,left,saccade,181.0,,,,796.08,733.1610000000003,852.04,734.814,,,
722,965716,525,3.6829696969696974,left,fixation,182.0,,869.2341515151511,733.8028409090898,,,,,0.0,,
723,965716,525,3.6829696969696974,right,fixation,,181.0,836.7893333333328,740.6367575757581,,,,,0.0,,
724,966245,20,,left,saccade,182.0,,,,878.648,733.158,780.8960000000003,722.291,,,
725,966245,20,,right,saccade,,181.0,,,852.2189999999997,730.558,752.1289999999997,725.807,,,
726,966269,432,3.620537037037037,left,fixation,183.0,,766.928798165137,708.9506146788989,,,,,1.0,2.8663696163923875,5.8579691020009195
727,966269,432,3.620537037037037,right,fixation,,182.0,739.125119266055,729.2904862385318,,,,,0.0,,
728,966705,20,,left,saccade,183.0,,,,750.9680000000003,708.685,633.5,719.6419999999997,,,
729,966705,20,,right,saccade,,182.0,,,718.201,735.883,608.651,744.7260000000001,,,
730,966729,412,3.5416165048543684,left,fixation,184.0,,647.307528846154,737.010298076923,,,,,1.0,6.9997804608430485,37.59232565298407
731,966729,412,3.5416165048543684,right,fixation,,183.0,616.7090192307701,738.05276923077,,,,,1.0,7.175265153830723,33.91397978710248
732,967145,20,,left,saccade,184.0,,,,674.1560000000002,728.8919999999997,566.862,728.138,,,
733,967145,20,,right,saccade,,183.0,,,630.618,739.2239999999997,537.253,734.812,,,
734,967169,235,3.5036379310344823,left,fixation,185.0,,561.221983333333,717.960066666666,,,,,0.0,,
735,967169,235,3.5036379310344823,right,fixation,,184.0,517.6173166666671,748.10135,,,,,0.0,,
736,967408,20,,right,saccade,,184.0,,,541.7130000000002,758.449,698.544,754.7689999999999,,,
737,967408,24,,left,saccade,185.0,,,,557.328,722.952,719.75,721.245,,,
738,967432,132,3.52830303030303,right,fixation,,185.0,714.080911764706,738.826411764706,,,,,1.0,7.785746777855611,23.234770775714587
739,967436,128,3.528921875,left,fixation,186.0,,728.802818181819,725.105181818182,,,,,0.0,,
740,967568,20,,left,saccade,186.0,,,,733.88,738.363,841.922,739.1289999999997,,,
741,967568,20,,right,saccade,,185.0,,,708.3480000000003,700.17,824.793,705.2510000000003,,,
742,967592,228,3.5942192982456134,right,fixation,,186.0,837.860327586207,722.484931034483,,,,,0.0,,
743,967592,232,3.5949827586206893,left,fixation,187.0,,849.761898305085,734.354728813559,,,,,0.0,,
744,967824,52,,right,saccade,,186.0,,,846.372,725.613,1509.4620000000002,668.002,,,
745,967828,48,,left,saccade,187.0,,,,856.25,735.357,1541.1570000000006,723.5930000000003,,,
746,967880,308,3.5977987012987014,left,fixation,188.0,,1557.44074358974,702.8087179487178,,,,,2.0,8.65734174723605,32.01229833953874
747,967880,644,3.596,right,fixation,,187.0,1496.6387283950598,668.669944444445,,,,,4.0,7.986995018499885,27.105780359585328
748,968192,0,,left,saccade,188.0,,,,1505.5970000000002,671.947,1505.5970000000002,671.947,,,
749,968196,328,3.5944329268292687,left,fixation,189.0,,1504.8173373494,678.841012048193,,,,,4.0,5.021250282825194,19.12818949767719
750,968528,52,,left,saccade,189.0,,,,1542.0179999999998,694.925,697.0,747.326,,,
751,968528,56,,right,saccade,,187.0,,,1495.6989999999994,666.193,670.074,717.7489999999997,,,
752,968584,288,3.5690625,left,fixation,190.0,,679.756328767123,746.11289041096,,,,,1.0,3.135643425908693,7.364473911964095
753,968588,280,3.5690071428571435,right,fixation,,188.0,644.680084507042,736.281464788733,,,,,1.0,6.823051264321215,19.202551601284657
754,968872,20,,right,saccade,,188.0,,,653.237,747.3689999999997,746.301,737.592,,,
755,968876,12,,left,saccade,190.0,,,,685.6189999999998,735.44,744.185,735.304,,,
756,968892,228,3.4823508771929825,left,fixation,191.0,,769.626534482759,741.558413793103,,,,,0.0,,
757,968896,220,3.4825272727272734,right,fixation,,189.0,744.036017857143,728.2812678571429,,,,,0.0,,
758,969120,52,,right,saccade,,189.0,,,751.45,734.067,1471.461,664.2330000000002,,,
759,969124,48,,left,saccade,191.0,,,,770.367,739.628,1463.315,720.2869999999997,,,
760,969176,308,3.3581103896103905,left,fixation,192.0,,1517.02174358974,703.934846153846,,,,,4.0,4.43431912325443,11.60908905701753
761,969176,308,3.3581103896103905,right,fixation,,190.0,1499.46919230769,669.653512820512,,,,,0.0,,
762,969488,52,,left,saccade,192.0,,,,1540.2839999999999,693.946,719.9889999999997,740.8639999999997,,,
763,969488,52,,right,saccade,,190.0,,,1504.255,664.7439999999998,717.2280000000003,719.198,,,
764,969544,264,3.3782196969696967,left,fixation,193.0,,700.6055820895523,751.090104477612,,,,,2.0,4.2210868130809365,8.928157484556209
765,969544,264,3.3782196969696967,right,fixation,,191.0,672.145149253731,713.3406716417909,,,,,3.0,5.0150480468683885,11.605178522742982
766,969812,24,,left,saccade,193.0,,,,677.0169999999998,730.932,848.637,731.668,,,
767,969812,24,,right,saccade,,191.0,,,634.525,727.81,845.285,726.13,,,
768,969840,292,3.4585342465753426,left,fixation,194.0,,862.1865675675681,739.606554054054,,,,,0.0,,
769,969840,292,3.4585342465753426,right,fixation,,192.0,861.4042702702701,742.526189189189,,,,,1.0,4.285591428133197,13.255441222381133
770,970136,24,,left,saccade,194.0,,,,874.79,734.803,721.035,736.429,,,
771,970136,24,,right,saccade,,192.0,,,854.743,724.685,693.315,725.084,,,
772,970164,396,3.4404949494949504,right,fixation,,193.0,656.48764,721.32556,,,,,1.0,6.315780687646166,20.38902030505643
773,970164,400,3.4405449999999997,left,fixation,195.0,,679.482059405941,753.348396039604,,,,,2.0,7.199026538934356,22.894023451478986
774,970564,20,,right,saccade,,193.0,,,649.984,717.778,741.701,717.324,,,
775,970568,16,,left,saccade,195.0,,,,665.555,750.773,742.627,750.773,,,
776,970588,156,3.4837820512820517,right,fixation,,194.0,746.83595,712.3061,,,,,0.0,,
777,970588,160,3.4839,left,fixation,196.0,,752.197219512195,740.3594390243901,,,,,0.0,,
778,970748,20,,right,saccade,,194.0,,,742.988,742.265,660.578,732.93,,,
779,970752,12,,left,saccade,196.0,,,,751.54,729.7180000000003,700.132,738.337,,,
780,970768,252,3.4755050078814844,left,fixation,197.0,,688.194421875,738.29325,,,,,1.0,3.7069441780108883,10.562991290349556
781,970772,252,3.4752918080916566,right,fixation,,195.0,646.221015625,728.525125,,,,,0.0,,
782,971024,40,,left,saccade,197.0,,,,683.096,733.7769999999997,623.377,665.444,,,
783,971028,48,,right,saccade,,195.0,,,642.672,723.707,637.438,706.181,,,
784,971124,116,3.513745614035088,right,fixation,,196.0,610.375766666667,721.9698,,,,,2.0,7.033439978080295,15.943832661863482
785,971156,24,,left,fixation,198.0,,625.345571428572,678.0,,,,,1.0,10.614757860848508,16.98598166135832
786,971184,4,,left,saccade,198.0,,,,626.319,703.1360000000003,629.085,715.488,,,
787,971192,48,3.513745614035088,left,fixation,199.0,,635.916769230769,740.9709230769231,,,,,0.0,,
788,971244,16,,right,saccade,,196.0,,,609.775,745.555,546.702,751.8610000000001,,,
789,971244,20,,left,saccade,199.0,,,,635.55,737.688,563.663,729.069,,,
790,971264,568,3.4418759124087592,right,fixation,,197.0,525.361076923077,740.1598391608389,,,,,5.0,4.724039657984723,18.919008696999796
791,971268,564,3.4416263736263737,left,fixation,200.0,,540.388485915493,718.826802816902,,,,,0.0,,
792,971836,17,,left,saccade,200.0,,,,547.822,708.6010000000001,478.82599999999996,708.6010000000001,,,
793,971836,21,,right,saccade,,197.0,,,511.63599999999997,736.549,441.711,736.3889999999999,,,
794,971857,235,3.3326465517241366,left,fixation,201.0,,463.9843166666671,743.5232666666658,,,,,0.0,,
795,971861,227,3.3327678571428567,right,fixation,,198.0,426.04251724138,722.549534482759,,,,,0.0,,
796,972092,28,,right,saccade,,198.0,,,440.81199999999995,714.3539999999997,649.409,725.049,,,
797,972096,28,,left,saccade,201.0,,,,461.591,759.063,661.302,737.423,,,
798,972124,208,3.336365384615384,right,fixation,,199.0,660.070056603774,731.9665849056599,,,,,1.0,3.811227073470621,10.329167343014577
799,972128,208,3.336663461538462,left,fixation,202.0,,681.826377358491,725.0622075471698,,,,,1.0,4.152747487440647,8.369447771508124
800,972336,16,,right,saccade,,199.0,,,654.9580000000002,732.602,737.817,731.1560000000003,,,
801,972340,16,,left,saccade,202.0,,,,692.816,745.1619999999997,752.565,752.435,,,
802,972356,896,3.3704688888888885,right,fixation,,200.0,742.817808888889,726.559888888889,,,,,2.0,6.9273600220373694,23.219718069511547
803,972360,892,3.3706026785714287,left,fixation,203.0,,754.393446428571,749.009424107143,,,,,5.0,6.277449084784871,21.92096538749945
804,973256,20,,left,saccade,203.0,,,,759.704,738.816,840.815,760.637,,,
805,973256,20,,right,saccade,,200.0,,,757.2869999999997,729.2339999999997,852.801,737.196,,,
806,973280,164,3.5077625,left,fixation,204.0,,864.3069047619051,747.208761904762,,,,,0.0,,
807,973280,164,3.5077625,right,fixation,,201.0,851.3420952380949,730.2293571428571,,,,,1.0,3.7402902033873913,14.698960099272306
808,973448,24,,right,saccade,,201.0,,,822.1030000000003,748.0169999999997,658.799,752.077,,,
809,973448,28,,left,saccade,204.0,,,,868.7769999999997,760.2330000000003,662.571,757.47,,,
810,973476,376,3.5264521276595744,right,fixation,,202.0,636.828052631579,740.165684210526,,,,,0.0,,
811,973480,376,3.5270425531914893,left,fixation,205.0,,654.452442105263,747.8669368421049,,,,,0.0,,
812,973856,24,,right,saccade,,202.0,,,621.32,714.538,817.572,718.701,,,
813,973860,20,,left,saccade,205.0,,,,662.794,720.845,818.416,724.613,,,
814,973884,332,3.584963855421687,left,fixation,206.0,,849.837202380952,722.499023809523,,,,,0.0,,
815,973884,332,3.584963855421687,right,fixation,,203.0,828.273928571429,732.765785714286,,,,,0.0,,
816,974220,48,,left,saccade,206.0,,,,856.164,727.0239999999999,1444.509,716.665,,,
817,974220,48,,right,saccade,,203.0,,,827.6289999999997,731.69,1441.0829999999999,680.2510000000002,,,
818,974272,464,3.5193461538461537,left,fixation,207.0,,1506.6839829059802,709.569025641025,,,,,4.0,6.240033668279801,23.587941374756173
819,974272,464,3.5193461538461537,right,fixation,,204.0,1478.6876239316198,661.6899487179487,,,,,2.0,7.989391143728131,25.059043476553512
820,974740,52,,left,saccade,207.0,,,,1523.756,699.457,867.725,747.615,,,
821,974740,56,,right,saccade,,204.0,,,1491.898,690.3919999999997,867.058,747.617,,,
822,974796,112,3.5708392857142854,left,fixation,208.0,,866.994931034483,765.711137931035,,,,,0.0,,
823,974800,108,3.5712222222222216,right,fixation,,205.0,852.782142857143,763.8004285714287,,,,,0.0,,
824,974912,48,,left,saccade,208.0,,,,869.321,762.717,1472.529,733.942,,,
825,974912,48,,right,saccade,,205.0,,,842.2639999999999,764.5110000000003,1472.371,731.217,,,
826,974964,400,3.5006202614379087,left,fixation,209.0,,1517.6428019802,709.0816633663361,,,,,2.0,5.633655666158883,14.265620601981777
827,974964,404,3.5006202614379087,right,fixation,,206.0,1493.43673529412,702.820901960784,,,,,1.0,4.272181338483786,11.64935727840828
828,975368,80,,left,saccade,209.0,,,,1536.13,706.3330000000003,729.007,623.586,,,
829,975372,64,,right,saccade,,206.0,,,1509.11,704.066,752.788,611.241,,,
830,975516,188,3.4539268642072214,right,fixation,,207.0,739.1314375,635.598229166667,,,,,0.0,,
831,975556,148,3.4539268642072214,left,fixation,210.0,,729.858052631579,624.756815789474,,,,,0.0,,
832,975708,16,,left,saccade,210.0,,,,737.9889999999997,651.638,790.047,682.385,,,
833,975708,16,,right,saccade,,207.0,,,731.887,640.594,797.95,672.0989999999998,,,
834,975728,140,3.4716857142857136,right,fixation,,208.0,792.145388888889,684.011361111111,,,,,0.0,,
835,975728,492,3.4229227642276423,left,fixation,211.0,,781.336112903225,645.295508064516,,,,,2.0,7.453575794741053,36.38759712146479
836,975872,4,,right,saccade,,208.0,,,769.857,657.822,765.296,653.78,,,
837,975880,500,3.373872,right,fixation,,209.0,745.3161190476179,621.504714285714,,,,,1.0,7.083756154047098,15.03684065886188
838,976224,0,,left,saccade,211.0,,,,767.779,624.284,767.779,624.284,,,
839,976228,156,3.312397435897436,left,fixation,212.0,,772.17045,588.450475,,,,,0.0,,
840,976384,20,,right,saccade,,209.0,,,757.9,635.286,836.686,621.762,,,
841,976388,16,,left,saccade,212.0,,,,771.013,594.063,841.477,599.881,,,
842,976408,612,3.379421568627451,right,fixation,,210.0,845.0690714285719,604.580707792208,,,,,2.0,4.1806215352171625,13.97934221754024
843,976408,616,3.380204545454545,left,fixation,213.0,,863.074677419355,603.8846,,,,,0.0,,
844,977024,44,,right,saccade,,210.0,,,836.1519999999997,627.128,1157.203,461.251,,,
845,977028,40,,left,saccade,213.0,,,,864.747,588.198,1153.27,476.19800000000004,,,
846,977072,112,3.4996785714285714,right,fixation,,211.0,1154.98403448276,454.756655172414,,,,,0.0,,
847,977072,116,3.5001551724137925,left,fixation,214.0,,1165.2721,450.9928333333329,,,,,0.0,,
848,977188,32,,right,saccade,,211.0,,,1148.344,455.083,1438.51,452.18,,,
849,977192,28,,left,saccade,214.0,,,,1168.275,452.333,1434.149,461.154,,,
850,977224,172,3.5289069767441865,left,fixation,215.0,,1449.4950909090899,485.339363636364,,,,,1.0,3.408606936858527,4.125080847692528
851,977224,172,3.5289069767441865,right,fixation,,212.0,1456.86922727273,448.9074545454551,,,,,0.0,,
852,977400,20,,left,saccade,215.0,,,,1450.547,511.774,1480.1070000000002,406.478,,,
853,977400,20,,right,saccade,,212.0,,,1473.944,461.227,1495.6870000000001,393.337,,,
854,977424,144,3.5580135135135134,left,fixation,216.0,,1494.94256756757,417.569,,,,,0.0,,
855,977424,148,3.558289473684209,right,fixation,,213.0,1486.1211842105301,404.295578947368,,,,,0.0,,
856,977572,20,,left,saccade,216.0,,,,1491.17,427.848,1363.5339999999999,420.836,,,
857,977576,20,,right,saccade,,213.0,,,1485.7839999999999,408.774,1358.6960000000001,408.07599999999996,,,
858,977596,112,3.5620178571428576,left,fixation,217.0,,1357.41324137931,399.612448275862,,,,,0.0,,
859,977600,108,3.5615925925925933,right,fixation,,214.0,1347.9608928571402,411.42303571428596,,,,,0.0,,
860,977712,48,,left,saccade,217.0,,,,1348.66,397.529,721.5980000000003,413.343,,,
861,977712,48,,right,saccade,,214.0,,,1341.943,395.222,715.97,381.491,,,
862,977764,164,3.570743902439024,right,fixation,,215.0,686.691928571428,384.839857142857,,,,,1.0,4.716052283307368,7.388160055115211
863,977764,360,3.556888888888889,left,fixation,218.0,,701.878274725275,438.43402197802203,,,,,1.0,9.62474976586694,28.412800847505373
864,977932,20,,right,saccade,,215.0,,,682.8,381.588,677.918,442.204,,,
865,977956,164,3.5413780487804885,right,fixation,,216.0,671.034047619047,452.94626190476197,,,,,0.0,,
866,978124,20,,right,saccade,,216.0,,,675.4119999999998,472.227,743.3760000000003,473.912,,,
867,978128,16,,left,saccade,218.0,,,,696.015,438.225,757.9960000000003,441.30199999999996,,,
868,978148,232,3.4924568965517233,left,fixation,219.0,,783.383169491526,464.708423728814,,,,,1.0,5.0153117660930215,9.360161590485463
869,978148,336,3.487732142857144,right,fixation,,217.0,759.924623529412,464.121776470588,,,,,1.0,9.762090318619725,27.606081522012428
870,978384,12,,left,saccade,219.0,,,,788.197,455.287,792.735,503.94699999999995,,,
871,978400,36,3.481055555555556,left,fixation,220.0,,796.6502,512.4322,,,,,0.0,,
872,978440,4,,left,saccade,220.0,,,,798.426,492.441,798.426,477.476,,,
873,978448,32,3.47225,left,fixation,221.0,,792.795333333333,451.295555555556,,,,,0.0,,
874,978484,16,,left,saccade,221.0,,,,788.1560000000003,446.50699999999995,873.9839999999997,474.19699999999995,,,
875,978488,12,,right,saccade,,217.0,,,770.953,475.61199999999997,823.82,474.07300000000004,,,
876,978504,140,3.5108714285714284,left,fixation,222.0,,875.363666666666,471.130333333333,,,,,2.0,10.54269734084435,39.85386774728082
877,978504,732,3.4937677595628416,right,fixation,,218.0,848.7849293478259,446.403641304348,,,,,1.0,7.426908583731914,6.2426623326910535
878,978648,4,,left,saccade,222.0,,,,878.595,463.42400000000004,877.127,450.412,,,
879,978656,96,3.492166666666668,left,fixation,223.0,,869.8048,437.11,,,,,0.0,,
880,978756,0,,left,saccade,223.0,,,,866.548,472.67699999999996,866.548,472.67699999999996,,,
881,978760,40,3.5194,left,fixation,224.0,,871.833818181818,497.884727272727,,,,,0.0,,
882,978804,4,,left,saccade,224.0,,,,877.171,479.542,877.171,465.191,,,
883,978812,420,3.4850714285714286,left,fixation,225.0,,869.8725283018871,432.663801886792,,,,,0.0,,
884,979236,36,,left,saccade,225.0,,,,871.8919999999997,422.534,551.318,477.413,,,
885,979240,28,,right,saccade,,218.0,,,844.832,441.405,543.14,469.14099999999996,,,
886,979272,284,3.489605633802816,right,fixation,,219.0,514.814430555556,464.410555555556,,,,,1.0,5.239750134521891,20.62286696848913
887,979276,284,3.4899014084507036,left,fixation,226.0,,537.409055555556,471.41106944444397,,,,,0.0,,
888,979560,20,,right,saccade,,219.0,,,522.404,481.5,428.57,478.805,,,
889,979564,20,,left,saccade,226.0,,,,539.996,475.467,463.02099999999996,479.566,,,
890,979584,116,3.5205689655172407,right,fixation,,220.0,412.481,473.1694,,,,,0.0,,
891,979588,116,3.5215,left,fixation,227.0,,441.253066666667,460.9706,,,,,0.0,,
892,979704,48,,right,saccade,,220.0,,,410.61699999999996,471.723,944.2,85.96600000000002,,,
893,979708,48,,left,saccade,227.0,,,,439.204,475.059,951.528,82.55,,,
894,979756,428,3.5231214953271017,right,fixation,,221.0,953.142481481481,36.489953703703705,,,,,0.0,,
895,979760,424,3.5230141509433968,left,fixation,228.0,,979.096654205607,69.4444579439253,,,,,0.0,,
896,980188,40,,right,saccade,,221.0,,,959.7719999999999,33.457,432.468,421.814,,,
897,980188,44,,left,saccade,228.0,,,,995.4010000000001,33.935,432.10699999999997,459.235,,,
898,980232,464,3.5182887931034483,right,fixation,,222.0,419.974051282052,478.977196581196,,,,,2.0,6.8342740205478165,17.665532193356878
899,980236,460,3.518726086956522,left,fixation,229.0,,435.0095,465.17499137931,,,,,2.0,4.876145422778522,21.048923205890297
900,980700,16,,right,saccade,,222.0,,,431.57599999999996,480.913,514.774,473.256,,,
901,980700,20,,left,saccade,229.0,,,,451.845,456.55400000000003,529.898,463.473,,,
902,980720,196,3.5714591836734693,right,fixation,,223.0,524.06548,471.44057999999995,,,,,0.0,,
903,980724,192,3.5714583333333336,left,fixation,230.0,,546.710959183674,471.966489795918,,,,,0.0,,
904,980920,28,,right,saccade,,223.0,,,543.3340000000002,498.162,813.453,483.35,,,
905,980920,32,,left,saccade,230.0,,,,543.861,461.914,808.7819999999997,488.029,,,
906,980952,416,3.5773317307692305,right,fixation,,224.0,836.937247619047,487.270085714286,,,,,2.0,5.490418546320118,16.880638322847272
907,980956,408,3.5773333333333337,left,fixation,231.0,,863.880640776699,496.59901941747495,,,,,2.0,6.668618977598334,29.281167932088422
908,981368,28,,left,saccade,231.0,,,,890.6389999999999,499.592,680.127,491.816,,,
909,981372,20,,right,saccade,,224.0,,,844.837,465.389,665.5830000000002,476.985,,,
910,981396,308,3.496935064935065,right,fixation,,225.0,656.457987179487,470.47321794871806,,,,,0.0,,
911,981400,304,3.4960065789473687,left,fixation,232.0,,668.8665194805191,471.427649350649,,,,,0.0,,
912,981708,16,,right,saccade,,225.0,,,663.768,472.12,739.065,482.32099999999997,,,
913,981708,20,,left,saccade,232.0,,,,671.0939999999998,472.591,731.4860000000001,457.462,,,
914,981728,124,3.4730161290322576,right,fixation,,226.0,748.15903125,489.64425,,,,,0.0,,
915,981732,120,3.4734,left,fixation,233.0,,750.4323870967737,462.3339677419349,,,,,0.0,,
916,981856,24,,right,saccade,,226.0,,,752.803,477.425,516.163,482.454,,,
917,981856,28,,left,saccade,233.0,,,,751.298,466.58,527.442,456.07300000000004,,,
918,981884,356,3.477960674157304,right,fixation,,227.0,512.335344444445,481.586488888888,,,,,1.0,7.062649439913571,26.90675240529784
919,981888,352,3.4779090909090917,left,fixation,234.0,,527.063528089887,469.88212359550596,,,,,0.0,,
920,982244,56,,left,saccade,234.0,,,,536.4119999999998,492.6,1312.848,398.23199999999997,,,
921,982244,56,,right,saccade,,227.0,,,529.821,479.28,1326.675,377.194,,,
922,982304,627,3.513394230769231,left,fixation,235.0,,1371.6389177215199,426.40877215189903,,,,,5.0,7.40474624868462,26.72922758241631
923,982304,627,3.513394230769231,right,fixation,,228.0,1360.1657531645599,385.294367088608,,,,,2.0,6.322853421958978,21.934929584089414
924,982935,52,,left,saccade,235.0,,,,1366.46,469.926,594.3,454.959,,,
925,982935,56,,right,saccade,,228.0,,,1362.983,399.789,553.9069999999998,414.519,,,
926,982991,517,3.6051884615384613,left,fixation,236.0,,545.5702538461541,459.92784615384596,,,,,4.0,5.247371564862786,16.549854490866128
927,982995,513,3.605147286821705,right,fixation,,229.0,520.972480620155,455.218139534884,,,,,1.0,5.729238928029143,18.20985197633421
928,983512,20,,left,saccade,236.0,,,,545.45,463.69599999999997,642.982,459.964,,,
929,983512,20,,right,saccade,,229.0,,,514.531,454.42199999999997,630.725,442.899,,,
930,983536,136,3.580882352941177,left,fixation,237.0,,651.057714285714,439.066371428571,,,,,0.0,,
931,983536,136,3.580882352941177,right,fixation,,230.0,636.569971428572,464.172742857143,,,,,0.0,,
932,983676,24,,right,saccade,,230.0,,,636.823,483.855,424.27,481.55199999999996,,,
933,983676,28,,left,saccade,237.0,,,,652.511,435.57099999999997,438.289,449.286,,,
934,983704,587,3.575243150684932,right,fixation,,231.0,414.390668918919,479.317722972973,,,,,0.0,,
935,983708,583,3.575241379310345,left,fixation,238.0,,434.563122448979,455.32259863945603,,,,,1.0,2.7642613339230877,3.794010674734513
936,984295,60,,left,saccade,238.0,,,,446.291,460.84,1297.546,457.316,,,
937,984295,60,,right,saccade,,231.0,,,430.77,478.091,1293.348,419.316,,,
938,984359,181,3.5595760869565227,right,fixation,,232.0,1306.82682608696,412.1025,,,,,0.0,,
939,984359,1121,3.5084468085106386,left,fixation,239.0,,1370.19125978648,445.791419928826,,,,,7.0,7.719189076044866,20.20542452011269
940,984544,16,,right,saccade,,232.0,,,1313.575,404.651,1370.786,414.37300000000016,,,
941,984564,916,3.4969978260869565,right,fixation,,233.0,1376.47472608695,398.74103913043405,,,,,3.0,6.031266843042383,24.778468668410554
942,985484,52,,left,saccade,239.0,,,,1382.9370000000001,449.76599999999996,591.295,616.263,,,
943,985484,52,,right,saccade,,233.0,,,1365.3010000000004,391.664,564.674,546.251,,,
944,985540,263,3.556774424630391,left,fixation,240.0,,575.425089552239,602.508298507462,,,,,0.0,,
945,985540,267,3.556774424630391,right,fixation,,234.0,541.761147058824,588.390205882352,,,,,1.0,7.7204414957234695,12.9737477237689
946,985807,48,,left,saccade,240.0,,,,570.188,594.418,468.996,562.874,,,
947,985811,44,,right,saccade,,234.0,,,543.946,581.526,432.894,570.798,,,
948,985919,453,3.4727912753912764,right,fixation,,235.0,442.505210526316,570.661166666667,,,,,1.0,15.624173109675635,50.27631013708145
949,985943,429,3.4727912753912755,left,fixation,241.0,,464.054833333334,601.4756851851851,,,,,4.0,10.770571590124398,24.963688028253998
950,986376,20,,left,saccade,241.0,,,,445.194,634.811,529.101,635.227,,,
951,986376,20,,right,saccade,,235.0,,,419.14599999999996,559.072,523.0840000000002,563.8480000000002,,,
952,986400,164,3.4311219512195117,right,fixation,,236.0,528.945595238095,587.581095238095,,,,,0.0,,
953,986400,168,3.4310238095238104,left,fixation,242.0,,552.360302325581,639.256255813954,,,,,1.0,2.671396472093038,7.420617022862715
954,986568,20,,right,saccade,,236.0,,,527.243,601.146,642.807,598.136,,,
955,986572,20,,left,saccade,242.0,,,,563.823,634.84,656.086,637.882,,,
956,986592,388,3.4513247422680413,right,fixation,,237.0,644.675234693878,604.927316326531,,,,,1.0,4.828131137176956,23.194761477540606
957,986596,384,3.451463541666666,left,fixation,243.0,,665.8302371134021,637.7987319587629,,,,,0.0,,
958,986984,16,,left,saccade,243.0,,,,681.837,638.6659999999998,761.8710000000003,638.6659999999998,,,
959,986984,16,,right,saccade,,237.0,,,659.9960000000002,580.422,735.735,579.8340000000002,,,
960,987004,327,3.5574320987654326,left,fixation,244.0,,775.481325301205,622.68286746988,,,,,0.0,,
961,987004,327,3.5574320987654326,right,fixation,,238.0,743.862385542169,575.4859277108429,,,,,0.0,,
962,987335,24,,left,saccade,244.0,,,,765.995,617.789,652.927,619.6030000000002,,,
963,987335,24,,right,saccade,,238.0,,,740.801,577.331,616.756,577.225,,,
964,987363,204,3.634186274509803,left,fixation,245.0,,651.766942307692,616.420326923077,,,,,0.0,,
965,987363,204,3.634186274509803,right,fixation,,239.0,611.810711538462,580.2078076923079,,,,,0.0,,
966,987571,48,,right,saccade,,239.0,,,594.994,586.071,1336.568,541.849,,,
967,987571,52,,left,saccade,245.0,,,,662.949,612.32,1367.767,581.393,,,
968,987623,332,3.651987951807228,right,fixation,,240.0,1365.9735,534.233761904762,,,,,0.0,,
969,987627,328,3.651896341463415,left,fixation,246.0,,1393.52018072289,595.156385542169,,,,,1.0,8.005502361223522,13.057070306925821
970,987959,48,,left,saccade,246.0,,,,1390.0910000000001,591.9169999999998,677.1110000000001,612.655,,,
971,987959,48,,right,saccade,,240.0,,,1367.546,542.981,665.145,575.586,,,
972,988011,228,3.6490000000000014,left,fixation,247.0,,660.231534482759,619.019706896552,,,,,1.0,7.165686415519178,7.029317463310326
973,988011,228,3.6490000000000014,right,fixation,,241.0,648.558103448276,593.57374137931,,,,,0.0,,
974,988243,20,,right,saccade,,241.0,,,652.019,581.601,786.54,587.55,,,
975,988243,24,,left,saccade,247.0,,,,644.44,630.094,799.926,626.113,,,
976,988267,136,3.635808823529412,right,fixation,,242.0,778.792514285714,587.5979142857141,,,,,0.0,,
977,988271,132,3.6356969696969688,left,fixation,248.0,,810.5962647058818,618.1564117647059,,,,,0.0,,
978,988407,0,,right,saccade,,242.0,,,738.352,596.092,738.352,596.092,,,
979,988407,4,,left,saccade,248.0,,,,774.763,610.148,770.082,613.196,,,
980,988411,356,3.5738314606741564,right,fixation,,243.0,736.699955555555,574.803422222222,,,,,1.0,10.717593772754123,34.24852315064107
981,988415,352,3.5733693181818182,left,fixation,249.0,,754.56206741573,605.832292134831,,,,,1.0,12.50354367991554,44.27187175848788
982,988771,52,,left,saccade,249.0,,,,747.8610000000001,560.2280000000002,1401.0079999999994,560.6419999999998,,,
983,988771,52,,right,saccade,,243.0,,,744.659,535.432,1407.795,539.484,,,
984,988827,900,3.6071106194690254,left,fixation,250.0,,1462.2002433628302,574.571761061948,,,,,3.0,7.0610187349759,20.072750350587466
985,988827,904,3.607563876651982,right,fixation,,244.0,1450.38572687225,539.433259911894,,,,,0.0,,
986,989731,44,,left,saccade,250.0,,,,1474.579,574.077,857.0089999999999,575.25,,,
987,989735,40,,right,saccade,,244.0,,,1450.1370000000006,545.2769999999998,848.3439999999997,569.2959999999998,,,
988,989779,384,3.8641421052631575,left,fixation,251.0,,856.1198144329892,598.450618556701,,,,,0.0,,
989,989779,388,3.8647291666666654,right,fixation,,245.0,814.782275510204,576.704367346939,,,,,1.0,3.4986364089773714,7.4084320878306436
990,990167,36,,left,saccade,251.0,,,,881.7610000000003,603.519,485.48800000000006,607.957,,,
991,990171,32,,right,saccade,,245.0,,,808.904,582.839,432.88199999999995,582.043,,,
992,990207,424,3.839150943396226,left,fixation,252.0,,464.99396261682296,605.284663551402,,,,,0.0,,
993,990207,424,3.839150943396226,right,fixation,,246.0,407.865654205608,571.504401869159,,,,,1.0,4.359798039410112,15.933540504231924
994,990635,60,,left,saccade,252.0,,,,454.74300000000005,604.4169999999998,1406.391,594.018,,,
995,990635,64,,right,saccade,,246.0,,,395.611,551.9,1376.496,544.516,,,
996,990699,148,3.7749459459459462,left,fixation,253.0,,1419.8867105263198,611.446710526316,,,,,1.0,3.905888233025799,6.606923943863944
997,990703,144,3.774180555555555,right,fixation,,247.0,1381.7930270270301,543.352891891892,,,,,0.0,,
998,990851,12,,left,saccade,253.0,,,,1413.9589999999994,602.85,1467.549,596.689,,,
999,990851,16,,right,saccade,,247.0,,,1382.014,551.712,1449.256,548.8330000000002,,,
1000,990867,304,3.7141381578947366,left,fixation,254.0,,1486.07066233766,590.897675324675,,,,,1.0,3.5411163690126184,7.613613399693929
1001,990871,300,3.71378,right,fixation,,248.0,1459.43063157895,549.2791578947371,,,,,0.0,,
1002,991175,48,,left,saccade,254.0,,,,1482.645,609.509,755.4169999999997,605.327,,,
1003,991175,48,,right,saccade,,248.0,,,1445.6879999999999,555.133,724.9889999999997,581.788,,,
1004,991227,240,3.6950833333333337,left,fixation,255.0,,746.106901639345,602.037032786885,,,,,1.0,3.1905913288570185,7.022489587034026
1005,991227,240,3.6950833333333337,right,fixation,,249.0,712.028950819672,596.361032786885,,,,,0.0,,
1006,991471,20,,left,saccade,255.0,,,,748.612,605.4540000000002,658.962,618.484,,,
1007,991471,20,,right,saccade,,249.0,,,716.5210000000003,587.095,631.227,601.29,,,
1008,991495,160,3.6655981680605336,left,fixation,256.0,,656.526414634146,606.6282682926831,,,,,0.0,,
1009,991495,164,3.6655981680605336,right,fixation,,250.0,625.186595238095,602.671047619048,,,,,0.0,,
1010,991659,40,,left,saccade,256.0,,,,652.828,602.01,652.1519999999998,557.047,,,
1011,991663,44,,right,saccade,,250.0,,,638.644,592.803,634.602,589.491,,,
1012,991771,224,3.559176445578231,right,fixation,,251.0,634.1397543859649,603.285473684211,,,,,0.0,,
1013,991787,212,3.558911740558292,left,fixation,257.0,,653.728055555556,587.735648148148,,,,,1.0,12.292164993288313,31.92915485884344
1014,991999,20,,right,saccade,,251.0,,,634.751,616.9259999999998,748.572,623.1659999999998,,,
1015,992003,20,,left,saccade,257.0,,,,656.038,621.6519999999998,765.669,630.878,,,
1016,992023,296,3.5144729729729733,right,fixation,,252.0,759.2942799999989,608.8677333333329,,,,,0.0,,
1017,992027,288,3.5146319444444445,left,fixation,258.0,,784.94,615.512616438356,,,,,2.0,9.104945417290716,27.87167451296784
1018,992319,52,,left,saccade,258.0,,,,790.42,612.3969999999998,958.885,92.039,,,
1019,992323,48,,right,saccade,,252.0,,,776.092,593.8480000000002,967.0110000000001,113.14,,,
1020,992375,384,3.4103385416666665,left,fixation,259.0,,984.488567010309,57.430051546391795,,,,,5.0,4.818303748950013,15.842304430129213
1021,992375,384,3.4103385416666665,right,fixation,,253.0,955.889979381443,66.58079381443301,,,,,0.0,,
1022,992763,48,,right,saccade,,253.0,,,937.307,72.76100000000002,1497.763,457.02099999999996,,,
1023,992763,52,,left,saccade,259.0,,,,981.313,50.96,1504.69,505.173,,,
1024,992815,208,3.2487590579710144,right,fixation,,254.0,1509.14786792453,492.908679245283,,,,,1.0,6.600941374363037,41.339214082998865
1025,992819,192,3.2474877126654067,left,fixation,260.0,,1516.43820408163,530.588816326531,,,,,2.0,6.863698956168657,21.945956380142693
1026,993015,40,,left,saccade,260.0,,,,1532.102,560.749,1507.5829999999999,506.185,,,
1027,993027,40,,right,saccade,,254.0,,,1545.5829999999999,517.429,1538.3229999999999,448.561,,,
1028,993135,120,,right,fixation,,255.0,1482.8533870967701,494.71722580645104,,,,,1.0,8.57482929049384,67.25783181905284
1029,993163,88,,left,fixation,261.0,,1480.3597826087,541.7896521739129,,,,,2.0,3.8795176835240515,11.169895994091966
1030,993255,20,,left,saccade,261.0,,,,1452.8139999999999,561.581,1428.171,416.80300000000005,,,
1031,993259,16,,right,saccade,,255.0,,,1462.3429999999994,506.48,1446.983,441.33,,,
1032,993279,340,3.3894175456650384,right,fixation,,256.0,1431.96887209302,421.1439186046511,,,,,2.0,3.516841097793127,7.574332522398934
1033,993279,344,3.389769387236208,left,fixation,262.0,,1421.5754712643698,430.650287356322,,,,,1.0,4.193730452844009,32.242916276292426
1034,993623,32,,right,saccade,,256.0,,,1442.0410000000006,402.97900000000004,1424.839,202.908,,,
1035,993627,24,,left,saccade,262.0,,,,1426.457,412.968,1407.615,240.513,,,
1036,993655,356,3.458323863636364,left,fixation,263.0,,1396.3330888888904,176.199588888889,,,,,2.0,5.154867059268929,11.090551485447984
1037,993659,352,3.458735632183908,right,fixation,,257.0,1399.92091011236,165.191561797753,,,,,0.0,,
1038,994015,16,,right,saccade,,257.0,,,1417.586,126.447,1502.461,135.07,,,
1039,994015,20,,left,saccade,263.0,,,,1398.63,142.839,1480.559,155.987,,,
1040,994035,140,3.476928571428572,right,fixation,,258.0,1509.66661111111,145.66111111111098,,,,,0.0,,
1041,994039,124,3.4755833333333332,left,fixation,264.0,,1496.584375,147.064375,,,,,1.0,6.505019064367001,19.2836545291602
1042,994167,40,,left,saccade,264.0,,,,1499.096,130.10399999999998,1496.0520000000001,284.198,,,
1043,994179,44,,right,saccade,,258.0,,,1509.806,162.608,1522.3039999999999,281.805,,,
1044,994287,396,3.576639097744361,right,fixation,,259.0,1473.2241800000006,333.75459,,,,,1.0,6.09788278603502,28.88965525927916
1045,994315,384,3.579014184397163,left,fixation,265.0,,1463.90548453608,351.11205154639197,,,,,4.0,9.350928872152572,23.93711990770293
1046,994687,20,,right,saccade,,259.0,,,1458.975,334.49699999999996,1454.4520000000002,252.942,,,
1047,994703,0,,left,saccade,265.0,,,,1435.769,292.61,1435.769,292.61,,,
1048,994707,152,3.6193026315789454,left,fixation,266.0,,1432.7545384615396,295.706794871795,,,,,0.0,,
1049,994711,148,3.6191216216216215,right,fixation,,260.0,1442.81463157895,260.659105263158,,,,,0.0,,
1050,994863,16,,left,saccade,266.0,,,,1439.9270000000001,300.11,1511.5970000000002,314.843,,,
1051,994863,16,,right,saccade,,260.0,,,1452.8370000000002,248.195,1516.261,270.894,,,
1052,994883,184,3.6057888888888896,left,fixation,267.0,,1516.4248297872302,318.775978723404,,,,,0.0,,
1053,994883,184,3.6057888888888896,right,fixation,,261.0,1523.89776595745,291.009723404255,,,,,0.0,,
1054,995071,20,,left,saccade,267.0,,,,1513.0279999999998,323.975,1487.547,471.897,,,
1055,995071,20,,right,saccade,,261.0,,,1525.04,301.508,1506.0929999999994,481.976,,,
1056,995095,180,3.5560121428571434,left,fixation,268.0,,1479.55334782609,499.352913043478,,,,,1.0,8.731216322610631,31.693736053043647
1057,995095,192,3.5560121428571434,right,fixation,,262.0,1468.0187755102,500.006081632653,,,,,1.0,3.782744025322224,6.533067426561803
1058,995279,44,,left,saccade,268.0,,,,1480.017,519.249,728.693,303.561,,,
1059,995291,44,,right,saccade,,262.0,,,1461.43,519.356,752.6010000000001,317.42,,,
1060,995419,476,3.533668571428572,right,fixation,,263.0,741.0039999999997,339.84126666666697,,,,,1.0,9.883149351856993,21.512291742164575
1061,995451,444,3.533668571428572,left,fixation,269.0,,732.9835267857152,345.891133928572,,,,,1.0,11.483839846110305,13.410164055670586
1062,995899,28,,left,saccade,269.0,,,,734.065,346.207,758.071,640.404,,,
1063,995899,32,,right,saccade,,263.0,,,720.966,340.349,759.9889999999997,620.0269999999998,,,
1064,995931,324,3.4141172839506173,left,fixation,270.0,,792.0845365853661,661.091451219512,,,,,0.0,,
1065,995935,316,3.414050632911392,right,fixation,,264.0,794.29295,644.293425,,,,,0.0,,
1066,996255,36,,right,saccade,,264.0,,,779.915,671.2689999999999,446.23400000000004,742.14,,,
1067,996259,36,,left,saccade,270.0,,,,801.949,669.449,456.16,745.438,,,
1068,996295,152,3.3157272727272726,right,fixation,,265.0,432.37071794871804,758.017794871795,,,,,0.0,,
1069,996299,140,3.3134500000000005,left,fixation,271.0,,438.83113888888886,759.1619999999997,,,,,0.0,,
1070,996443,44,,left,saccade,271.0,,,,432.708,744.926,402.23800000000006,821.438,,,
1071,996451,44,,right,saccade,,265.0,,,423.582,753.482,385.79699999999997,794.047,,,
1072,996523,204,3.266904787773721,right,fixation,,266.0,391.25201923076895,815.612480769231,,,,,0.0,,
1073,996555,168,3.2658269725431714,left,fixation,272.0,,404.517395348837,816.366976744186,,,,,0.0,,
1074,996727,44,,left,saccade,272.0,,,,401.35900000000004,852.9639999999997,635.831,566.6619999999998,,,
1075,996731,36,,right,saccade,,266.0,,,392.44599999999997,841.308,642.847,639.7919999999998,,,
1076,996771,432,3.317238532110092,right,fixation,,267.0,658.717100917431,589.619247706422,,,,,0.0,,
1077,996775,432,3.3175321100917436,left,fixation,273.0,,666.312816513762,585.631587155963,,,,,2.0,7.360206896502698,23.68717854870211
1078,997207,28,,right,saccade,,267.0,,,638.104,596.995,755.4689999999997,419.645,,,
1079,997211,28,,left,saccade,273.0,,,,668.809,555.216,740.195,431.491,,,
1080,997239,372,3.3271290322580644,right,fixation,,268.0,765.1264893617018,405.8040744680851,,,,,0.0,,
1081,997243,796,3.346241336633663,left,fixation,274.0,,762.75896,414.140239999999,,,,,1.0,5.292422615295248,17.86050687970533
1082,997615,12,,right,saccade,,268.0,,,761.8539999999997,410.21,768.618,449.224,,,
1083,997631,408,3.363202380952381,right,fixation,,269.0,761.764475728155,463.15374757281603,,,,,1.0,9.313899377334453,44.16908933858608
