,starttime,duration,meanPupilDiameter,eye,eventType,eventIdxLeft,eventIdxRight,meanX,meanY,startSaccadeX,startSaccadeY,endSaccadeX,endSaccadeY,microsaccadeCount,microsaccadeAmplitude,microsaccadePeakVelocity
0,2121565,40,3.8004318181818175,left,fixation,1.0,,1500.2930909090899,837.2053636363637,,,,,0.0,,
1,2121565,40,3.8004318181818175,right,fixation,,1.0,1497.40181818182,808.9107272727271,,,,,0.0,,
2,2121609,81,,left,saccade,1.0,,,,1498.818,831.3480000000003,588.492,69.029,,,
3,2121609,85,,right,saccade,,1.0,,,1507.254,804.3660000000001,605.313,61.489,,,
4,2121694,144,3.7350138888888895,left,fixation,2.0,,586.953405405405,80.67937837837842,,,,,0.0,,
5,2121698,136,3.735058823529412,right,fixation,,2.0,585.476428571429,56.6344571428572,,,,,0.0,,
6,2121838,24,,right,saccade,,2.0,,,570.082,56.498999999999995,548.768,155.062,,,
7,2121842,20,,left,saccade,2.0,,,,580.763,72.95100000000002,559.521,167.37099999999995,,,
8,2121866,164,3.657682926829268,left,fixation,3.0,,550.758285714286,171.204452380952,,,,,0.0,,
9,2121866,164,3.657682926829268,right,fixation,,3.0,555.271309523809,170.960976190476,,,,,0.0,,
10,2122034,20,,left,saccade,3.0,,,,546.844,199.081,483.07300000000004,206.965,,,
11,2122034,20,,right,saccade,,3.0,,,562.326,200.49599999999998,484.74300000000005,202.06599999999997,,,
12,2122058,384,3.5389531249999995,right,fixation,,4.0,469.13896907216485,177.868865979382,,,,,0.0,,
13,2122058,756,3.480224867724868,left,fixation,4.0,,498.08256842105203,198.37804210526298,,,,,1.0,8.471595673189316,18.61442370851159
14,2122446,16,,right,saccade,,4.0,,,490.244,181.24099999999999,556.52,178.00400000000005,,,
15,2122466,520,3.415892307692308,right,fixation,,5.0,527.891190839695,194.60051145038202,,,,,0.0,,
16,2122818,16,,left,saccade,4.0,,,,553.307,211.047,485.075,198.22299999999998,,,
17,2122838,148,3.417540540540541,left,fixation,5.0,,466.451921052632,170.194236842105,,,,,0.0,,
18,2122990,20,,right,saccade,,5.0,,,472.659,207.03,637.984,190.519,,,
19,2122990,24,,left,saccade,5.0,,,,433.858,123.588,595.13,115.96,,,
20,2123014,339,3.4481904761904767,right,fixation,,6.0,639.9366395348841,153.39526744186,,,,,0.0,,
21,2123018,339,3.4486845238095234,left,fixation,6.0,,638.039465116279,138.341965116279,,,,,0.0,,
22,2123357,24,,right,saccade,,6.0,,,644.107,144.62,789.8560000000001,145.346,,,
23,2123361,20,,left,saccade,6.0,,,,642.63,164.725,759.877,164.601,,,
24,2123385,336,3.440583333333333,right,fixation,,7.0,784.5144,164.72356470588198,,,,,0.0,,
25,2123385,741,3.441260752688172,left,fixation,7.0,,821.922295698925,173.29847311828,,,,,1.0,12.212449282278413,33.4614056040688
26,2123725,20,,right,saccade,,7.0,,,766.513,136.461,853.438,138.05200000000002,,,
27,2123749,377,3.4420315789473683,right,fixation,,8.0,863.712484210526,146.084115789474,,,,,0.0,,
28,2124130,24,,left,saccade,7.0,,,,880.546,212.94400000000002,679.701,202.582,,,
29,2124130,24,,right,saccade,,8.0,,,859.48,158.779,689.8489999999997,164.44099999999997,,,
30,2124158,224,3.489116071428572,left,fixation,8.0,,661.241298245614,160.583561403509,,,,,0.0,,
31,2124158,228,3.489438596491228,right,fixation,,9.0,681.594465517241,146.81963793103398,,,,,0.0,,
32,2124386,20,,left,saccade,8.0,,,,672.997,168.137,761.365,172.46099999999996,,,
33,2124390,16,,right,saccade,,9.0,,,684.7710000000002,147.361,734.448,143.584,,,
34,2124410,224,3.507794642857143,right,fixation,,10.0,782.217070175439,151.160736842105,,,,,0.0,,
35,2124410,240,3.507708333333333,left,fixation,9.0,,784.427934426229,167.581967213115,,,,,1.0,18.304028082789767,52.599731805399905
36,2124638,16,,right,saccade,,10.0,,,787.6569999999997,152.6,836.595,152.6,,,
37,2124654,0,,left,saccade,9.0,,,,840.794,191.423,840.794,191.423,,,
38,2124658,480,3.513633333333333,right,fixation,,11.0,870.927520661157,151.153826446281,,,,,0.0,,
39,2124658,759,3.5204576719576717,left,fixation,10.0,,825.505921465969,171.517429319372,,,,,1.0,13.290046564795905,37.85109068441745
40,2125142,12,,right,saccade,,11.0,,,854.847,165.445,814.302,169.168,,,
41,2125158,259,3.5331953125,right,fixation,,12.0,771.401681818182,173.27328787878795,,,,,0.0,,
42,2125421,20,,left,saccade,10.0,,,,771.279,179.583,652.4630000000002,175.014,,,
43,2125421,20,,right,saccade,,12.0,,,773.063,189.19,665.465,195.77599999999998,,,
44,2125445,152,3.5511447368421036,left,fixation,11.0,,656.799974358974,156.380435897436,,,,,0.0,,
45,2125445,341,3.5568372093023264,right,fixation,,13.0,627.56323255814,193.842941860465,,,,,0.0,,
46,2125601,8,,left,saccade,11.0,,,,631.55,161.631,604.279,165.297,,,
47,2125613,321,3.563228395061728,left,fixation,12.0,,565.587135802469,197.079320987654,,,,,0.0,,
48,2125790,16,,right,saccade,,13.0,,,604.621,196.733,547.607,188.637,,,
49,2125810,124,3.5655967741935486,right,fixation,,14.0,553.9619375,192.37190625,,,,,0.0,,
50,2125938,24,,left,saccade,12.0,,,,572.273,208.208,468.027,209.952,,,
51,2125938,24,,right,saccade,,14.0,,,586.803,196.929,453.718,183.94799999999998,,,
52,2125966,219,3.5740648148148138,left,fixation,13.0,,459.364803571429,175.41710714285702,,,,,0.0,,
53,2125966,219,3.5740648148148138,right,fixation,,15.0,456.844017857143,161.897714285714,,,,,0.0,,
54,2126189,28,,left,saccade,13.0,,,,454.23400000000004,164.947,712.26,153.28799999999995,,,
55,2126189,28,,right,saccade,,15.0,,,468.17199999999997,140.60399999999998,741.553,140.554,,,
56,2126221,392,3.5167704081632656,left,fixation,14.0,,761.5413030303032,160.046131313131,,,,,0.0,,
57,2126221,396,3.5165959595959597,right,fixation,,16.0,759.10423,161.40501,,,,,0.0,,
58,2126617,28,,left,saccade,14.0,,,,760.341,140.685,550.36,145.71,,,
59,2126621,24,,right,saccade,,16.0,,,764.727,196.498,580.85,202.917,,,
60,2126649,808,3.5512128712871287,right,fixation,,17.0,536.319660098522,168.975532019705,,,,,0.0,,
61,2126649,812,3.551551724137932,left,fixation,15.0,,550.8885686274521,181.161901960784,,,,,0.0,,
62,2127461,20,,right,saccade,,17.0,,,534.2280000000002,174.40200000000004,658.9789999999998,175.915,,,
63,2127465,20,,left,saccade,15.0,,,,579.241,222.628,656.1260000000002,170.123,,,
64,2127485,140,3.6246142857142853,right,fixation,,18.0,667.917027777778,131.790666666667,,,,,0.0,,
65,2127489,136,3.62475,left,fixation,16.0,,676.599114285714,177.57328571428604,,,,,0.0,,
66,2127629,24,,left,saccade,16.0,,,,675.556,181.535,862.326,194.66099999999997,,,
67,2127629,24,,right,saccade,,18.0,,,680.622,149.32399999999996,846.538,160.311,,,
68,2127657,320,3.6009625,left,fixation,17.0,,863.8364444444452,190.077296296296,,,,,0.0,,
69,2127657,320,3.6009625,right,fixation,,19.0,860.341407407406,160.787913580247,,,,,0.0,,
70,2127981,32,,left,saccade,17.0,,,,869.972,206.18599999999998,659.3810000000002,165.8,,,
71,2127981,32,,right,saccade,,19.0,,,863.54,150.999,647.219,148.656,,,
72,2128017,216,3.6391666666666658,left,fixation,18.0,,632.728836363636,139.372036363636,,,,,0.0,,
73,2128017,216,3.6391666666666658,right,fixation,,20.0,638.967563636363,132.452327272727,,,,,0.0,,
74,2128237,24,,left,saccade,18.0,,,,640.295,121.335,751.193,140.289,,,
75,2128237,24,,right,saccade,,20.0,,,624.325,142.847,758.945,141.197,,,
76,2128265,312,3.601025641025641,left,fixation,19.0,,765.6754936708859,166.529481012658,,,,,0.0,,
77,2128265,768,3.5753697916666667,right,fixation,,21.0,699.015891191709,147.658098445596,,,,,2.0,11.643825290202468,39.830094089098296
78,2128581,20,,left,saccade,19.0,,,,759.23,165.266,681.573,161.639,,,
79,2128605,424,3.556599056603773,left,fixation,20.0,,668.475056074766,172.147439252336,,,,,0.0,,
80,2129033,24,,left,saccade,20.0,,,,674.0360000000003,178.111,486.718,179.625,,,
81,2129037,24,,right,saccade,,21.0,,,647.722,149.392,457.77,144.292,,,
82,2129061,180,3.5397888888888884,left,fixation,21.0,,465.243739130435,173.304760869565,,,,,0.0,,
83,2129065,172,3.539569767441861,right,fixation,,22.0,447.355886363636,161.699295454545,,,,,0.0,,
84,2129241,24,,right,saccade,,22.0,,,436.379,164.05599999999995,603.866,163.763,,,
85,2129245,20,,left,saccade,21.0,,,,463.16,206.571,614.847,204.638,,,
86,2129269,216,3.5661111111111117,left,fixation,22.0,,610.017872727273,163.445090909091,,,,,0.0,,
87,2129269,216,3.5661111111111117,right,fixation,,23.0,610.7293636363639,155.418581818182,,,,,0.0,,
88,2129489,20,,right,saccade,,23.0,,,613.145,164.702,756.546,158.654,,,
89,2129489,28,,left,saccade,22.0,,,,614.125,170.729,754.654,154.55,,,
90,2129513,400,3.544925,right,fixation,,24.0,754.670356435643,164.242524752475,,,,,1.0,9.237804364253607,22.309241000087905
91,2129521,396,3.5443737373737383,left,fixation,23.0,,752.87248,160.77463999999995,,,,,0.0,,
92,2129917,24,,right,saccade,,24.0,,,784.2739999999999,181.108,673.9830000000002,175.549,,,
93,2129921,20,,left,saccade,23.0,,,,778.837,170.62599999999995,662.653,169.65599999999995,,,
94,2129945,708,3.576028472368032,left,fixation,24.0,,627.626168539325,157.04852808988701,,,,,1.0,10.418408122431954,27.63923761611382
95,2129945,728,3.576028472368032,right,fixation,,25.0,627.816076502733,165.768010928962,,,,,2.0,15.313664737863235,48.688959829274474
96,2130657,48,,left,saccade,24.0,,,,590.326,138.445,471.944,140.74200000000005,,,
97,2130677,40,,right,saccade,,25.0,,,619.34,142.94899999999996,526.6469999999998,159.523,,,
98,2130801,324,3.598309572901325,right,fixation,,26.0,522.280987804878,179.722182926829,,,,,0.0,,
99,2130833,12,,left,fixation,25.0,,485.18825,120.2025,,,,,0.0,,
100,2130849,16,,left,saccade,25.0,,,,511.29400000000004,118.29899999999999,523.0369999999998,176.32,,,
101,2130869,256,3.598309572901325,left,fixation,26.0,,530.4398,191.121969230769,,,,,0.0,,
102,2131129,28,,right,saccade,,26.0,,,544.12,179.743,786.113,188.44299999999998,,,
103,2131129,36,,left,saccade,26.0,,,,536.201,203.24099999999999,800.367,219.705,,,
104,2131161,240,3.5538583333333333,right,fixation,,27.0,800.8478852459019,177.077475409836,,,,,0.0,,
105,2131169,232,3.5523534482758614,left,fixation,27.0,,810.22179661017,189.317677966102,,,,,0.0,,
106,2131405,48,,left,saccade,27.0,,,,803.092,178.52,1358.308,160.042,,,
107,2131405,48,,right,saccade,,27.0,,,796.174,162.158,1355.3870000000004,146.60399999999996,,,
108,2131457,592,3.497043918918919,left,fixation,28.0,,1409.8143624161096,125.388053691275,,,,,0.0,,
109,2131457,592,3.497043918918919,right,fixation,,28.0,1394.44779865772,111.64020134228201,,,,,1.0,12.427600037595534,31.519139026946803
110,2132053,56,,left,saccade,28.0,,,,1432.711,137.22,623.144,158.411,,,
111,2132053,56,,right,saccade,,28.0,,,1430.328,145.903,649.378,159.769,,,
112,2132113,460,3.498206140350877,left,fixation,29.0,,616.283715517241,155.778017241379,,,,,1.0,11.233741749499355,30.38893247549187
113,2132113,460,3.498206140350877,right,fixation,,29.0,626.593327586207,161.852301724138,,,,,0.0,,
114,2132577,48,,right,saccade,,29.0,,,648.164,181.9,1330.359,148.743,,,
115,2132577,52,,left,saccade,29.0,,,,654.8530000000002,153.392,1336.595,124.425,,,
116,2132629,316,3.5053333333333336,right,fixation,,30.0,1394.4815,105.0549875,,,,,0.0,,
117,2132633,152,3.4993125,left,fixation,30.0,,1376.0000512820498,119.477769230769,,,,,0.0,,
118,2132789,4,,left,saccade,30.0,,,,1413.934,132.98,1422.56,132.98,,,
119,2132797,148,3.5115675675675675,left,fixation,31.0,,1442.0006315789499,131.65060526315798,,,,,0.0,,
120,2132949,68,,left,saccade,31.0,,,,1432.2579999999994,144.841,455.526,274.008,,,
121,2132949,72,,right,saccade,,30.0,,,1420.425,154.50799999999995,452.472,269.445,,,
122,2133021,252,3.510083828669332,left,fixation,32.0,,432.993578125,299.88315625,,,,,0.0,,
123,2133025,256,3.509962837673972,right,fixation,,31.0,427.077861538461,294.902953846154,,,,,0.0,,
124,2133277,72,,left,saccade,32.0,,,,418.897,314.939,489.061,284.466,,,
125,2133285,40,,right,saccade,,31.0,,,434.30199999999996,275.558,459.92199999999997,247.915,,,
126,2133421,568,3.4528228699551566,right,fixation,,32.0,510.402118881119,300.863006993007,,,,,2.0,97.06097003736616,294.1643090446641
127,2133469,524,3.4527977777777776,left,fixation,33.0,,522.240946969697,322.405712121212,,,,,2.0,99.25236773392174,296.5007040174525
128,2133993,20,,right,saccade,,32.0,,,557.691,317.685,416.42800000000005,308.372,,,
129,2133997,16,,left,saccade,33.0,,,,520.7669999999998,319.697,459.421,322.937,,,
130,2134017,288,3.4069097222222213,left,fixation,34.0,,452.997602739726,336.417232876712,,,,,0.0,,
131,2134017,620,3.416187096774194,right,fixation,,33.0,429.199698717948,309.399711538461,,,,,0.0,,
132,2134309,0,,left,saccade,34.0,,,,447.833,311.847,447.833,311.847,,,
133,2134313,324,3.424444444444444,left,fixation,35.0,,438.280695121951,294.145878048781,,,,,0.0,,
134,2134641,20,,left,saccade,35.0,,,,442.98699999999997,296.14,527.4780000000002,296.053,,,
135,2134641,20,,right,saccade,,33.0,,,431.786,283.267,513.9019999999998,271.685,,,
136,2134665,220,3.457390909090909,right,fixation,,34.0,525.965267857143,247.806303571429,,,,,0.0,,
137,2134665,224,3.4573660714285714,left,fixation,36.0,,534.944070175439,279.622807017544,,,,,0.0,,
138,2134889,20,,right,saccade,,34.0,,,558.366,271.91,625.356,271.211,,,
139,2134893,16,,left,saccade,36.0,,,,560.46,299.465,635.14,294.216,,,
140,2134913,420,3.454914285714285,left,fixation,37.0,,642.885877358491,308.948132075471,,,,,1.0,8.668359142434184,24.78162323174168
141,2134913,824,3.444864077669904,right,fixation,,35.0,698.552801932368,287.44944927536204,,,,,1.0,11.68710166760298,33.38367436337704
142,2135337,16,,left,saccade,37.0,,,,657.008,318.87,725.77,303.637,,,
143,2135357,384,3.4326510416666665,left,fixation,38.0,,753.0956907216499,304.46718556701,,,,,0.0,,
144,2135741,24,,right,saccade,,35.0,,,725.507,261.177,871.091,270.69599999999997,,,
145,2135745,24,,left,saccade,38.0,,,,745.9860000000001,331.874,860.8860000000003,316.69599999999997,,,
146,2135769,480,3.4613541666666667,right,fixation,,36.0,874.872785123967,287.04878512396704,,,,,0.0,,
147,2135773,992,3.490877016129033,left,fixation,39.0,,835.244232931727,306.801176706827,,,,,1.0,8.306008310587957,24.929214428056216
148,2136253,4,,right,saccade,,36.0,,,879.008,309.3590000000001,878.122,306.837,,,
149,2136261,496,3.5184112903225806,right,fixation,,37.0,805.45016,275.661344,,,,,0.0,,
150,2136761,24,,right,saccade,,37.0,,,783.957,279.497,640.716,263.843,,,
151,2136769,16,,left,saccade,39.0,,,,745.4060000000003,308.164,682.68,309.689,,,
152,2136789,360,3.577988888888889,left,fixation,40.0,,657.636791208791,296.299032967033,,,,,0.0,,
153,2136789,360,3.577988888888889,right,fixation,,38.0,646.958406593407,276.97868131868097,,,,,0.0,,
154,2137153,20,,left,saccade,40.0,,,,665.427,310.335,541.1569999999998,301.007,,,
155,2137153,20,,right,saccade,,38.0,,,632.605,276.031,538.696,273.71299999999997,,,
156,2137177,520,3.5998769230769234,left,fixation,41.0,,530.444969465649,300.742038167939,,,,,0.0,,
157,2137177,524,3.5997366412213743,right,fixation,,39.0,518.171143939394,302.44919696969686,,,,,0.0,,
158,2137701,20,,left,saccade,41.0,,,,537.462,291.256,461.63,294.413,,,
159,2137705,16,,right,saccade,,39.0,,,506.055,279.209,453.162,288.2340000000001,,,
160,2137725,688,3.5532906976744187,left,fixation,42.0,,442.87461849710996,316.108774566474,,,,,0.0,,
161,2137725,688,3.5532906976744187,right,fixation,,40.0,453.03366473988405,301.80576300577997,,,,,0.0,,
162,2138417,28,,right,saccade,,40.0,,,453.651,271.082,775.322,257.743,,,
163,2138417,40,,left,saccade,42.0,,,,441.718,329.175,779.86,300.967,,,
164,2138449,140,3.5357714285714286,right,fixation,,41.0,792.513611111111,259.250055555556,,,,,0.0,,
165,2138461,995,3.5479052419354837,left,fixation,43.0,,853.67574,305.73528799999997,,,,,1.0,14.699411954413536,39.55870560319181
166,2138593,20,,right,saccade,,41.0,,,774.7710000000003,295.77299999999997,864.1,304.848,,,
167,2138617,839,3.5503995215311006,right,fixation,,42.0,873.296497630332,284.71027488151697,,,,,0.0,,
168,2139460,32,,left,saccade,43.0,,,,879.852,336.75699999999995,518.201,327.499,,,
169,2139460,37,,right,saccade,,42.0,,,877.7080000000003,266.698,539.254,313.212,,,
170,2139497,148,3.5460675675675675,left,fixation,44.0,,492.549526315789,318.892947368421,,,,,0.0,,
171,2139501,927,3.5765432900432907,right,fixation,,43.0,448.224635193133,269.422240343347,,,,,0.0,,
172,2139649,4,,left,saccade,44.0,,,,444.26800000000003,330.586,437.408,334.069,,,
173,2139657,775,3.5821476683937825,left,fixation,45.0,,439.117430769231,316.440097435898,,,,,0.0,,
174,2140432,40,,right,saccade,,43.0,,,424.22900000000004,272.069,843.9889999999997,260.996,,,
175,2140436,40,,left,saccade,45.0,,,,451.74,300.942,806.3939999999999,294.6020000000001,,,
176,2140476,476,3.5256722689075635,right,fixation,,44.0,858.8605666666672,227.7455,,,,,0.0,,
177,2140480,472,3.5255,left,fixation,46.0,,854.3732941176462,301.650394957983,,,,,0.0,,
178,2140956,32,,left,saccade,46.0,,,,869.987,305.70599999999996,498.085,300.809,,,
179,2140956,40,,right,saccade,,44.0,,,860.493,223.783,465.034,242.81400000000002,,,
180,2140992,760,3.4978842105263164,left,fixation,47.0,,449.259397905759,302.958544502618,,,,,0.0,,
181,2141000,744,3.498064516129032,right,fixation,,45.0,443.457550802139,263.484363636364,,,,,0.0,,
182,2141748,28,,right,saccade,,45.0,,,415.965,280.064,654.763,282.143,,,
183,2141756,20,,left,saccade,47.0,,,,460.43699999999995,295.363,627.25,294.279,,,
184,2141780,16,3.460875,left,fixation,48.0,,629.409,295.8266,,,,,0.0,,
185,2141780,16,3.460875,right,fixation,,46.0,655.569,282.7106,,,,,0.0,,
186,2141800,24,,right,saccade,,46.0,,,655.873,282.509,902.4060000000001,267.67400000000004,,,
187,2141800,28,,left,saccade,48.0,,,,629.409,299.789,880.765,311.774,,,
188,2141828,1168,3.4695051369863013,right,fixation,,47.0,873.59344027304,265.495607508533,,,,,0.0,,
189,2141832,1352,3.482045857988166,left,fixation,49.0,,869.988967551622,306.251920353983,,,,,2.0,10.242640327233904,25.721375856185247
190,2143000,0,,right,saccade,,47.0,,,862.122,293.557,862.122,293.557,,,
191,2143004,0,,right,fixation,,48.0,861.8,279.408,,,,,0.0,,
192,2143008,0,,right,saccade,,48.0,,,861.2710000000003,266.171,861.2710000000003,266.171,,,
193,2143012,172,3.5638488372093016,right,fixation,,49.0,838.164,240.418090909091,,,,,0.0,,
194,2143188,40,,right,saccade,,49.0,,,831.4119999999997,245.53599999999997,1392.029,275.501,,,
195,2143188,48,,left,saccade,49.0,,,,848.077,278.783,1412.339,283.37,,,
196,2143232,112,3.611892857142857,right,fixation,,50.0,1416.40975862069,260.01348275862097,,,,,0.0,,
197,2143240,108,3.6115925925925936,left,fixation,50.0,,1424.64610714286,286.991714285714,,,,,0.0,,
198,2143348,20,,right,saccade,,50.0,,,1414.6779999999999,261.27299999999997,1526.0639999999999,272.445,,,
199,2143352,16,,left,saccade,50.0,,,,1438.371,295.593,1521.894,293.047,,,
200,2143372,980,3.5922774390243903,left,fixation,51.0,,1559.58238617886,272.107670731707,,,,,0.0,,
201,2143372,980,3.5922774390243903,right,fixation,,51.0,1525.98267479675,276.366719512195,,,,,0.0,,
202,2144356,72,,left,saccade,51.0,,,,1554.239,287.047,504.996,395.846,,,
203,2144356,84,,right,saccade,,51.0,,,1542.4470000000001,242.56799999999998,519.443,394.995,,,
204,2144432,192,3.5778367346938778,left,fixation,52.0,,495.2200408163269,414.746795918367,,,,,0.0,,
205,2144444,180,3.5793913043478263,right,fixation,,52.0,508.74278260869596,407.621065217391,,,,,0.0,,
206,2144628,20,,left,saccade,52.0,,,,492.32,410.13699999999994,417.843,438.413,,,
207,2144628,20,,right,saccade,,52.0,,,497.423,427.772,421.629,448.015,,,
208,2144652,112,3.579318181818181,left,fixation,53.0,,397.701379310345,450.022137931034,,,,,0.0,,
209,2144652,116,3.579318181818181,right,fixation,,53.0,421.1338,459.9732666666671,,,,,0.0,,
210,2144768,40,,left,saccade,53.0,,,,399.0,463.36300000000006,404.824,389.079,,,
211,2144772,48,,right,saccade,,53.0,,,414.87800000000004,462.07,424.764,424.04900000000004,,,
212,2144940,300,3.4412475247524754,right,fixation,,54.0,432.81943421052597,440.549881578948,,,,,0.0,,
213,2144956,28,,left,fixation,54.0,,425.87800000000004,392.95775,,,,,0.0,,
214,2144988,0,,left,saccade,54.0,,,,439.44699999999995,425.81699999999995,439.44699999999995,425.81699999999995,,,
215,2144992,252,3.441466019417476,left,fixation,55.0,,439.1281875,469.303234375,,,,,1.0,8.261809244953556,20.4009926229093
216,2145244,24,,right,saccade,,54.0,,,435.46,424.87199999999996,548.03,438.45599999999996,,,
217,2145248,20,,left,saccade,55.0,,,,429.106,465.36,506.66,477.63199999999995,,,
218,2145272,496,3.4451080000000003,right,fixation,,55.0,537.9134799999998,466.535784,,,,,0.0,,
219,2145272,500,3.444996031746032,left,fixation,56.0,,527.546714285715,485.291626984127,,,,,0.0,,
220,2145772,20,,right,saccade,,55.0,,,499.625,469.663,408.499,455.452,,,
221,2145776,12,,left,saccade,56.0,,,,495.77099999999996,477.449,438.43699999999995,474.147,,,
222,2145792,372,3.449010869565217,left,fixation,57.0,,424.37548936170197,466.2649255319149,,,,,0.0,,
223,2145796,364,3.448833333333333,right,fixation,,56.0,419.235423913044,450.406423913043,,,,,0.0,,
224,2146164,24,,right,saccade,,56.0,,,414.344,439.171,648.91,441.18,,,
225,2146168,24,,left,saccade,57.0,,,,432.906,468.846,621.877,447.325,,,
226,2146192,776,3.5735076923076927,right,fixation,,57.0,660.9969794871797,436.554215384615,,,,,0.0,,
227,2146196,768,3.5736113989637297,left,fixation,58.0,,643.334445595854,451.362290155441,,,,,0.0,,
228,2146968,24,,left,saccade,58.0,,,,667.8530000000002,433.13599999999997,509.9,451.282,,,
229,2146972,20,,right,saccade,,57.0,,,655.945,440.161,559.003,453.736,,,
230,2146996,460,3.640582608695652,right,fixation,,58.0,541.784189655172,461.89906034482806,,,,,0.0,,
231,2146996,464,3.640668103448277,left,fixation,59.0,,529.50094017094,461.851333333333,,,,,0.0,,
232,2147460,24,,right,saccade,,58.0,,,538.072,465.853,755.0360000000003,468.255,,,
233,2147464,28,,left,saccade,59.0,,,,549.318,487.036,739.954,468.154,,,
234,2147488,468,3.6359829059829054,right,fixation,,59.0,764.503347457627,468.34890677966087,,,,,0.0,,
235,2147496,476,3.634504201680672,left,fixation,60.0,,767.384891666667,487.3076,,,,,4.0,13.890893423229318,30.65128067175669
236,2147960,4,,right,saccade,,59.0,,,800.502,484.019,800.502,491.88,,,
237,2147968,236,3.5321186440677965,right,fixation,,60.0,761.2257166666658,450.766183333333,,,,,0.0,,
238,2147976,16,,left,saccade,60.0,,,,785.4789999999997,510.204,738.7139999999997,479.959,,,
239,2147996,196,3.5273958333333333,left,fixation,61.0,,731.38226,469.6835,,,,,1.0,14.195057958474296,43.078107015048886
240,2148196,16,,left,saccade,61.0,,,,729.6039999999997,453.717,676.2860000000003,476.63199999999995,,,
241,2148208,4,,right,saccade,,60.0,,,683.408,425.86699999999996,680.5089999999999,426.91,,,
242,2148216,208,3.540701923076924,right,fixation,,61.0,666.948037735849,448.239490566038,,,,,0.0,,
243,2148216,212,3.5408773584905657,left,fixation,62.0,,645.732962962963,454.627055555555,,,,,0.0,,
244,2148428,24,,right,saccade,,61.0,,,665.1610000000003,437.73800000000006,855.602,451.67800000000005,,,
245,2148432,24,,left,saccade,62.0,,,,651.261,427.99199999999996,854.577,456.10400000000004,,,
246,2148456,476,3.603764705882353,right,fixation,,62.0,852.275375,457.239666666667,,,,,0.0,,
247,2148460,468,3.603824786324786,left,fixation,63.0,,856.623516949153,479.279838983051,,,,,1.0,16.464355021614985,50.14093781532221
248,2148932,20,,left,saccade,63.0,,,,897.257,511.415,764.9119999999997,477.94,,,
249,2148936,24,,right,saccade,,62.0,,,858.038,489.205,734.78,435.913,,,
250,2148956,480,3.6092041666666654,left,fixation,64.0,,767.470074380165,475.70812396694197,,,,,2.0,8.76085122965623,16.565860160611848
251,2148964,472,3.609533898305085,right,fixation,,63.0,765.9886890756302,449.972579831933,,,,,0.0,,
252,2149440,40,,right,saccade,,63.0,,,765.334,465.293,1344.506,383.23400000000004,,,
253,2149440,44,,left,saccade,64.0,,,,785.297,492.824,1348.037,434.42699999999996,,,
254,2149484,168,3.618845238095238,right,fixation,,64.0,1362.6352325581402,388.10786046511595,,,,,1.0,16.24149086359445,18.14036173839983
255,2149488,164,3.618134146341464,left,fixation,65.0,,1372.5313571428599,410.4443333333329,,,,,0.0,,
256,2149656,20,,left,saccade,65.0,,,,1390.713,414.98199999999997,1515.017,416.199,,,
257,2149656,20,,right,saccade,,64.0,,,1364.6770000000001,404.64300000000003,1524.4620000000002,412.00699999999995,,,
258,2149680,156,3.591743589743589,left,fixation,66.0,,1523.59585,392.8076,,,,,0.0,,
259,2149680,156,3.591743589743589,right,fixation,,65.0,1506.590275,385.465175,,,,,0.0,,
260,2149840,52,,left,saccade,66.0,,,,1513.6070000000002,392.55199999999996,710.6260000000003,448.092,,,
261,2149840,52,,right,saccade,,65.0,,,1533.1760000000006,370.778,751.316,426.119,,,
262,2149896,360,3.549888888888889,right,fixation,,66.0,704.922483516483,442.862406593406,,,,,0.0,,
263,2149896,364,3.549313186813187,left,fixation,67.0,,703.197576086956,428.997423913043,,,,,1.0,9.60449631393778,23.38764887713178
264,2150260,56,,right,saccade,,66.0,,,699.2130000000003,407.54400000000004,1487.1570000000006,412.79,,,
265,2150264,56,,left,saccade,67.0,,,,697.812,431.654,1507.424,401.30199999999996,,,
266,2150320,824,3.4421147342995173,right,fixation,,67.0,1491.36577294686,383.392975845411,,,,,0.0,,
267,2150324,824,3.4420591787439614,left,fixation,68.0,,1497.73880676328,408.7520434782609,,,,,1.0,9.175439621620338,26.536464817303735
268,2151148,68,,right,saccade,,67.0,,,1496.443,374.74300000000005,494.657,558.5269999999998,,,
269,2151152,64,,left,saccade,68.0,,,,1495.566,430.05,493.884,553.32,,,
270,2151220,152,3.5261710526315784,left,fixation,69.0,,476.255512820513,560.508564102564,,,,,0.0,,
271,2151220,856,3.527394859813084,right,fixation,,68.0,458.441190697674,598.835279069767,,,,,0.0,,
272,2151376,8,,left,saccade,69.0,,,,443.995,561.582,429.783,576.497,,,
273,2151388,692,3.5272023121387286,left,fixation,70.0,,432.785385057471,609.742448275862,,,,,0.0,,
274,2152080,20,,right,saccade,,68.0,,,447.316,618.263,543.069,624.15,,,
275,2152084,20,,left,saccade,70.0,,,,442.096,634.937,497.88300000000004,614.804,,,
276,2152104,419,3.5280144230769235,right,fixation,,69.0,541.173009433962,616.630773584906,,,,,0.0,,
277,2152108,407,3.527757425742574,left,fixation,71.0,,524.613281553398,615.332126213592,,,,,0.0,,
278,2152519,20,,left,saccade,71.0,,,,515.775,614.896,591.201,615.0459999999998,,,
279,2152527,16,,right,saccade,,69.0,,,555.212,630.149,617.425,629.403,,,
280,2152543,557,3.5865214285714284,left,fixation,72.0,,626.182778571429,606.405314285714,,,,,0.0,,
281,2152547,385,3.5776185567010312,right,fixation,,70.0,619.974546391752,619.9174432989689,,,,,0.0,,
282,2152936,4,,right,saccade,,70.0,,,625.965,607.434,628.26,604.91,,,
283,2152944,152,3.6080789473684223,right,fixation,,71.0,657.7681025641031,617.044051282051,,,,,0.0,,
284,2153100,20,,right,saccade,,71.0,,,649.493,622.024,560.107,621.624,,,
285,2153104,20,,left,saccade,72.0,,,,634.168,584.148,522.732,581.93,,,
286,2153124,348,3.565563218390804,right,fixation,,72.0,545.846454545454,624.474727272727,,,,,1.0,15.605725462862074,41.87809398719095
287,2153128,172,3.5632558139534884,left,fixation,73.0,,530.6831590909089,601.567840909091,,,,,1.0,10.647033034815117,22.548028738672482
288,2153304,4,,left,saccade,73.0,,,,536.185,590.82,536.185,610.2869999999998,,,
289,2153312,720,3.6108027777777787,left,fixation,74.0,,586.920182320442,603.813685082873,,,,,0.0,,
290,2153476,0,,right,saccade,,72.0,,,560.0,615.356,560.0,615.356,,,
291,2153480,144,3.599388888888889,right,fixation,,73.0,562.564783783784,620.860864864865,,,,,0.0,,
292,2153628,20,,right,saccade,,73.0,,,538.665,628.4580000000002,640.827,629.809,,,
293,2153652,380,3.6326631578947377,right,fixation,,74.0,638.764479166667,625.602833333333,,,,,0.0,,
294,2154036,20,,left,saccade,74.0,,,,642.7909999999998,614.553,718.98,622.354,,,
295,2154036,20,,right,saccade,,74.0,,,648.506,637.482,744.893,632.819,,,
296,2154060,603,3.654896666666666,left,fixation,75.0,,745.157059210527,637.550177631579,,,,,0.0,,
297,2154060,603,3.654896666666666,right,fixation,,75.0,767.428539473683,636.1163947368419,,,,,0.0,,
298,2154667,28,,left,saccade,75.0,,,,752.9780000000003,636.874,425.845,616.1,,,
299,2154667,32,,right,saccade,,75.0,,,801.875,644.83,471.392,618.765,,,
300,2154699,452,3.5846548672566376,left,fixation,76.0,,421.39639473684196,597.92597368421,,,,,2.0,11.1131057333376,24.8169265778292
301,2154703,448,3.584138392857143,right,fixation,,76.0,453.56386725663697,615.087123893805,,,,,0.0,,
302,2155155,36,,right,saccade,,76.0,,,447.29699999999997,631.835,880.785,623.679,,,
303,2155155,40,,left,saccade,76.0,,,,418.235,603.364,831.187,617.523,,,
304,2155195,560,3.680571428571428,right,fixation,,77.0,868.8660780141852,609.521453900709,,,,,0.0,,
305,2155199,556,3.680920863309353,left,fixation,77.0,,852.783028571429,630.89465,,,,,0.0,,
306,2155759,20,,left,saccade,77.0,,,,882.74,626.628,772.582,626.794,,,
307,2155759,20,,right,saccade,,77.0,,,888.5360000000003,633.262,779.7389999999997,637.131,,,
308,2155783,360,3.726611111111111,right,fixation,,78.0,774.86732967033,617.643648351648,,,,,0.0,,
309,2155783,364,3.726631868131866,left,fixation,78.0,,767.61775,629.051826086956,,,,,0.0,,
310,2156147,20,,right,saccade,,78.0,,,769.533,605.9209999999998,861.2189999999997,613.07,,,
311,2156151,20,,left,saccade,78.0,,,,787.212,653.401,868.221,632.1709999999998,,,
312,2156171,472,3.702559322033898,right,fixation,,79.0,855.457,620.247966386555,,,,,0.0,,
313,2156175,468,3.7024829059829054,left,fixation,79.0,,867.1495847457629,642.971322033898,,,,,2.0,8.09135002537336,20.133181850563236
314,2156647,24,,left,saccade,79.0,,,,862.796,643.994,662.575,641.614,,,
315,2156647,24,,right,saccade,,79.0,,,871.0930000000003,609.911,678.623,596.765,,,
316,2156675,180,3.696066666666667,right,fixation,,80.0,663.848434782609,613.717608695652,,,,,0.0,,
317,2156675,208,3.6924134615384623,left,fixation,80.0,,662.12620754717,612.606150943396,,,,,0.0,,
318,2156859,4,,right,saccade,,80.0,,,655.798,618.444,654.764,623.8919999999998,,,
319,2156867,16,3.667375,right,fixation,,81.0,653.2080000000002,641.2536,,,,,0.0,,
320,2156887,20,,left,saccade,80.0,,,,641.675,600.677,516.021,603.1080000000002,,,
321,2156887,24,,right,saccade,,81.0,,,651.7180000000002,649.8240000000002,516.939,645.832,,,
322,2156911,288,3.6603789473684207,left,fixation,81.0,,531.763726027398,604.414397260274,,,,,0.0,,
323,2156915,292,3.6606129032258066,right,fixation,,82.0,532.045878378379,615.721283783784,,,,,0.0,,
324,2157203,48,,left,saccade,81.0,,,,531.5740000000002,629.009,520.896,557.868,,,
325,2157211,52,,right,saccade,,82.0,,,527.601,619.475,576.942,610.867,,,
326,2157391,0,,right,fixation,,83.0,581.0790000000002,612.6469999999998,,,,,0.0,,
327,2157395,12,,right,saccade,,83.0,,,582.396,622.44,582.043,665.559,,,
328,2157411,284,3.7148768398268395,left,fixation,82.0,,603.648027777778,641.892791666667,,,,,1.0,10.581244927806091,20.813377549066967
329,2157411,296,3.7148768398268395,right,fixation,,84.0,608.8110933333339,661.206986666667,,,,,0.0,,
330,2157699,56,,left,saccade,82.0,,,,622.67,669.2660000000002,768.4110000000003,571.11,,,
331,2157711,40,,right,saccade,,84.0,,,616.1080000000002,657.735,758.091,613.837,,,
332,2157843,208,3.650391724941725,right,fixation,,85.0,744.0886037735851,651.37358490566,,,,,1.0,162.22312522863209,21.668136698848848
333,2157899,12,,left,fixation,83.0,,775.513,572.58375,,,,,0.0,,
334,2157915,12,,left,saccade,83.0,,,,775.513,591.434,771.0010000000003,624.109,,,
335,2157931,120,3.6503917249417253,left,fixation,84.0,,756.029580645162,666.848322580645,,,,,0.0,,
336,2158055,32,,left,saccade,84.0,,,,760.182,661.132,394.215,647.865,,,
337,2158055,32,,right,saccade,,85.0,,,743.172,668.1469999999998,450.973,646.048,,,
338,2158091,328,3.58455487804878,left,fixation,85.0,,404.3429156626509,617.823951807229,,,,,0.0,,
339,2158091,1028,3.5752898832684825,right,fixation,,86.0,437.079379844961,624.490937984496,,,,,0.0,,
340,2158423,8,,left,saccade,85.0,,,,403.845,588.538,435.43699999999995,584.0930000000002,,,
341,2158435,688,3.5715145348837205,left,fixation,86.0,,448.907971098266,602.1703468208091,,,,,1.0,9.448023441146017,18.19734917508592
342,2159123,32,,right,saccade,,86.0,,,448.535,623.372,793.2310000000001,654.408,,,
343,2159127,32,,left,saccade,86.0,,,,468.41900000000004,640.388,788.837,638.857,,,
344,2159159,148,3.6897162162162163,right,fixation,,87.0,784.5031578947369,656.963815789474,,,,,0.0,,
345,2159163,1468,3.746527173913044,left,fixation,87.0,,864.522002717391,631.1713831521749,,,,,1.0,10.148796487214062,33.108887099991705
346,2159311,16,,right,saccade,,87.0,,,769.925,651.523,831.715,647.3919999999998,,,
347,2159331,1300,3.7532055214723927,right,fixation,,88.0,861.424450920245,634.222883435583,,,,,0.0,,
348,2160635,32,,left,saccade,87.0,,,,834.3939999999999,629.086,478.16900000000004,620.5,,,
349,2160635,36,,right,saccade,,88.0,,,838.548,613.7,512.764,638.9019999999998,,,
350,2160671,88,3.684999999999999,left,fixation,88.0,,491.455608695652,630.315,,,,,0.0,,
351,2160675,904,3.604449115044248,right,fixation,,89.0,468.7238370044049,626.318259911894,,,,,0.0,,
352,2160763,12,,left,saccade,88.0,,,,493.506,627.087,490.142,581.341,,,
353,2160779,48,3.6634583333333333,left,fixation,89.0,,494.01099999999997,564.945384615385,,,,,0.0,,
354,2160831,12,,left,saccade,89.0,,,,499.23800000000006,571.441,500.61,624.378,,,
355,2160847,24,3.6420833333333333,left,fixation,90.0,,499.876285714286,637.689142857143,,,,,0.0,,
356,2160875,20,,left,saccade,90.0,,,,498.19,636.871,421.144,622.9209999999998,,,
357,2160899,604,3.587387417218544,left,fixation,91.0,,435.123157894737,604.785585526316,,,,,0.0,,
358,2161507,4,,left,saccade,91.0,,,,442.145,590.408,442.145,615.7180000000002,,,
359,2161515,72,3.565666666666667,left,fixation,92.0,,466.124,627.179789473684,,,,,0.0,,
360,2161583,40,,right,saccade,,89.0,,,435.111,626.07,810.1039999999997,615.569,,,
361,2161591,32,,left,saccade,92.0,,,,482.76199999999994,623.038,801.5089999999999,614.991,,,
362,2161627,380,3.656,right,fixation,,90.0,843.405802083333,620.037229166667,,,,,0.0,,
363,2161627,384,3.656364583333333,left,fixation,93.0,,827.418948453609,627.528835051546,,,,,0.0,,
364,2162011,40,,right,saccade,,90.0,,,865.49,610.881,473.14099999999996,623.553,,,
365,2162015,32,,left,saccade,93.0,,,,830.457,630.068,475.13599999999997,607.942,,,
366,2162051,408,3.656906862745098,left,fixation,94.0,,464.52960194174796,606.740300970874,,,,,0.0,,
367,2162055,400,3.6567849999999997,right,fixation,,91.0,448.74282178217794,612.448782178218,,,,,0.0,,
368,2162459,32,,right,saccade,,91.0,,,445.23400000000004,623.393,810.298,627.035,,,
369,2162463,32,,left,saccade,94.0,,,,450.444,624.8580000000002,800.66,625.276,,,
370,2162495,572,3.714685314685315,right,fixation,,92.0,850.3129444444452,622.4659027777781,,,,,0.0,,
371,2162499,572,3.7149790209790208,left,fixation,95.0,,867.6328055555548,633.739486111111,,,,,0.0,,
372,2163071,24,,right,saccade,,92.0,,,887.312,629.2130000000002,742.677,635.361,,,
373,2163075,20,,left,saccade,95.0,,,,864.332,629.2959999999998,781.548,632.842,,,
374,2163099,44,3.7001818181818176,left,fixation,96.0,,770.0560833333342,626.941,,,,,0.0,,
375,2163099,44,3.7001818181818176,right,fixation,,93.0,744.18675,639.197166666667,,,,,0.0,,
376,2163147,28,,left,saccade,96.0,,,,768.7719999999997,620.2669999999998,463.24300000000005,612.068,,,
377,2163147,32,,right,saccade,,93.0,,,747.225,626.3009999999998,477.392,607.55,,,
378,2163179,176,3.628306818181818,left,fixation,97.0,,455.84,569.6782,,,,,1.0,18.33191961594737,44.074825490295495
379,2163183,1836,3.583065359477124,right,fixation,,94.0,474.673384782608,616.115008695652,,,,,1.0,12.896964441509304,27.03943268635641
380,2163359,0,,left,saccade,97.0,,,,413.43800000000016,571.9830000000002,413.43800000000016,571.9830000000002,,,
381,2163363,1648,3.5783337378640776,left,fixation,98.0,,463.782912832929,593.26388377724,,,,,1.0,8.558653458796996,22.312142568565637
382,2165015,20,,left,saccade,98.0,,,,535.284,616.717,462.77,585.259,,,
383,2165023,8,,right,saccade,,94.0,,,518.464,624.86,488.347,622.762,,,
384,2165035,468,3.5872136752136763,right,fixation,,95.0,447.388457627119,614.47227118644,,,,,0.0,,
385,2165039,476,3.5881848739495803,left,fixation,99.0,,454.7702083333329,594.552858333333,,,,,0.0,,
386,2165507,12,,right,saccade,,95.0,,,451.006,631.492,503.222,621.337,,,
387,2165519,4,,left,saccade,99.0,,,,494.73699999999997,585.125,507.25,585.125,,,
388,2165523,183,3.642655555555556,right,fixation,,96.0,528.922021276596,622.032936170213,,,,,0.0,,
389,2165527,183,3.6431,left,fixation,100.0,,530.681085106383,592.193936170212,,,,,0.0,,
390,2165710,16,,right,saccade,,96.0,,,537.4590000000002,626.956,629.78,609.173,,,
391,2165714,12,,left,saccade,100.0,,,,556.7090000000002,587.03,616.422,587.03,,,
392,2165730,228,3.696210526315789,left,fixation,101.0,,640.152396551724,611.978206896552,,,,,0.0,,
393,2165730,232,3.6967672413793102,right,fixation,,97.0,628.607983050847,626.858474576271,,,,,0.0,,
394,2165962,20,,left,saccade,101.0,,,,636.865,604.977,725.0110000000003,617.8290000000002,,,
395,2165966,20,,right,saccade,,97.0,,,636.4590000000002,607.904,724.705,598.207,,,
396,2165986,517,3.7369115384615386,left,fixation,102.0,,745.090138461539,623.6672307692311,,,,,0.0,,
397,2165990,513,3.736821705426357,right,fixation,,98.0,741.178356589147,608.212914728682,,,,,0.0,,
398,2166507,20,,right,saccade,,98.0,,,746.253,645.086,837.328,642.817,,,
399,2166507,32,,left,saccade,102.0,,,,735.1489999999999,599.428,840.5269999999997,647.452,,,
400,2166531,352,3.719244318181818,right,fixation,,99.0,844.982,594.194730337078,,,,,0.0,,
401,2166543,340,3.719958823529412,left,fixation,103.0,,847.7193837209302,628.819627906977,,,,,0.0,,
402,2166887,24,,left,saccade,103.0,,,,849.209,641.9259999999998,656.462,649.434,,,
403,2166887,28,,right,saccade,,99.0,,,850.373,592.34,644.561,598.547,,,
404,2166915,440,3.7306363636363638,left,fixation,104.0,,639.068684684685,622.308675675675,,,,,0.0,,
405,2166919,432,3.7304444444444447,right,fixation,,100.0,630.874394495413,611.545027522936,,,,,0.0,,
406,2167355,24,,right,saccade,,100.0,,,636.505,593.877,509.25300000000004,613.297,,,
407,2167359,20,,left,saccade,104.0,,,,633.2819999999998,618.095,533.705,609.188,,,
408,2167383,607,3.7573841059602655,left,fixation,105.0,,529.405679738562,602.2907712418299,,,,,0.0,,
409,2167383,611,3.757582236842105,right,fixation,,101.0,526.944681818182,610.614564935065,,,,,0.0,,
410,2167994,20,,left,saccade,105.0,,,,536.1469999999998,627.112,438.23,623.7,,,
411,2167998,20,,right,saccade,,101.0,,,514.83,638.8919999999998,408.86,629.0509999999998,,,
412,2168018,385,3.755216494845361,left,fixation,106.0,,457.283577319588,612.31937113402,,,,,0.0,,
413,2168022,381,3.7550625,right,fixation,,102.0,450.865125,624.1258229166671,,,,,1.0,19.42432173276013,23.613430966295443
414,2168407,20,,left,saccade,106.0,,,,460.11199999999997,593.11,530.742,606.984,,,
415,2168407,20,,right,saccade,,102.0,,,471.908,655.556,542.175,653.9580000000002,,,
416,2168431,220,3.7687363636363633,left,fixation,107.0,,546.6443214285711,602.18825,,,,,0.0,,
417,2168431,471,3.762764957264957,right,fixation,,103.0,600.0075882352941,598.5438151260511,,,,,1.0,17.403615873496598,52.56229433729083
418,2168655,20,,left,saccade,107.0,,,,549.234,592.5790000000002,649.561,608.159,,,
419,2168679,500,3.7598609138257575,left,fixation,108.0,,654.13330952381,630.222912698413,,,,,1.0,16.93150290713864,35.776309312169026
420,2168906,0,,right,saccade,,103.0,,,635.634,604.129,635.634,604.129,,,
421,2168910,253,3.764555069930069,right,fixation,,104.0,620.3045625,600.054296875,,,,,0.0,,
422,2169167,20,,right,saccade,,104.0,,,623.158,605.933,719.819,653.143,,,
423,2169183,48,,left,saccade,108.0,,,,658.68,633.039,717.336,614.44,,,
424,2169191,0,,right,fixation,,105.0,719.819,653.143,,,,,0.0,,
425,2169195,40,,right,saccade,,105.0,,,719.819,653.143,758.27,623.054,,,
426,2169266,188,,right,fixation,,106.0,757.651916666667,643.0925,,,,,0.0,,
427,2169302,148,,left,fixation,109.0,,784.8778157894742,615.589868421053,,,,,1.0,9.157466586222293,10.699762847839171
428,2169454,48,,left,saccade,109.0,,,,799.04,652.502,812.188,543.085,,,
429,2169458,40,,right,saccade,,106.0,,,752.796,647.9,746.755,566.881,,,
430,2169618,0,,right,fixation,,107.0,763.1669999999997,566.881,,,,,0.0,,
431,2169622,16,,right,saccade,,107.0,,,763.1669999999997,566.881,816.068,575.063,,,
432,2169642,8,,right,fixation,,108.0,822.982333333333,587.979333333333,,,,,0.0,,
433,2169654,0,,right,saccade,,108.0,,,827.178,606.043,827.178,606.043,,,
434,2169654,8,,left,fixation,110.0,,823.951,550.850333333333,,,,,0.0,,
435,2169658,104,,right,fixation,,109.0,839.022555555556,643.069037037037,,,,,0.0,,
436,2169666,4,,left,saccade,110.0,,,,834.564,566.523,836.941,574.994,,,
437,2169674,0,,left,fixation,111.0,,840.487,586.891,,,,,0.0,,
438,2169678,4,,left,saccade,111.0,,,,841.692,597.648,841.692,613.9159999999998,,,
439,2169686,80,,left,fixation,112.0,,839.0669047619051,651.812095238095,,,,,0.0,,
440,2169766,28,,right,saccade,,109.0,,,842.452,627.576,678.597,608.461,,,
441,2169770,24,,left,saccade,112.0,,,,828.998,653.245,683.14,616.865,,,
442,2169798,188,3.7280147813835764,left,fixation,113.0,,687.9886041666672,647.223729166667,,,,,0.0,,
443,2169798,236,3.728014781383575,right,fixation,,110.0,678.387,612.743416666667,,,,,0.0,,
444,2169990,4,,left,saccade,113.0,,,,681.748,631.352,681.817,622.298,,,
445,2169998,28,,left,fixation,114.0,,682.688875,612.92575,,,,,0.0,,
446,2170030,48,,left,saccade,114.0,,,,683.555,612.07,633.951,602.844,,,
447,2170038,56,,right,saccade,,110.0,,,675.199,621.977,639.3480000000002,624.395,,,
448,2170202,364,3.632391162287772,right,fixation,,111.0,638.528152173913,621.615130434782,,,,,0.0,,
449,2170210,356,3.6323911622877714,left,fixation,115.0,,652.952155555555,630.008477777778,,,,,0.0,,
450,2170570,20,,left,saccade,115.0,,,,656.4580000000002,630.991,532.815,634.44,,,
451,2170570,24,,right,saccade,,111.0,,,649.057,619.951,535.623,612.371,,,
452,2170594,840,3.5499119047619048,left,fixation,116.0,,594.036312796208,617.677763033175,,,,,2.0,12.101832893227613,31.53869962907323
453,2170598,832,3.5492596153846154,right,fixation,,112.0,589.976167464115,614.159296650718,,,,,1.0,9.539592004436592,20.404907497952415
454,2171434,20,,right,saccade,,112.0,,,660.544,613.369,750.997,618.823,,,
455,2171438,16,,left,saccade,116.0,,,,690.37,639.715,765.203,633.409,,,
456,2171458,248,3.7106129032258064,left,fixation,117.0,,764.627857142857,614.783523809523,,,,,0.0,,
457,2171458,248,3.7106129032258064,right,fixation,,113.0,763.3066666666672,589.326253968254,,,,,0.0,,
458,2171710,20,,left,saccade,117.0,,,,765.428,618.115,871.628,619.47,,,
459,2171710,20,,right,saccade,,113.0,,,753.8,546.756,879.873,543.141,,,
460,2171734,356,3.7981685393258418,left,fixation,118.0,,877.291844444444,616.7160444444439,,,,,0.0,,
461,2171734,356,3.7981685393258418,right,fixation,,114.0,874.760577777778,586.803133333333,,,,,0.0,,
462,2172094,20,,left,saccade,118.0,,,,892.3639999999997,629.8240000000002,789.7389999999997,621.5980000000002,,,
463,2172094,20,,right,saccade,,114.0,,,888.2489999999997,606.424,773.315,613.788,,,
464,2172118,400,3.824975,left,fixation,119.0,,773.542405940594,627.1675940594059,,,,,0.0,,
465,2172118,400,3.824975,right,fixation,,115.0,750.6666138613858,619.438435643564,,,,,0.0,,
466,2172522,20,,left,saccade,119.0,,,,767.778,613.105,636.387,610.8009999999998,,,
467,2172522,20,,right,saccade,,115.0,,,764.659,607.85,652.431,612.6,,,
468,2172546,256,3.8354453125,left,fixation,120.0,,648.995876923076,601.740030769231,,,,,0.0,,
469,2172546,260,3.8354461538461537,right,fixation,,116.0,660.581106060606,620.9019848484851,,,,,0.0,,
470,2172806,20,,left,saccade,120.0,,,,665.323,597.761,562.47,598.3290000000002,,,
471,2172810,20,,right,saccade,,116.0,,,666.303,638.769,521.501,634.669,,,
472,2172830,632,3.8180221518987336,left,fixation,121.0,,566.503924528302,628.320962264151,,,,,0.0,,
473,2172834,628,3.818031847133758,right,fixation,,117.0,543.129791139241,638.793943037974,,,,,1.0,13.165594312871384,31.973670073984383
474,2173466,20,,left,saccade,121.0,,,,571.827,615.925,663.2339999999998,610.187,,,
475,2173466,20,,right,saccade,,117.0,,,572.025,649.446,680.605,638.577,,,
476,2173490,576,3.7751215277777774,left,fixation,122.0,,670.5707724137931,619.922937931035,,,,,0.0,,
477,2173490,576,3.7751215277777774,right,fixation,,118.0,667.791289655172,587.922441379311,,,,,0.0,,
478,2174070,20,,left,saccade,122.0,,,,682.2560000000002,620.68,762.5980000000003,621.265,,,
479,2174070,20,,right,saccade,,118.0,,,671.959,571.855,785.355,581.813,,,
480,2174094,292,3.7464565217391295,right,fixation,,119.0,776.012878378378,591.2592567567569,,,,,0.0,,
481,2174094,300,3.7464565217391295,left,fixation,123.0,,783.8276052631578,624.29375,,,,,0.0,,
482,2174390,8,,right,saccade,,119.0,,,765.36,600.077,758.3989999999999,621.106,,,
483,2174398,60,,left,saccade,123.0,,,,782.6569999999997,614.745,837.062,604.9119999999998,,,
484,2174402,4,,right,fixation,,120.0,753.6825,637.5555,,,,,0.0,,
485,2174410,48,,right,saccade,,120.0,,,751.8710000000003,638.624,833.765,608.644,,,
486,2174582,216,3.74210824742268,right,fixation,,121.0,837.7592,639.908236363636,,,,,0.0,,
487,2174622,172,3.74210824742268,left,fixation,124.0,,859.6441590909088,653.671977272727,,,,,0.0,,
488,2174798,80,,left,saccade,124.0,,,,849.071,673.4960000000002,846.205,642.626,,,
489,2174802,40,,right,saccade,,121.0,,,834.2739999999999,631.508,843.8960000000003,600.115,,,
490,2174982,1172,3.702536373149368,right,fixation,,122.0,773.040088435372,632.330782312926,,,,,1.0,12.17636514477486,35.88628006634281
491,2175038,96,3.7599704779756333,left,fixation,125.0,,836.3096400000003,658.6491599999998,,,,,0.0,,
492,2175138,16,,left,saccade,125.0,,,,839.1310000000003,655.6289999999998,749.693,655.56,,,
493,2175158,992,3.6986693548387097,left,fixation,126.0,,766.344441767068,655.654710843374,,,,,0.0,,
494,2176154,28,,left,saccade,126.0,,,,773.243,664.3760000000002,450.214,657.471,,,
495,2176158,28,,right,saccade,,122.0,,,764.7439999999997,642.408,460.2,639.315,,,
496,2176186,448,3.694128318584071,left,fixation,127.0,,444.309079646017,630.552389380531,,,,,0.0,,
497,2176190,448,3.694101769911504,right,fixation,,123.0,443.692097345133,615.5758407079641,,,,,0.0,,
498,2176638,24,,left,saccade,127.0,,,,464.009,650.436,384.712,584.87,,,
499,2176642,20,,right,saccade,,123.0,,,462.041,635.929,410.61400000000003,553.443,,,
500,2176666,252,3.6070793650793656,left,fixation,128.0,,403.80075,562.93440625,,,,,0.0,,
501,2176666,252,3.6070793650793656,right,fixation,,124.0,418.622234375,560.2805625,,,,,0.0,,
502,2176922,56,,right,saccade,,124.0,,,428.163,579.305,1219.599,600.868,,,
503,2176922,64,,left,saccade,128.0,,,,408.724,567.16,1257.151,619.25,,,
504,2176982,1024,3.62443359375,right,fixation,,125.0,1314.63264980545,588.602435797666,,,,,2.0,12.907895459641544,36.84952420942662
505,2176990,1016,3.6242145669291337,left,fixation,129.0,,1327.27545490196,604.185847058824,,,,,0.0,,
506,2178010,52,,left,saccade,129.0,,,,1323.3020000000001,627.991,631.081,704.997,,,
507,2178010,52,,right,saccade,,125.0,,,1350.134,587.344,670.2739999999999,675.457,,,
508,2178066,108,3.587703703703704,left,fixation,130.0,,622.621178571428,704.943964285714,,,,,0.0,,
509,2178066,112,3.588375,right,fixation,,126.0,638.026172413793,686.366068965517,,,,,0.0,,
510,2178178,20,,left,saccade,130.0,,,,619.81,689.8480000000003,547.133,738.793,,,
511,2178182,16,,right,saccade,,126.0,,,616.259,706.717,561.178,730.123,,,
512,2178202,192,3.570864583333333,left,fixation,131.0,,532.497163265306,749.7943469387759,,,,,0.0,,
513,2178202,192,3.570864583333333,right,fixation,,127.0,538.178959183674,739.121285714285,,,,,0.0,,
514,2178398,20,,left,saccade,131.0,,,,537.89,763.495,434.601,759.2869999999997,,,
515,2178398,20,,right,saccade,,127.0,,,518.94,710.508,458.70300000000003,710.383,,,
516,2178422,588,3.5517432432432425,right,fixation,,128.0,438.731060810811,741.4100067567571,,,,,0.0,,
517,2178422,592,3.5516912751677854,left,fixation,132.0,,438.87503355704695,748.011825503355,,,,,0.0,,
518,2179014,24,,right,saccade,,128.0,,,412.74800000000016,717.1060000000001,632.314,745.4960000000003,,,
519,2179018,28,,left,saccade,132.0,,,,451.449,790.352,634.249,790.352,,,
520,2179042,88,3.607863636363637,right,fixation,,129.0,634.861782608696,756.095,,,,,0.0,,
521,2179050,628,3.627385350318471,left,fixation,133.0,,558.874183544304,749.7787278481012,,,,,1.0,8.571527884675982,22.221345593820356
522,2179134,20,,right,saccade,,129.0,,,650.622,752.455,560.4630000000002,752.3789999999997,,,
523,2179158,188,3.6218936170212763,right,fixation,,130.0,552.762270833333,712.8691458333328,,,,,0.0,,
524,2179350,0,,right,saccade,,130.0,,,581.864,722.685,581.864,722.685,,,
525,2179354,0,,right,fixation,,131.0,582.155,736.4630000000003,,,,,0.0,,
526,2179358,0,,right,saccade,,131.0,,,584.5369999999998,746.7860000000003,584.5369999999998,746.7860000000003,,,
527,2179362,312,3.6345384615384617,right,fixation,,132.0,553.701202531646,748.7320886075951,,,,,1.0,10.53580933979184,34.59826958100649
528,2179678,28,,right,saccade,,132.0,,,544.406,731.975,689.8539999999997,736.1469999999997,,,
529,2179682,28,,left,saccade,133.0,,,,535.298,764.41,706.373,765.289,,,
530,2179710,408,3.684852941176471,right,fixation,,133.0,729.71667961165,750.4896699029117,,,,,1.0,15.725349910433009,45.90053685960545
531,2179714,200,3.6678599999999992,left,fixation,134.0,,693.6233137254901,751.2643725490201,,,,,0.0,,
532,2179918,4,,left,saccade,134.0,,,,705.904,726.9,723.056,724.4730000000003,,,
533,2179926,196,3.7028673469387763,left,fixation,135.0,,765.5519400000003,735.58016,,,,,0.0,,
534,2180122,20,,right,saccade,,133.0,,,771.528,752.967,850.303,769.179,,,
535,2180126,20,,left,saccade,135.0,,,,772.311,746.6460000000003,881.15,736.095,,,
536,2180146,108,3.6935555555555566,right,fixation,,134.0,862.2211428571429,786.713214285714,,,,,0.0,,
537,2180150,180,3.686633333333333,left,fixation,136.0,,881.270347826087,743.83402173913,,,,,0.0,,
538,2180258,4,,right,saccade,,134.0,,,878.252,785.1,878.115,770.046,,,
539,2180266,60,3.676633333333333,right,fixation,,135.0,876.8965625,737.7588125,,,,,0.0,,
540,2180330,32,,right,saccade,,135.0,,,877.7689999999999,758.945,676.1,770.3330000000003,,,
541,2180334,24,,left,saccade,136.0,,,,871.3580000000003,755.502,676.86,759.987,,,
542,2180362,311,3.6386038961038967,left,fixation,137.0,,659.554962025317,761.538683544304,,,,,0.0,,
543,2180366,307,3.6380789473684216,right,fixation,,136.0,667.22991025641,754.2783205128212,,,,,0.0,,
544,2180677,24,,left,saccade,137.0,,,,681.118,781.4910000000001,452.41,764.548,,,
545,2180677,24,,right,saccade,,136.0,,,655.73,775.904,447.925,770.801,,,
546,2180705,461,3.5904568965517245,right,fixation,,137.0,446.22617241379305,761.6077844827589,,,,,0.0,,
547,2180705,465,3.5906880341880343,left,fixation,138.0,,433.06408547008596,751.709521367522,,,,,2.0,10.593894437192208,26.205827924440165
548,2181170,20,,right,saccade,,137.0,,,454.54699999999997,768.418,533.023,742.3380000000003,,,
549,2181174,16,,left,saccade,138.0,,,,431.99,750.878,498.24199999999996,742.365,,,
550,2181194,411,3.638553921568628,left,fixation,139.0,,530.6386730769229,747.2236730769231,,,,,1.0,10.06894256419769,21.718879022638408
551,2181194,411,3.638553921568628,right,fixation,,138.0,525.425903846154,735.3404807692308,,,,,0.0,,
552,2181609,20,,right,saccade,,138.0,,,552.635,744.4780000000003,653.0509999999998,749.8389999999997,,,
553,2181609,24,,left,saccade,139.0,,,,529.0169999999998,750.155,649.016,756.459,,,
554,2181633,168,3.688595238095238,right,fixation,,139.0,645.519093023256,742.6102093023261,,,,,0.0,,
555,2181637,168,3.6898928571428575,left,fixation,140.0,,631.554,744.387325581395,,,,,0.0,,
556,2181805,24,,right,saccade,,139.0,,,639.734,734.732,749.797,762.618,,,
557,2181809,24,,left,saccade,140.0,,,,615.479,734.553,768.813,754.702,,,
558,2181833,245,3.7298387096774186,right,fixation,,140.0,768.894741935484,759.997870967742,,,,,0.0,,
559,2181837,245,3.7300725806451607,left,fixation,141.0,,764.730483870968,758.278919354838,,,,,0.0,,
560,2182082,20,,right,saccade,,140.0,,,776.9110000000003,740.697,682.2919999999998,723.674,,,
561,2182086,20,,left,saccade,141.0,,,,755.0830000000003,777.132,680.576,762.605,,,
562,2182106,632,3.7027911392405057,right,fixation,,141.0,652.938679245283,753.717641509435,,,,,0.0,,
563,2182110,628,3.7025254777070074,left,fixation,142.0,,658.090803797469,752.725639240507,,,,,0.0,,
564,2182742,24,,left,saccade,142.0,,,,658.947,753.041,785.326,769.8510000000001,,,
565,2182742,24,,right,saccade,,141.0,,,646.631,725.693,760.5980000000003,731.8530000000003,,,
566,2182770,356,3.718797752808989,right,fixation,,142.0,780.386177777777,764.0469,,,,,0.0,,
567,2182770,360,3.7185777777777775,left,fixation,143.0,,790.318857142857,771.2731758241762,,,,,0.0,,
568,2183130,24,,right,saccade,,142.0,,,781.788,788.467,684.1310000000002,790.575,,,
569,2183134,20,,left,saccade,143.0,,,,768.175,760.977,686.2639999999999,772.107,,,
570,2183158,179,3.7035897435897436,left,fixation,144.0,,673.826826086957,770.049195652174,,,,,0.0,,
571,2183158,191,3.7035897435897436,right,fixation,,143.0,656.706612244898,766.1648367346941,,,,,0.0,,
572,2183341,96,,left,saccade,144.0,,,,647.487,755.9060000000003,617.823,723.177,,,
573,2183353,52,,right,saccade,,143.0,,,636.4209999999998,772.74,629.629,688.916,,,
574,2183481,32,,right,fixation,,144.0,620.986222222222,681.996888888889,,,,,0.0,,
575,2183517,20,,right,saccade,,144.0,,,618.148,696.675,621.298,765.793,,,
576,2183541,496,3.6808445824706695,right,fixation,,145.0,588.2035440000002,771.616904,,,,,1.0,10.240259179120176,24.14748634951455
577,2183557,112,3.687731677018634,left,fixation,145.0,,637.419068965517,794.7952068965518,,,,,0.0,,
578,2183673,12,,left,saccade,145.0,,,,629.189,796.196,628.486,757.1460000000003,,,
579,2183689,348,3.679804597701149,left,fixation,146.0,,567.457522727273,748.064897727273,,,,,1.0,10.295574487505641,35.53412480982192
580,2184041,24,,right,saccade,,145.0,,,574.036,785.434,768.2439999999997,805.8580000000003,,,
581,2184041,28,,left,saccade,146.0,,,,562.107,763.5360000000003,736.6089999999997,756.388,,,
582,2184069,208,3.6585480769230765,right,fixation,,146.0,764.662471698113,806.189962264151,,,,,0.0,,
583,2184073,208,3.658817307692308,left,fixation,147.0,,763.9146226415089,763.023962264151,,,,,0.0,,
584,2184281,24,,right,saccade,,146.0,,,768.819,760.705,890.4069999999997,750.1569999999997,,,
585,2184285,20,,left,saccade,147.0,,,,757.387,770.3689999999997,843.2360000000001,779.5,,,
586,2184309,496,3.6919879032258063,left,fixation,148.0,,860.4034320000003,773.489336,,,,,0.0,,
587,2184309,496,3.6919879032258063,right,fixation,,147.0,868.93924,776.6650560000011,,,,,0.0,,
588,2184809,24,,left,saccade,148.0,,,,859.329,773.433,702.046,765.982,,,
589,2184809,28,,right,saccade,,147.0,,,870.569,764.862,700.8480000000003,757.677,,,
590,2184837,928,3.7033383620689655,left,fixation,149.0,,598.0252231759661,754.314974248927,,,,,2.0,16.629843311689097,40.719692326097004
591,2184841,148,3.678027027027027,right,fixation,,148.0,705.555684210526,764.302157894737,,,,,0.0,,
592,2184993,20,,right,saccade,,148.0,,,700.095,804.6189999999997,612.215,793.903,,,
593,2185017,744,3.709631720430108,right,fixation,,149.0,559.698657754011,750.231812834225,,,,,1.0,12.421941140354994,32.466465298827856
594,2185765,20,,right,saccade,,149.0,,,544.5,733.6569999999997,623.064,737.175,,,
595,2185769,20,,left,saccade,149.0,,,,550.528,739.513,657.14,741.3889999999999,,,
596,2185789,544,3.725762867647058,right,fixation,,150.0,638.759313868614,761.683175182482,,,,,2.0,162.08465595946734,486.20529029345323
597,2185793,540,3.725727777777778,left,fixation,150.0,,658.963610294118,753.585095588235,,,,,2.0,165.7957588885809,493.69012659140236
598,2186337,24,,left,saccade,150.0,,,,650.451,749.539,471.145,746.7869999999997,,,
599,2186337,28,,right,saccade,,150.0,,,640.212,767.5880000000003,464.49699999999996,780.615,,,
600,2186365,436,3.676788990825688,left,fixation,151.0,,456.001018181818,747.459427272727,,,,,0.0,,
601,2186369,844,3.6659715639810417,right,fixation,,151.0,494.683778301887,756.6518584905659,,,,,1.0,13.415714289179276,42.11696599946396
602,2186805,24,,left,saccade,151.0,,,,440.256,744.663,547.222,742.438,,,
603,2186833,380,3.652331578947369,left,fixation,152.0,,540.69146875,742.3742708333342,,,,,0.0,,
604,2187217,20,,left,saccade,152.0,,,,531.034,734.8580000000003,607.187,745.337,,,
605,2187217,20,,right,saccade,,151.0,,,525.061,728.6089999999997,619.395,733.552,,,
606,2187241,372,3.648725806451613,right,fixation,,152.0,638.864361702128,764.634308510638,,,,,0.0,,
607,2187241,384,3.6497552083333336,left,fixation,153.0,,642.35693814433,752.340865979381,,,,,0.0,,
608,2187617,16,,right,saccade,,152.0,,,643.631,736.89,566.2230000000002,738.2310000000001,,,
609,2187629,12,,left,saccade,153.0,,,,617.508,741.2180000000003,574.846,724.47,,,
610,2187637,256,3.673515625,right,fixation,,153.0,558.554646153847,763.2682769230769,,,,,0.0,,
611,2187645,544,3.6700992647058825,left,fixation,154.0,,597.805540145985,735.301861313869,,,,,1.0,10.956647796860313,26.458402257128053
612,2187897,20,,right,saccade,,153.0,,,561.128,761.721,642.33,727.39,,,
613,2187921,264,3.667886363636364,right,fixation,,154.0,649.179641791045,750.076208955224,,,,,0.0,,
614,2188189,20,,right,saccade,,154.0,,,631.2330000000002,781.308,557.174,778.387,,,
615,2188193,4,,left,saccade,154.0,,,,598.068,733.5169999999997,594.225,733.367,,,
616,2188201,308,3.6688506493506488,left,fixation,155.0,,558.148589743589,730.295320512821,,,,,0.0,,
617,2188213,296,3.6690135135135127,right,fixation,,155.0,541.8779466666671,748.838533333334,,,,,1.0,16.631465253314893,37.777163485365044
618,2188513,24,,left,saccade,155.0,,,,567.379,735.3960000000003,693.7460000000003,738.326,,,
619,2188513,24,,right,saccade,,155.0,,,533.631,742.773,717.0089999999999,733.829,,,
620,2188541,148,3.6883648648648646,right,fixation,,156.0,717.7382368421049,753.636236842105,,,,,0.0,,
621,2188541,416,3.697576923076924,left,fixation,156.0,,745.3767904761902,725.861752380952,,,,,0.0,,
622,2188693,12,,right,saccade,,156.0,,,710.814,758.565,772.064,761.4989999999997,,,
623,2188709,244,3.7035491803278684,right,fixation,,157.0,772.745951612903,764.080612903226,,,,,0.0,,
624,2188957,20,,right,saccade,,157.0,,,753.582,733.2660000000003,887.0260000000003,728.466,,,
625,2188961,20,,left,saccade,156.0,,,,777.1419999999997,713.8330000000003,891.847,744.0,,,
626,2188981,636,3.702367924528301,right,fixation,,158.0,870.09088125,753.3699625,,,,,0.0,,
627,2188985,628,3.702573248407644,left,fixation,157.0,,882.997234177215,751.351234177215,,,,,0.0,,
628,2189617,20,,left,saccade,157.0,,,,869.952,752.4010000000003,770.7560000000003,759.064,,,
629,2189621,20,,right,saccade,,158.0,,,859.4730000000003,772.677,776.633,773.1560000000003,,,
630,2189641,316,3.64928125,left,fixation,158.0,,766.370325,758.6913375,,,,,0.0,,
631,2189645,316,3.64894375,right,fixation,,159.0,751.1679375,756.2812875,,,,,0.0,,
632,2189961,20,,left,saccade,158.0,,,,758.296,762.5880000000003,658.698,747.076,,,
633,2189965,20,,right,saccade,,159.0,,,739.758,742.534,660.913,739.821,,,
634,2189985,276,3.624717391304348,left,fixation,159.0,,657.9349285714289,747.3608571428571,,,,,0.0,,
635,2189989,264,3.62419696969697,right,fixation,,160.0,650.743746268656,748.52532835821,,,,,0.0,,
636,2190257,20,,right,saccade,,160.0,,,639.817,730.8439999999997,550.606,710.2869999999997,,,
637,2190265,12,,left,saccade,159.0,,,,634.3330000000002,750.5,586.432,751.921,,,
638,2190281,252,3.6016935483870958,right,fixation,,161.0,550.295984375,723.545328125,,,,,1.0,8.566244924767865,22.33338760689936
639,2190281,1160,3.5837327586206897,left,fixation,160.0,,553.633216494846,742.972443298969,,,,,0.0,,
640,2190537,0,,right,saccade,,161.0,,,520.846,737.995,520.846,737.995,,,
641,2190541,900,3.57875,right,fixation,,162.0,545.1489778761061,752.587716814159,,,,,0.0,,
642,2191445,20,,left,saccade,160.0,,,,554.525,760.8389999999997,626.8340000000002,751.452,,,
643,2191445,20,,right,saccade,,162.0,,,566.349,753.298,617.429,778.1210000000003,,,
644,2191469,564,3.6047340425531913,right,fixation,,163.0,648.210028169014,785.641845070422,,,,,0.0,,
645,2191469,568,3.6048591549295774,left,fixation,161.0,,640.149237762238,747.0332237762241,,,,,0.0,,
646,2192037,32,,right,saccade,,163.0,,,648.703,751.666,413.269,721.498,,,
647,2192041,24,,left,saccade,161.0,,,,634.17,769.541,410.652,754.836,,,
648,2192069,472,3.57281779661017,left,fixation,162.0,,425.03909243697404,742.1543193277299,,,,,0.0,,
649,2192073,468,3.5727051282051283,right,fixation,,164.0,440.06925423728796,761.10927118644,,,,,0.0,,
650,2192545,20,,right,saccade,,164.0,,,470.19800000000004,771.998,620.075,789.7,,,
651,2192545,24,,left,saccade,162.0,,,,431.851,740.258,629.339,751.304,,,
652,2192569,124,3.5702258064516124,right,fixation,,165.0,632.2105,790.14946875,,,,,0.0,,
653,2192573,212,3.5707735849056603,left,fixation,163.0,,627.498074074074,740.935629629629,,,,,0.0,,
654,2192697,12,,right,saccade,,165.0,,,654.114,786.8560000000001,652.122,745.6610000000003,,,
655,2192713,36,3.5720555555555564,right,fixation,,166.0,644.9428,733.225,,,,,0.0,,
656,2192753,8,,right,saccade,,166.0,,,636.096,749.758,630.568,770.237,,,
657,2192765,20,3.567,right,fixation,,167.0,626.6325,792.1543333333328,,,,,0.0,,
658,2192789,16,,left,saccade,163.0,,,,640.364,742.079,547.4119999999998,745.327,,,
659,2192789,28,,right,saccade,,167.0,,,622.3340000000002,794.018,535.257,725.3489999999997,,,
660,2192809,104,3.5467115384615377,left,fixation,164.0,,540.215740740741,730.0127037037041,,,,,0.0,,
661,2192821,40,3.5484,right,fixation,,168.0,535.3775454545449,710.0229090909088,,,,,0.0,,
662,2192865,12,,right,saccade,,168.0,,,542.471,718.832,545.367,759.082,,,
663,2192881,32,3.544875,right,fixation,,169.0,537.271666666667,775.251777777778,,,,,0.0,,
664,2192917,20,,left,saccade,164.0,,,,540.976,719.7710000000003,422.911,721.762,,,
665,2192917,24,,right,saccade,,169.0,,,519.634,763.4780000000003,439.035,714.077,,,
666,2192941,164,3.543756097560975,left,fixation,165.0,,432.97078571428597,713.752904761905,,,,,0.0,,
667,2192945,160,3.5439875,right,fixation,,170.0,422.62373170731695,713.350463414634,,,,,0.0,,
668,2193109,56,,left,saccade,165.0,,,,444.06800000000004,718.257,1236.69,684.23,,,
669,2193109,56,,right,saccade,,170.0,,,431.26099999999997,741.2719999999997,1256.661,661.4789999999998,,,
670,2193169,136,3.621852941176471,right,fixation,,171.0,1254.06968571429,661.571571428571,,,,,0.0,,
671,2193169,140,3.6222428571428575,left,fixation,166.0,,1266.25905555556,672.808194444444,,,,,0.0,,
672,2193309,20,,right,saccade,,171.0,,,1251.644,659.19,1337.7220000000002,665.385,,,
673,2193313,12,,left,saccade,166.0,,,,1270.6480000000001,662.422,1326.283,659.087,,,
674,2193329,120,3.6447666666666665,left,fixation,167.0,,1339.05106451613,676.998258064516,,,,,0.0,,
675,2193333,116,3.645,right,fixation,,172.0,1331.4894666666698,669.266466666667,,,,,0.0,,
676,2193453,16,,left,saccade,167.0,,,,1340.0020000000004,670.112,1372.6660000000004,626.4490000000002,,,
677,2193453,16,,right,saccade,,172.0,,,1339.3220000000001,648.891,1365.9170000000001,583.881,,,
678,2193473,136,3.6231323529411763,right,fixation,,173.0,1384.81717142857,567.6528,,,,,0.0,,
679,2193473,244,3.6110491803278695,left,fixation,168.0,,1385.71591935484,605.9785,,,,,0.0,,
680,2193613,4,,right,saccade,,173.0,,,1389.632,572.818,1385.971,582.186,,,
681,2193621,96,3.595729166666666,right,fixation,,174.0,1361.24752,586.7810400000002,,,,,0.0,,
682,2193721,16,,right,saccade,,174.0,,,1358.014,590.212,1360.796,649.807,,,
683,2193721,20,,left,saccade,168.0,,,,1377.346,601.281,1371.631,684.0160000000002,,,
684,2193741,312,3.5855897435897437,right,fixation,,175.0,1339.3233037974699,658.618265822785,,,,,0.0,,
685,2193745,448,3.5895765765765764,left,fixation,169.0,,1353.12459292035,701.01603539823,,,,,0.0,,
686,2194057,16,,right,saccade,,175.0,,,1318.866,675.095,1375.444,694.561,,,
687,2194077,120,3.5991724137931036,right,fixation,,176.0,1395.10448387097,705.4668387096782,,,,,0.0,,
688,2194197,56,,left,saccade,169.0,,,,1395.1470000000006,720.6239999999997,608.241,748.4119999999997,,,
689,2194201,60,,right,saccade,,176.0,,,1378.892,699.562,567.145,753.24,,,
690,2194257,228,3.6310720338983056,left,fixation,170.0,,577.247379310345,748.351275862069,,,,,1.0,10.087390656160801,37.920867461069456
691,2194265,220,3.63125,right,fixation,,177.0,580.4499821428569,753.280589285714,,,,,0.0,,
692,2194489,60,,left,saccade,170.0,,,,589.0880000000002,770.914,1195.8310000000001,740.618,,,
693,2194489,60,,right,saccade,,177.0,,,613.424,782.073,1294.346,760.7389999999997,,,
694,2194553,24,3.624,left,fixation,171.0,,1214.497,741.0582857142862,,,,,1.0,9.979537144132015,19.030936419419934
695,2194553,304,3.5952500000000005,right,fixation,,178.0,1319.23598701299,720.29438961039,,,,,1.0,9.80997209759312,22.452152012669337
696,2194581,0,,left,saccade,171.0,,,,1238.819,731.69,1238.819,731.69,,,
697,2194585,4,3.616,left,fixation,172.0,,1251.4065,730.2525,,,,,0.0,,
698,2194593,0,,left,saccade,172.0,,,,1275.4260000000004,728.7260000000001,1275.4260000000004,728.7260000000001,,,
699,2194597,260,3.5909769230769237,left,fixation,173.0,,1314.06671212121,718.344515151515,,,,,0.0,,
700,2194861,44,,right,saccade,,178.0,,,1369.2379999999996,674.115,1468.104,59.82899999999999,,,
701,2194861,48,,left,saccade,173.0,,,,1328.2379999999996,711.067,1426.975,110.477,,,
702,2194909,227,3.535160714285714,right,fixation,,179.0,1454.34937931034,66.3261206896552,,,,,0.0,,
703,2194913,235,3.5347844827586203,left,fixation,174.0,,1455.4265166666696,81.1664833333333,,,,,0.0,,
704,2195140,16,,right,saccade,,179.0,,,1463.97,67.65,1391.761,64.419,,,
705,2195152,0,,left,saccade,174.0,,,,1395.066,67.961,1395.066,67.961,,,
706,2195156,20,3.5234,left,fixation,175.0,,1388.549,66.351,,,,,0.0,,
707,2195160,16,3.522875,right,fixation,,180.0,1390.092,67.044,,,,,0.0,,
708,2195180,32,,left,saccade,175.0,,,,1386.491,67.961,1022.6030000000001,48.547,,,
709,2195180,36,,right,saccade,,180.0,,,1388.589,78.441,1024.195,42.295,,,
710,2195216,529,3.4998947368421054,left,fixation,176.0,,983.9381052631579,25.7305037593985,,,,,0.0,,
711,2195220,521,3.5000572519083963,right,fixation,,181.0,989.7770992366408,25.3280076335878,,,,,0.0,,
712,2195745,24,,right,saccade,,181.0,,,988.828,15.615,1195.405,15.825,,,
713,2195749,24,,left,saccade,176.0,,,,1012.659,19.226,1217.13,30.480999999999998,,,
714,2195773,4,3.4665,right,fixation,,182.0,1200.618,21.99,,,,,0.0,,
715,2195777,0,,left,fixation,177.0,,1217.365,31.656999999999996,,,,,0.0,,
716,2195781,24,,left,saccade,177.0,,,,1217.739,34.101,1443.021,55.276,,,
717,2195781,28,,right,saccade,,182.0,,,1205.743,22.813000000000002,1460.631,79.234,,,
718,2195809,432,3.5109444444444446,left,fixation,178.0,,1443.6469357798196,68.7084770642202,,,,,0.0,,
719,2195813,188,3.4879148936170203,right,fixation,,183.0,1467.18497916667,71.6697916666667,,,,,0.0,,
720,2196005,8,,right,saccade,,183.0,,,1455.783,57.57,1426.0379999999998,57.488,,,
721,2196017,224,3.5307142857142857,right,fixation,,184.0,1419.1804736842098,67.1938421052632,,,,,0.0,,
722,2196245,48,,left,saccade,178.0,,,,1418.35,78.12,1255.024,605.354,,,
723,2196245,48,,right,saccade,,184.0,,,1408.9720000000002,101.37,1282.245,542.6519999999998,,,
724,2196297,64,3.609625,left,fixation,179.0,,1240.54058823529,619.760176470588,,,,,0.0,,
725,2196297,64,3.609625,right,fixation,,185.0,1263.24758823529,586.8397647058821,,,,,0.0,,
726,2196365,59,,left,saccade,179.0,,,,1236.13,645.622,358.06699999999995,816.385,,,
727,2196365,59,,right,saccade,,185.0,,,1248.309,603.533,417.501,807.102,,,
728,2196428,121,3.716629032258064,right,fixation,,186.0,377.727064516129,797.536709677419,,,,,0.0,,
729,2196428,309,3.729846153846154,left,fixation,180.0,,374.05632051282095,837.742192307692,,,,,1.0,12.911578323565085,44.415079646444404
730,2196553,16,,right,saccade,,186.0,,,369.772,802.2489999999997,418.209,837.89,,,
731,2196573,164,3.7391585365853657,right,fixation,,187.0,422.70673809523805,835.2208095238091,,,,,0.0,,
732,2196741,40,,left,saccade,180.0,,,,425.17400000000004,872.948,747.465,772.448,,,
733,2196741,40,,right,saccade,,187.0,,,450.491,855.2280000000003,747.314,775.193,,,
734,2196785,0,,left,fixation,181.0,,748.1419999999997,765.033,,,,,0.0,,
735,2196785,431,3.7741775700934577,right,fixation,,188.0,775.5777981651379,754.364954128441,,,,,0.0,,
736,2196789,0,,left,saccade,181.0,,,,749.0210000000003,746.422,749.0210000000003,746.422,,,
737,2196793,427,3.7738396226415087,left,fixation,182.0,,760.79025,751.45962962963,,,,,0.0,,
738,2197220,16,,right,saccade,,188.0,,,789.395,765.961,827.118,713.01,,,
739,2197224,12,,left,saccade,182.0,,,,774.2689999999999,742.405,794.013,723.278,,,
740,2197240,328,3.75875,right,fixation,,189.0,824.1527108433728,724.414493975903,,,,,0.0,,
741,2197240,336,3.7590357142857145,left,fixation,183.0,,814.096988235294,718.962988235294,,,,,0.0,,
742,2197572,28,,right,saccade,,189.0,,,821.762,751.0310000000003,803.243,591.453,,,
743,2197580,20,,left,saccade,183.0,,,,805.495,729.192,802.857,626.64,,,
744,2197604,172,3.7458488372093015,left,fixation,184.0,,810.5020909090912,622.065318181818,,,,,0.0,,
745,2197604,1017,3.7222862745098038,right,fixation,,190.0,750.151082352942,610.493635294117,,,,,0.0,,
746,2197780,4,,left,saccade,184.0,,,,785.743,634.443,777.186,635.132,,,
747,2197788,833,3.717153110047847,left,fixation,185.0,,738.2164641148331,631.7231483253589,,,,,0.0,,
748,2198625,20,,left,saccade,185.0,,,,720.7130000000003,631.4019999999998,647.155,586.9680000000002,,,
749,2198625,20,,right,saccade,,190.0,,,721.52,605.373,654.797,571.935,,,
750,2198649,163,3.7232249522249514,left,fixation,186.0,,634.872023809524,580.961952380953,,,,,0.0,,
751,2198649,175,3.7232249522249514,right,fixation,,191.0,632.860777777778,564.5068,,,,,0.0,,
752,2198816,80,,left,saccade,186.0,,,,634.36,589.1619999999998,392.11199999999997,495.38699999999994,,,
753,2198828,52,,right,saccade,,191.0,,,618.9590000000002,574.73,486.659,520.1759999999998,,,
754,2199072,16,,right,fixation,,192.0,482.8372,533.7046,,,,,0.0,,
755,2199092,16,,right,saccade,,192.0,,,480.847,548.725,472.764,595.984,,,
756,2199108,16,,left,fixation,187.0,,407.9092,496.6128,,,,,0.0,,
757,2199112,256,3.7362567555290913,right,fixation,,193.0,467.941153846154,608.828246153846,,,,,0.0,,
758,2199128,12,,left,saccade,187.0,,,,428.495,531.031,438.325,563.4019999999998,,,
759,2199144,100,3.729975458216837,left,fixation,188.0,,452.703730769231,584.7201923076921,,,,,0.0,,
760,2199248,0,,left,saccade,188.0,,,,446.06800000000004,614.818,446.06800000000004,614.818,,,
761,2199252,0,,left,fixation,189.0,,438.858,627.466,,,,,0.0,,
762,2199256,0,,left,saccade,189.0,,,,427.69599999999997,628.025,427.69599999999997,628.025,,,
763,2199260,104,3.7560596721011175,left,fixation,190.0,,410.549925925926,621.6580370370369,,,,,0.0,,
764,2199368,60,,left,saccade,190.0,,,,408.33,609.571,315.596,570.969,,,
765,2199372,44,,right,saccade,,193.0,,,455.847,603.6419999999998,429.66900000000004,443.834,,,
766,2199544,0,,right,fixation,,194.0,429.66900000000004,460.469,,,,,0.0,,
767,2199548,28,,right,saccade,,194.0,,,429.66900000000004,466.27099999999996,384.88800000000003,565.325,,,
768,2199576,0,,left,fixation,191.0,,315.596,547.53,,,,,0.0,,
769,2199580,0,,left,saccade,191.0,,,,320.755,536.844,320.755,536.844,,,
770,2199580,608,3.675889551793572,right,fixation,,195.0,407.20360130718905,602.140130718954,,,,,0.0,,
771,2199584,604,3.675889551793572,left,fixation,192.0,,399.672927631579,615.014348684211,,,,,1.0,8.658496190319523,15.096316934934869
772,2200192,20,,left,saccade,192.0,,,,429.03,627.556,429.066,512.5790000000002,,,
773,2200192,20,,right,saccade,,195.0,,,424.45,597.624,421.624,520.11,,,
774,2200216,140,3.5547,right,fixation,,196.0,428.862805555556,506.061611111111,,,,,0.0,,
775,2200216,144,3.5539722222222223,left,fixation,193.0,,410.68294594594596,512.583918918919,,,,,0.0,,
776,2200360,36,,right,saccade,,196.0,,,425.50199999999995,520.744,406.87199999999996,897.382,,,
777,2200364,32,,left,saccade,193.0,,,,422.824,510.907,393.54,915.404,,,
778,2200400,388,3.6358195876288666,left,fixation,194.0,,388.976479591837,889.3370510204089,,,,,1.0,10.980443638578533,28.35692178287341
779,2200400,388,3.6358195876288666,right,fixation,,197.0,404.032479591837,901.2894081632652,,,,,1.0,20.93581789528284,54.458029940496424
780,2200792,24,,left,saccade,194.0,,,,387.89599999999996,842.535,401.56800000000004,645.856,,,
781,2200792,24,,right,saccade,,197.0,,,416.23199999999997,857.225,445.75,633.7869999999998,,,
782,2200820,2152,3.62372427184466,left,fixation,195.0,,472.31841372912805,609.6476623376619,,,,,1.0,13.323184501086832,31.91131600232121
783,2200820,2160,3.62372427184466,right,fixation,,198.0,491.002310536044,616.569513863217,,,,,3.0,11.261341895228494,32.26727994276424
784,2202976,84,,left,saccade,195.0,,,,514.065,614.911,448.777,542.529,,,
785,2202984,44,,right,saccade,,198.0,,,521.8340000000002,648.403,499.68,388.39599999999996,,,
786,2203152,12,,right,fixation,,199.0,516.572,388.39599999999996,,,,,0.0,,
787,2203168,20,,right,saccade,,199.0,,,522.695,403.57800000000003,487.662,531.82,,,
788,2203192,0,,right,fixation,,200.0,482.889,533.356,,,,,0.0,,
789,2203196,16,,right,saccade,,200.0,,,479.154,535.408,458.05199999999996,576.457,,,
790,2203216,184,3.3861564952904244,right,fixation,,201.0,456.002021276596,582.116212765958,,,,,0.0,,
791,2203236,144,3.391050898931001,left,fixation,196.0,,474.447108108108,596.366891891892,,,,,0.0,,
792,2203384,20,,left,saccade,196.0,,,,489.69599999999997,620.698,423.01099999999997,629.724,,,
793,2203404,0,,right,saccade,,201.0,,,424.717,577.474,424.717,577.474,,,
794,2203408,2320,3.384082616179002,right,fixation,,202.0,402.89301032702315,586.310074010327,,,,,1.0,14.511318948018193,41.03068321390712
795,2203408,2700,3.3844230769230768,left,fixation,197.0,,414.04750739645,592.287076923078,,,,,1.0,13.291709981120665,42.803949315454524
796,2205732,12,,right,saccade,,202.0,,,460.49,600.849,499.94599999999997,594.549,,,
797,2205748,360,3.3841555555555565,right,fixation,,203.0,529.312934065934,584.037527472527,,,,,0.0,,
798,2206112,20,,left,saccade,197.0,,,,521.212,586.34,609.937,592.893,,,
799,2206112,20,,right,saccade,,203.0,,,545.62,578.048,641.094,578.0740000000002,,,
800,2206136,432,3.3812546296296286,left,fixation,198.0,,632.538880733945,605.737422018349,,,,,0.0,,
801,2206136,436,3.3815871559633037,right,fixation,,204.0,647.089690909091,594.617545454546,,,,,0.0,,
802,2206572,24,,left,saccade,198.0,,,,648.062,646.241,749.671,653.186,,,
803,2206576,20,,right,saccade,,204.0,,,667.7239999999998,652.385,735.0239999999999,638.589,,,
804,2206600,152,3.4265921052631576,left,fixation,199.0,,746.364641025641,646.677435897436,,,,,0.0,,
805,2206600,156,3.4267051282051284,right,fixation,,205.0,744.764275,620.584825,,,,,0.0,,
806,2206756,20,,left,saccade,199.0,,,,764.587,636.68,659.5260000000002,610.201,,,
807,2206760,20,,right,saccade,,205.0,,,746.9019999999997,629.059,662.8510000000001,605.446,,,
808,2206780,1808,3.4858495575221236,left,fixation,200.0,,647.398830022075,607.695823399558,,,,,1.0,13.13256503040354,33.878024514425285
809,2206784,2084,3.5067226487524,right,fixation,,206.0,645.396752873564,595.180697318007,,,,,1.0,10.649682161402223,30.543188520519546
810,2208592,0,,left,saccade,200.0,,,,626.534,614.294,626.534,614.294,,,
811,2208596,272,3.6403014705882346,left,fixation,201.0,,609.754956521739,593.347521739131,,,,,0.0,,
812,2208872,16,,left,saccade,201.0,,,,589.415,594.429,527.4169999999998,606.02,,,
813,2208872,20,,right,saccade,,206.0,,,603.512,585.515,522.399,597.0219999999998,,,
814,2208892,1168,3.6173407534246578,left,fixation,202.0,,544.8276655290099,612.0027815699659,,,,,0.0,,
815,2208896,1172,3.6171774744027294,right,fixation,,207.0,544.879809523809,618.0067414965989,,,,,0.0,,
816,2210064,20,,left,saccade,202.0,,,,538.877,608.736,614.5369999999998,616.394,,,
817,2210072,12,,right,saccade,,207.0,,,544.75,616.33,594.349,615.974,,,
818,2210088,184,3.604847826086957,left,fixation,203.0,,623.371723404255,628.176212765958,,,,,0.0,,
819,2210088,439,3.621738532110092,right,fixation,,208.0,643.3668738738739,619.375648648649,,,,,0.0,,
820,2210276,20,,left,saccade,203.0,,,,609.071,615.31,688.5210000000003,615.714,,,
821,2210300,223,3.636263636363637,left,fixation,204.0,,683.522596491228,640.485701754386,,,,,0.0,,
822,2210527,24,,left,saccade,204.0,,,,657.972,619.01,526.812,607.471,,,
823,2210531,28,,right,saccade,,208.0,,,662.674,631.737,489.344,621.493,,,
824,2210555,148,3.6095945945945953,left,fixation,205.0,,510.88389473684197,606.876263157895,,,,,0.0,,
825,2210563,664,3.573466867469879,right,fixation,,209.0,448.6421676646711,606.2985748503,,,,,1.0,12.563983396111992,38.928618264716214
826,2210707,16,,left,saccade,205.0,,,,506.06,609.752,449.212,605.16,,,
827,2210727,136,3.584323529411765,left,fixation,206.0,,421.8490285714289,566.8100857142849,,,,,0.0,,
828,2210867,8,,left,saccade,206.0,,,,428.61699999999996,569.7959999999998,428.61699999999996,589.827,,,
829,2210879,352,3.554670454545455,left,fixation,207.0,,432.928393258427,595.101056179776,,,,,0.0,,
830,2211231,28,,right,saccade,,209.0,,,443.277,592.935,725.925,602.855,,,
831,2211235,28,,left,saccade,207.0,,,,429.16,605.295,716.5830000000003,605.4780000000002,,,
832,2211263,500,3.6023279999999995,right,fixation,,210.0,765.5637619047618,598.975285714286,,,,,0.0,,
833,2211267,496,3.6026290322580645,left,fixation,208.0,,756.035328,613.5180799999998,,,,,0.0,,
834,2211767,16,,right,saccade,,210.0,,,774.873,597.874,835.32,609.871,,,
835,2211767,20,,left,saccade,208.0,,,,746.0319999999997,621.488,881.293,620.445,,,
836,2211787,360,3.6213166666666665,right,fixation,,211.0,864.892373626374,602.7612857142859,,,,,0.0,,
837,2211791,356,3.6212247191011233,left,fixation,209.0,,875.809433333334,618.751977777778,,,,,0.0,,
838,2212151,20,,left,saccade,209.0,,,,879.865,600.115,725.822,625.512,,,
839,2212151,20,,right,saccade,,211.0,,,890.698,582.472,777.725,612.278,,,
840,2212175,500,3.6262199999999996,left,fixation,210.0,,748.701206349207,627.1690396825401,,,,,0.0,,
841,2212175,504,3.626436507936509,right,fixation,,212.0,757.509724409449,616.034503937008,,,,,0.0,,
842,2212679,20,,left,saccade,210.0,,,,754.694,641.507,671.096,655.062,,,
843,2212683,16,,right,saccade,,212.0,,,737.2489999999997,632.714,681.3739999999998,626.13,,,
844,2212703,576,3.651649305555555,left,fixation,211.0,,648.911586206897,618.851041379311,,,,,1.0,10.90194666612854,25.818042315404128
845,2212703,580,3.651748275862069,right,fixation,,213.0,658.4111027397261,605.6505,,,,,0.0,,
846,2213283,20,,left,saccade,211.0,,,,637.601,625.974,519.96,612.149,,,
847,2213287,20,,right,saccade,,213.0,,,637.761,607.611,507.025,626.637,,,
848,2213307,404,3.641507151029749,left,fixation,212.0,,524.458862745098,605.463833333333,,,,,0.0,,
849,2213311,416,3.641447246376812,right,fixation,,214.0,520.713933333334,615.7637047619049,,,,,0.0,,
850,2213715,92,,left,saccade,212.0,,,,525.0219999999998,597.441,356.585,480.801,,,
851,2213731,52,,right,saccade,,214.0,,,544.653,615.678,450.569,582.28,,,
852,2213879,244,3.568379310344828,right,fixation,,215.0,432.377129032258,651.096532258065,,,,,0.0,,
853,2213955,32,3.5708181818181814,left,fixation,213.0,,368.25855555555603,456.592222222222,,,,,0.0,,
854,2213991,28,,left,saccade,213.0,,,,379.836,458.269,440.148,540.492,,,
855,2214023,88,3.5439999999999996,left,fixation,214.0,,434.653521739131,595.695217391304,,,,,0.0,,
856,2214115,56,,left,saccade,214.0,,,,426.50199999999995,614.966,396.339,545.154,,,
857,2214127,56,,right,saccade,,215.0,,,427.315,659.784,440.394,650.815,,,
858,2214295,264,3.5646666666666667,right,fixation,,216.0,462.194641791045,625.740194029851,,,,,0.0,,
859,2214311,240,3.5652394366197178,left,fixation,215.0,,464.748655737705,583.304606557377,,,,,1.0,9.716517966272116,28.665465860508924
860,2214555,20,,left,saccade,215.0,,,,461.92400000000004,587.71,546.554,596.411,,,
861,2214563,8,,right,saccade,,216.0,,,473.69300000000004,617.957,507.351,625.323,,,
862,2214575,724,3.493936464088397,right,fixation,,217.0,489.530884615385,630.928840659341,,,,,1.0,13.394849891324318,55.351834531476854
863,2214579,264,3.546113636363636,left,fixation,216.0,,560.902686567164,610.855507462687,,,,,0.0,,
864,2214847,20,,left,saccade,216.0,,,,586.572,624.264,465.185,632.04,,,
865,2214871,432,3.4605,left,fixation,217.0,,448.333073394495,588.5771100917431,,,,,0.0,,
866,2215303,20,,right,saccade,,217.0,,,438.102,614.122,556.965,627.525,,,
867,2215307,20,,left,saccade,217.0,,,,462.29400000000004,596.132,519.225,586.255,,,
868,2215327,1204,3.503392026578072,right,fixation,,218.0,551.560814569537,624.750639072848,,,,,1.0,11.836871219954084,31.045311932721766
869,2215331,1204,3.5036611295681066,left,fixation,218.0,,551.3184801324501,604.39374834437,,,,,2.0,8.053656630299319,14.870054605536986
870,2216535,20,,right,saccade,,218.0,,,543.846,633.0509999999998,636.568,621.5319999999998,,,
871,2216539,16,,left,saccade,218.0,,,,548.891,611.425,634.571,611.425,,,
872,2216559,936,3.5600384615384613,left,fixation,219.0,,642.381800000001,623.690953191489,,,,,0.0,,
873,2216559,944,3.5600254237288143,right,fixation,,219.0,639.10794514768,622.114248945148,,,,,0.0,,
874,2217499,24,,left,saccade,219.0,,,,654.477,632.557,522.4019999999998,607.966,,,
875,2217507,16,,right,saccade,,219.0,,,603.495,639.424,527.887,641.399,,,
876,2217527,364,3.575708791208791,right,fixation,,220.0,528.341554347826,626.727271739131,,,,,0.0,,
877,2217527,368,3.575951086956522,left,fixation,220.0,,540.243376344087,624.1857956989251,,,,,0.0,,
878,2217895,20,,right,saccade,,220.0,,,511.32099999999997,620.863,644.3330000000002,629.664,,,
879,2217899,20,,left,saccade,220.0,,,,557.057,622.038,642.178,605.097,,,
880,2217919,496,3.637036,right,fixation,,221.0,661.170528,625.567328,,,,,0.0,,
881,2217923,208,3.6351826923076933,left,fixation,221.0,,631.758018867924,624.607264150943,,,,,1.0,12.287827375541632,35.343653829223705
882,2218135,8,,left,saccade,221.0,,,,681.336,627.965,692.362,634.226,,,
883,2218147,264,3.6381492537313433,left,fixation,222.0,,700.805895522388,631.634895522388,,,,,0.0,,
884,2218415,20,,left,saccade,222.0,,,,705.7639999999999,625.592,595.439,633.8430000000002,,,
885,2218419,16,,right,saccade,,221.0,,,670.9889999999998,634.288,614.634,626.914,,,
886,2218439,184,3.588622222222221,right,fixation,,222.0,573.899127659574,631.965893617021,,,,,0.0,,
887,2218439,188,3.5880217391304337,left,fixation,223.0,,586.403020833333,640.4805,,,,,0.0,,
888,2218627,24,,right,saccade,,222.0,,,592.274,642.6709999999998,773.1310000000003,635.049,,,
889,2218631,20,,left,saccade,223.0,,,,598.42,642.283,737.867,630.622,,,
890,2218655,1052,3.5941912878787883,right,fixation,,223.0,743.75475,616.401852272727,,,,,0.0,,
891,2218655,1056,3.5941792452830184,left,fixation,224.0,,758.125479245283,634.623588679245,,,,,0.0,,
892,2219711,20,,right,saccade,,223.0,,,741.04,614.259,832.5989999999997,618.717,,,
893,2219715,20,,left,saccade,224.0,,,,753.1610000000003,635.514,855.877,630.686,,,
894,2219735,1180,3.562327118644068,right,fixation,,224.0,860.8658614864861,625.60210472973,,,,,0.0,,
895,2219739,1176,3.5621836734693884,left,fixation,225.0,,869.6847084745758,626.8292067796621,,,,,0.0,,
896,2220919,36,,left,saccade,225.0,,,,856.175,618.206,553.185,609.2230000000002,,,
897,2220919,52,,right,saccade,,224.0,,,854.187,595.2130000000002,533.475,596.0459999999998,,,
898,2220959,452,3.457588495575221,left,fixation,226.0,,520.986201754386,587.702333333333,,,,,1.0,8.916029280957375,27.58333108962732
899,2220975,436,3.45654128440367,right,fixation,,225.0,522.459554545454,603.184309090909,,,,,0.0,,
900,2221415,20,,left,saccade,226.0,,,,542.331,608.156,445.789,598.387,,,
901,2221415,20,,right,saccade,,225.0,,,541.246,582.082,442.524,589.476,,,
902,2221439,484,3.458086776859504,left,fixation,227.0,,441.596057377049,590.82543442623,,,,,0.0,,
903,2221439,484,3.458086776859504,right,fixation,,226.0,448.09631967213096,605.337155737705,,,,,0.0,,
904,2221927,16,,right,saccade,,226.0,,,466.76099999999997,632.496,524.5459999999998,628.366,,,
905,2221927,20,,left,saccade,227.0,,,,438.57199999999995,561.276,547.944,592.227,,,
906,2221947,340,3.5668529411764704,right,fixation,,227.0,555.194697674419,604.6496162790701,,,,,0.0,,
907,2221951,340,3.5680470588235287,left,fixation,228.0,,556.819186046512,596.533127906977,,,,,0.0,,
908,2222291,20,,right,saccade,,227.0,,,563.737,598.117,672.442,591.4259999999998,,,
909,2222295,16,,left,saccade,228.0,,,,572.884,612.28,635.946,612.873,,,
910,2222315,552,3.6772101449275363,left,fixation,229.0,,664.220366906474,612.80773381295,,,,,0.0,,
911,2222315,552,3.6772101449275363,right,fixation,,228.0,653.778690647482,600.3225035971219,,,,,0.0,,
912,2222871,20,,right,saccade,,228.0,,,658.7189999999998,609.873,560.617,609.873,,,
913,2222871,24,,left,saccade,229.0,,,,671.237,642.242,570.214,643.5169999999998,,,
914,2222895,300,3.679749574810389,right,fixation,,229.0,563.095328947368,619.573789473684,,,,,0.0,,
915,2222899,280,3.679593651688031,left,fixation,230.0,,566.640070422535,611.693,,,,,0.0,,
916,2223183,68,,left,saccade,230.0,,,,581.3330000000002,626.0930000000002,583.283,537.875,,,
917,2223199,72,,right,saccade,,229.0,,,550.039,638.717,637.339,582.188,,,
918,2223439,196,,right,fixation,,230.0,628.94486,641.8704799999998,,,,,0.0,,
919,2223451,4,,left,fixation,231.0,,596.9805,534.4935,,,,,0.0,,
920,2223459,0,,left,saccade,231.0,,,,620.486,528.904,620.486,528.904,,,
921,2223463,20,,left,fixation,232.0,,634.232,535.8580000000002,,,,,0.0,,
922,2223487,20,,left,saccade,232.0,,,,643.261,557.3919999999998,648.7919999999998,629.004,,,
923,2223511,124,,left,fixation,233.0,,639.59525,644.83725,,,,,0.0,,
924,2223639,40,,left,saccade,233.0,,,,645.5459999999998,621.439,575.38,571.814,,,
925,2223639,52,,right,saccade,,230.0,,,645.688,621.705,680.54,564.8530000000002,,,
926,2223847,1176,3.5964282972551693,right,fixation,,231.0,735.127094915254,626.1197661016951,,,,,1.0,14.293075294040515,36.37387238114749
927,2223863,0,,left,fixation,234.0,,588.89,571.814,,,,,0.0,,
928,2223867,24,,left,saccade,234.0,,,,588.89,571.814,661.046,541.429,,,
929,2223895,1124,3.5966295222449274,left,fixation,235.0,,738.0917978723401,638.521914893618,,,,,1.0,8.407912055848852,21.316489509297668
930,2225023,36,,left,saccade,235.0,,,,752.918,632.784,418.81199999999995,625.156,,,
931,2225027,32,,right,saccade,,231.0,,,733.927,598.164,440.69599999999997,611.867,,,
932,2225063,1027,3.4860644531250005,right,fixation,,232.0,425.982523255814,619.895135658915,,,,,0.0,,
933,2225063,2011,3.521012948207172,left,fixation,236.0,,431.777765873016,613.890831349206,,,,,0.0,,
934,2226094,0,,right,saccade,,232.0,,,462.475,625.74,462.475,625.74,,,
935,2226098,976,3.557368852459017,right,fixation,,233.0,448.345559183673,612.108081632653,,,,,0.0,,
936,2227078,36,,right,saccade,,233.0,,,474.76300000000003,633.852,847.4689999999997,620.014,,,
937,2227078,40,,left,saccade,236.0,,,,432.707,629.935,833.8380000000003,630.775,,,
938,2227118,772,3.7023264248704666,right,fixation,,234.0,850.090963917526,612.463706185567,,,,,0.0,,
939,2227122,768,3.7025651041666654,left,fixation,237.0,,862.416880829016,627.481196891192,,,,,0.0,,
940,2227894,32,,left,saccade,237.0,,,,860.937,610.318,519.638,599.5880000000002,,,
941,2227894,32,,right,saccade,,234.0,,,850.961,622.85,533.368,612.0930000000002,,,
942,2227930,684,3.6387719298245615,right,fixation,,235.0,464.667337209302,612.342639534883,,,,,0.0,,
943,2227930,688,3.6386889534883733,left,fixation,238.0,,463.538682080925,594.848104046243,,,,,1.0,11.218647356076408,33.05142431121539
944,2228618,48,,right,saccade,,235.0,,,452.792,591.424,919.4789999999999,651.9540000000002,,,
945,2228622,56,,left,saccade,238.0,,,,466.733,622.116,864.559,584.768,,,
946,2228670,716,3.7060405027932966,right,fixation,,236.0,869.461583333333,631.675138888889,,,,,2.0,179.81262252631961,538.2432417784262
947,2228682,0,,left,fixation,239.0,,870.993,584.768,,,,,0.0,,
948,2228686,12,,left,saccade,239.0,,,,889.5310000000003,584.768,896.074,640.2959999999998,,,
949,2228702,680,3.7076514705882353,left,fixation,240.0,,877.0503040935672,644.896046783625,,,,,2.0,178.6471014816695,539.3781689194699
950,2229386,36,,left,saccade,240.0,,,,865.298,640.145,455.626,613.328,,,
951,2229390,36,,right,saccade,,236.0,,,834.9630000000003,639.3290000000002,466.713,629.637,,,
952,2229426,396,3.6249849999999997,left,fixation,241.0,,439.85183,588.4898400000002,,,,,0.0,,
953,2229430,392,3.6246464646464647,right,fixation,,237.0,441.130434343434,614.760030303031,,,,,0.0,,
954,2229826,20,,left,saccade,241.0,,,,437.426,596.758,510.29699999999997,602.972,,,
955,2229826,20,,right,saccade,,237.0,,,439.644,608.852,515.906,610.185,,,
956,2229850,436,3.7115879629629633,left,fixation,242.0,,549.623918181818,620.879036363636,,,,,0.0,,
957,2229850,812,3.7432079207920803,right,fixation,,238.0,595.110980392157,616.2102892156861,,,,,3.0,11.797323206726944,26.347052142301468
958,2230290,16,,left,saccade,242.0,,,,588.446,631.415,653.5790000000002,631.415,,,
959,2230310,216,3.784203703703704,left,fixation,243.0,,643.097981818182,630.580618181818,,,,,0.0,,
960,2230530,8,,left,saccade,243.0,,,,665.076,633.992,701.8910000000003,631.611,,,
961,2230542,124,3.7774032258064514,left,fixation,244.0,,702.23615625,628.83890625,,,,,0.0,,
962,2230666,20,,right,saccade,,238.0,,,688.539,592.184,769.113,584.431,,,
963,2230670,16,,left,saccade,244.0,,,,687.325,623.145,768.997,627.321,,,
964,2230690,988,3.77868016194332,right,fixation,,239.0,748.406004032259,601.6784798387099,,,,,0.0,,
965,2230690,992,3.778598790322581,left,fixation,245.0,,761.4489638554221,623.1126666666661,,,,,0.0,,
966,2231682,24,,right,saccade,,239.0,,,744.306,605.123,660.939,625.7909999999998,,,
967,2231686,20,,left,saccade,245.0,,,,749.6560000000003,617.5369999999998,674.573,623.129,,,
968,2231710,220,3.743857142857143,right,fixation,,240.0,648.753785714285,632.116089285714,,,,,0.0,,
969,2231710,224,3.744052631578947,left,fixation,246.0,,664.550543859649,624.120684210526,,,,,0.0,,
970,2231934,24,,right,saccade,,240.0,,,659.534,645.21,541.001,610.222,,,
971,2231938,20,,left,saccade,246.0,,,,654.828,621.21,536.479,619.025,,,
972,2231962,516,3.723868217054264,right,fixation,,241.0,552.486107692307,618.105638461538,,,,,0.0,,
973,2231962,520,3.7239192307692313,left,fixation,247.0,,543.428648854962,615.450549618321,,,,,0.0,,
974,2232482,20,,right,saccade,,241.0,,,516.42,618.304,610.094,601.264,,,
975,2232486,20,,left,saccade,247.0,,,,543.7959999999998,620.474,617.745,623.023,,,
976,2232506,488,3.6664132231404962,right,fixation,,242.0,571.915284552845,614.908317073171,,,,,1.0,9.632874275394414,28.75766223113416
977,2232510,484,3.6661500000000014,left,fixation,248.0,,590.5261967213111,628.3035081967209,,,,,0.0,,
978,2232998,20,,left,saccade,248.0,,,,548.056,617.887,446.04400000000004,615.746,,,
979,2232998,24,,right,saccade,,242.0,,,537.039,614.896,433.906,603.63,,,
980,2233022,672,3.575363905325444,left,fixation,249.0,,428.75063313609496,607.7098934911239,,,,,0.0,,
981,2233026,668,3.575125,right,fixation,,243.0,428.432851190477,605.142773809524,,,,,0.0,,
982,2233698,32,,right,saccade,,243.0,,,421.334,585.789,741.883,612.285,,,
983,2233698,44,,left,saccade,249.0,,,,421.54400000000004,602.327,784.4789999999997,629.3919999999998,,,
984,2233734,552,3.5863188405797097,right,fixation,,244.0,829.1381726618712,598.180949640288,,,,,1.0,11.265044194074186,26.256508869230828
985,2233746,540,3.586966666666666,left,fixation,250.0,,846.587477941176,636.585676470587,,,,,0.0,,
986,2234290,40,,left,saccade,250.0,,,,854.367,653.12,463.44199999999995,603.385,,,
987,2234290,40,,right,saccade,,244.0,,,861.936,619.7769999999998,454.129,593.251,,,
988,2234334,720,3.504654180557801,left,fixation,251.0,,488.01949723756894,597.900895027625,,,,,1.0,13.669376511831908,43.90069687373996
989,2234334,732,3.504654180557801,right,fixation,,245.0,476.374733695652,608.148505434782,,,,,1.0,12.123082951543307,24.904303985456032
990,2235058,64,,left,saccade,251.0,,,,557.841,614.881,619.054,501.645,,,
991,2235070,80,,right,saccade,,245.0,,,525.257,653.591,631.68,545.3969999999998,,,
992,2235342,216,3.553294822293911,right,fixation,,246.0,620.6472181818183,597.4408545454551,,,,,0.0,,
993,2235346,20,,left,fixation,252.0,,641.028833333333,496.676666666667,,,,,0.0,,
994,2235370,16,,left,saccade,252.0,,,,650.534,497.31800000000004,650.534,554.672,,,
995,2235390,172,3.5543349948841136,left,fixation,253.0,,646.1824772727269,578.501181818182,,,,,0.0,,
996,2235562,20,,right,saccade,,246.0,,,621.688,622.45,720.1469999999997,625.155,,,
997,2235566,20,,left,saccade,253.0,,,,652.756,570.513,745.928,610.6469999999998,,,
998,2235586,396,3.631191473928127,right,fixation,,247.0,725.19701,615.53222,,,,,0.0,,
999,2235590,384,3.631711920366823,left,fixation,254.0,,752.474371134021,631.066618556701,,,,,0.0,,
1000,2235978,48,,left,saccade,254.0,,,,757.439,630.389,836.0980000000003,609.399,,,
1001,2235986,48,,right,saccade,,247.0,,,730.943,601.17,838.573,523.491,,,
1002,2236174,8,,right,fixation,,248.0,848.834666666667,526.6096666666671,,,,,0.0,,
1003,2236186,20,,right,saccade,,248.0,,,853.735,541.615,844.297,598.003,,,
1004,2236190,268,3.602829065665188,left,fixation,255.0,,854.491147058824,633.6481764705877,,,,,3.0,27.060775159956716,66.3736467642724
1005,2236210,540,3.5885885352483737,right,fixation,,249.0,787.574463235294,634.008948529412,,,,,1.0,10.284605248190713,27.271971564226888
1006,2236462,20,,left,saccade,255.0,,,,852.9630000000003,655.7260000000001,762.691,651.706,,,
1007,2236486,268,3.575723880597016,left,fixation,256.0,,762.512,647.381308823529,,,,,0.0,,
1008,2236754,20,,right,saccade,,249.0,,,745.7660000000003,631.344,856.3739999999997,644.634,,,
1009,2236758,20,,left,saccade,256.0,,,,768.775,660.061,885.628,657.043,,,
1010,2236778,84,3.5515476190476205,right,fixation,,250.0,875.114954545454,625.955954545455,,,,,0.0,,
1011,2236782,84,3.5509761904761894,left,fixation,257.0,,908.5997272727279,651.151,,,,,0.0,,
1012,2236866,16,,right,saccade,,250.0,,,878.753,654.727,819.8530000000003,655.8430000000002,,,
1013,2236870,12,,left,saccade,257.0,,,,916.627,648.3340000000002,860.201,643.71,,,
1014,2236886,372,3.5747956989247323,right,fixation,,251.0,826.3343829787227,634.238446808511,,,,,0.0,,
1015,2236886,380,3.574615789473684,left,fixation,258.0,,842.95403125,630.3706458333339,,,,,0.0,,
1016,2237262,20,,right,saccade,,251.0,,,833.927,655.6389999999999,745.5089999999999,633.0169999999998,,,
1017,2237270,12,,left,saccade,258.0,,,,829.255,630.047,777.676,628.987,,,
1018,2237286,416,3.6427836538461538,left,fixation,259.0,,753.9064095238091,627.506533333333,,,,,0.0,,
1019,2237286,420,3.643128571428572,right,fixation,,252.0,742.524415094339,627.488688679246,,,,,0.0,,
1020,2237706,40,,left,saccade,259.0,,,,757.1439999999999,627.499,465.11800000000005,621.297,,,
1021,2237710,32,,right,saccade,,252.0,,,740.518,601.8240000000002,489.731,603.59,,,
1022,2237746,508,3.6596929133858263,right,fixation,,253.0,461.2086171875,599.5613515625,,,,,0.0,,
1023,2237750,504,3.659666666666667,left,fixation,260.0,,440.636433070866,590.15088976378,,,,,0.0,,
1024,2238258,32,,right,saccade,,253.0,,,433.805,607.05,776.6080000000003,609.901,,,
1025,2238258,36,,left,saccade,260.0,,,,435.126,594.764,756.2710000000003,614.567,,,
1026,2238294,412,3.795592233009709,right,fixation,,254.0,761.570009615385,604.781855769231,,,,,0.0,,
1027,2238298,400,3.79494,left,fixation,261.0,,761.236079207921,613.603574257426,,,,,0.0,,
1028,2238702,24,,left,saccade,261.0,,,,769.21,620.884,614.953,618.732,,,
1029,2238710,16,,right,saccade,,254.0,,,705.087,622.789,627.798,621.191,,,
1030,2238730,763,3.854544736842105,left,fixation,262.0,,646.85946875,621.99715625,,,,,0.0,,
1031,2238730,771,3.8549635416666654,right,fixation,,255.0,627.128082474227,619.0326855670099,,,,,0.0,,
1032,2239497,20,,left,saccade,262.0,,,,658.3889999999999,617.418,550.207,611.442,,,
1033,2239505,16,,right,saccade,,255.0,,,609.352,616.857,536.216,625.352,,,
1034,2239521,665,3.84127245508982,left,fixation,263.0,,552.600197604791,606.239317365269,,,,,0.0,,
1035,2239525,292,3.8492602739726025,right,fixation,,256.0,551.141864864865,630.192391891892,,,,,0.0,,
1036,2239821,0,,right,saccade,,256.0,,,532.873,630.257,532.873,630.257,,,
1037,2239825,357,3.834544444444444,right,fixation,,257.0,547.351722222222,613.844988888889,,,,,0.0,,
1038,2240186,20,,right,saccade,,257.0,,,539.521,627.681,624.144,620.216,,,
1039,2240190,20,,left,saccade,263.0,,,,544.651,612.539,619.475,605.423,,,
1040,2240210,255,3.802730158730159,right,fixation,,258.0,616.8380000000002,612.495707692308,,,,,0.0,,
1041,2240214,788,3.7965203045685287,left,fixation,264.0,,647.613651515152,628.069277777778,,,,,0.0,,
1042,2240469,0,,right,saccade,,258.0,,,612.059,625.499,612.059,625.499,,,
1043,2240473,529,3.793496240601504,right,fixation,,259.0,641.409654135339,616.2389323308271,,,,,0.0,,
1044,2241006,20,,left,saccade,264.0,,,,680.689,625.435,755.046,624.845,,,
1045,2241006,20,,right,saccade,,259.0,,,662.925,617.4209999999998,737.2639999999999,604.556,,,
1046,2241030,427,3.7696132075471698,left,fixation,265.0,,760.1262314814819,627.124175925926,,,,,0.0,,
1047,2241030,427,3.7696132075471698,right,fixation,,260.0,741.782574074074,622.119694444445,,,,,0.0,,
1048,2241461,20,,left,saccade,265.0,,,,755.4939999999997,613.9019999999998,657.5219999999998,606.111,,,
1049,2241461,20,,right,saccade,,260.0,,,754.8660000000001,605.8580000000002,672.3330000000002,620.008,,,
1050,2241485,588,3.7177789115646265,right,fixation,,261.0,645.445182432432,624.117885135135,,,,,0.0,,
1051,2241485,592,3.717597972972973,left,fixation,266.0,,658.0045100671131,610.000691275168,,,,,0.0,,
1052,2242077,24,,right,saccade,,261.0,,,623.31,623.939,760.658,615.724,,,
1053,2242081,20,,left,saccade,266.0,,,,659.105,627.237,776.668,626.618,,,
1054,2242105,168,3.7571666666666665,right,fixation,,262.0,748.541093023256,620.696534883721,,,,,0.0,,
1055,2242105,176,3.758056818181818,left,fixation,267.0,,772.4081555555548,612.3663333333329,,,,,0.0,,
1056,2242277,16,,right,saccade,,262.0,,,738.1080000000003,634.439,795.602,631.35,,,
1057,2242285,12,,left,saccade,267.0,,,,787.3430000000003,616.1469999999998,834.93,616.8340000000002,,,
1058,2242297,552,3.7541268115942033,right,fixation,,263.0,823.32545323741,618.542136690647,,,,,0.0,,
1059,2242301,552,3.7535942028985496,left,fixation,268.0,,853.0007050359711,626.457755395683,,,,,0.0,,
1060,2242853,20,,right,saccade,,263.0,,,835.3330000000003,624.15,717.418,621.633,,,
1061,2242857,16,,left,saccade,268.0,,,,847.548,638.701,752.3919999999997,636.124,,,
1062,2242877,428,3.711658878504672,right,fixation,,264.0,717.48587037037,634.415861111111,,,,,0.0,,
1063,2242877,432,3.7119953703703694,left,fixation,269.0,,744.676752293578,627.701027522936,,,,,0.0,,
1064,2243309,20,,right,saccade,,264.0,,,735.808,639.694,838.273,613.151,,,
1065,2243313,20,,left,saccade,269.0,,,,742.748,625.331,835.2230000000003,626.841,,,
1066,2243333,340,3.716841176470589,right,fixation,,265.0,834.323476744187,606.563790697674,,,,,0.0,,
1067,2243337,336,3.716565476190477,left,fixation,270.0,,847.0115529411771,631.434823529412,,,,,0.0,,
1068,2243677,20,,right,saccade,,265.0,,,834.686,635.739,696.332,621.092,,,
1069,2243677,24,,left,saccade,270.0,,,,838.248,626.8240000000002,717.6139999999997,634.8480000000002,,,
1070,2243701,140,3.7407285714285705,right,fixation,,266.0,699.593638888889,625.080527777778,,,,,0.0,,
1071,2243705,620,3.708403225806451,left,fixation,271.0,,660.9750833333339,636.836,,,,,2.0,11.446715711091645,31.98761200649664
1072,2243845,8,,right,saccade,,266.0,,,687.4630000000003,632.2819999999998,661.8330000000002,626.911,,,
1073,2243857,468,3.6982051282051276,right,fixation,,267.0,637.743872881356,622.988279661017,,,,,0.0,,
1074,2244329,24,,left,saccade,271.0,,,,636.5509999999998,633.3430000000002,439.731,616.562,,,
1075,2244329,28,,right,saccade,,267.0,,,609.145,610.08,443.528,605.304,,,
1076,2244357,728,3.5815934065934067,left,fixation,272.0,,436.71618032786904,592.366278688525,,,,,0.0,,
1077,2244361,724,3.5812762430939227,right,fixation,,268.0,439.7405,611.906923076923,,,,,0.0,,
1078,2245089,16,,left,saccade,272.0,,,,459.73900000000003,591.418,526.966,591.389,,,
1079,2245089,20,,right,saccade,,268.0,,,455.615,638.271,533.1759999999998,636.88,,,
1080,2245109,808,3.6543687146626462,left,fixation,273.0,,551.229290640394,605.140034482759,,,,,0.0,,
1081,2245113,1264,3.661534635879218,right,fixation,,269.0,534.752220820189,628.929255520505,,,,,1.0,8.19892139416999,16.931850253294847
1082,2245921,64,,left,saccade,273.0,,,,557.337,627.862,464.559,596.526,,,
1083,2245989,4,3.681,left,fixation,274.0,,474.9035,589.648,,,,,0.0,,
1084,2245997,12,,left,saccade,274.0,,,,486.869,583.196,519.648,579.453,,,
1085,2246013,364,3.673285537918872,left,fixation,275.0,,542.351858695652,633.915760869565,,,,,0.0,,
1086,2246381,16,,left,saccade,275.0,,,,532.886,630.359,466.777,621.217,,,
1087,2246381,16,,right,saccade,,269.0,,,511.06,637.117,440.57199999999995,625.021,,,
1088,2246401,304,3.5809210526315787,right,fixation,,270.0,444.23461038961,623.053844155844,,,,,0.0,,
1089,2246401,308,3.580584415584416,left,fixation,276.0,,445.164602564103,607.28391025641,,,,,0.0,,
1090,2246709,32,,right,saccade,,270.0,,,429.056,612.498,672.6519999999998,616.784,,,
1091,2246713,24,,left,saccade,276.0,,,,446.716,588.5740000000002,635.602,606.235,,,
1092,2246741,384,3.6344375,left,fixation,277.0,,649.61724742268,625.7182989690721,,,,,0.0,,
1093,2246745,372,3.634655913978495,right,fixation,,271.0,652.309021276596,600.813021276596,,,,,0.0,,
1094,2247121,16,,right,saccade,,271.0,,,650.34,597.5219999999998,593.1759999999998,602.181,,,
1095,2247129,8,,left,saccade,277.0,,,,632.058,641.939,603.273,641.175,,,
1096,2247141,564,3.610820422535212,right,fixation,,272.0,577.376584507042,623.504507042254,,,,,1.0,11.770884317293715,35.115358036050395
1097,2247141,568,3.610916083916084,left,fixation,278.0,,575.608426573427,622.141265734266,,,,,1.0,10.09497671837061,24.094888939358093
1098,2247709,24,,right,saccade,,272.0,,,627.205,635.872,765.373,653.229,,,
1099,2247713,20,,left,saccade,278.0,,,,621.98,647.132,714.815,648.764,,,
1100,2247737,332,3.6565792682926834,left,fixation,279.0,,725.639464285715,629.693571428571,,,,,1.0,10.762902254710157,25.5815077155354
1101,2247737,724,3.6460305555555554,right,fixation,,273.0,671.190593406594,622.380934065934,,,,,2.0,13.650835349872818,40.39544125808125
1102,2248073,16,,left,saccade,279.0,,,,708.7280000000003,609.3380000000002,656.824,622.0169999999998,,,
1103,2248093,360,3.6366944444444447,left,fixation,280.0,,625.091428571429,631.348494505495,,,,,0.0,,
1104,2248457,24,,left,saccade,280.0,,,,627.2669999999998,642.7180000000002,518.91,637.77,,,
1105,2248465,20,,right,saccade,,273.0,,,600.938,613.216,511.717,621.995,,,
1106,2248485,524,3.639366412213741,left,fixation,281.0,,512.825424242424,605.191893939394,,,,,2.0,133.24190373099282,399.64779662013575
1107,2248489,520,3.639569230769231,right,fixation,,274.0,515.066908396946,610.400038167939,,,,,2.0,138.3612726865565,408.9476309445942
1108,2249013,53,,right,saccade,,274.0,,,492.224,623.802,1293.455,572.095,,,
1109,2249013,57,,left,saccade,281.0,,,,497.92400000000004,580.636,1320.233,584.004,,,
1110,2249070,1351,3.631436390532544,right,fixation,,275.0,1355.71585250738,562.184522123894,,,,,0.0,,
1111,2249074,1347,3.631259643916914,left,fixation,282.0,,1352.15082544379,607.81473964497,,,,,0.0,,
1112,2250425,48,,right,saccade,,275.0,,,1358.148,566.099,962.765,57.543,,,
1113,2250425,52,,left,saccade,282.0,,,,1347.2839999999999,625.189,931.225,58.63800000000001,,,
1114,2250477,108,3.659625000000001,right,fixation,,276.0,937.2927142857152,18.1206071428571,,,,,0.0,,
1115,2250481,336,3.6390058823529414,left,fixation,283.0,,964.5502823529407,18.5682235294118,,,,,0.0,,
1116,2250589,8,,right,saccade,,276.0,,,922.034,-2.039,966.8919999999999,-1.916,,,
1117,2250601,212,3.6278018867924526,right,fixation,,277.0,973.263888888889,18.4578148148148,,,,,0.0,,
1118,2250817,64,,right,saccade,,277.0,,,974.985,58.555,1410.1970000000001,490.05699999999996,,,
1119,2250821,84,,left,saccade,283.0,,,,999.5239999999999,23.241999999999997,1401.4279999999999,627.882,,,
1120,2250885,8,3.5575,right,fixation,,278.0,1412.13533333333,495.287333333333,,,,,0.0,,
1121,2250897,20,,right,saccade,,278.0,,,1412.4070000000006,496.98199999999997,1397.445,577.768,,,
1122,2250909,276,3.561829854899622,left,fixation,284.0,,1379.07517142857,631.2871,,,,,0.0,,
1123,2250921,264,3.5607045940170936,right,fixation,,279.0,1395.1034179104502,556.846955223881,,,,,0.0,,
1124,2251189,76,,left,saccade,284.0,,,,1356.1070000000002,631.9540000000002,317.824,766.7869999999997,,,
1125,2251189,80,,right,saccade,,279.0,,,1362.3529999999996,558.928,373.51599999999996,750.112,,,
1126,2251393,304,3.7261084337349395,right,fixation,,280.0,381.802038961039,821.5350389610388,,,,,0.0,,
1127,2251437,268,3.727287356321839,left,fixation,285.0,,385.91573529411795,830.9123529411771,,,,,0.0,,
1128,2251701,24,,right,saccade,,280.0,,,404.897,852.8610000000001,440.655,737.828,,,
1129,2251709,20,,left,saccade,285.0,,,,415.338,852.18,461.23199999999997,744.442,,,
1130,2251729,320,3.767275,right,fixation,,281.0,447.376234567901,746.167271604938,,,,,0.0,,
1131,2251733,320,3.767475,left,fixation,286.0,,455.761703703704,743.444444444444,,,,,0.0,,
1132,2252053,24,,right,saccade,,281.0,,,384.644,747.015,548.2230000000002,773.193,,,
1133,2252057,20,,left,saccade,286.0,,,,439.277,749.715,525.655,752.053,,,
1134,2252081,224,3.7333035714285714,right,fixation,,282.0,538.317421052632,791.516701754386,,,,,1.0,12.409865833279559,36.549423853188145
1135,2252081,228,3.733026315789473,left,fixation,287.0,,544.758724137931,757.7654310344832,,,,,0.0,,
1136,2252309,28,,right,saccade,,282.0,,,524.5880000000002,779.8660000000001,716.79,800.2,,,
1137,2252313,20,,left,saccade,287.0,,,,547.839,749.064,713.426,751.9169999999997,,,
1138,2252337,608,3.7607105263157896,left,fixation,288.0,,730.492784313726,761.218261437909,,,,,1.0,8.43381702499596,22.084213049144438
1139,2252341,600,3.76039,right,fixation,,283.0,714.152509933775,776.824609271523,,,,,0.0,,
1140,2252945,20,,right,saccade,,283.0,,,753.166,777.9780000000003,850.936,777.9780000000003,,,
1141,2252949,16,,left,saccade,288.0,,,,759.0319999999997,761.175,840.3439999999997,765.238,,,
1142,2252969,108,3.8644000000000007,left,fixation,289.0,,858.558607142857,763.711035714286,,,,,0.0,,
1143,2252969,120,3.8644000000000007,right,fixation,,284.0,849.579419354839,761.7535161290317,,,,,0.0,,
1144,2253081,44,,left,saccade,289.0,,,,861.414,763.893,532.617,783.449,,,
1145,2253093,76,,right,saccade,,284.0,,,830.824,763.13,629.794,706.422,,,
1146,2253305,128,3.9335,left,fixation,290.0,,551.29096969697,721.368242424243,,,,,6.0,13.835353113452994,35.868303621385095
1147,2253313,348,3.907138980263158,right,fixation,,285.0,614.98075,754.516375,,,,,1.0,20.812977333198187,31.04229245722692
1148,2253437,4,,left,saccade,290.0,,,,598.52,720.569,604.058,724.6469999999997,,,
1149,2253445,216,3.905754385964912,left,fixation,291.0,,629.163981818182,752.154272727273,,,,,0.0,,
1150,2253665,68,,left,saccade,291.0,,,,641.756,738.125,472.705,691.74,,,
1151,2253665,52,,right,saccade,,285.0,,,603.23,733.77,503.707,681.975,,,
1152,2253849,531,3.885200347199897,right,fixation,,286.0,534.680858208955,761.0248283582091,,,,,2.0,8.783122616221252,19.54469614425423
1153,2253873,499,3.885200347199897,left,fixation,292.0,,531.375920634921,749.799579365079,,,,,0.0,,
1154,2254376,68,,left,saccade,292.0,,,,540.633,761.493,431.952,671.073,,,
1155,2254384,40,,right,saccade,,286.0,,,529.629,749.7260000000001,460.227,676.457,,,
1156,2254660,576,3.802651070475695,right,fixation,,287.0,439.13902758620696,752.294862068966,,,,,0.0,,
1157,2254684,24,,left,fixation,293.0,,441.2245714285711,662.893,,,,,0.0,,
1158,2254712,20,,left,saccade,293.0,,,,454.76300000000003,664.023,462.80699999999996,730.052,,,
1159,2254736,504,3.8023093736726894,left,fixation,294.0,,431.55411811023697,771.372763779527,,,,,1.0,9.174186638183368,22.744680015335437
1160,2255240,20,,right,saccade,,287.0,,,404.35900000000004,752.675,475.48900000000003,765.9060000000003,,,
1161,2255244,16,,left,saccade,294.0,,,,424.344,755.193,506.519,749.972,,,
1162,2255264,856,3.698941588785048,right,fixation,,288.0,518.598539534884,780.4183767441859,,,,,0.0,,
1163,2255264,860,3.698793023255814,left,fixation,295.0,,521.379699074074,755.6404629629628,,,,,0.0,,
1164,2256124,20,,right,saccade,,288.0,,,524.571,748.5369999999997,422.525,758.6669999999997,,,
1165,2256128,20,,left,saccade,295.0,,,,518.066,756.528,414.296,758.65,,,
1166,2256148,596,3.665503355704698,right,fixation,,289.0,435.74378666666604,764.47758,,,,,0.0,,
1167,2256152,2300,3.6884713043478254,left,fixation,296.0,,461.110567708332,747.5951249999989,,,,,2.0,12.237957785668753,42.494037224926814
1168,2256748,12,,right,saccade,,289.0,,,444.805,779.68,445.54400000000004,733.068,,,
1169,2256764,304,3.705973684210527,right,fixation,,290.0,446.3112597402599,749.672532467532,,,,,1.0,8.907603663599886,18.127919682081565
1170,2257072,0,,right,saccade,,290.0,,,453.60699999999997,750.426,453.60699999999997,750.426,,,
1171,2257076,1380,3.693927536231884,right,fixation,,291.0,483.445843930636,738.912797687861,,,,,0.0,,
1172,2258456,16,,left,saccade,296.0,,,,429.12800000000004,748.257,485.028,735.421,,,
1173,2258460,12,,right,saccade,,291.0,,,454.339,724.4119999999997,500.977,723.1030000000003,,,
1174,2258476,208,3.6626826923076923,right,fixation,,292.0,520.1181698113211,729.4798113207553,,,,,0.0,,
1175,2258476,212,3.6627075471698114,left,fixation,297.0,,519.13337037037,738.2009259259261,,,,,0.0,,
1176,2258688,20,,right,saccade,,292.0,,,531.061,744.97,595.203,749.831,,,
1177,2258692,16,,left,saccade,297.0,,,,530.049,741.18,595.202,751.0980000000003,,,
1178,2258712,216,3.6960185185185193,right,fixation,,293.0,616.242036363636,753.482727272728,,,,,0.0,,
1179,2258712,1056,3.6595204915501935,left,fixation,298.0,,551.670833962264,764.963667924529,,,,,1.0,11.214463582554684,26.79208375621428
1180,2258932,24,,right,saccade,,293.0,,,620.207,751.013,560.714,787.5310000000003,,,
1181,2258960,668,3.649285714285714,right,fixation,,294.0,539.160732142857,783.5189761904761,,,,,0.0,,
1182,2259632,12,,right,saccade,,294.0,,,538.3430000000002,747.672,546.854,791.308,,,
1183,2259648,132,3.61139603960396,right,fixation,,295.0,537.649970588235,793.8439411764709,,,,,0.0,,
1184,2259772,40,,left,saccade,298.0,,,,537.841,783.243,397.699,732.9060000000003,,,
1185,2259784,48,,right,saccade,,295.0,,,493.345,773.451,454.575,735.326,,,
1186,2259928,0,,right,fixation,,296.0,454.575,744.959,,,,,0.0,,
1187,2259932,0,,right,saccade,,296.0,,,454.575,735.937,454.575,735.937,,,
1188,2259936,180,3.6003163882564726,right,fixation,,297.0,475.54776086956497,794.3039130434779,,,,,0.0,,
1189,2259960,160,3.6006043666866683,left,fixation,299.0,,464.988341463415,746.29631707317,,,,,0.0,,
1190,2260120,20,,right,saccade,,297.0,,,511.542,800.541,447.645,757.252,,,
1191,2260124,12,,left,saccade,299.0,,,,495.159,774.073,450.958,778.954,,,
1192,2260140,704,3.5210994318181807,left,fixation,300.0,,434.002768361582,779.2475706214682,,,,,0.0,,
1193,2260144,700,3.5205800000000003,right,fixation,,298.0,424.401261363636,781.4715681818179,,,,,0.0,,
1194,2260848,20,,left,saccade,300.0,,,,441.218,761.827,536.614,764.798,,,
1195,2260848,20,,right,saccade,,298.0,,,426.158,761.076,502.327,742.0989999999997,,,
1196,2260872,412,3.508125,right,fixation,,299.0,525.487634615385,743.5594423076918,,,,,0.0,,
1197,2260872,744,3.5191149732620315,left,fixation,301.0,,539.9356042780751,762.210058823529,,,,,2.0,8.449523494453526,19.07176218496209
1198,2261288,16,,right,saccade,,299.0,,,565.693,772.319,520.2909999999998,759.3969999999997,,,
1199,2261308,312,3.5320448717948723,right,fixation,,300.0,523.088316455696,754.1364936708859,,,,,0.0,,
1200,2261620,20,,left,saccade,301.0,,,,534.957,760.935,636.763,764.908,,,
1201,2261624,16,,right,saccade,,300.0,,,546.513,746.745,616.591,749.789,,,
1202,2261644,556,3.5911702898550724,left,fixation,302.0,,631.8157,765.422,,,,,0.0,,
1203,2261644,564,3.591264285714286,right,fixation,,301.0,635.018316901408,789.218345070423,,,,,0.0,,
1204,2262204,16,,left,saccade,302.0,,,,637.034,775.7560000000003,717.03,775.7560000000003,,,
1205,2262212,0,,right,saccade,,301.0,,,688.5889999999997,805.177,688.5889999999997,805.177,,,
1206,2262216,488,3.606971544715447,right,fixation,,302.0,743.329430894309,782.6206504065041,,,,,0.0,,
1207,2262224,1912,3.532692066805846,left,fixation,303.0,,807.327943632567,784.133513569937,,,,,1.0,9.154371580167439,24.052291366936213
1208,2262708,12,,right,saccade,,302.0,,,800.071,800.9830000000003,805.664,757.6339999999999,,,
1209,2262724,1420,3.5063112676056343,right,fixation,,303.0,832.3184831460692,766.803078651686,,,,,0.0,,
1210,2264140,20,,left,saccade,303.0,,,,826.459,788.9810000000001,758.38,790.704,,,
1211,2264148,12,,right,saccade,,303.0,,,807.955,775.461,774.587,763.2919999999997,,,
1212,2264164,760,3.5033894736842104,left,fixation,304.0,,731.788036649215,766.625643979058,,,,,0.0,,
1213,2264164,1556,3.545314910025707,right,fixation,,304.0,692.607551282052,766.452638461539,,,,,0.0,,
1214,2264928,20,,left,saccade,304.0,,,,744.795,765.202,656.803,775.565,,,
1215,2264952,772,3.5871398963730567,left,fixation,305.0,,661.5919742268039,764.522515463918,,,,,0.0,,
1216,2265724,24,,right,saccade,,304.0,,,661.711,784.065,518.288,747.7289999999997,,,
1217,2265728,20,,left,saccade,305.0,,,,626.5459999999998,752.337,537.144,750.179,,,
1218,2265752,776,3.5963170103092787,right,fixation,,305.0,554.643471794872,767.331333333333,,,,,1.0,8.674552381983634,17.451358972870892
1219,2265752,888,3.589002252252252,left,fixation,306.0,,541.2706098654701,757.220291479821,,,,,0.0,,
1220,2266532,0,,right,saccade,,305.0,,,510.51800000000003,751.92,510.51800000000003,751.92,,,
1221,2266536,508,3.520791338582677,right,fixation,,306.0,462.82471875,770.42584375,,,,,1.0,13.889437877594473,43.15779777745857
1222,2266644,12,,left,saccade,306.0,,,,512.112,760.079,458.825,763.299,,,
1223,2266660,648,3.506435185185185,left,fixation,307.0,,430.287785276074,766.4976319018408,,,,,0.0,,
1224,2267048,4,,right,saccade,,306.0,,,465.715,755.716,464.7,749.9860000000001,,,
1225,2267056,248,3.4917903225806453,right,fixation,,307.0,441.724904761905,745.033920634921,,,,,0.0,,
1226,2267308,24,,right,saccade,,307.0,,,451.13599999999997,730.597,609.111,743.0219999999997,,,
1227,2267312,20,,left,saccade,307.0,,,,410.00800000000004,755.702,602.231,762.783,,,
1228,2267336,240,3.522883333333333,right,fixation,,308.0,620.862475409836,773.094032786886,,,,,0.0,,
1229,2267336,248,3.5237983870967757,left,fixation,308.0,,623.80546031746,766.897714285714,,,,,0.0,,
1230,2267580,20,,right,saccade,,308.0,,,621.4169999999998,776.3910000000003,515.0830000000002,782.716,,,
1231,2267588,0,,left,saccade,308.0,,,,590.323,750.7360000000001,590.323,750.7360000000001,,,
1232,2267592,236,3.5661610169491533,left,fixation,309.0,,549.0583,750.8824,,,,,0.0,,
1233,2267604,216,3.5667222222222223,right,fixation,,309.0,536.777963636364,767.0668,,,,,0.0,,
1234,2267824,20,,right,saccade,,309.0,,,540.498,727.502,626.898,762.37,,,
1235,2267832,20,,left,saccade,309.0,,,,551.107,754.913,618.592,748.163,,,
1236,2267848,108,3.603203703703704,right,fixation,,310.0,643.763785714286,778.6456428571429,,,,,0.0,,
1237,2267856,104,3.6034615384615374,left,fixation,310.0,,646.261444444444,757.784777777778,,,,,0.0,,
1238,2267960,24,,right,saccade,,310.0,,,670.819,771.1569999999997,825.068,771.301,,,
1239,2267964,20,,left,saccade,310.0,,,,672.296,776.518,788.5239999999999,764.326,,,
1240,2267988,68,3.633882352941176,right,fixation,,311.0,819.8210555555562,766.883111111111,,,,,0.0,,
1241,2267988,864,3.6779467592592594,left,fixation,311.0,,843.971036866359,769.499769585253,,,,,1.0,13.099731502761593,39.354601459041724
1242,2268060,0,,right,saccade,,311.0,,,833.31,736.675,833.31,736.675,,,
1243,2268064,700,3.6815771428571433,right,fixation,,312.0,849.279193181818,755.612198863636,,,,,1.0,9.63772518831881,24.35966978429701
1244,2268768,4,,right,saccade,,312.0,,,851.818,769.804,854.065,759.409,,,
1245,2268776,44,3.683318181818183,right,fixation,,313.0,861.047666666667,739.019083333333,,,,,0.0,,
1246,2268824,4,,right,saccade,,313.0,,,859.426,764.6389999999999,857.5,776.988,,,
1247,2268832,24,3.6913333333333327,right,fixation,,314.0,851.098714285714,801.426,,,,,0.0,,
1248,2268856,24,,left,saccade,311.0,,,,865.56,779.8,615.6759999999998,782.727,,,
1249,2268860,24,,right,saccade,,314.0,,,842.1619999999997,809.952,628.75,802.669,,,
1250,2268884,371,3.6728369565217385,left,fixation,312.0,,573.976159574468,754.71155319149,,,,,1.0,10.452175788907367,27.403347696951162
1251,2268888,367,3.672758241758242,right,fixation,,315.0,578.334032258065,752.953677419354,,,,,0.0,,
1252,2269259,20,,right,saccade,,315.0,,,556.445,756.4939999999997,714.7869999999997,752.087,,,
1253,2269259,24,,left,saccade,312.0,,,,536.016,745.054,728.922,757.457,,,
1254,2269283,136,3.721272727272727,right,fixation,,316.0,718.069857142857,758.398942857143,,,,,0.0,,
1255,2269287,116,3.720444444444444,left,fixation,313.0,,732.030433333333,746.431566666666,,,,,0.0,,
1256,2269407,40,,left,saccade,313.0,,,,734.443,728.824,637.886,758.2310000000001,,,
1257,2269423,40,,right,saccade,,316.0,,,695.709,773.3989999999999,642.036,718.315,,,
1258,2269619,796,3.658081920903955,right,fixation,,317.0,591.905345,780.5467349999989,,,,,2.0,20.2088346160592,53.74877575044262
1259,2269639,220,3.783855263157895,left,fixation,314.0,,676.560125,743.512017857143,,,,,0.0,,
1260,2269863,8,,left,saccade,314.0,,,,658.367,800.092,640.403,786.701,,,
1261,2269875,148,3.7172972972972973,left,fixation,315.0,,622.4335,771.495447368421,,,,,1.0,8.528647375496064,22.86494771478817
1262,2270027,20,,left,saccade,315.0,,,,625.746,772.8910000000003,542.337,767.632,,,
1263,2270051,364,3.575868131868132,left,fixation,316.0,,540.238532608696,771.3926630434779,,,,,0.0,,
1264,2270419,28,,left,saccade,316.0,,,,568.225,758.941,766.42,769.89,,,
1265,2270419,36,,right,saccade,,317.0,,,557.974,753.09,793.317,764.568,,,
1266,2270451,420,3.609385714285714,left,fixation,317.0,,833.7615,778.2878773584897,,,,,1.0,12.970045644783895,41.26871318565673
1267,2270459,92,3.592739130434781,right,fixation,,318.0,815.490333333333,753.197125,,,,,0.0,,
1268,2270555,0,,right,saccade,,318.0,,,822.592,764.669,822.592,764.669,,,
1269,2270559,112,3.6157678571428566,right,fixation,,319.0,822.770862068966,791.518206896552,,,,,0.0,,
1270,2270675,4,,right,saccade,,319.0,,,837.171,767.416,845.225,756.3989999999999,,,
1271,2270683,188,3.6137021276595744,right,fixation,,320.0,848.716916666667,742.3418333333342,,,,,0.0,,
1272,2270875,36,,left,saccade,317.0,,,,836.221,782.078,524.6659999999998,788.705,,,
1273,2270875,40,,right,saccade,,320.0,,,856.029,731.689,516.481,745.2460000000003,,,
1274,2270915,764,3.5349922680412367,left,fixation,318.0,,441.617927083333,763.208963541666,,,,,0.0,,
1275,2270919,420,3.556928571428571,right,fixation,,321.0,442.2783773584909,765.4753679245282,,,,,0.0,,
1276,2271343,4,,right,saccade,,321.0,,,407.996,740.693,411.15,755.238,,,
1277,2271351,328,3.507535294117647,right,fixation,,322.0,417.150192771084,760.668253012048,,,,,0.0,,
