,starttime,duration,meanPupilDiameter,eye,eventType,eventIdxLeft,eventIdxRight,meanX,meanY,startSaccadeX,startSaccadeY,endSaccadeX,endSaccadeY,microsaccadeCount,microsaccadeAmplitude,microsaccadePeakVelocity
0,20063491,340,2.978877906976744,left,fixation,1.0,,671.572709302326,218.469093023256,,,,,0.0,,
1,20063491,344,2.979137931034482,right,fixation,,1.0,619.0778275862069,242.58700000000002,,,,,0.0,,
2,20063835,36,,left,saccade,1.0,,,,677.4010000000002,210.592,470.50699999999995,170.415,,,
3,20063839,28,,right,saccade,,1.0,,,617.205,256.184,460.541,209.62599999999998,,,
4,20063871,136,3.004111111111111,right,fixation,,2.0,426.03468571428596,183.397742857143,,,,,0.0,,
5,20063875,120,3.0162857142857145,left,fixation,2.0,,456.37303225806505,167.524967741935,,,,,0.0,,
6,20063999,36,,left,saccade,2.0,,,,455.82599999999996,135.925,289.629,139.97899999999998,,,
7,20064011,36,,right,saccade,,2.0,,,420.467,164.671,307.556,111.709,,,
8,20064155,28,,right,fixation,,3.0,319.247625,122.59875,,,,,0.0,,
9,20064171,48,,left,fixation,3.0,,295.410384615385,164.724923076923,,,,,0.0,,
10,20064187,12,,right,saccade,,3.0,,,324.658,143.542,336.139,179.94299999999996,,,
11,20064203,296,2.98201836610933,right,fixation,,4.0,385.85282666666603,229.842213333333,,,,,2.0,8.345180719275014,23.29556058474769
12,20064223,8,,left,saccade,3.0,,,,322.693,176.018,341.361,174.88099999999997,,,
13,20064235,264,2.98201836610933,left,fixation,4.0,,427.552985074627,152.861805970149,,,,,1.0,8.300737124229112,24.68887692868998
14,20064503,20,,right,saccade,,4.0,,,413.995,229.57299999999998,591.617,223.108,,,
15,20064503,24,,left,saccade,4.0,,,,464.464,153.14700000000005,642.736,171.23,,,
16,20064527,500,2.9925359999999994,right,fixation,,5.0,621.362706349207,273.497746031746,,,,,1.0,9.393991609593392,21.6434701700074
17,20064531,124,3.0061612903225803,left,fixation,5.0,,666.214875,158.824625,,,,,0.0,,
18,20064659,4,,left,saccade,5.0,,,,650.865,184.644,650.342,198.287,,,
19,20064667,356,2.9868820224719106,left,fixation,6.0,,660.886522222222,201.445355555556,,,,,0.0,,
20,20065027,20,,left,saccade,6.0,,,,669.915,203.58599999999998,584.891,209.94099999999997,,,
21,20065031,16,,right,saccade,,5.0,,,622.931,270.303,558.076,256.26599999999996,,,
22,20065051,352,3.009625,left,fixation,7.0,,559.461640449438,182.415179775281,,,,,0.0,,
23,20065051,356,3.010404494382023,right,fixation,,6.0,514.14,252.559811111111,,,,,1.0,5.496606352003839,12.724564943447056
24,20065407,16,,left,saccade,7.0,,,,552.326,177.732,498.476,185.176,,,
25,20065411,12,,right,saccade,,6.0,,,505.955,253.75400000000002,446.099,245.745,,,
26,20065427,272,3.058139705882353,left,fixation,8.0,,477.82318840579694,165.428420289855,,,,,0.0,,
27,20065427,272,3.058139705882353,right,fixation,,7.0,438.498855072464,231.97115942029,,,,,0.0,,
28,20065703,20,,left,saccade,8.0,,,,473.365,158.484,621.508,156.234,,,
29,20065703,20,,right,saccade,,7.0,,,461.095,242.519,589.182,242.644,,,
30,20065727,220,3.1169363636363636,left,fixation,9.0,,647.958321428571,156.708910714286,,,,,0.0,,
31,20065727,224,3.1170267857142853,right,fixation,,8.0,600.434052631579,242.682140350877,,,,,0.0,,
32,20065951,20,,left,saccade,9.0,,,,650.6,155.019,757.316,145.279,,,
33,20065955,16,,right,saccade,,8.0,,,624.575,257.427,691.817,259.42,,,
34,20065975,36,3.103166666666666,left,fixation,10.0,,775.3507,150.5853,,,,,0.0,,
35,20065975,328,3.1257865853658533,right,fixation,,9.0,732.891542168675,245.25553012048198,,,,,1.0,7.8472754011964,24.516744747213
36,20066015,8,,left,saccade,10.0,,,,784.681,179.995,784.681,205.468,,,
37,20066027,128,3.107454545454545,left,fixation,11.0,,781.155212121212,199.50606060606097,,,,,0.0,,
38,20066159,12,,left,saccade,11.0,,,,776.988,153.763,820.975,148.42700000000005,,,
39,20066175,136,3.1570303030303037,left,fixation,12.0,,825.8942,133.9038,,,,,0.0,,
40,20066307,12,,right,saccade,,9.0,,,756.4689999999997,190.592,798.424,194.985,,,
41,20066315,4,,left,saccade,12.0,,,,846.765,146.38,854.584,153.41899999999995,,,
42,20066323,216,3.1236944444444443,left,fixation,13.0,,875.3073454545461,152.314127272727,,,,,0.0,,
43,20066323,216,3.1236944444444443,right,fixation,,10.0,818.806127272728,243.933290909091,,,,,0.0,,
44,20066543,24,,left,saccade,13.0,,,,875.0169999999997,137.138,676.56,158.541,,,
45,20066543,24,,right,saccade,,10.0,,,812.3960000000003,260.39799999999997,640.16,251.83900000000003,,,
46,20066571,460,3.1261594827586205,left,fixation,14.0,,675.679379310345,154.404172413793,,,,,0.0,,
47,20066571,464,3.1257863247863247,right,fixation,,11.0,619.2844444444451,256.071247863248,,,,,0.0,,
48,20067035,20,,left,saccade,14.0,,,,678.212,154.585,576.144,184.787,,,
49,20067039,16,,right,saccade,,11.0,,,616.528,260.678,535.763,249.392,,,
50,20067059,452,3.0520714285714283,left,fixation,15.0,,552.518184210526,195.778105263158,,,,,0.0,,
51,20067059,456,3.0522699115044243,right,fixation,,12.0,510.45272173912997,240.690260869565,,,,,0.0,,
52,20067515,20,,left,saccade,15.0,,,,542.9,184.94099999999997,451.837,185.416,,,
53,20067519,16,,right,saccade,,12.0,,,499.24699999999996,227.423,424.95099999999996,220.416,,,
54,20067539,372,3.0521881720430115,left,fixation,16.0,,455.429531914894,187.421627659574,,,,,0.0,,
55,20067539,372,3.0521881720430115,right,fixation,,13.0,420.236553191489,207.133170212766,,,,,0.0,,
56,20067915,24,,left,saccade,16.0,,,,451.29900000000004,184.487,664.852,165.93200000000004,,,
57,20067915,24,,right,saccade,,13.0,,,416.43800000000016,219.015,625.673,218.74900000000002,,,
58,20067943,324,3.0660243902439017,left,fixation,17.0,,694.613743902439,158.427487804878,,,,,0.0,,
59,20067943,324,3.0660243902439017,right,fixation,,14.0,637.341475609756,222.78178048780498,,,,,0.0,,
60,20068271,16,,left,saccade,17.0,,,,696.992,193.543,763.311,183.209,,,
61,20068271,20,,right,saccade,,14.0,,,633.976,229.377,718.079,226.386,,,
62,20068291,296,3.0821824324324325,left,fixation,18.0,,807.349706666667,163.013106666667,,,,,0.0,,
63,20068295,288,3.0821666666666667,right,fixation,,15.0,739.338712328767,249.73263013698602,,,,,0.0,,
64,20068587,16,,right,saccade,,15.0,,,743.3489999999997,260.126,823.3430000000003,252.926,,,
65,20068591,16,,left,saccade,18.0,,,,806.42,148.626,880.552,153.041,,,
66,20068607,268,3.0966567164179097,right,fixation,,16.0,832.6549264705881,233.645014705882,,,,,0.0,,
67,20068611,260,3.096407692307692,left,fixation,19.0,,908.005590909091,145.086863636364,,,,,0.0,,
68,20068875,20,,left,saccade,19.0,,,,898.9630000000003,123.186,753.5110000000003,129.61700000000002,,,
69,20068879,20,,right,saccade,,16.0,,,821.243,219.453,689.155,213.035,,,
70,20068899,212,3.1034528301886786,left,fixation,20.0,,740.835907407407,154.179722222222,,,,,0.0,,
71,20068903,212,3.1032075471698115,right,fixation,,17.0,660.029907407407,212.801888888889,,,,,0.0,,
72,20069115,16,,left,saccade,20.0,,,,734.326,130.623,595.572,165.65,,,
73,20069119,16,,right,saccade,,17.0,,,655.835,220.916,547.104,226.423,,,
74,20069135,596,3.0850234899328863,left,fixation,21.0,,588.979513333333,189.658033333333,,,,,0.0,,
75,20069139,1268,3.106897476340694,right,fixation,,18.0,579.26634591195,220.0048081761,,,,,3.0,6.3319910768374745,23.370583369726006
76,20069735,12,,left,saccade,21.0,,,,644.73,154.472,684.0219999999998,147.062,,,
77,20069751,664,3.127048192771084,left,fixation,22.0,,708.411934131736,146.23019760479,,,,,0.0,,
78,20070411,16,,right,saccade,,18.0,,,642.3919999999998,227.53099999999998,717.85,221.701,,,
79,20070419,16,,left,saccade,22.0,,,,735.299,129.55100000000002,785.2289999999997,126.477,,,
80,20070431,412,3.1018284313725486,right,fixation,,19.0,727.078778846153,222.22325961538502,,,,,0.0,,
81,20070439,404,3.1022899999999987,left,fixation,23.0,,802.303235294118,148.449754901961,,,,,0.0,,
82,20070847,16,,left,saccade,23.0,,,,794.7439999999997,175.77599999999995,876.1360000000003,168.412,,,
83,20070847,20,,right,saccade,,19.0,,,731.1469999999997,222.46400000000003,827.46,222.105,,,
84,20070867,316,3.14020625,left,fixation,24.0,,906.3727125,126.9627625,,,,,0.0,,
85,20070871,308,3.14075,right,fixation,,20.0,830.9697564102562,203.13188461538502,,,,,0.0,,
86,20071183,28,,right,saccade,,20.0,,,849.523,210.356,637.813,198.14700000000002,,,
87,20071187,28,,left,saccade,24.0,,,,902.342,173.435,685.562,184.551,,,
88,20071215,240,3.109458333333333,right,fixation,,21.0,612.510639344262,203.89378688524602,,,,,0.0,,
89,20071219,236,3.1094830508474574,left,fixation,25.0,,678.9473,148.95093333333298,,,,,0.0,,
90,20071459,28,,right,saccade,,21.0,,,604.711,195.44,321.87,182.09,,,
91,20071459,32,,left,saccade,25.0,,,,683.405,134.517,325.51599999999996,168.86599999999999,,,
92,20071491,104,3.0944230769230767,right,fixation,,22.0,306.09062962963,175.760185185185,,,,,0.0,,
93,20071495,100,3.09424,left,fixation,26.0,,324.348576923077,175.75265384615398,,,,,0.0,,
94,20071599,12,,right,saccade,,22.0,,,314.982,196.308,371.069,194.361,,,
95,20071599,16,,left,saccade,26.0,,,,341.47,157.033,397.952,148.71,,,
96,20071615,368,3.0994891304347822,right,fixation,,23.0,404.5434516129029,191.810043010753,,,,,0.0,,
97,20071619,364,3.099307692307692,left,fixation,27.0,,432.396728260869,164.28573913043502,,,,,0.0,,
98,20071987,16,,right,saccade,,23.0,,,420.57599999999996,193.935,533.196,203.614,,,
99,20071987,20,,left,saccade,27.0,,,,456.327,152.89700000000005,536.965,167.396,,,
100,20072007,540,3.0834444444444444,right,fixation,,24.0,527.859022058824,217.655823529412,,,,,0.0,,
101,20072011,392,3.0767397959183675,left,fixation,28.0,,562.93205050505,154.593,,,,,0.0,,
102,20072407,8,,left,saccade,28.0,,,,553.186,157.44899999999996,550.239,180.951,,,
103,20072419,124,3.1013064516129023,left,fixation,29.0,,546.17240625,175.7313125,,,,,0.0,,
104,20072547,20,,left,saccade,29.0,,,,562.866,137.388,667.78,132.93,,,
105,20072551,16,,right,saccade,,24.0,,,543.521,233.174,599.536,225.27900000000002,,,
106,20072571,680,3.0864735294117653,left,fixation,30.0,,678.926777777778,155.420058479532,,,,,1.0,11.310864553359494,31.989150113749517
107,20072571,1804,3.0954279379157428,right,fixation,,25.0,622.462688053098,211.146294247788,,,,,0.0,,
108,20073255,4,,left,saccade,30.0,,,,713.8689999999997,201.80200000000002,720.363,191.291,,,
109,20073263,108,3.0792777777777767,left,fixation,31.0,,716.834857142857,148.641035714286,,,,,1.0,9.516652354046448,28.43930807878414
110,20073375,8,,left,saccade,31.0,,,,736.1039999999997,140.601,733.9580000000003,161.912,,,
111,20073387,988,3.1039595141700405,left,fixation,32.0,,683.9333669354843,134.702330645161,,,,,1.0,10.236782373436998,33.76037033268434
112,20074379,20,,left,saccade,32.0,,,,694.294,124.945,469.336,149.128,,,
113,20074379,24,,right,saccade,,25.0,,,652.262,206.75799999999998,440.87699999999995,200.201,,,
114,20074403,144,3.123486111111111,left,fixation,33.0,,454.425702702703,152.777459459459,,,,,0.0,,
115,20074407,144,3.123625,right,fixation,,26.0,421.218756756757,190.557081081081,,,,,0.0,,
116,20074551,12,,left,saccade,33.0,,,,467.95599999999996,172.94299999999996,511.23699999999997,174.18099999999995,,,
117,20074555,12,,right,saccade,,26.0,,,435.164,194.89,476.97,193.171,,,
118,20074567,416,3.133879807692308,left,fixation,34.0,,556.452866666667,172.38093333333302,,,,,0.0,,
119,20074571,416,3.134201923076924,right,fixation,,27.0,514.435380952381,221.62400000000002,,,,,1.0,7.732809351860522,14.845704900744805
120,20074987,20,,left,saccade,34.0,,,,579.898,176.37900000000005,457.32199999999995,186.312,,,
121,20074991,20,,right,saccade,,27.0,,,518.404,238.65900000000002,423.73,225.83,,,
122,20075011,503,3.084236,left,fixation,35.0,,451.679338582677,168.512645669291,,,,,0.0,,
123,20075015,499,3.084052419354838,right,fixation,,28.0,412.45353968254,201.01659523809502,,,,,0.0,,
124,20075518,36,,left,saccade,35.0,,,,438.475,147.672,832.092,126.596,,,
125,20075518,36,,right,saccade,,28.0,,,415.244,190.72400000000002,801.948,181.002,,,
126,20075558,649,3.1147730061349703,left,fixation,36.0,,878.957846625766,141.307085889571,,,,,0.0,,
127,20075558,649,3.1147730061349703,right,fixation,,29.0,828.4921963190179,221.13954601227002,,,,,1.0,6.802610091395454,19.55414968747037
128,20076211,16,,right,saccade,,29.0,,,834.1669999999997,209.67,741.335,204.987,,,
129,20076211,20,,left,saccade,36.0,,,,894.7460000000003,130.615,801.51,135.731,,,
130,20076231,515,3.1753984375,right,fixation,,30.0,735.244569230769,219.119453846154,,,,,0.0,,
131,20076235,307,3.184026315789473,left,fixation,37.0,,795.6592051282048,135.827307692308,,,,,0.0,,
132,20076546,4,,left,saccade,37.0,,,,791.747,150.755,793.86,160.084,,,
133,20076554,192,3.1627500000000004,left,fixation,38.0,,801.084448979592,173.215775510204,,,,,0.0,,
134,20076750,16,,left,saccade,38.0,,,,773.852,140.287,707.013,136.911,,,
135,20076750,16,,right,saccade,,30.0,,,722.836,211.945,654.406,208.088,,,
136,20076770,508,3.1594881889763777,right,fixation,,31.0,639.84465625,208.7140859375,,,,,0.0,,
137,20076770,512,3.15959765625,left,fixation,39.0,,696.217945736434,144.619829457364,,,,,0.0,,
138,20077282,20,,right,saccade,,31.0,,,637.706,217.905,715.6460000000003,216.015,,,
139,20077286,16,,left,saccade,39.0,,,,709.311,146.714,768.824,132.731,,,
140,20077306,173,3.160102272727272,left,fixation,40.0,,794.4884090909088,134.164227272727,,,,,0.0,,
141,20077306,173,3.160102272727272,right,fixation,,32.0,737.753863636364,226.34809090909096,,,,,0.0,,
142,20077483,19,,left,saccade,40.0,,,,790.835,130.787,607.9490000000002,133.312,,,
143,20077483,23,,right,saccade,,32.0,,,732.872,211.56,576.744,209.68900000000002,,,
144,20077506,512,3.1809843750000004,left,fixation,41.0,,579.368720930233,131.620643410853,,,,,1.0,6.450463312386551,12.18925141261764
145,20077510,512,3.1811328125,right,fixation,,33.0,549.37884496124,195.569891472868,,,,,1.0,5.6773430894702495,15.97804255846123
146,20078022,20,,left,saccade,41.0,,,,585.575,193.395,646.763,160.00799999999995,,,
147,20078026,16,,right,saccade,,33.0,,,552.689,212.037,605.6619999999998,200.19,,,
148,20078046,2388,3.1410067001675044,right,fixation,,34.0,675.798068561872,212.143847826087,,,,,2.0,8.775177921853599,34.6283954295582
149,20078046,2816,3.138380681818182,left,fixation,42.0,,768.7918156028371,154.070689361702,,,,,1.0,7.600667384805381,20.184641810049538
150,20080438,16,,right,saccade,,34.0,,,749.9730000000003,191.56099999999998,821.645,192.168,,,
151,20080458,404,3.120589108910892,right,fixation,,35.0,825.2573921568629,198.80538235294102,,,,,0.0,,
152,20080866,28,,left,saccade,42.0,,,,869.227,120.682,688.512,126.20100000000001,,,
153,20080866,28,,right,saccade,,35.0,,,830.43,176.84799999999996,642.988,168.571,,,
154,20080898,192,3.1093333333333333,left,fixation,43.0,,671.031102040817,146.253897959184,,,,,0.0,,
155,20080898,436,3.1233944954128443,right,fixation,,36.0,608.107381818182,171.39213636363596,,,,,0.0,,
156,20081094,4,,left,saccade,43.0,,,,643.053,121.45700000000001,640.946,117.499,,,
157,20081102,232,3.1371896551724143,left,fixation,44.0,,624.236949152542,108.095677966102,,,,,0.0,,
158,20081338,52,,right,saccade,,36.0,,,589.591,186.425,1363.006,160.79,,,
159,20081338,56,,left,saccade,44.0,,,,644.245,133.145,1379.7920000000001,66.574,,,
160,20081394,728,3.1629726775956293,right,fixation,,37.0,1391.95281967213,158.938683060109,,,,,1.0,5.955952284153386,17.51895250864076
161,20081398,40,3.18535,left,fixation,45.0,,1391.48836363636,79.1014545454545,,,,,0.0,,
162,20081442,0,,left,saccade,45.0,,,,1393.0020000000006,107.74,1393.0020000000006,107.74,,,
163,20081446,676,3.1613647058823537,left,fixation,46.0,,1410.4332764705896,146.164376470588,,,,,0.0,,
164,20082126,36,,right,saccade,,37.0,,,1397.8129999999999,166.153,1010.048,145.665,,,
165,20082126,48,,left,saccade,46.0,,,,1428.1470000000006,133.507,1013.975,87.182,,,
166,20082166,44,3.1254090909090912,right,fixation,,38.0,973.944916666667,137.884916666667,,,,,1.0,6.565844967625201,20.28949661770832
167,20082178,32,3.1265625,left,fixation,47.0,,1001.1941111111099,77.2411111111111,,,,,0.0,,
168,20082214,32,,right,saccade,,38.0,,,944.691,137.911,622.535,168.96200000000005,,,
169,20082214,36,,left,saccade,47.0,,,,987.5239999999999,73.675,652.504,126.646,,,
170,20082250,444,3.1439819819819816,right,fixation,,39.0,611.916866071429,203.084991071429,,,,,0.0,,
171,20082254,440,3.1442681818181817,left,fixation,48.0,,654.607261261261,164.662081081081,,,,,0.0,,
172,20082698,28,,left,saccade,48.0,,,,655.111,196.415,425.717,281.69599999999997,,,
173,20082698,28,,right,saccade,,39.0,,,619.2669999999998,234.55900000000003,441.95,275.652,,,
174,20082730,232,3.0798663834951467,left,fixation,49.0,,407.86464406779686,277.572254237288,,,,,0.0,,
175,20082730,232,3.0798663834951467,right,fixation,,40.0,404.20640677966105,293.22913559322,,,,,0.0,,
176,20082966,76,,left,saccade,49.0,,,,397.631,251.764,451.476,243.071,,,
177,20082966,36,,right,saccade,,40.0,,,395.55,287.655,379.69699999999995,259.138,,,
178,20083098,176,3.0394453398058254,right,fixation,,41.0,401.723044444444,313.471088888889,,,,,0.0,,
179,20083150,136,3.035746241778892,left,fixation,50.0,,475.9404,287.73262857142896,,,,,1.0,14.811098878881351,43.937052620766465
180,20083278,16,,right,saccade,,41.0,,,421.334,327.122,475.534,339.64300000000014,,,
181,20083290,4,,left,saccade,50.0,,,,518.965,303.925,519.061,303.453,,,
182,20083298,224,2.9775535714285715,left,fixation,51.0,,546.673807017544,321.695263157894,,,,,0.0,,
183,20083298,560,2.9526214285714287,right,fixation,,42.0,532.539829787234,370.450113475177,,,,,0.0,,
184,20083526,4,,left,saccade,51.0,,,,560.315,340.276,571.8430000000002,337.55300000000005,,,
185,20083534,324,2.9351419753086416,left,fixation,52.0,,610.520426829268,350.17641463414594,,,,,0.0,,
186,20083862,16,,left,saccade,52.0,,,,627.308,372.32199999999995,696.0239999999999,343.728,,,
187,20083862,16,,right,saccade,,42.0,,,575.636,381.23199999999997,648.805,377.296,,,
188,20083882,376,2.922622340425532,right,fixation,,43.0,660.0537263157901,395.78369473684194,,,,,0.0,,
189,20083882,388,2.9230979381443296,left,fixation,53.0,,741.464051020408,361.47071428571405,,,,,1.0,8.20327043860494,25.257809188447162
190,20084262,8,,right,saccade,,43.0,,,701.447,397.81800000000004,706.9060000000003,389.231,,,
191,20084274,12,,left,saccade,53.0,,,,772.488,351.444,783.814,319.001,,,
192,20084274,260,2.9394153846153848,right,fixation,,44.0,735.879075757576,372.78912121212096,,,,,0.0,,
193,20084290,248,2.9391532258064514,left,fixation,54.0,,787.689111111111,307.95722222222196,,,,,0.0,,
194,20084538,16,,right,saccade,,44.0,,,724.355,359.37699999999984,815.0880000000003,355.23,,,
195,20084542,12,,left,saccade,54.0,,,,797.748,276.384,841.775,275.693,,,
196,20084558,560,2.9301928571428566,left,fixation,55.0,,884.390411347518,311.901397163121,,,,,0.0,,
197,20084558,564,2.9307588652482277,right,fixation,,45.0,824.661443661972,364.44611971831,,,,,1.0,5.6136363561321625,17.984038478606585
198,20085122,24,,left,saccade,55.0,,,,903.475,296.736,679.1610000000003,305.86,,,
199,20085126,24,,right,saccade,,45.0,,,845.17,376.849,660.047,354.83099999999996,,,
200,20085150,160,2.9526250000000003,left,fixation,56.0,,706.109219512195,306.22756097561,,,,,0.0,,
201,20085154,388,2.958221649484536,right,fixation,,46.0,633.099428571429,368.9473571428569,,,,,0.0,,
202,20085314,4,,left,saccade,56.0,,,,711.653,324.6,711.653,336.635,,,
203,20085322,220,2.963581818181817,left,fixation,57.0,,718.566535714286,351.591732142857,,,,,0.0,,
204,20085546,20,,left,saccade,57.0,,,,691.313,339.11199999999997,546.465,335.722,,,
205,20085546,20,,right,saccade,,46.0,,,626.698,369.24199999999996,496.111,363.54900000000004,,,
206,20085570,152,3.0041756756756763,left,fixation,58.0,,534.4261282051281,328.15943589743597,,,,,0.0,,
207,20085570,844,2.967341232227488,right,fixation,,47.0,544.517443396226,349.90975471698096,,,,,2.0,7.798188608474027,30.395944500541273
208,20085726,4,,left,saccade,58.0,,,,572.192,326.32,573.836,326.32,,,
209,20085734,428,2.9740648148148146,left,fixation,59.0,,592.847527777777,326.43412962962896,,,,,0.0,,
210,20086166,12,,left,saccade,59.0,,,,594.323,313.183,639.571,326.764,,,
211,20086182,236,2.9313474576271186,left,fixation,60.0,,649.060933333334,337.85503333333304,,,,,0.0,,
212,20086418,16,,right,saccade,,47.0,,,599.596,352.491,669.924,334.84,,,
213,20086422,20,,left,saccade,60.0,,,,664.953,326.389,748.05,321.5490000000001,,,
214,20086438,740,2.9443135135135132,right,fixation,,48.0,663.827155913978,309.239478494624,,,,,2.0,5.444234591169881,23.297557270704
215,20086446,468,2.954713675213675,left,fixation,61.0,,757.8829661016949,309.16478813559297,,,,,0.0,,
216,20086918,16,,left,saccade,61.0,,,,749.541,330.208,672.013,327.531,,,
217,20086938,236,2.9257627118644063,left,fixation,62.0,,673.27565,321.62905,,,,,0.0,,
218,20087178,24,,left,saccade,62.0,,,,690.243,325.589,464.949,309.415,,,
219,20087182,20,,right,saccade,,48.0,,,600.65,350.277,427.645,351.49199999999996,,,
220,20087206,388,2.9635773195876287,left,fixation,63.0,,464.758051020408,296.88184693877497,,,,,1.0,8.744637140683563,18.50448845550725
221,20087206,388,2.9635773195876287,right,fixation,,49.0,412.439,343.82127551020415,,,,,1.0,4.543209053081315,11.947705093447881
222,20087598,36,,left,saccade,63.0,,,,484.514,286.941,864.118,252.415,,,
223,20087598,36,,right,saccade,,49.0,,,432.91900000000004,334.1869999999999,847.885,322.29,,,
224,20087638,424,2.9028537735849054,left,fixation,64.0,,911.104514018692,268.71370093457995,,,,,0.0,,
225,20087638,424,2.9028537735849054,right,fixation,,50.0,850.024906542056,349.0255140186921,,,,,0.0,,
226,20088066,20,,left,saccade,64.0,,,,911.222,271.784,650.785,266.527,,,
227,20088066,32,,right,saccade,,50.0,,,847.4010000000003,349.975,598.569,324.836,,,
228,20088090,84,2.884214285714286,left,fixation,65.0,,647.631454545455,263.637909090909,,,,,1.0,15.65677663008719,32.19501902468763
229,20088102,580,2.9599655496766606,right,fixation,,51.0,562.7536095890409,315.338520547945,,,,,2.0,11.472199266047875,37.82069094980789
230,20088177,0,,left,saccade,65.0,,,,631.981,298.749,631.981,298.749,,,
231,20088181,132,2.926,left,fixation,66.0,,629.443088235294,320.654088235294,,,,,0.0,,
232,20088317,24,,left,saccade,66.0,,,,603.373,265.22700000000003,574.136,192.94,,,
233,20088345,12,2.914333333333333,left,fixation,67.0,,577.8845,184.37675,,,,,0.0,,
234,20088361,4,,left,saccade,67.0,,,,591.308,183.59099999999998,614.9159999999998,184.62599999999998,,,
235,20088369,0,,left,fixation,68.0,,617.255,185.176,,,,,0.0,,
236,20088373,21,,left,saccade,68.0,,,,626.113,185.176,641.87,246.588,,,
237,20088398,276,3.003911504424779,left,fixation,69.0,,615.872428571428,286.171114285714,,,,,1.0,12.681726018391807,48.56857997718277
238,20088678,12,,left,saccade,69.0,,,,621.161,275.889,580.099,261.13,,,
239,20088686,0,,right,saccade,,51.0,,,517.738,268.413,517.738,268.413,,,
240,20088690,259,2.9885546875,right,fixation,,52.0,474.62440909090896,281.917287878788,,,,,0.0,,
241,20088694,255,2.98881746031746,left,fixation,70.0,,551.733738461538,271.356569230769,,,,,0.0,,
242,20088953,49,,left,saccade,70.0,,,,530.342,295.95099999999996,1367.735,283.815,,,
243,20088953,49,,right,saccade,,52.0,,,467.73699999999997,296.777,1341.257,315.426,,,
244,20089006,672,3.0063273809523814,left,fixation,71.0,,1373.6791775147901,321.913644970414,,,,,0.0,,
245,20089006,672,3.0063273809523814,right,fixation,,53.0,1345.9360591716,310.955881656805,,,,,1.0,18.13920910700844,56.71473216898764
246,20089682,64,,left,saccade,71.0,,,,1375.886,348.81699999999995,459.306,428.082,,,
247,20089682,68,,right,saccade,,53.0,,,1362.129,304.157,379.11300000000006,407.296,,,
248,20089750,412,2.9908413461538466,left,fixation,72.0,,442.37306730769205,427.75234615384596,,,,,0.0,,
249,20089754,408,2.9911553398058257,right,fixation,,54.0,404.731252427184,443.061708737864,,,,,1.0,5.52274239948877,10.86606506514663
250,20090166,55,,right,saccade,,54.0,,,431.519,441.509,1396.911,305.836,,,
251,20090166,59,,left,saccade,72.0,,,,463.491,421.20599999999996,1450.281,235.28,,,
252,20090225,141,3.0249444444444444,right,fixation,,55.0,1424.9659722222198,283.531361111111,,,,,1.0,5.651259979961141,12.017273983728595
253,20090229,309,3.0105576923076924,left,fixation,73.0,,1415.03562820513,290.335384615384,,,,,0.0,,
254,20090370,12,,right,saccade,,55.0,,,1435.654,277.327,1385.8970000000006,288.101,,,
255,20090386,152,2.9967368421052627,right,fixation,,56.0,1368.62605128205,320.14333333333303,,,,,0.0,,
256,20090542,48,,left,saccade,73.0,,,,1355.264,354.593,705.2560000000003,436.449,,,
257,20090542,52,,right,saccade,,56.0,,,1363.727,344.452,668.692,435.08,,,
258,20090594,364,3.0126978021978026,left,fixation,74.0,,677.702945652174,449.003815217391,,,,,0.0,,
259,20090598,360,3.0128222222222227,right,fixation,,57.0,626.900538461539,451.26482417582395,,,,,0.0,,
260,20090962,16,,right,saccade,,57.0,,,623.506,462.293,762.5139999999999,462.293,,,
261,20090962,20,,left,saccade,74.0,,,,687.082,461.075,803.515,455.31699999999995,,,
262,20090982,184,3.00325,right,fixation,,58.0,771.479425531915,466.070978723404,,,,,1.0,11.134307893972492,35.91775166961317
263,20090986,176,3.002466666666668,left,fixation,75.0,,832.373111111111,461.674711111111,,,,,0.0,,
264,20091166,40,,left,saccade,75.0,,,,845.2289999999997,445.57099999999997,859.558,198.045,,,
265,20091170,45,,right,saccade,,58.0,,,789.627,442.536,862.7760000000003,350.897,,,
266,20091326,0,,left,fixation,76.0,,859.558,198.045,,,,,0.0,,
267,20091330,17,,left,saccade,76.0,,,,859.558,198.045,870.541,353.579,,,
268,20091351,0,,left,fixation,77.0,,870.824,366.49800000000016,,,,,0.0,,
269,20091351,902,2.911786212709338,right,fixation,,59.0,843.5471249999989,463.188665178572,,,,,2.0,7.317634264259714,14.921835307002974
270,20091355,17,,left,saccade,77.0,,,,873.087,371.30800000000005,897.312,431.022,,,
271,20091376,881,2.9120535274815422,left,fixation,78.0,,899.5410913242,501.43326940639196,,,,,0.0,,
272,20092257,28,,right,saccade,,59.0,,,832.113,446.968,610.507,444.61800000000005,,,
273,20092261,32,,left,saccade,78.0,,,,872.2710000000003,496.601,645.036,453.98400000000004,,,
274,20092289,577,2.9937620689655176,right,fixation,,60.0,552.036744827587,429.064137931035,,,,,1.0,6.456801280648019,15.526474487146194
275,20092297,569,2.994590909090909,left,fixation,79.0,,593.565552447553,455.221734265734,,,,,0.0,,
276,20092870,16,,left,saccade,79.0,,,,575.813,464.022,652.001,453.094,,,
277,20092870,16,,right,saccade,,60.0,,,536.771,426.935,602.639,421.644,,,
278,20092890,415,2.9711650485436896,left,fixation,80.0,,681.544380952381,459.086276190476,,,,,0.0,,
279,20092890,1255,2.955481629392972,right,fixation,,61.0,679.790063492063,426.64051428571406,,,,,4.0,75.60841530558801,226.09251497567016
280,20093309,8,,left,saccade,80.0,,,,702.8489999999997,433.969,714.1010000000001,430.825,,,
281,20093321,240,2.9440416666666667,left,fixation,81.0,,758.872081967213,436.4526229508191,,,,,0.0,,
282,20093565,4,,left,saccade,81.0,,,,790.778,427.83099999999996,791.3910000000003,439.57,,,
283,20093573,572,2.9487534965034974,left,fixation,82.0,,802.4251944444452,442.398131944445,,,,,2.0,153.7542304641329,475.92831137333053
284,20094149,36,,left,saccade,82.0,,,,785.409,461.629,403.736,455.36400000000003,,,
285,20094149,36,,right,saccade,,61.0,,,725.798,437.056,410.735,427.852,,,
286,20094189,644,2.93354347826087,right,fixation,,62.0,418.48744444444395,450.442882716049,,,,,0.0,,
287,20094189,648,2.933262345679013,left,fixation,83.0,,444.67599386502997,440.567889570552,,,,,1.0,7.207746858608306,15.43914042296396
288,20094837,20,,right,saccade,,62.0,,,450.158,489.381,538.9,452.215,,,
289,20094841,20,,left,saccade,83.0,,,,507.865,450.468,597.246,436.67199999999997,,,
290,20094861,680,2.919255882352941,right,fixation,,63.0,584.123421052632,431.98869005848,,,,,1.0,8.045777880009172,29.25328373020709
291,20094865,324,2.9257037037037037,left,fixation,84.0,,617.756500000001,433.565487804878,,,,,0.0,,
292,20095193,12,,left,saccade,84.0,,,,623.6519999999998,448.19599999999997,662.158,440.976,,,
293,20095209,332,2.9129216867469885,left,fixation,85.0,,678.609892857143,434.261142857143,,,,,0.0,,
294,20095545,24,,left,saccade,85.0,,,,677.7360000000001,417.275,879.173,440.69599999999997,,,
295,20095545,28,,right,saccade,,63.0,,,623.435,411.647,874.562,420.60900000000004,,,
296,20095573,536,2.896503731343284,left,fixation,86.0,,882.598333333334,437.6292666666671,,,,,1.0,6.759406700624233,17.89153118098052
297,20095577,540,2.8959222222222216,right,fixation,,64.0,847.1917279411757,439.489477941176,,,,,1.0,5.439895171069233,14.045712584272911
298,20096113,20,,left,saccade,86.0,,,,855.258,436.689,736.6489999999999,423.44,,,
299,20096121,20,,right,saccade,,64.0,,,789.0830000000003,435.374,722.1080000000003,413.756,,,
300,20096137,108,2.856111111111112,left,fixation,87.0,,749.399571428571,434.95446428571404,,,,,0.0,,
301,20096145,344,2.879924418604652,right,fixation,,65.0,713.497563218391,434.85944827586195,,,,,0.0,,
302,20096249,8,,left,saccade,87.0,,,,745.9839999999997,404.551,745.9839999999997,396.605,,,
303,20096261,224,2.8903303571428567,left,fixation,88.0,,781.717877192983,377.383280701754,,,,,0.0,,
304,20096489,28,,left,saccade,88.0,,,,790.173,417.414,529.857,407.153,,,
305,20096493,20,,right,saccade,,65.0,,,713.153,446.56300000000016,512.275,433.162,,,
306,20096517,432,2.8984490740740743,right,fixation,,66.0,501.5091009174311,417.62695412844,,,,,0.0,,
307,20096521,428,2.8987336448598127,left,fixation,89.0,,538.7054722222219,395.619138888889,,,,,0.0,,
308,20096953,20,,left,saccade,89.0,,,,527.631,397.084,321.894,403.87,,,
309,20096953,28,,right,saccade,,66.0,,,494.486,434.458,375.676,423.108,,,
310,20096977,220,2.96110909090909,left,fixation,90.0,,345.006303571429,384.33933928571406,,,,,3.0,12.168926165801587,32.87718207766108
311,20096985,212,2.9613113207547164,right,fixation,,67.0,353.283185185185,410.84187037037003,,,,,0.0,,
312,20097201,52,,left,saccade,90.0,,,,384.29,394.124,1345.515,317.943,,,
313,20097201,52,,right,saccade,,67.0,,,355.283,415.27099999999996,1311.401,291.293,,,
314,20097257,196,2.9957857142857143,left,fixation,91.0,,1380.03684,308.20706,,,,,0.0,,
315,20097257,712,2.984248603351954,right,fixation,,68.0,1330.29706145251,352.546268156425,,,,,3.0,5.644605222614014,12.314177529522887
316,20097457,8,,left,saccade,91.0,,,,1387.606,305.526,1383.175,328.774,,,
317,20097469,0,,left,fixation,92.0,,1382.25,339.39599999999996,,,,,0.0,,
318,20097473,4,,left,saccade,92.0,,,,1382.025,346.365,1380.2120000000002,348.186,,,
319,20097481,4,2.9989999999999997,left,fixation,93.0,,1378.0655,370.481,,,,,0.0,,
320,20097489,16,,left,saccade,93.0,,,,1375.589,380.74300000000005,1366.6760000000004,424.361,,,
321,20097509,316,2.9862562500000003,left,fixation,94.0,,1361.9454125,378.6996,,,,,0.0,,
322,20097829,8,,left,saccade,94.0,,,,1372.2720000000004,386.795,1366.136,412.841,,,
323,20097841,44,2.952909090909092,left,fixation,95.0,,1359.8155,429.679916666667,,,,,0.0,,
324,20097889,8,,left,saccade,95.0,,,,1362.328,401.916,1363.797,386.87199999999996,,,
325,20097901,64,2.96521875,left,fixation,96.0,,1372.55335294118,384.362294117647,,,,,0.0,,
326,20097969,48,,left,saccade,96.0,,,,1368.515,409.80300000000005,637.126,428.725,,,
327,20097973,48,,right,saccade,,68.0,,,1328.52,328.165,568.947,407.73400000000004,,,
328,20098021,148,2.9750135135135136,left,fixation,97.0,,602.4337368421051,434.672078947368,,,,,0.0,,
329,20098025,148,2.975527027027027,right,fixation,,69.0,547.968657894737,416.50802631578904,,,,,0.0,,
330,20098173,20,,left,saccade,97.0,,,,590.082,444.01599999999996,473.144,426.14599999999996,,,
331,20098177,24,,right,saccade,,69.0,,,525.938,433.707,431.279,439.559,,,
332,20098197,412,3.0046995192307686,left,fixation,98.0,,435.7429903846151,435.20325,,,,,0.0,,
333,20098205,404,3.0049828431372547,right,fixation,,70.0,409.385696078431,448.460941176471,,,,,0.0,,
334,20098613,32,,left,saccade,98.0,,,,429.083,439.039,720.1560000000003,428.13699999999994,,,
335,20098613,32,,right,saccade,,70.0,,,417.92199999999997,458.51800000000003,700.4019999999997,404.594,,,
336,20098649,440,2.899981818181818,left,fixation,99.0,,768.1585585585582,411.859423423423,,,,,0.0,,
337,20098649,440,2.899981818181818,right,fixation,,71.0,709.443900900901,424.41600900900886,,,,,0.0,,
338,20099093,16,,left,saccade,99.0,,,,773.43,403.647,860.607,396.724,,,
339,20099093,16,,right,saccade,,71.0,,,714.197,402.964,862.955,399.73800000000006,,,
340,20099113,348,2.8735229885057474,left,fixation,100.0,,891.4149204545447,403.934988636364,,,,,1.0,6.5358053826594515,10.216706563271732
341,20099113,348,2.8735229885057474,right,fixation,,72.0,848.5657159090898,407.640568181818,,,,,3.0,11.152195405976363,22.611530629453764
342,20099465,36,,left,saccade,100.0,,,,861.459,426.395,477.82099999999997,491.80699999999996,,,
343,20099465,40,,right,saccade,,72.0,,,823.7589999999999,414.82099999999997,437.702,527.7180000000002,,,
344,20099505,924,2.8967931034482763,left,fixation,101.0,,435.967573275862,536.5739310344819,,,,,0.0,,
345,20099509,164,2.911928571428572,right,fixation,,73.0,407.5771428571431,544.570238095238,,,,,0.0,,
346,20099677,4,,right,saccade,,73.0,,,403.805,522.095,403.805,514.957,,,
347,20099685,744,2.8930053763440857,right,fixation,,74.0,393.954497326203,562.62764171123,,,,,1.0,10.161406848408813,16.00234389081806
348,20100433,36,,left,saccade,101.0,,,,416.76199999999994,521.9830000000002,727.2239999999997,535.7669999999998,,,
349,20100433,36,,right,saccade,,74.0,,,393.58099999999996,558.832,707.7489999999997,536.5930000000002,,,
350,20100473,300,2.7935533333333336,left,fixation,102.0,,755.6734868421049,554.73925,,,,,0.0,,
351,20100473,308,2.793259740259741,right,fixation,,75.0,722.414294871795,559.2524487179488,,,,,1.0,7.934494823938775,19.4811169340981
352,20100777,16,,left,saccade,102.0,,,,756.811,581.741,702.455,587.184,,,
353,20100785,16,,right,saccade,,75.0,,,688.6080000000003,567.043,645.0840000000002,567.043,,,
354,20100797,688,2.7796715116279067,left,fixation,103.0,,617.911213872832,575.350682080925,,,,,1.0,9.803949715689967,48.17206960469928
355,20100805,680,2.7796235294117646,right,fixation,,76.0,565.871479532163,559.357269005848,,,,,2.0,9.755746186861817,42.478391701902545
356,20101489,24,,left,saccade,103.0,,,,560.979,577.0409999999998,679.513,558.922,,,
357,20101489,24,,right,saccade,,76.0,,,505.439,550.808,669.998,541.841,,,
358,20101517,228,2.7521666666666667,left,fixation,104.0,,703.751551724138,560.037362068966,,,,,0.0,,
359,20101517,232,2.7520603448275867,right,fixation,,77.0,701.073593220339,536.072830508474,,,,,0.0,,
360,20101749,28,,left,saccade,104.0,,,,708.903,583.466,889.816,544.288,,,
361,20101753,28,,right,saccade,,77.0,,,684.765,554.0369999999998,916.335,578.526,,,
362,20101781,616,2.7853928571428566,left,fixation,105.0,,895.633006451613,569.412638709677,,,,,0.0,,
363,20101785,608,2.7855197368421054,right,fixation,,78.0,869.638803921568,610.578209150327,,,,,6.0,7.1668356690685275,24.98692284004956
364,20102397,20,,right,saccade,,78.0,,,867.7639999999999,629.117,728.265,596.1419999999998,,,
365,20102401,20,,left,saccade,105.0,,,,868.957,569.263,751.295,565.842,,,
366,20102421,428,2.7614766355140192,right,fixation,,79.0,710.0009537037041,575.994259259259,,,,,0.0,,
367,20102425,420,2.761052380952381,left,fixation,106.0,,746.1292924528302,560.442745283019,,,,,0.0,,
368,20102849,20,,left,saccade,106.0,,,,748.801,562.7280000000002,661.138,570.624,,,
369,20102853,24,,right,saccade,,79.0,,,703.568,582.268,609.411,545.077,,,
370,20102873,352,2.76875,left,fixation,107.0,,654.560550561798,558.064786516853,,,,,0.0,,
371,20102881,340,2.7684470588235297,right,fixation,,80.0,603.867406976744,534.4744767441861,,,,,0.0,,
372,20103225,24,,right,saccade,,80.0,,,602.2130000000002,538.207,474.82,533.766,,,
373,20103229,20,,left,saccade,107.0,,,,630.442,562.554,517.461,548.951,,,
374,20103253,496,2.8240241935483867,left,fixation,108.0,,535.909408,530.913712,,,,,1.0,6.22563471552187,16.33038679884823
375,20103253,508,2.8243070866141733,right,fixation,,81.0,482.7756875,535.26053125,,,,,1.0,7.06472714932746,9.289938482035225
376,20103753,32,,left,saccade,108.0,,,,548.62,534.061,387.594,517.099,,,
377,20103765,16,,right,saccade,,81.0,,,474.904,560.965,412.145,561.023,,,
378,20103785,1288,2.8776506211180117,right,fixation,,82.0,400.169176470588,569.459984520124,,,,,0.0,,
379,20103789,1284,2.8778177570093457,left,fixation,109.0,,427.9059658385089,519.553478260869,,,,,3.0,72.06577731075448,214.9670115755967
380,20105077,36,,right,saccade,,82.0,,,435.39,603.9119999999998,861.4780000000003,596.335,,,
381,20105077,40,,left,saccade,109.0,,,,469.966,557.268,818.28,523.29,,,
382,20105117,648,2.8202037037037035,right,fixation,,83.0,861.536337423313,601.0388404907981,,,,,0.0,,
383,20105121,640,2.820615625,left,fixation,110.0,,868.415639751553,552.257832298137,,,,,0.0,,
384,20105765,16,,left,saccade,110.0,,,,899.323,562.2819999999998,772.936,559.9540000000002,,,
385,20105769,20,,right,saccade,,83.0,,,838.1469999999997,573.941,755.321,572.259,,,
386,20105785,552,2.7498043478260867,left,fixation,111.0,,752.816870503597,537.695129496403,,,,,0.0,,
387,20105793,544,2.749580882352941,right,fixation,,84.0,730.636919708029,564.1340364963501,,,,,1.0,9.955993875829524,20.98887364772111
388,20106341,20,,left,saccade,111.0,,,,757.578,571.779,627.971,547.2080000000002,,,
389,20106341,36,,right,saccade,,84.0,,,738.87,586.006,576.491,504.445,,,
390,20106365,712,2.811685393258427,left,fixation,112.0,,640.9556201117321,523.6114301675981,,,,,1.0,10.181776296676107,29.76971019341636
391,20106381,692,2.8132456647398847,right,fixation,,85.0,593.3752988505751,531.0724482758619,,,,,3.0,7.94244830682378,26.37400159054934
392,20107077,24,,right,saccade,,85.0,,,629.92,565.385,482.457,526.226,,,
393,20107081,24,,left,saccade,112.0,,,,657.795,526.6469999999998,532.02,479.0,,,
394,20107105,372,2.8107795698924734,right,fixation,,86.0,476.806457446809,507.006819148936,,,,,2.0,8.96519226286801,49.63281338645243
395,20107109,436,2.8155963302752287,left,fixation,113.0,,523.728418181818,485.8604,,,,,0.0,,
396,20107481,4,,right,saccade,,86.0,,,497.1,546.369,491.48,544.472,,,
397,20107489,56,2.8393571428571422,right,fixation,,87.0,481.2898,512.7868,,,,,0.0,,
398,20107549,8,,left,saccade,113.0,,,,553.518,500.902,579.4069999999998,501.69,,,
399,20107549,20,,right,saccade,,87.0,,,501.48400000000004,503.07599999999996,563.8290000000002,485.57199999999995,,,
400,20107561,40,2.84115,left,fixation,114.0,,599.220363636364,503.068363636364,,,,,0.0,,
401,20107573,187,2.8425978260869567,right,fixation,,88.0,575.1883333333329,445.647270833333,,,,,0.0,,
402,20107605,8,,left,saccade,114.0,,,,610.008,476.784,610.008,455.283,,,
403,20107617,147,2.8428750000000003,left,fixation,115.0,,595.817736842105,444.794578947368,,,,,0.0,,
404,20107764,12,,right,saccade,,88.0,,,588.075,435.92,600.063,461.536,,,
405,20107768,4,,left,saccade,115.0,,,,622.45,455.02099999999996,625.623,460.19599999999997,,,
406,20107776,349,2.8537670454545463,left,fixation,116.0,,629.809613636364,465.781715909091,,,,,2.0,139.1958339711277,417.0900030419588
407,20107780,341,2.8542500000000004,right,fixation,,89.0,617.174127906976,495.63813953488403,,,,,0.0,,
408,20108125,16,,right,saccade,,89.0,,,610.8290000000002,484.769,726.8330000000003,499.115,,,
409,20108129,20,,left,saccade,116.0,,,,632.566,469.881,746.4119999999997,481.499,,,
410,20108145,164,2.81440243902439,right,fixation,,90.0,745.4408571428571,528.790095238095,,,,,1.0,9.999153682242897,31.41997652768063
411,20108153,328,2.803732723577236,left,fixation,117.0,,751.755228915662,522.151891566265,,,,,0.0,,
412,20108313,12,,right,saccade,,90.0,,,747.502,524.4209999999998,745.3889999999999,476.75,,,
413,20108329,156,2.7936709401709403,right,fixation,,91.0,738.953925,501.1551,,,,,3.0,149.44411105815738,596.7953609285215
414,20108485,24,,left,saccade,117.0,,,,768.21,531.086,859.459,529.104,,,
415,20108489,16,,right,saccade,,91.0,,,731.107,503.542,843.971,512.24,,,
416,20108509,252,2.7196547619047613,right,fixation,,92.0,834.270328125,566.94278125,,,,,7.0,145.92035201276462,298.56196382771026
417,20108513,248,2.7190846774193544,left,fixation,118.0,,884.174841269841,553.790142857143,,,,,0.0,,
418,20108765,28,,right,saccade,,92.0,,,865.1239999999997,526.575,579.038,512.357,,,
419,20108765,44,,left,saccade,118.0,,,,894.9860000000001,559.063,536.472,492.865,,,
420,20108797,332,2.819763554216866,right,fixation,,93.0,529.6231190476191,489.464714285714,,,,,0.0,,
421,20108813,12,2.813,left,fixation,119.0,,543.7975,508.0815,,,,,0.0,,
422,20108829,0,,left,saccade,119.0,,,,553.557,531.867,553.557,531.867,,,
423,20108833,76,2.8416842105263163,left,fixation,120.0,,572.05985,529.77515,,,,,2.0,130.4575014409308,425.9438281845763
424,20108913,0,,left,saccade,120.0,,,,550.04,514.2869999999998,550.04,514.2869999999998,,,
425,20108917,212,2.813103773584906,left,fixation,121.0,,526.846277777778,487.8167777777781,,,,,2.0,16.93292435383501,21.86716108560527
426,20109133,16,,left,saccade,121.0,,,,518.467,490.699,357.57199999999995,489.76800000000003,,,
427,20109133,24,,right,saccade,,93.0,,,515.2230000000002,470.755,426.18,488.301,,,
428,20109153,304,2.8479934210526316,left,fixation,122.0,,342.586389610389,448.188402597403,,,,,5.0,44.473582759041975,129.1625916236793
429,20109161,687,2.855375730994152,right,fixation,,94.0,403.065843930636,547.145554913295,,,,,2.0,6.994396665409386,19.919028863885906
430,20109461,12,,left,saccade,122.0,,,,392.652,466.037,335.339,466.037,,,
431,20109477,367,2.860818681318682,left,fixation,123.0,,345.57008602150495,476.16521505376295,,,,,3.0,38.50215577084256,19.962578533516513
432,20109848,36,,left,saccade,123.0,,,,330.811,463.851,735.304,494.55,,,
433,20109852,32,,right,saccade,,94.0,,,381.76199999999994,569.92,732.1310000000003,545.751,,,
434,20109888,676,2.781494082840237,left,fixation,124.0,,762.830529411764,561.302605882353,,,,,0.0,,
435,20109888,684,2.781333333333333,right,fixation,,95.0,727.746162790697,592.764023255813,,,,,2.0,81.60689784279114,25.452092358655037
436,20110568,28,,left,saccade,124.0,,,,737.9830000000003,551.477,621.5740000000002,469.048,,,
437,20110576,20,,right,saccade,,95.0,,,718.5260000000003,558.861,632.531,529.545,,,
438,20110600,288,2.783861111111111,left,fixation,125.0,,622.793410958904,465.190342465753,,,,,0.0,,
439,20110600,408,2.7863333333333333,right,fixation,,96.0,620.4362038834951,542.577339805825,,,,,1.0,4.6721922435951955,15.564956954646533
440,20110892,0,,left,saccade,125.0,,,,611.271,451.175,611.271,451.175,,,
441,20110896,104,2.7932115384615392,left,fixation,126.0,,612.101407407407,442.48044444444395,,,,,0.0,,
442,20111004,12,,left,saccade,126.0,,,,613.821,470.71,580.471,482.17900000000003,,,
443,20111012,12,,right,saccade,,96.0,,,586.556,529.226,555.605,524.594,,,
444,20111020,400,2.763125,left,fixation,127.0,,602.53507920792,488.360227722772,,,,,0.0,,
445,20111028,136,2.7871764705882347,right,fixation,,97.0,533.7645142857141,503.82791428571403,,,,,0.0,,
446,20111168,8,,right,saccade,,97.0,,,546.075,509.944,566.224,497.722,,,
447,20111180,232,2.7475775862068965,right,fixation,,98.0,598.727796610169,518.562983050847,,,,,0.0,,
448,20111416,20,,right,saccade,,98.0,,,603.433,539.115,724.7080000000003,556.877,,,
449,20111424,16,,left,saccade,127.0,,,,630.3290000000002,461.404,706.9780000000003,480.505,,,
450,20111440,568,2.7878697183098597,right,fixation,,99.0,717.403566433566,533.589531468531,,,,,1.0,7.808965319497267,15.662636112736688
451,20111444,568,2.787904929577465,left,fixation,128.0,,724.336839160838,518.497818181818,,,,,0.0,,
452,20112012,32,,right,saccade,,99.0,,,716.107,524.65,807.7310000000001,517.9540000000002,,,
453,20112016,12,,left,saccade,128.0,,,,749.238,516.011,795.1389999999999,513.314,,,
454,20112032,860,2.755491860465116,left,fixation,129.0,,868.107305555555,533.672638888889,,,,,0.0,,
455,20112076,192,2.7519166666666663,right,fixation,,100.0,820.964897959184,560.544306122449,,,,,1.0,10.90635143442165,24.947309774803447
456,20112272,4,,right,saccade,,100.0,,,837.221,554.192,839.84,554.192,,,
457,20112280,4,2.765,right,fixation,,101.0,854.1405,567.577,,,,,0.0,,
458,20112288,0,,right,saccade,,101.0,,,857.2739999999999,576.659,857.2739999999999,576.659,,,
459,20112292,28,2.754571428571428,right,fixation,,102.0,862.50725,609.35775,,,,,0.0,,
460,20112324,20,,right,saccade,,102.0,,,871.043,615.053,899.186,515.687,,,
461,20112348,56,2.8054285714285707,right,fixation,,103.0,901.414666666666,502.606533333333,,,,,0.0,,
462,20112408,12,,right,saccade,,103.0,,,906.341,516.52,909.9680000000001,550.263,,,
463,20112424,244,2.7546885245901644,right,fixation,,104.0,868.201,613.483435483871,,,,,2.0,5.3604561209761865,12.330712298142906
464,20112672,8,,right,saccade,,104.0,,,874.297,609.239,887.212,598.58,,,
465,20112684,56,2.7524285714285712,right,fixation,,105.0,903.7264,587.0702,,,,,1.0,22.413312825317835,83.49083806622139
466,20112744,12,,right,saccade,,105.0,,,899.23,567.934,878.092,619.325,,,
467,20112760,136,2.7305000000000006,right,fixation,,106.0,871.904457142857,621.048257142857,,,,,0.0,,
468,20112896,44,,left,saccade,129.0,,,,884.831,567.436,521.566,533.55,,,
469,20112900,28,,right,saccade,,106.0,,,863.529,608.904,547.276,509.45300000000003,,,
470,20112932,328,2.7978567073170733,right,fixation,,107.0,510.713686746988,488.49757831325303,,,,,0.0,,
471,20112944,92,2.8187282608695656,left,fixation,130.0,,543.1548333333329,502.6142083333329,,,,,3.0,50.34859360130457,41.56463206882594
472,20113040,4,,left,saccade,130.0,,,,519.2130000000002,474.339,516.886,466.754,,,
473,20113048,200,2.79007,left,fixation,131.0,,497.8810196078431,443.138490196078,,,,,2.0,9.741898683723033,33.811501964741346
474,20113252,20,,left,saccade,131.0,,,,483.69599999999997,435.75800000000004,608.757,440.645,,,
475,20113264,12,,right,saccade,,107.0,,,534.182,497.824,586.876,506.588,,,
476,20113276,620,2.8012193548387097,left,fixation,132.0,,641.776717948719,481.288673076923,,,,,1.0,10.078854746448151,45.30008217431834
477,20113280,272,2.795191176470588,right,fixation,,108.0,617.704565217391,534.5139565217389,,,,,0.0,,
478,20113556,20,,right,saccade,,108.0,,,622.4159999999998,544.279,715.757,544.279,,,
479,20113580,140,2.8207857142857145,right,fixation,,109.0,719.851666666667,520.097138888889,,,,,0.0,,
480,20113724,16,,right,saccade,,109.0,,,706.3919999999997,476.00699999999995,641.7180000000002,480.663,,,
481,20113744,156,2.790602564102564,right,fixation,,110.0,617.031875,492.1324,,,,,0.0,,
482,20113900,24,,left,saccade,132.0,,,,596.279,453.615,675.1160000000001,579.354,,,
483,20113904,20,,right,saccade,,110.0,,,628.175,520.257,646.256,575.9019999999998,,,
484,20113928,460,2.755804347826087,left,fixation,133.0,,694.945318965517,623.992784482759,,,,,2.0,153.1302251581001,459.5108158337278
485,20113928,460,2.755804347826087,right,fixation,,111.0,672.846086206897,665.829560344827,,,,,6.0,87.0280317988076,340.75934910061864
486,20114392,28,,left,saccade,133.0,,,,721.345,660.753,566.634,468.722,,,
487,20114392,32,,right,saccade,,111.0,,,678.177,724.957,615.419,539.0930000000002,,,
488,20114424,60,2.785333333333333,left,fixation,134.0,,558.9493125,466.40975,,,,,0.0,,
489,20114428,252,2.8059801587301583,right,fixation,,112.0,580.21353125,504.415671875,,,,,0.0,,
490,20114488,0,,left,saccade,134.0,,,,576.065,484.32800000000003,576.065,484.32800000000003,,,
491,20114492,188,2.8119095744680846,left,fixation,135.0,,610.3405833333339,521.534791666666,,,,,4.0,104.87209055044936,423.3662368908204
492,20114684,28,,left,saccade,135.0,,,,622.475,504.12,820.9839999999997,514.821,,,
493,20114684,48,,right,saccade,,112.0,,,591.9019999999998,507.17699999999996,898.706,597.119,,,
494,20114716,260,2.7839615384615386,left,fixation,136.0,,885.386348484848,561.079060606061,,,,,1.0,8.135115141232545,15.379429638318767
495,20114736,244,2.7835819672131152,right,fixation,,113.0,889.840822580645,620.169467741935,,,,,2.0,17.606587410639204,53.34076029450771
496,20114980,40,,left,saccade,136.0,,,,905.485,563.403,547.528,479.597,,,
497,20114984,36,,right,saccade,,113.0,,,867.982,629.133,580.935,505.163,,,
498,20115024,376,2.7984574468085097,right,fixation,,114.0,506.083084210527,505.98486315789495,,,,,1.0,8.912540535983878,58.76219765291285
499,20115024,804,2.7809875621890545,left,fixation,137.0,,522.8001633663359,534.236965346535,,,,,9.0,12.301391780005885,36.69631197890338
500,20115404,16,,right,saccade,,114.0,,,462.631,540.665,453.272,610.323,,,
501,20115424,416,2.7649807692307693,right,fixation,,115.0,454.798952380952,613.111809523809,,,,,0.0,,
502,20115832,52,,left,saccade,137.0,,,,490.51300000000003,570.577,1261.751,430.79699999999997,,,
503,20115844,32,,right,saccade,,115.0,,,498.05699999999996,607.595,1257.0330000000001,463.36300000000006,,,
504,20115880,132,2.841909090909091,right,fixation,,116.0,1258.4523529411806,459.2322058823529,,,,,1.0,4.664844150070251,8.051140105600053
505,20115888,124,2.845887096774194,left,fixation,138.0,,1264.62715625,425.9931875,,,,,0.0,,
506,20116016,44,,left,saccade,138.0,,,,1261.0430000000001,438.13199999999995,544.861,541.313,,,
507,20116016,52,,right,saccade,,116.0,,,1237.9160000000004,465.94,492.05699999999996,518.9830000000002,,,
508,20116064,196,2.84613,left,fixation,139.0,,520.7807799999998,520.628,,,,,0.0,,
509,20116072,652,2.851349693251533,right,fixation,,117.0,541.532487804878,510.166152439025,,,,,2.0,6.306800054802546,23.09132777864119
510,20116264,16,,left,saccade,139.0,,,,524.616,527.91,594.937,525.0,,,
511,20116284,444,2.8519090909090914,left,fixation,140.0,,611.163008928571,514.1281339285711,,,,,1.0,8.478929618308092,17.406170888509678
512,20116728,16,,right,saccade,,117.0,,,613.648,507.86199999999997,685.68,539.4590000000002,,,
513,20116732,24,,left,saccade,140.0,,,,619.327,465.05199999999996,699.571,486.462,,,
514,20116748,140,2.7743,right,fixation,,118.0,702.209416666667,553.358444444445,,,,,3.0,103.65318374473163,315.34050984616505
515,20116760,4,2.7715,left,fixation,141.0,,709.4010000000003,488.31199999999995,,,,,0.0,,
516,20116768,16,,left,saccade,141.0,,,,721.5110000000003,491.68199999999996,730.3910000000003,547.604,,,
517,20116788,396,2.8054368686868685,left,fixation,142.0,,737.9759700000003,534.05833,,,,,0.0,,
518,20116892,16,,right,saccade,,118.0,,,691.3860000000003,555.34,715.3989999999999,516.181,,,
519,20116912,272,2.8174852941176467,right,fixation,,119.0,707.8700869565221,533.528536231884,,,,,3.0,102.024316711219,597.3940219335021
520,20117188,24,,left,saccade,142.0,,,,739.2860000000003,549.908,460.795,495.785,,,
521,20117188,28,,right,saccade,,119.0,,,705.5169999999997,512.693,479.358,510.819,,,
522,20117216,156,2.88726875,left,fixation,143.0,,433.009825,488.29365,,,,,3.0,79.84060056525936,237.9777214160157
523,20117220,176,2.886061111111111,right,fixation,,120.0,449.31735555555605,489.605622222222,,,,,2.0,9.2573365319902,30.636813022481718
524,20117376,8,,left,saccade,143.0,,,,428.5,459.834,427.649,426.02099999999996,,,
525,20117388,92,2.8846956521739124,left,fixation,144.0,,441.632375,447.677208333333,,,,,0.0,,
526,20117400,0,,right,saccade,,120.0,,,469.733,480.56800000000004,469.733,480.56800000000004,,,
527,20117404,332,2.9357289156626507,right,fixation,,121.0,478.312166666667,470.7998452380951,,,,,1.0,7.196090962382913,19.809276034221952
528,20117484,8,,left,saccade,144.0,,,,457.471,469.017,451.14,435.41,,,
529,20117496,240,2.9529666666666667,left,fixation,145.0,,431.419655737705,407.800442622951,,,,,0.0,,
530,20117740,32,,right,saccade,,121.0,,,477.45099999999996,484.592,766.688,461.8,,,
531,20117740,36,,left,saccade,145.0,,,,429.945,417.05800000000005,796.7230000000003,487.57199999999995,,,
532,20117776,36,2.917722222222221,right,fixation,,122.0,791.0010000000003,443.4132,,,,,1.0,150.33830542747762,910.1745355051416
533,20117780,632,2.8943544303797477,left,fixation,146.0,,837.258081761006,505.075786163522,,,,,0.0,,
534,20117816,32,,right,saccade,,122.0,,,802.6339999999999,441.091,797.3610000000001,508.478,,,
535,20117880,4,2.872,right,fixation,,123.0,797.3610000000001,508.478,,,,,0.0,,
536,20117888,32,,right,saccade,,123.0,,,793.995,508.478,780.676,518.2,,,
537,20117932,476,2.89610924369748,right,fixation,,124.0,819.7825333333342,538.3663333333329,,,,,3.0,8.245649399272398,22.704554844590437
538,20118412,16,,right,saccade,,124.0,,,819.665,542.396,722.88,494.369,,,
539,20118416,20,,left,saccade,146.0,,,,840.679,512.469,739.444,510.616,,,
540,20118432,196,2.9242708333333334,right,fixation,,125.0,729.5518400000003,492.99658,,,,,0.0,,
541,20118440,192,2.9244574468085114,left,fixation,147.0,,704.4426326530611,501.911020408163,,,,,2.0,147.92263825721892,446.0088249624853
542,20118632,16,,right,saccade,,125.0,,,727.404,478.916,619.141,454.952,,,
543,20118636,40,,left,saccade,147.0,,,,668.453,482.861,541.325,448.24300000000005,,,
544,20118652,140,2.9686947619047612,right,fixation,,126.0,604.1475,420.222361111111,,,,,0.0,,
545,20118716,276,2.9644358288770056,left,fixation,148.0,,569.593657142858,441.1163714285711,,,,,2.0,13.870309973844845,36.632343661055494
546,20118796,4,,right,saccade,,126.0,,,588.6030000000002,426.181,589.264,448.36300000000006,,,
547,20118804,584,2.8920254248366013,right,fixation,,127.0,654.680863945578,496.61562585034005,,,,,5.0,58.49810018060769,176.89869957512403
548,20118996,16,,left,saccade,148.0,,,,598.097,440.336,628.635,486.972,,,
549,20119016,8,2.948,left,fixation,149.0,,643.774333333333,475.299333333333,,,,,0.0,,
550,20119028,0,,left,saccade,149.0,,,,661.068,469.463,661.068,469.463,,,
551,20119032,4,2.948,left,fixation,150.0,,663.8165,456.0725,,,,,0.0,,
552,20119040,0,,left,saccade,150.0,,,,666.665,440.18699999999995,666.665,440.18699999999995,,,
553,20119044,340,2.8564984681372545,left,fixation,151.0,,742.060325581395,509.97893023255796,,,,,6.0,154.21774661963198,462.36297595179985
554,20119388,28,,left,saccade,151.0,,,,750.0989999999997,527.0840000000002,440.241,493.74199999999996,,,
555,20119392,20,,right,saccade,,127.0,,,678.4780000000002,503.914,532.982,495.596,,,
556,20119416,116,2.8637758620689646,right,fixation,,128.0,489.321533333333,473.63193333333396,,,,,0.0,,
557,20119420,480,2.8685916666666667,left,fixation,152.0,,444.16533057851194,450.20280991735603,,,,,4.0,161.11895040555822,486.4222856583915
558,20119536,8,,right,saccade,,128.0,,,450.163,482.473,436.87,463.602,,,
559,20119548,12,2.873166666666666,right,fixation,,129.0,426.227,451.81525,,,,,0.0,,
560,20119564,16,,right,saccade,,129.0,,,426.227,447.41900000000004,502.694,436.47900000000004,,,
561,20119584,316,2.8694556962025315,right,fixation,,130.0,514.1146125,466.992425,,,,,0.0,,
562,20119904,24,,left,saccade,152.0,,,,453.066,425.95099999999996,334.88,501.335,,,
563,20119904,28,,right,saccade,,130.0,,,497.166,473.975,390.81,475.93800000000016,,,
564,20119932,0,,left,fixation,153.0,,334.289,502.559,,,,,0.0,,
565,20119936,0,,left,saccade,153.0,,,,334.289,507.528,334.289,507.528,,,
566,20119936,200,2.87788,right,fixation,,131.0,389.10176470588203,490.20854901960803,,,,,0.0,,
567,20119940,16,2.8661250000000003,left,fixation,154.0,,311.8186,506.79400000000004,,,,,0.0,,
568,20119960,16,,left,saccade,154.0,,,,297.584,488.075,284.895,450.25699999999995,,,
569,20119980,148,2.8801621621621623,left,fixation,155.0,,310.62876315789504,440.94460526315805,,,,,2.0,10.126817585986037,36.44151686820221
570,20120132,48,,left,saccade,155.0,,,,330.814,474.67699999999996,913.165,409.556,,,
571,20120140,36,,right,saccade,,131.0,,,404.13300000000004,496.69199999999995,802.0360000000003,496.50800000000004,,,
572,20120180,356,2.83075,right,fixation,,132.0,849.3771,548.387122222223,,,,,8.0,107.80200420460865,266.42005805228945
573,20120184,348,2.830514367816092,left,fixation,156.0,,905.6060113636361,469.59015909090897,,,,,7.0,102.38634538348518,307.63120417656825
574,20120536,16,,left,saccade,156.0,,,,882.9760000000001,427.63,759.7189999999997,432.291,,,
575,20120540,28,,right,saccade,,132.0,,,857.3639999999997,561.316,706.553,485.275,,,
576,20120556,580,2.8077137931034484,left,fixation,157.0,,750.2220205479449,484.541273972603,,,,,4.0,147.8817322207311,445.671400927984
577,20120572,572,2.807818181818182,right,fixation,,133.0,693.738305555556,500.7281875,,,,,1.0,13.675735131571134,41.79675377346909
578,20121140,44,,left,saccade,157.0,,,,757.387,510.834,493.168,522.092,,,
579,20121148,16,,right,saccade,,133.0,,,698.534,475.57199999999995,579.115,466.454,,,
580,20121168,92,2.9333586956521738,right,fixation,,134.0,569.247583333333,431.99300000000005,,,,,2.0,65.16653162568944,10.034358056572817
581,20121188,84,2.9456904761904763,left,fixation,158.0,,486.679136363636,487.599636363636,,,,,2.0,115.18731031742716,337.8902856368042
582,20121264,12,,right,saccade,,134.0,,,553.7180000000002,418.847,543.29,451.594,,,
583,20121276,8,,left,saccade,158.0,,,,488.44,467.819,484.295,449.98199999999997,,,
584,20121280,356,2.9527443820224715,right,fixation,,135.0,533.016133333333,460.979888888889,,,,,5.0,94.72043683510272,286.9495527810372
585,20121288,128,2.9508125,left,fixation,159.0,,454.963393939394,429.02421212121203,,,,,2.0,13.981476370918546,41.64172976841099
586,20121420,8,,left,saccade,159.0,,,,468.48699999999997,418.535,442.912,414.86400000000003,,,
587,20121432,208,2.9555528846153845,left,fixation,160.0,,456.726660377359,437.054528301887,,,,,0.0,,
588,20121640,24,,right,saccade,,135.0,,,542.566,463.74199999999996,439.423,496.525,,,
589,20121644,16,,left,saccade,160.0,,,,457.168,484.13300000000004,375.907,506.727,,,
590,20121664,12,2.9845,left,fixation,161.0,,362.07475,507.20225,,,,,0.0,,
591,20121668,288,2.950180555555556,right,fixation,,136.0,397.939424657534,491.101849315069,,,,,1.0,4.8768266349930585,19.880276381378557
592,20121680,0,,left,saccade,161.0,,,,341.806,504.524,341.806,504.524,,,
593,20121684,280,2.948295238095238,left,fixation,162.0,,307.16194366197203,457.095098591549,,,,,0.0,,
594,20121960,28,,right,saccade,,136.0,,,392.954,502.18300000000005,699.035,473.30199999999996,,,
595,20121968,40,,left,saccade,162.0,,,,316.92,429.69800000000004,654.9780000000002,471.17699999999996,,,
596,20121992,296,2.9162747747747746,right,fixation,,137.0,703.006333333333,456.818693333333,,,,,0.0,,
597,20122012,268,2.9131268656716416,left,fixation,163.0,,686.823397058824,441.561529411765,,,,,0.0,,
598,20122284,16,,left,saccade,163.0,,,,706.3739999999997,426.95300000000003,501.61800000000005,440.68300000000005,,,
599,20122292,16,,right,saccade,,137.0,,,699.1669999999997,490.47,554.6619999999998,488.668,,,
600,20122304,84,2.926357142857144,left,fixation,164.0,,494.555227272727,432.06699999999995,,,,,0.0,,
601,20122312,4,2.9105,right,fixation,,138.0,554.4755,466.7165,,,,,0.0,,
602,20122320,0,,right,saccade,,138.0,,,553.648,462.99199999999996,553.648,462.99199999999996,,,
603,20122324,444,2.8848738738738744,right,fixation,,139.0,526.2383125,451.178517857143,,,,,1.0,8.20243591190378,15.592474498936975
604,20122392,15,,left,saccade,164.0,,,,486.152,448.111,490.347,491.024,,,
605,20122411,21,2.8675,left,fixation,165.0,,491.3435,495.7453333333329,,,,,0.0,,
606,20122436,8,,left,saccade,165.0,,,,488.21,464.543,487.475,436.30400000000003,,,
607,20122448,248,2.8759193548387096,left,fixation,166.0,,492.62811111111085,464.407,,,,,1.0,123.08620931067877,29.4557600648838
608,20122700,0,,left,saccade,166.0,,,,464.522,462.414,464.522,462.414,,,
609,20122704,56,2.878071428571428,left,fixation,167.0,,468.1856666666671,422.0245333333329,,,,,0.0,,
610,20122764,32,,left,saccade,167.0,,,,464.26,431.166,350.814,483.849,,,
611,20122772,24,,right,saccade,,139.0,,,515.87,482.47,391.668,496.485,,,
612,20122800,168,2.8573690476190485,left,fixation,168.0,,330.35511627907,482.73986046511595,,,,,0.0,,
613,20122800,580,2.86760275862069,right,fixation,,140.0,397.46719178082196,505.869650684931,,,,,2.0,55.33000108214246,167.88757074762532
614,20122972,0,,left,saccade,168.0,,,,316.965,478.04,316.965,478.04,,,
615,20122976,0,,left,fixation,169.0,,311.986,463.865,,,,,0.0,,
616,20122980,0,,left,saccade,169.0,,,,305.724,461.76,305.724,461.76,,,
617,20122984,372,2.8705967741935488,left,fixation,170.0,,298.367329787234,445.091574468085,,,,,3.0,117.59587313194004,345.21427082094687
618,20123360,52,,left,saccade,170.0,,,,261.244,418.087,850.887,461.704,,,
619,20123384,52,,right,saccade,,140.0,,,396.69599999999997,466.514,862.068,583.034,,,
620,20123416,360,2.8490970588235287,left,fixation,171.0,,876.77534065934,493.518065934066,,,,,0.0,,
621,20123440,72,2.817916666666667,right,fixation,,141.0,886.1010000000001,595.481473684211,,,,,0.0,,
622,20123516,16,,right,saccade,,141.0,,,890.3739999999997,590.6669999999998,891.185,514.021,,,
623,20123536,48,2.860958333333333,right,fixation,,142.0,893.9135384615379,506.11276923076895,,,,,1.0,174.7484309070391,41.06183946196281
624,20123588,4,,right,saccade,,142.0,,,894.9989999999997,540.194,893.7239999999997,544.738,,,
625,20123596,176,2.8615443037974684,right,fixation,,143.0,875.034022222222,601.654244444444,,,,,0.0,,
626,20123776,24,,right,saccade,,143.0,,,877.784,601.0509999999998,718.742,576.822,,,
627,20123780,20,,left,saccade,171.0,,,,889.0060000000003,512.8,739.2719999999997,520.562,,,
628,20123804,44,2.894272727272728,right,fixation,,144.0,712.6010000000001,554.33775,,,,,1.0,6.990110539977986,22.151652872867054
629,20123804,332,2.84614312039312,left,fixation,172.0,,734.5203095238098,501.6486190476191,,,,,0.0,,
630,20123852,8,,right,saccade,,144.0,,,715.602,510.38199999999995,718.696,507.211,,,
631,20123864,36,2.8962222222222223,right,fixation,,145.0,737.8729,495.7437,,,,,1.0,149.54598140074208,3.2871781211245428
632,20123904,12,,right,saccade,,145.0,,,741.7660000000003,492.98,735.433,560.0980000000002,,,
633,20123920,220,2.828346304135461,right,fixation,,146.0,705.3848571428571,528.453267857143,,,,,1.0,5.768596208976864,15.888581591822483
634,20124140,16,,left,saccade,172.0,,,,683.768,456.00800000000004,622.651,456.00800000000004,,,
635,20124144,16,,right,saccade,,146.0,,,708.3939999999999,517.575,607.471,517.482,,,
636,20124160,204,2.829117647058823,left,fixation,173.0,,640.27325,463.39107692307687,,,,,6.0,137.36449237012772,420.2587714673066
637,20124164,296,2.822013513513513,right,fixation,,147.0,603.279373333333,520.939933333333,,,,,1.0,15.21274504504545,56.400766528478954
638,20124368,0,,left,saccade,173.0,,,,645.626,481.418,645.626,481.418,,,
639,20124372,0,,left,fixation,174.0,,645.626,481.418,,,,,0.0,,
640,20124376,0,,left,saccade,174.0,,,,638.355,473.774,638.355,473.774,,,
641,20124380,72,2.8095555555555562,left,fixation,175.0,,642.912421052632,468.337578947368,,,,,2.0,10.787980190393009,27.718525059410982
642,20124456,24,,left,saccade,175.0,,,,673.043,493.205,481.038,485.07,,,
643,20124464,28,,right,saccade,,147.0,,,600.399,495.504,453.634,475.56800000000004,,,
644,20124484,4,2.8466666666666667,left,fixation,176.0,,474.673,485.07,,,,,0.0,,
645,20124492,8,,left,saccade,176.0,,,,467.965,500.86800000000005,436.816,500.86800000000005,,,
646,20124496,124,2.8275161290322584,right,fixation,,148.0,441.17184375,475.98665625,,,,,0.0,,
647,20124504,16,2.8325,left,fixation,177.0,,432.0382,498.2904,,,,,0.0,,
648,20124524,16,,left,saccade,177.0,,,,426.25300000000004,494.24199999999996,396.658,447.62800000000004,,,
649,20124544,227,2.8461339285714287,left,fixation,178.0,,440.79813793103403,428.302913793103,,,,,2.0,14.172081546256786,46.22293641056443
650,20124624,12,,right,saccade,,148.0,,,445.414,463.27,490.42900000000003,466.88699999999994,,,
651,20124640,135,2.8609848484848484,right,fixation,,149.0,519.7405142857141,496.1282,,,,,0.0,,
652,20124775,48,,left,saccade,178.0,,,,474.652,419.279,1272.519,438.731,,,
653,20124779,40,,right,saccade,,149.0,,,524.306,497.171,1281.859,494.86800000000005,,,
654,20124823,132,2.8659393939393936,right,fixation,,150.0,1287.79729411765,506.4942058823529,,,,,0.0,,
655,20124827,144,2.8650555555555552,left,fixation,179.0,,1301.57916216216,502.777162162162,,,,,0.0,,
656,20124959,0,,right,saccade,,150.0,,,1287.955,514.7719999999998,1287.955,514.7719999999998,,,
657,20124963,645,2.8639537037037037,right,fixation,,151.0,1355.82264814815,480.956043209877,,,,,6.0,10.773236125103011,31.647263147952714
658,20124975,16,,left,saccade,179.0,,,,1301.753,521.619,1359.476,514.224,,,
659,20124995,753,2.859531746031746,left,fixation,180.0,,1367.17996825397,496.33702116402196,,,,,0.0,,
660,20125612,0,,right,saccade,,151.0,,,1362.808,499.38199999999995,1362.808,499.38199999999995,,,
661,20125616,136,2.8376029411764714,right,fixation,,152.0,1357.9542,490.442028571429,,,,,0.0,,
662,20125752,56,,left,saccade,180.0,,,,1372.818,516.427,379.602,651.802,,,
663,20125756,56,,right,saccade,,152.0,,,1350.507,483.472,402.26,570.696,,,
664,20125812,24,2.8393333333333333,left,fixation,181.0,,373.770142857143,649.477571428571,,,,,0.0,,
665,20125816,547,2.8790295159386066,right,fixation,,153.0,372.0655,654.1298405797098,,,,,2.0,8.072055743185523,33.25469063817958
666,20125840,16,,left,saccade,181.0,,,,361.782,637.294,318.506,600.806,,,
667,20125860,411,2.8831767499200947,left,fixation,182.0,,336.332663461538,587.236682692308,,,,,6.0,10.898895667247924,26.84137776931941
668,20126275,8,,left,saccade,182.0,,,,334.967,615.995,343.529,635.884,,,
669,20126287,44,,left,fixation,183.0,,344.075416666667,632.482583333333,,,,,1.0,10.279687647924394,33.62201246207609
670,20126335,60,,left,saccade,183.0,,,,323.487,627.535,444.496,664.592,,,
671,20126367,32,,right,saccade,,153.0,,,336.17,614.0459999999998,319.823,586.817,,,
672,20126583,8,,right,fixation,,154.0,322.462333333333,586.2130000000002,,,,,0.0,,
673,20126595,16,,right,saccade,,154.0,,,323.39099999999996,582.33,375.759,556.205,,,
674,20126615,108,2.8035379135225766,right,fixation,,155.0,428.321928571429,570.872892857143,,,,,1.0,9.605032072362443,46.34911137227989
675,20126651,4,,left,fixation,184.0,,444.634,663.466,,,,,0.0,,
676,20126659,20,,left,saccade,184.0,,,,444.496,662.34,430.01800000000003,580.3,,,
677,20126683,4,2.79501652892562,left,fixation,185.0,,419.8235,567.117,,,,,0.0,,
678,20126691,0,,left,saccade,185.0,,,,412.00300000000004,565.798,412.00300000000004,565.798,,,
679,20126695,40,2.806114009661836,left,fixation,186.0,,385.789818181818,552.131363636364,,,,,0.0,,
680,20126727,16,,right,saccade,,155.0,,,448.95099999999996,595.646,366.871,596.4019999999998,,,
681,20126739,12,,left,saccade,186.0,,,,348.236,557.863,326.0490000000001,557.863,,,
682,20126747,464,2.8359267241379307,right,fixation,,156.0,366.571837606838,640.004632478633,,,,,1.0,11.000011066913645,35.8032177324888
683,20126755,0,,left,fixation,187.0,,316.752,557.847,,,,,0.0,,
684,20126759,0,,left,saccade,187.0,,,,302.842,557.847,302.842,557.847,,,
685,20126763,249,2.8562460317460316,left,fixation,188.0,,289.636301587302,559.074301587302,,,,,2.0,8.78198737014537,23.9127954285399
686,20127016,0,,left,saccade,188.0,,,,315.70799999999997,567.779,315.70799999999997,567.779,,,
687,20127020,4,2.8175,left,fixation,189.0,,342.5595,562.3565,,,,,0.0,,
688,20127028,0,,left,saccade,189.0,,,,355.70599999999996,563.25,355.70599999999996,563.25,,,
689,20127032,183,2.810833333333333,left,fixation,190.0,,410.197531914894,603.0024255319149,,,,,1.0,12.317607646734373,46.99909664025465
690,20127215,20,,right,saccade,,156.0,,,386.469,634.849,489.091,634.029,,,
691,20127219,20,,left,saccade,190.0,,,,417.57,616.381,513.286,600.467,,,
692,20127239,176,2.710590909090909,right,fixation,,157.0,514.4028,621.385888888889,,,,,1.0,7.284016575504352,8.960395582785337
693,20127243,640,2.72410625,left,fixation,191.0,,504.24021739130404,602.5348385093171,,,,,3.0,9.841283361890891,13.529431522050388
694,20127419,8,,right,saccade,,157.0,,,517.376,590.628,494.689,606.114,,,
695,20127431,0,,right,fixation,,158.0,492.765,609.467,,,,,0.0,,
696,20127435,0,,right,saccade,,158.0,,,490.42900000000003,617.562,490.42900000000003,617.562,,,
697,20127439,448,2.7310892857142854,right,fixation,,159.0,469.012097345133,640.10785840708,,,,,2.0,8.525290556410798,32.88758341843811
698,20127887,28,,left,saccade,191.0,,,,489.139,600.8,751.342,596.288,,,
699,20127891,24,,right,saccade,,159.0,,,464.786,655.6010000000001,769.174,682.207,,,
700,20127919,248,2.724939516129032,right,fixation,,160.0,782.129920634921,663.608777777778,,,,,4.0,94.09973656913608,294.5472077790685
701,20127919,380,2.742644736842105,left,fixation,192.0,,803.00940625,631.475458333334,,,,,2.0,9.612341291632015,21.355469316028444
702,20128171,8,,right,saccade,,160.0,,,792.31,685.187,792.31,714.097,,,
703,20128183,0,,right,fixation,,161.0,795.096,715.7239999999997,,,,,0.0,,
704,20128187,0,,right,saccade,,161.0,,,797.3580000000003,718.8689999999997,797.3580000000003,718.8689999999997,,,
705,20128191,44,2.7700909090909094,right,fixation,,162.0,835.661666666667,717.459583333333,,,,,0.0,,
706,20128239,16,,right,saccade,,162.0,,,846.677,707.375,848.295,631.2090000000002,,,
707,20128259,16,2.7939375,right,fixation,,163.0,848.9114,638.6738,,,,,0.0,,
708,20128279,16,,right,saccade,,163.0,,,848.9630000000003,648.849,755.534,634.9490000000002,,,
709,20128299,265,2.7752164179104475,right,fixation,,164.0,719.2582985074631,634.605179104477,,,,,0.0,,
710,20128303,16,,left,saccade,192.0,,,,760.405,614.872,719.6519999999997,607.225,,,
711,20128323,197,2.779709999999999,left,fixation,193.0,,730.22122,604.8372,,,,,2.0,11.388015010782444,40.249832297422685
712,20128524,0,,left,saccade,193.0,,,,717.263,592.688,717.263,592.688,,,
713,20128528,40,2.7440000000000007,left,fixation,194.0,,697.4418181818179,573.0352727272731,,,,,0.0,,
714,20128568,15,,right,saccade,,164.0,,,725.725,633.535,648.266,628.5880000000002,,,
715,20128571,16,,left,saccade,194.0,,,,683.9939999999998,571.181,563.726,576.238,,,
716,20128587,168,2.7635357142857138,right,fixation,,165.0,594.343441860465,608.5977674418609,,,,,3.0,93.68786463127022,283.182979817805
717,20128591,40,2.7659,left,fixation,195.0,,551.683545454545,584.4350909090911,,,,,0.0,,
718,20128635,16,,left,saccade,195.0,,,,544.3480000000002,587.854,535.081,512.328,,,
719,20128655,349,2.7462045454545456,left,fixation,196.0,,555.443909090909,535.700522727273,,,,,2.0,14.704709981414704,33.664873036634376
720,20128759,0,,right,saccade,,165.0,,,591.797,612.555,591.797,612.555,,,
721,20128763,237,2.7395666666666667,right,fixation,,166.0,596.518583333333,638.16475,,,,,1.0,5.63594633924856,20.788436208623335
722,20129004,16,,right,saccade,,166.0,,,595.306,632.331,528.076,626.081,,,
723,20129008,20,,left,saccade,196.0,,,,572.682,536.883,472.215,533.724,,,
724,20129024,879,2.7330844748858447,right,fixation,,167.0,504.076497737556,614.524556561086,,,,,1.0,7.403125317879075,30.362400382710113
725,20129032,0,,left,fixation,197.0,,472.083,533.724,,,,,0.0,,
726,20129036,0,,left,saccade,197.0,,,,468.661,533.88,468.661,533.88,,,
727,20129040,44,2.7430454545454546,left,fixation,198.0,,458.819,557.685833333333,,,,,0.0,,
728,20129088,4,,left,saccade,198.0,,,,472.746,573.752,480.135,577.0409999999998,,,
729,20129096,487,2.7551322314049584,left,fixation,199.0,,453.8855528455291,550.6453333333329,,,,,2.0,10.57625126339176,41.248111842253905
730,20129587,8,,left,saccade,199.0,,,,456.476,565.946,492.94199999999995,561.3969999999998,,,
731,20129599,0,,left,fixation,200.0,,495.102,561.3969999999998,,,,,0.0,,
732,20129603,0,,left,saccade,200.0,,,,495.102,557.253,495.102,557.253,,,
733,20129607,288,2.6966527777777776,left,fixation,201.0,,525.115191780822,524.461,,,,,3.0,18.82661537543254,59.46911573523853
734,20129899,16,,left,saccade,201.0,,,,498.059,510.009,476.75,565.007,,,
735,20129907,16,,right,saccade,,167.0,,,549.319,562.314,475.793,568.9159999999998,,,
736,20129919,360,2.7149722222222223,left,fixation,202.0,,447.5373846153849,567.154989010989,,,,,4.0,10.337654526083448,29.89782749875475
737,20129927,356,2.7147528089887643,right,fixation,,168.0,485.188088888889,595.8487555555561,,,,,1.0,11.078299232684104,29.485186246656127
738,20130283,32,,left,saccade,202.0,,,,473.361,563.8969999999998,631.263,535.882,,,
739,20130287,20,,right,saccade,,168.0,,,496.349,609.464,630.626,626.5790000000002,,,
740,20130311,968,2.647846074380165,right,fixation,,169.0,616.559654320989,643.737049382716,,,,,4.0,84.20561031110628,26.830082308313646
741,20130319,68,2.667147058823529,left,fixation,203.0,,643.4179444444451,536.3989444444439,,,,,0.0,,
742,20130391,0,,left,saccade,203.0,,,,647.211,521.0840000000002,647.211,521.0840000000002,,,
743,20130395,0,,left,fixation,204.0,,647.211,521.0840000000002,,,,,0.0,,
744,20130399,0,,left,saccade,204.0,,,,645.636,490.566,645.636,490.566,,,
745,20130403,20,2.6336,left,fixation,205.0,,645.8985,495.1918333333329,,,,,0.0,,
746,20130427,16,,left,saccade,205.0,,,,645.636,509.163,650.635,615.989,,,
747,20130447,40,2.652450000000001,left,fixation,206.0,,650.349545454545,615.640636363636,,,,,0.0,,
748,20130491,0,,left,saccade,206.0,,,,635.947,617.661,635.947,617.661,,,
749,20130495,0,,left,fixation,207.0,,617.255,609.567,,,,,0.0,,
750,20130499,4,,left,saccade,207.0,,,,601.555,608.621,600.894,604.761,,,
751,20130507,500,2.639424,left,fixation,208.0,,607.137555555556,556.003293650794,,,,,1.0,8.913461006315712,18.76418388846152
752,20131011,8,,left,saccade,208.0,,,,592.9680000000002,600.4169999999998,593.42,612.5369999999998,,,
753,20131023,256,2.65824609375,left,fixation,209.0,,598.811369230769,627.235123076923,,,,,2.0,146.35365051979161,437.3132839678577
754,20131283,16,,right,saccade,,169.0,,,613.749,652.895,706.298,651.384,,,
755,20131283,36,,left,saccade,209.0,,,,587.655,622.773,682.255,563.436,,,
756,20131303,408,2.729428921568628,right,fixation,,170.0,698.9557669902921,652.81445631068,,,,,2.0,84.14805465583612,493.49162908717165
757,20131323,600,2.7389616666666665,left,fixation,210.0,,690.85953642384,578.08542384106,,,,,8.0,80.0702981490558,243.03617754934209
758,20131715,16,,right,saccade,,170.0,,,713.959,600.8009999999998,701.6439999999999,666.9939999999998,,,
759,20131735,56,2.747214285714285,right,fixation,,171.0,691.502066666667,673.6164666666671,,,,,0.0,,
760,20131795,12,,right,saccade,,171.0,,,703.143,634.466,713.3530000000003,606.4680000000002,,,
761,20131811,20,2.7763,right,fixation,,172.0,717.892333333333,594.751166666667,,,,,0.0,,
762,20131835,12,,right,saccade,,172.0,,,718.44,598.768,716.8689999999997,657.7389999999998,,,
763,20131851,84,2.7381190476190485,right,fixation,,173.0,715.383136363636,665.1506363636361,,,,,1.0,162.73676835417714,24.158430019353446
764,20131927,32,,left,saccade,210.0,,,,679.682,634.02,757.811,562.68,,,
765,20131939,20,,right,saccade,,173.0,,,751.27,666.299,761.6060000000001,744.454,,,
766,20131963,356,2.6942078651685395,right,fixation,,174.0,805.224077777778,713.9176777777783,,,,,8.0,117.59939126743416,288.6170897639838
767,20131963,916,2.7275251091703057,left,fixation,211.0,,819.324630434783,570.051913043479,,,,,6.0,117.05359655593023,351.57033716084084
768,20132323,0,,right,saccade,,174.0,,,844.298,705.596,844.298,705.596,,,
769,20132327,0,,right,fixation,,175.0,850.413,714.613,,,,,0.0,,
770,20132331,0,,right,saccade,,175.0,,,853.671,732.315,853.671,732.315,,,
771,20132335,348,2.7504770114942527,right,fixation,,176.0,857.391136363637,742.157636363636,,,,,5.0,11.719711008821024,33.47780150687682
772,20132687,8,,right,saccade,,176.0,,,854.0,715.316,850.7739999999999,679.547,,,
773,20132699,176,2.7476193181818185,right,fixation,,177.0,839.357022222222,688.8096,,,,,3.0,124.33887682551428,16.29230060247762
774,20132879,44,,right,saccade,,177.0,,,838.878,703.8860000000003,454.14599999999996,619.6030000000002,,,
775,20132883,44,,left,saccade,211.0,,,,832.707,593.496,306.9840000000001,617.106,,,
776,20132927,412,2.8030388349514563,right,fixation,,178.0,396.522278846154,647.478317307692,,,,,3.0,7.0187193263756456,16.324912461684693
777,20132931,404,2.8032128712871285,left,fixation,212.0,,324.974088235294,593.635794117647,,,,,1.0,11.043430295630241,39.28152430850919
778,20133339,16,,left,saccade,212.0,,,,341.524,600.44,424.76599999999996,571.395,,,
779,20133343,20,,right,saccade,,178.0,,,366.244,614.068,464.148,616.015,,,
780,20133359,68,2.7922647058823533,left,fixation,213.0,,459.497944444445,556.163166666667,,,,,1.0,12.803237759992163,41.83440958110923
781,20133367,260,2.764046153846154,right,fixation,,179.0,481.41966666666605,607.31953030303,,,,,0.0,,
782,20133431,16,,left,saccade,213.0,,,,481.968,556.9490000000002,473.288,606.972,,,
783,20133451,124,2.751112903225806,left,fixation,214.0,,448.8643125,593.60578125,,,,,1.0,8.552509836299517,39.24020005045846
784,20133579,0,,left,saccade,214.0,,,,475.55199999999996,590.262,475.55199999999996,590.262,,,
785,20133583,432,2.7201805555555554,left,fixation,215.0,,563.604449541284,573.404229357798,,,,,3.0,12.658896394193391,29.703850581337548
786,20133631,12,,right,saccade,,179.0,,,496.968,617.3380000000002,537.132,617.806,,,
787,20133647,380,2.7137157894736843,right,fixation,,180.0,578.271770833334,608.234979166667,,,,,2.0,26.86205571855853,50.24366445414488
788,20134019,52,,left,saccade,215.0,,,,595.529,568.609,1436.0620000000001,496.355,,,
789,20134031,40,,right,saccade,,180.0,,,599.637,589.224,1540.121,580.0369999999998,,,
790,20134075,420,2.8665952380952384,left,fixation,216.0,,1462.5442169811301,569.827839622641,,,,,0.0,,
791,20134075,420,2.8665952380952384,right,fixation,,181.0,1477.6694339622595,575.460801886792,,,,,3.0,7.754031954580077,36.53730096991431
792,20134499,40,,right,saccade,,181.0,,,1485.754,581.038,873.709,589.999,,,
793,20134499,44,,left,saccade,216.0,,,,1456.9679999999994,580.436,814.82,587.847,,,
794,20134543,272,2.8470434782608693,right,fixation,,182.0,814.415246376812,584.599231884058,,,,,1.0,14.48880077086362,31.96453705280273
795,20134547,408,2.8443235294117644,left,fixation,217.0,,826.964970873786,601.342291262136,,,,,0.0,,
796,20134819,0,,right,saccade,,182.0,,,826.829,583.087,826.829,583.087,,,
797,20134823,124,2.839916666666667,right,fixation,,183.0,835.97228125,593.92140625,,,,,1.0,16.988702422492434,57.13210975449791
798,20134951,32,,right,saccade,,183.0,,,831.669,605.03,639.077,643.747,,,
799,20134959,24,,left,saccade,217.0,,,,819.105,611.95,626.993,624.279,,,
800,20134987,520,2.7897230769230767,left,fixation,218.0,,588.632198473283,636.513198473283,,,,,1.0,8.428502809580783,21.544170673293532
801,20134987,856,2.7738154205607475,right,fixation,,184.0,584.827130232558,647.821813953489,,,,,2.0,7.975084297840233,33.76016987915066
802,20135511,16,,left,saccade,218.0,,,,565.0880000000002,605.841,610.988,604.3380000000002,,,
803,20135531,320,2.746825,left,fixation,219.0,,630.623864197531,604.67412345679,,,,,1.0,8.101362306564397,27.775972134202593
804,20135847,16,,right,saccade,,184.0,,,633.9830000000002,624.976,689.4780000000003,626.999,,,
805,20135855,16,,left,saccade,219.0,,,,646.178,622.0980000000002,727.192,615.7869999999998,,,
806,20135867,456,2.6865,right,fixation,,185.0,710.837608695652,654.2014173913041,,,,,4.0,9.742512970450855,32.905411623839264
807,20135875,452,2.6854115044247795,left,fixation,220.0,,728.9198070175439,627.156657894737,,,,,1.0,9.985280572478247,34.261988412816955
808,20136327,28,,right,saccade,,185.0,,,662.992,656.064,506.50800000000004,671.855,,,
809,20136331,20,,left,saccade,220.0,,,,696.279,632.859,478.403,617.011,,,
810,20136355,376,2.695821052631579,left,fixation,221.0,,475.061084210527,579.2610736842109,,,,,0.0,,
811,20136359,1020,2.69353515625,right,fixation,,186.0,477.96359765625,666.554933593751,,,,,6.0,9.118925743913449,26.855108471594534
812,20136735,12,,left,saccade,221.0,,,,480.069,595.061,513.036,581.781,,,
813,20136751,628,2.690942675159236,left,fixation,222.0,,481.647265822785,562.831329113924,,,,,2.0,8.589979763303155,17.12673987908793
814,20137383,16,,left,saccade,222.0,,,,456.977,562.878,362.436,577.0409999999998,,,
815,20137383,20,,right,saccade,,186.0,,,447.212,662.581,377.36199999999997,673.041,,,
816,20137403,724,2.7146657458563532,left,fixation,223.0,,350.18769230769203,563.857703296703,,,,,0.0,,
817,20137407,716,2.714804469273743,right,fixation,,187.0,363.19675,682.049233333334,,,,,1.0,6.947084114536444,12.735545728393419
818,20138127,20,,right,saccade,,187.0,,,372.454,669.181,469.92800000000005,623.507,,,
819,20138131,28,,left,saccade,223.0,,,,390.051,555.554,477.767,597.5169999999998,,,
820,20138151,180,2.663922222222222,right,fixation,,188.0,472.237673913044,623.663760869565,,,,,3.0,9.540420064526266,25.69818549360671
821,20138163,84,2.6589047619047617,left,fixation,224.0,,438.128181818182,581.794181818182,,,,,0.0,,
822,20138251,16,,left,saccade,224.0,,,,429.35900000000004,577.932,499.26599999999996,578.35,,,
823,20138271,648,2.70092546583851,left,fixation,225.0,,477.763595092025,560.219447852761,,,,,2.0,15.246958053304287,42.941927354539345
824,20138335,16,,right,saccade,,188.0,,,473.466,635.836,484.43199999999996,582.936,,,
825,20138355,364,2.686411111111111,right,fixation,,189.0,481.887880434782,619.598336956521,,,,,4.0,12.029961011811144,32.40269904431476
826,20138723,16,,right,saccade,,189.0,,,457.76,647.2919999999998,467.58,593.155,,,
827,20138743,168,2.746452380952381,right,fixation,,190.0,477.051325581395,605.913813953488,,,,,0.0,,
828,20138915,24,,right,saccade,,190.0,,,475.69699999999995,615.451,590.048,614.99,,,
829,20138923,20,,left,saccade,225.0,,,,475.741,568.753,625.4069999999998,593.164,,,
830,20138943,536,2.7398537037037034,right,fixation,,191.0,554.657385185185,593.510733333334,,,,,1.0,9.310206481180881,29.456797059422563
831,20138947,532,2.7396921641791043,left,fixation,226.0,,598.776141791045,592.552,,,,,2.0,140.41979365847843,431.3277135110572
832,20139483,16,,right,saccade,,191.0,,,540.3240000000002,635.813,649.605,623.894,,,
833,20139483,28,,left,saccade,226.0,,,,605.937,572.4540000000002,730.37,608.638,,,
834,20139503,80,2.7186250000000003,right,fixation,,192.0,668.165142857143,641.651095238095,,,,,3.0,13.575846050192464,39.788972130837706
835,20139515,855,2.720828638497652,left,fixation,227.0,,700.319427906976,629.7979488372099,,,,,3.0,109.47432261793705,327.361413161738
836,20139587,0,,right,saccade,,192.0,,,693.9739999999997,645.875,693.9739999999997,645.875,,,
837,20139591,775,2.7213963730569946,right,fixation,,193.0,681.097723076923,617.509969230769,,,,,3.0,57.18428022806066,20.506966787912432
838,20140370,28,,right,saccade,,193.0,,,687.967,639.673,831.038,670.949,,,
839,20140374,24,,left,saccade,227.0,,,,693.5010000000003,621.236,787.6519999999997,630.211,,,
840,20140402,169,2.7106046511627917,right,fixation,,194.0,843.5567906976739,685.371790697674,,,,,2.0,13.571399867443139,31.93807676858139
841,20140402,553,2.7399734299516902,left,fixation,228.0,,811.659064748202,591.618517985612,,,,,3.0,13.115003414279313,41.20693714422299
842,20140575,0,,right,saccade,,194.0,,,845.9060000000003,698.284,845.9060000000003,698.284,,,
843,20140579,524,2.749840330788804,right,fixation,,195.0,841.774242424242,708.524727272728,,,,,13.0,145.42701381459705,267.7096369858945
844,20140959,0,,left,saccade,228.0,,,,815.918,600.694,815.918,600.694,,,
845,20140963,144,2.7382635135135143,left,fixation,229.0,,818.7673513513513,627.412567567568,,,,,0.0,,
846,20141107,36,,right,saccade,,195.0,,,844.961,706.0,446.158,647.299,,,
847,20141111,40,,left,saccade,229.0,,,,804.179,637.047,326.77,653.857,,,
848,20141147,2300,2.8319773913043482,right,fixation,,196.0,360.678027777777,686.393152777778,,,,,1.0,7.367712446509067,32.13993705656563
849,20141155,1916,2.832236951983299,left,fixation,230.0,,306.848889583334,594.2067375000007,,,,,16.0,9.239285066216226,25.341327863710426
850,20143075,16,,left,saccade,230.0,,,,301.597,609.6419999999998,354.80199999999996,631.131,,,
851,20143095,356,2.8313876404494382,left,fixation,231.0,,328.83967777777804,592.994944444444,,,,,4.0,9.281550426424083,29.458576933759073
852,20143451,20,,right,saccade,,196.0,,,372.76,695.313,484.14099999999996,633.0459999999998,,,
853,20143455,20,,left,saccade,231.0,,,,342.0490000000001,600.238,480.587,570.751,,,
854,20143475,672,2.7192142857142856,right,fixation,,197.0,484.960715976331,631.619177514793,,,,,0.0,,
855,20143479,32,2.78625,left,fixation,232.0,,489.1127777777781,558.216888888889,,,,,0.0,,
856,20143515,8,,left,saccade,232.0,,,,488.94800000000004,586.404,484.54,599.946,,,
857,20143527,620,2.7142419354838707,left,fixation,233.0,,458.3269038461541,593.627711538462,,,,,7.0,10.086448236537272,22.97661330087769
858,20144151,8,,right,saccade,,197.0,,,484.539,605.4680000000002,489.91,590.4,,,
859,20144151,12,,left,saccade,233.0,,,,442.457,595.351,442.457,560.369,,,
860,20144163,504,2.662726137870084,right,fixation,,198.0,474.504401574803,611.394244094488,,,,,0.0,,
861,20144167,92,2.6727173913043467,left,fixation,234.0,,445.8474583333329,553.266083333333,,,,,0.0,,
862,20144263,16,,left,saccade,234.0,,,,439.785,579.446,503.05699999999996,564.063,,,
863,20144283,48,2.676,left,fixation,235.0,,504.67699999999996,549.7233846153849,,,,,1.0,11.23735575979607,32.89121312752083
864,20144335,20,,left,saccade,235.0,,,,470.57,545.799,410.125,551.626,,,
865,20144359,312,2.655702531071396,left,fixation,236.0,,426.126,558.025506329114,,,,,7.0,12.193587337971733,26.157885087859807
866,20144671,20,,right,saccade,,198.0,,,482.031,624.908,605.637,633.618,,,
867,20144675,24,,left,saccade,236.0,,,,458.316,539.363,583.683,538.571,,,
868,20144695,136,2.664323529411764,right,fixation,,199.0,593.588085714286,636.883028571428,,,,,3.0,145.92963694230244,299.9060207417253
869,20144703,284,2.6681024096385544,left,fixation,237.0,,593.4824583333329,563.795208333333,,,,,10.0,35.541193213931706,118.30955587838726
870,20144835,4,,right,saccade,,199.0,,,578.249,632.795,577.249,642.244,,,
871,20144843,303,2.655424603174603,right,fixation,,200.0,565.509571428572,670.121025974026,,,,,4.0,11.113611570172514,38.173842948416535
872,20144991,16,,left,saccade,237.0,,,,590.614,535.971,574.1569999999998,573.673,,,
873,20145011,139,2.6412794117647063,left,fixation,238.0,,577.557611111111,611.076805555556,,,,,1.0,13.921824465365289,63.75916467457829
874,20145150,4,,right,saccade,,200.0,,,559.082,697.556,558.384,698.817,,,
875,20145154,16,,left,saccade,238.0,,,,580.0319999999998,609.431,631.911,616.7719999999998,,,
876,20145158,204,2.6431274509803933,right,fixation,,201.0,555.329576923077,688.088096153846,,,,,1.0,15.077455816180976,52.62758935197402
877,20145174,80,2.64355,left,fixation,239.0,,633.0991904761901,626.679571428572,,,,,0.0,,
878,20145258,12,,left,saccade,239.0,,,,620.765,602.102,598.868,579.045,,,
879,20145274,125,2.628828125,left,fixation,240.0,,568.1876875,579.48825,,,,,2.0,136.22198267761752,415.6220953022419
880,20145366,0,,right,saccade,,201.0,,,547.716,658.893,547.716,658.893,,,
881,20145370,157,2.6021375,right,fixation,,202.0,530.45075,661.720175,,,,,1.0,137.9436882894208,17.78747955726156
882,20145403,12,,left,saccade,240.0,,,,557.809,569.2280000000002,567.605,523.27,,,
883,20145419,36,2.6317777777777778,left,fixation,241.0,,575.683,530.8746,,,,,0.0,,
884,20145459,16,,left,saccade,241.0,,,,580.389,559.768,579.7919999999998,620.55,,,
885,20145479,212,2.619669811320754,left,fixation,242.0,,536.4415555555561,600.12062962963,,,,,2.0,73.38182844478638,416.30430297109586
886,20145531,0,,right,saccade,,202.0,,,523.071,673.676,523.071,673.676,,,
887,20145535,164,2.6352317073170743,right,fixation,,203.0,533.820857142857,649.44869047619,,,,,2.0,16.324202299819106,68.14160130385532
888,20145695,24,,left,saccade,242.0,,,,542.1990000000002,611.163,643.1619999999998,532.189,,,
889,20145703,16,,right,saccade,,203.0,,,532.974,626.529,691.1489999999999,601.3009999999998,,,
890,20145723,16,2.637875,left,fixation,243.0,,647.52,543.1296,,,,,0.0,,
891,20145723,228,2.6353114035087715,right,fixation,,204.0,675.879689655172,592.774103448276,,,,,3.0,151.09061637670098,603.1080401812492
892,20145743,0,,left,saccade,243.0,,,,647.2330000000002,571.7090000000002,647.2330000000002,571.7090000000002,,,
893,20145747,132,2.6436893939393937,left,fixation,244.0,,656.133088235294,573.077029411765,,,,,5.0,121.62725424372984,360.26983544349946
894,20145883,0,,left,saccade,244.0,,,,682.409,525.7040000000002,682.409,525.7040000000002,,,
895,20145887,116,2.6269827586206898,left,fixation,245.0,,663.414966666667,529.941266666667,,,,,3.0,16.167637657856464,27.648891551070275
896,20145955,4,,right,saccade,,204.0,,,659.329,557.061,659.329,562.72,,,
897,20145963,8,2.64075,right,fixation,,205.0,219.776333333333,187.573333333333,,,,,0.0,,
898,20145975,4,,right,saccade,,205.0,,,665.682,562.72,669.867,566.225,,,
899,20145983,4,2.6375,right,fixation,,206.0,670.81,569.4590000000002,,,,,0.0,,
900,20145991,16,,right,saccade,,206.0,,,672.809,576.879,679.187,684.888,,,
901,20146007,4,,left,saccade,245.0,,,,691.416,534.8969999999998,693.693,540.36,,,
902,20146011,28,2.6726428571428564,right,fixation,,207.0,679.175375,672.2869999999998,,,,,1.0,11.923202405860202,43.202755525544866
903,20146015,84,2.6684047619047617,left,fixation,246.0,,687.224545454545,547.1424090909089,,,,,3.0,61.69792923520569,39.69349052515053
904,20146043,44,,right,saccade,,207.0,,,678.9119999999998,638.401,682.7439999999998,617.187,,,
905,20146103,0,,left,saccade,246.0,,,,654.256,539.161,654.256,539.161,,,
906,20146103,80,2.6058125,right,fixation,,208.0,680.417380952381,626.795142857143,,,,,1.0,35.81761830789424,49.56832343341857
907,20146107,12,2.6038333333333337,left,fixation,247.0,,490.0455,418.02275,,,,,0.0,,
908,20146123,0,,left,saccade,247.0,,,,658.404,568.002,658.404,568.002,,,
909,20146127,204,2.6246914893617017,left,fixation,248.0,,650.852038461538,574.2512692307689,,,,,3.0,55.22990818307581,319.68252519444667
910,20146187,12,,right,saccade,,208.0,,,674.4169999999998,627.855,670.327,576.262,,,
911,20146203,208,2.6297966101694916,right,fixation,,209.0,681.0562075471701,622.733037735849,,,,,5.0,12.718103036014256,35.49367577291509
912,20146335,36,,left,saccade,248.0,,,,683.31,590.766,693.3789999999997,581.751,,,
913,20146375,20,,left,fixation,249.0,,720.417333333333,582.875166666667,,,,,0.0,,
914,20146399,20,,left,saccade,249.0,,,,693.3789999999997,581.751,707.5360000000003,590.939,,,
915,20146415,16,,left,fixation,250.0,,145.196,116.6956,,,,,0.0,,
916,20146415,36,,right,saccade,,209.0,,,692.2710000000003,635.0980000000002,673.7710000000002,626.236,,,
917,20146455,20,,right,fixation,,210.0,675.795333333333,632.309333333333,,,,,0.0,,
918,20146467,0,,left,fixation,251.0,,711.932,590.939,,,,,0.0,,
919,20146471,0,,left,saccade,250.0,,,,714.8439999999997,590.939,714.8439999999997,590.939,,,
920,20146475,4,,left,fixation,252.0,,717.1339999999999,583.4525,,,,,0.0,,
921,20146479,24,,right,saccade,,210.0,,,682.704,647.625,793.585,655.244,,,
922,20146483,28,,left,saccade,251.0,,,,725.4739999999997,569.039,848.3839999999999,514.24,,,
923,20146507,12,,right,fixation,,211.0,797.773,649.7935,,,,,0.0,,
924,20146515,55,,left,fixation,253.0,,865.9596,520.6996,,,,,0.0,,
925,20146522,0,,right,saccade,,211.0,,,793.585,645.453,793.585,645.453,,,
926,20146526,12,,right,fixation,,212.0,591.086,492.76025,,,,,0.0,,
927,20146542,0,,right,saccade,,212.0,,,785.557,677.566,785.557,677.566,,,
928,20146546,20,,right,fixation,,213.0,798.033833333333,682.435166666667,,,,,0.0,,
929,20146570,36,,right,saccade,,213.0,,,802.419,680.393,829.189,680.2610000000002,,,
930,20146574,28,,left,saccade,252.0,,,,856.015,542.423,782.74,537.729,,,
931,20146606,16,,left,fixation,254.0,,781.2080000000003,517.8442,,,,,0.0,,
932,20146626,32,,left,saccade,253.0,,,,782.74,493.86400000000003,782.5189999999999,540.445,,,
933,20146714,52,,left,fixation,255.0,,793.8895714285719,551.2432142857141,,,,,1.0,162.60707263429364,971.9875724689076
934,20146726,112,,right,fixation,,214.0,838.381931034483,670.595413793103,,,,,4.0,138.26674380471502,811.4870811721506
935,20146770,36,,left,saccade,254.0,,,,789.841,542.457,830.4830000000003,548.4730000000002,,,
936,20146822,304,2.7510702562625973,left,fixation,256.0,,838.7990129870129,517.179727272727,,,,,8.0,150.87724162446082,266.2437578914653
937,20146842,32,,right,saccade,,214.0,,,822.2310000000001,662.721,598.3009999999998,598.131,,,
938,20147062,0,,right,fixation,,215.0,598.3009999999998,598.131,,,,,0.0,,
939,20147066,36,,right,saccade,,215.0,,,598.3009999999998,598.131,804.568,559.15,,,
940,20147130,16,,left,saccade,255.0,,,,847.8939999999999,501.519,797.3439999999997,474.23400000000004,,,
941,20147150,0,,left,fixation,257.0,,777.8810000000003,472.233,,,,,0.0,,
942,20147154,0,,left,saccade,256.0,,,,774.3530000000003,472.233,774.3530000000003,472.233,,,
943,20147158,0,,left,fixation,258.0,,774.3530000000003,472.233,,,,,0.0,,
944,20147162,16,,left,saccade,257.0,,,,766.217,417.98800000000006,702.946,448.369,,,
945,20147162,256,2.7067058823529413,right,fixation,,216.0,787.7889384615379,611.560876923078,,,,,6.0,197.0361877692574,347.99666651585864
946,20147182,12,,left,fixation,259.0,,706.3610000000001,466.89325,,,,,0.0,,
947,20147198,36,,left,saccade,258.0,,,,702.055,466.00199999999995,738.304,491.339,,,
948,20147238,24,2.7126666666666672,left,fixation,260.0,,748.880428571429,507.767428571429,,,,,1.0,153.20536398690842,9.281005387349
949,20147266,32,,left,saccade,259.0,,,,747.585,511.282,752.997,524.451,,,
950,20147314,8,2.681,left,fixation,261.0,,753.0783333333328,518.4673333333329,,,,,0.0,,
951,20147326,4,,left,saccade,260.0,,,,753.1189999999997,497.207,753.1189999999997,497.207,,,
952,20147334,12,2.6919999999999997,left,fixation,262.0,,769.133,480.44375,,,,,0.0,,
953,20147350,32,,left,saccade,261.0,,,,774.034,474.824,776.513,501.39599999999996,,,
954,20147394,296,2.7192750576036877,left,fixation,263.0,,823.45672,527.187813333333,,,,,12.0,183.56686726914882,435.0183108158844
955,20147422,16,,right,saccade,,216.0,,,815.668,602.4490000000002,826.046,683.337,,,
956,20147442,20,2.6689999999999996,right,fixation,,217.0,830.634333333333,683.74,,,,,0.0,,
957,20147466,0,,right,saccade,,217.0,,,834.5980000000003,677.334,834.5980000000003,677.334,,,
958,20147470,4,2.673,right,fixation,,218.0,417.29900000000004,336.721,,,,,0.0,,
959,20147478,4,,right,saccade,,218.0,,,834.5980000000003,649.528,834.5980000000003,649.528,,,
960,20147498,12,,right,saccade,,219.0,,,0.0,0.0,841.773,649.528,,,
961,20147514,108,2.7328873456790124,right,fixation,,219.0,851.3490357142848,655.844928571429,,,,,4.0,226.30939564468602,17.709058174951593
962,20147626,0,,right,saccade,,220.0,,,828.926,658.08,828.926,658.08,,,
963,20147630,116,2.726044573234984,right,fixation,,220.0,839.1126,657.0691,,,,,1.0,11.091235371028596,46.11383212226029
964,20147694,32,,left,saccade,262.0,,,,820.951,529.3430000000002,834.8539999999997,532.47,,,
965,20147750,32,,right,saccade,,221.0,,,858.355,654.7180000000002,853.538,678.534,,,
966,20147790,4,,left,fixation,264.0,,834.39,532.47,,,,,0.0,,
967,20147798,32,,left,saccade,263.0,,,,833.926,532.47,842.803,542.944,,,
968,20147830,60,,right,fixation,,221.0,829.9075625,669.2915,,,,,2.0,89.46357365852388,543.3449973363183
969,20147858,104,,left,fixation,265.0,,827.380259259259,513.1046666666671,,,,,1.0,163.89648711347928,967.3115143039496
970,20147894,24,,right,saccade,,222.0,,,793.65,645.4019999999998,799.41,616.378,,,
971,20147958,4,,right,fixation,,222.0,800.8495,644.009,,,,,0.0,,
972,20147966,0,,left,saccade,264.0,,,,791.237,473.07300000000004,791.237,473.07300000000004,,,
973,20147970,20,2.6829589041095887,left,fixation,266.0,,789.768333333333,483.043,,,,,0.0,,
974,20147994,0,,left,saccade,265.0,,,,782.199,498.07800000000003,782.199,498.07800000000003,,,
975,20147994,16,,right,saccade,,223.0,,,0.0,0.0,783.475,685.625,,,
976,20147998,76,2.7254736842105256,left,fixation,267.0,,802.37415,540.5642,,,,,1.0,7.5987625783559425,26.201871230887374
977,20148014,60,2.7345333333333333,right,fixation,,223.0,793.160125,694.037875,,,,,2.0,6.9198934055240855,18.511351465972524
978,20148078,0,,left,saccade,266.0,,,,807.002,542.614,807.002,542.614,,,
979,20148078,24,,right,saccade,,224.0,,,794.293,681.794,805.921,674.7660000000002,,,
980,20148082,116,2.6735603448275858,left,fixation,268.0,,789.259533333333,533.7549,,,,,3.0,264.8046148142621,348.2295572582273
981,20148114,228,2.68118255222208,right,fixation,,224.0,797.213534482759,669.464793103449,,,,,4.0,178.26383773546132,308.81913838948486
982,20148202,0,,left,saccade,267.0,,,,764.4,504.616,764.4,504.616,,,
983,20148206,244,2.6753364051270387,left,fixation,269.0,,775.918387096774,488.422435483871,,,,,6.0,62.92209234963533,180.92694114001503
984,20148346,4,,right,saccade,,225.0,,,788.368,663.197,784.4810000000001,673.867,,,
985,20148354,0,,right,fixation,,225.0,781.5830000000003,688.325,,,,,0.0,,
986,20148358,0,,right,saccade,,226.0,,,779.492,692.8480000000003,779.492,692.8480000000003,,,
987,20148362,224,2.6839910714285717,right,fixation,,226.0,791.2908421052631,704.593929824561,,,,,5.0,78.58088171091967,28.63116207530356
988,20148454,4,,left,saccade,268.0,,,,776.692,462.24199999999996,776.692,462.24199999999996,,,
989,20148462,140,2.711914285714286,left,fixation,270.0,,756.043361111111,438.397027777778,,,,,3.0,20.11388821493063,35.110394885815076
990,20148590,16,,right,saccade,,227.0,,,828.523,672.225,645.15,642.9,,,
991,20148606,0,,left,saccade,269.0,,,,749.182,430.043,749.182,430.043,,,
992,20148610,12,2.659666666666667,right,fixation,,227.0,737.742,646.0325,,,,,0.0,,
993,20148610,32,2.657541666666667,left,fixation,271.0,,745.927888888889,421.249222222222,,,,,1.0,286.31038393988706,27.412663132209477
994,20148626,0,,right,saccade,,228.0,,,645.15,649.086,645.15,649.086,,,
995,20148630,4,2.6510000000000002,right,fixation,,228.0,737.742,649.165,,,,,0.0,,
996,20148638,52,,right,saccade,,229.0,,,830.334,649.244,551.812,602.702,,,
997,20148646,56,,left,saccade,270.0,,,,741.448,427.341,555.726,696.3610000000001,,,
998,20148694,204,2.818294117647058,right,fixation,,229.0,531.554711538462,576.205826923077,,,,,0.0,,
999,20148826,132,2.842121212121212,left,fixation,272.0,,559.423088235294,688.867470588236,,,,,6.0,173.8139730309647,590.7634004058203
1000,20148902,8,,right,saccade,,230.0,,,521.269,586.146,518.885,598.639,,,
1001,20148914,68,2.8278823529411765,right,fixation,,230.0,519.370777777778,616.478444444444,,,,,0.0,,
1002,20148962,32,,left,saccade,271.0,,,,567.428,698.1439999999999,516.286,558.531,,,
1003,20148986,0,,right,saccade,,231.0,,,546.17,627.56,546.17,627.56,,,
1004,20148990,0,,right,fixation,,231.0,546.17,630.595,,,,,0.0,,
1005,20148994,0,,right,saccade,,232.0,,,563.852,631.369,563.852,631.369,,,
1006,20148998,1036,2.7281155136268342,right,fixation,,232.0,673.202846153845,606.460753846154,,,,,22.0,43.271474940265186,109.38009945732406
1007,20149130,56,2.8000714285714285,left,fixation,273.0,,513.717733333333,553.692533333333,,,,,0.0,,
1008,20149190,32,,left,saccade,272.0,,,,482.361,546.28,618.38,645.622,,,
1009,20149254,12,2.736,left,fixation,274.0,,617.2485,647.1015,,,,,0.0,,
1010,20149270,16,,left,saccade,273.0,,,,618.38,645.622,540.813,624.3330000000002,,,
1011,20149290,36,2.7795555555555564,left,fixation,275.0,,518.8834,615.8373,,,,,1.0,22.774417655684534,9.460248041145574
1012,20149330,4,,left,saccade,274.0,,,,507.092,584.936,507.092,581.802,,,
1013,20149338,0,,left,fixation,276.0,,507.092,558.592,,,,,0.0,,
1014,20149342,12,,left,saccade,275.0,,,,507.092,549.911,512.175,507.95300000000003,,,
1015,20149358,8,2.7380138364779882,left,fixation,277.0,,517.6626666666671,506.3863333333329,,,,,0.0,,
1016,20149370,0,,left,saccade,276.0,,,,540.6080000000002,498.55,540.6080000000002,498.55,,,
1017,20149374,0,,left,fixation,278.0,,551.482,498.55,,,,,0.0,,
1018,20149378,0,,left,saccade,277.0,,,,559.945,498.55,559.945,498.55,,,
1019,20149382,12,2.7325,left,fixation,279.0,,570.86725,494.3815,,,,,0.0,,
1020,20149398,12,,left,saccade,278.0,,,,586.285,478.92199999999997,637.175,500.027,,,
1021,20149414,116,2.735293103448276,left,fixation,280.0,,593.074566666667,528.9907,,,,,6.0,118.05124913562186,561.1682293327948
1022,20149534,16,,left,saccade,279.0,,,,575.732,521.266,593.422,473.466,,,
1023,20149554,144,2.721294444444444,left,fixation,281.0,,573.154297297297,472.37351351351305,,,,,2.0,134.2174077653859,47.024667760364935
1024,20149702,16,,left,saccade,280.0,,,,618.995,495.189,673.887,502.55199999999996,,,
1025,20149722,312,2.688876865671642,left,fixation,282.0,,666.448911392405,509.916582278481,,,,,9.0,98.79049708051501,301.8920598304002
1026,20150038,12,,left,saccade,281.0,,,,705.457,520.589,658.752,516.9830000000002,,,
1027,20150038,16,,right,saccade,,233.0,,,687.9830000000003,574.559,686.5169999999998,649.7080000000002,,,
1028,20150054,12,2.6069999999999998,left,fixation,283.0,,649.67025,506.70375,,,,,0.0,,
1029,20150058,48,2.62425,right,fixation,,233.0,689.425923076923,664.864384615385,,,,,0.0,,
1030,20150070,32,,left,saccade,282.0,,,,639.6759999999998,503.861,629.547,508.0,,,
1031,20150110,12,,right,saccade,,234.0,,,692.669,650.628,695.638,601.393,,,
1032,20150122,120,2.6491666666666664,left,fixation,284.0,,647.454935483871,543.243129032258,,,,,4.0,112.22880669663247,241.88162288552917
1033,20150126,124,2.6482258064516127,right,fixation,,234.0,697.11421875,615.8941875,,,,,3.0,14.847125206800255,44.76353584253591
1034,20150246,36,,left,saccade,283.0,,,,680.7180000000002,536.28,447.61699999999996,582.3480000000002,,,
1035,20150254,20,,right,saccade,,235.0,,,697.554,585.621,552.51,581.659,,,
1036,20150278,476,2.7342016806722684,right,fixation,,235.0,593.4135,582.09855,,,,,6.0,53.6459817728663,167.10513554419373
1037,20150330,8,2.736,left,fixation,285.0,,448.303333333333,594.6593333333329,,,,,0.0,,
1038,20150342,40,,left,saccade,284.0,,,,447.61699999999996,596.268,512.247,564.69,,,
1039,20150442,44,2.6982727272727267,left,fixation,286.0,,512.108666666667,564.64075,,,,,1.0,9.800209851778146,35.12199346563351
1040,20150490,32,,left,saccade,285.0,,,,496.286,565.607,499.73,600.905,,,
1041,20150566,64,2.7504375,left,fixation,287.0,,510.722352941176,582.7084705882351,,,,,1.0,17.157345259716376,60.43618932394735
1042,20150634,36,,left,saccade,286.0,,,,520.857,539.4159999999998,522.979,519.625,,,
1043,20150702,12,2.732333333333333,left,fixation,288.0,,523.3495,528.622,,,,,0.0,,
1044,20150718,4,,left,saccade,287.0,,,,515.404,546.311,514.591,550.977,,,
1045,20150726,12,2.76,left,fixation,289.0,,498.30800000000005,569.62375,,,,,0.0,,
1046,20150742,36,,left,saccade,288.0,,,,488.18,565.606,489.954,702.123,,,
1047,20150758,24,,right,saccade,,236.0,,,616.76,588.248,503.838,569.181,,,
1048,20150786,480,2.7848083333333333,right,fixation,,236.0,485.14003305785104,572.418380165289,,,,,4.0,8.597996538687736,23.55821555276644
1049,20150794,40,2.7476,left,fixation,290.0,,522.924,712.5288181818179,,,,,1.0,155.15540298484257,899.4331449440808
1050,20150838,32,,left,saccade,289.0,,,,535.716,712.052,518.622,748.926,,,
1051,20151158,104,2.797,left,fixation,291.0,,539.858111111111,768.499407407407,,,,,3.0,211.68055862206643,334.1451605240718
1052,20151266,44,,left,saccade,290.0,,,,536.494,767.659,293.559,725.7669999999997,,,
1053,20151270,16,,right,saccade,,237.0,,,490.538,584.434,408.347,584.258,,,
1054,20151290,356,2.7920887049083376,right,fixation,,237.0,402.746733333333,625.7106444444439,,,,,2.0,8.265580124818094,23.828125306339857
1055,20151314,336,2.7903647058823533,left,fixation,292.0,,267.473741176471,732.9324941176469,,,,,8.0,86.83549832766916,318.51180920420836
1056,20151650,16,,right,saccade,,238.0,,,416.55300000000005,616.531,481.55699999999996,603.388,,,
1057,20151654,48,,left,saccade,291.0,,,,264.157,715.668,516.175,722.054,,,
1058,20151670,1256,2.7550562525211784,right,fixation,,238.0,551.763685714286,611.40326031746,,,,,8.0,12.840707845677722,32.90213142415166
1059,20151826,16,2.817125,left,fixation,293.0,,516.43,725.4348,,,,,0.0,,
1060,20151846,24,,left,saccade,292.0,,,,519.536,726.28,522.071,737.581,,,
1061,20151958,8,2.839,left,fixation,294.0,,348.047333333333,494.1086666666671,,,,,0.0,,
1062,20151970,4,,left,saccade,293.0,,,,0.0,0.0,522.071,747.078,,,
1063,20152874,12,2.714,left,fixation,295.0,,152.3295,174.26525,,,,,0.0,,
1064,20152926,16,,left,saccade,294.0,,,,0.0,0.0,593.706,510.406,,,
1065,20152930,4,,right,saccade,,239.0,,,615.82,612.15,626.342,605.746,,,
1066,20152938,304,2.701,right,fixation,,239.0,644.854,581.186558441558,,,,,5.0,10.049302342929831,26.37149171079754
1067,20152946,20,2.6756666666666664,left,fixation,296.0,,588.133166666667,516.4801666666671,,,,,0.0,,
1068,20152970,32,,left,saccade,295.0,,,,574.66,517.8240000000002,550.769,520.803,,,
1069,20153034,20,2.6298,left,fixation,297.0,,540.846333333333,527.728666666667,,,,,0.0,,
1070,20153058,44,,left,saccade,296.0,,,,536.873,535.276,590.503,552.312,,,
1071,20153246,16,,right,saccade,,240.0,,,667.596,554.446,597.776,547.672,,,
1072,20153266,20,2.7,right,fixation,,240.0,585.239,545.487,,,,,0.0,,
1073,20153290,16,,right,saccade,,241.0,,,605.123,547.696,651.596,570.656,,,
1074,20153310,44,2.746363636363637,right,fixation,,241.0,662.5239999999999,598.582416666667,,,,,2.0,24.095216818695636,76.58580752351277
1075,20153354,56,2.647142857142857,left,fixation,298.0,,589.882,543.1224,,,,,3.0,14.474384551421215,31.213180335792913
1076,20153358,16,,right,saccade,,242.0,,,657.5930000000002,601.7869999999998,578.6519999999998,587.565,,,
1077,20153378,12,2.627333333333333,right,fixation,,242.0,585.97125,581.15675,,,,,0.0,,
1078,20153394,8,,right,saccade,,243.0,,,586.933,582.5269999999998,627.904,589.253,,,
1079,20153406,96,2.662541666666667,right,fixation,,243.0,651.058,602.15344,,,,,4.0,9.626783760510564,30.60960361580977
1080,20153414,32,,left,saccade,297.0,,,,555.52,519.3480000000002,529.753,433.36800000000005,,,
1081,20153506,8,,right,saccade,,244.0,,,630.5409999999998,581.265,612.116,579.896,,,
1082,20153518,268,2.644776119402985,right,fixation,,244.0,616.43055882353,546.632279411765,,,,,8.0,19.3423538715607,52.46009205252346
1083,20153686,0,,left,fixation,299.0,,529.753,433.36800000000005,,,,,0.0,,
1084,20153690,32,,left,saccade,298.0,,,,503.16900000000004,409.75800000000004,476.19,534.038,,,
1085,20153790,4,,right,saccade,,245.0,,,609.268,531.998,609.268,534.4830000000002,,,
1086,20153798,320,2.715575,right,fixation,,245.0,545.470320987655,558.798469135803,,,,,4.0,10.674381804887108,21.661128637492823
1087,20153846,0,,left,fixation,300.0,,469.27099999999996,509.504,,,,,0.0,,
1088,20153850,36,,left,saccade,299.0,,,,469.27099999999996,509.504,477.844,589.705,,,
1089,20153914,40,2.6729000000000003,left,fixation,301.0,,480.244,606.092272727273,,,,,2.0,71.44713716697245,394.4990089280312
1090,20153958,32,,left,saccade,300.0,,,,480.471,609.66,491.70300000000003,569.605,,,
1091,20154122,4,,right,saccade,,246.0,,,546.0,603.465,547.4490000000002,616.19,,,
1092,20154130,148,2.7244217703349283,left,fixation,302.0,,491.390921052632,598.9283947368419,,,,,5.0,131.07464747444507,473.18021018345337
1093,20154130,1164,2.7632568174231458,right,fixation,,246.0,523.734082191781,603.637232876713,,,,,5.0,62.60945104704424,185.8488091203341
1094,20154282,24,,left,saccade,301.0,,,,521.943,575.906,545.214,639.825,,,
1095,20154358,0,,left,fixation,303.0,,545.214,634.212,,,,,0.0,,
1096,20154362,0,,left,saccade,302.0,,,,551.979,634.212,551.979,634.212,,,
1097,20154366,24,2.764208333333333,left,fixation,304.0,,580.702571428571,648.934,,,,,0.0,,
1098,20154394,32,,left,saccade,303.0,,,,583.8340000000002,650.273,573.769,684.7560000000002,,,
1099,20154446,76,2.781421052631579,left,fixation,305.0,,568.1339,692.58185,,,,,3.0,105.84310955054674,325.47076683729813
1100,20154526,12,,left,saccade,304.0,,,,563.106,683.702,500.09,680.6289999999998,,,
1101,20154542,4,2.7560000000000002,left,fixation,306.0,,495.667,676.8539999999998,,,,,0.0,,
1102,20154550,32,,left,saccade,305.0,,,,493.01099999999997,676.8539999999998,543.2769999999998,717.865,,,
1103,20154602,48,2.777333333333333,left,fixation,307.0,,550.529692307692,719.32,,,,,0.0,,
1104,20154654,20,,left,saccade,306.0,,,,548.951,691.6139999999997,447.034,665.3580000000002,,,
1105,20154678,4,2.7465,left,fixation,308.0,,441.916,659.235,,,,,0.0,,
1106,20154686,16,,left,saccade,307.0,,,,441.916,652.92,506.164,652.92,,,
1107,20154706,8,2.776375,left,fixation,309.0,,506.164,655.540666666667,,,,,0.0,,
1108,20154718,52,,left,saccade,308.0,,,,501.255,655.9730000000002,451.379,634.423,,,
1109,20154790,188,2.7411379310344826,left,fixation,310.0,,415.9052916666671,606.300208333333,,,,,1.0,19.447359862230925,39.44014954332698
1110,20154982,32,,left,saccade,309.0,,,,440.54400000000004,600.755,491.283,644.854,,,
1111,20155066,8,2.7680000000000002,left,fixation,311.0,,492.9,645.529,,,,,0.0,,
1112,20155078,24,,left,saccade,310.0,,,,491.283,644.854,501.764,665.668,,,
1113,20155122,4,2.7680000000000002,left,fixation,312.0,,501.764,665.6895,,,,,0.0,,
1114,20155206,0,,left,fixation,313.0,,512.203,659.5,,,,,0.0,,
1115,20155210,4,,left,saccade,311.0,,,,512.203,659.5,520.6519999999998,671.965,,,
1116,20155218,4,2.778,left,fixation,314.0,,516.137,659.5,,,,,0.0,,
1117,20155230,52,2.801128146453089,left,fixation,315.0,,532.075571428571,680.927071428571,,,,,2.0,147.3169876391761,440.589282659785
1118,20155286,24,,left,saccade,312.0,,,,539.891,687.4989999999997,336.608,749.076,,,
1119,20155298,16,,right,saccade,,247.0,,,496.593,631.089,424.50300000000004,636.299,,,
1120,20155314,256,2.8239642857142853,left,fixation,316.0,,330.641769230769,739.451969230769,,,,,3.0,92.27799198599723,279.5206764158912
1121,20155318,740,2.8125695792880263,right,fixation,,247.0,396.800435483871,621.199478494624,,,,,1.0,12.261909267682965,40.21910006452157
1122,20155574,12,,left,saccade,313.0,,,,319.95599999999996,726.62,273.43,724.55,,,
1123,20155590,260,2.808753846153846,left,fixation,317.0,,258.571621212121,719.1842424242419,,,,,4.0,158.7046232568375,382.66246848216315
1124,20155854,0,,left,saccade,314.0,,,,283.753,691.5930000000003,283.753,691.5930000000003,,,
1125,20155858,140,2.799512195121951,left,fixation,318.0,,340.87094444444404,703.390583333334,,,,,0.0,,
1126,20156002,44,,left,saccade,315.0,,,,323.327,707.577,0.0,0.0,,,
1127,20156062,52,,right,saccade,,248.0,,,383.25800000000004,637.831,674.898,675.576,,,
1128,20156178,20,,right,fixation,,248.0,672.5139999999999,668.5733333333329,,,,,0.0,,
1129,20156202,16,,right,saccade,,249.0,,,680.8,661.975,810.623,665.062,,,
1130,20156218,24,,left,saccade,316.0,,,,0.0,0.0,774.367,440.379,,,
1131,20156222,112,2.705099529440364,right,fixation,,249.0,811.843551724138,710.911172413793,,,,,1.0,155.97511922641522,45.79513088746438
1132,20156246,0,,left,fixation,319.0,,774.367,440.379,,,,,0.0,,
1133,20156250,0,,left,saccade,317.0,,,,780.627,458.89,780.627,458.89,,,
1134,20156254,4,,left,fixation,320.0,,773.878,413.1725,,,,,0.0,,
1135,20156262,4,,left,saccade,318.0,,,,780.627,448.1,780.627,448.1,,,
1136,20156270,0,,left,fixation,321.0,,773.3889999999999,367.455,,,,,0.0,,
1137,20156274,4,,left,saccade,319.0,,,,735.961,362.67,773.3889999999999,367.455,,,
1138,20156282,4,2.721,left,fixation,322.0,,754.675,367.455,,,,,0.0,,
1139,20156290,0,,left,saccade,320.0,,,,773.3889999999999,390.20099999999996,773.3889999999999,390.20099999999996,,,
1140,20156294,0,,left,fixation,323.0,,740.122,390.20099999999996,,,,,0.0,,
1141,20156298,16,,left,saccade,321.0,,,,727.584,373.288,759.242,452.939,,,
1142,20156318,32,2.8037772277227724,left,fixation,324.0,,752.612111111111,450.993777777778,,,,,1.0,25.249535199242352,135.0538311933431
1143,20156338,44,,right,saccade,,250.0,,,814.818,729.545,813.08,652.732,,,
1144,20156354,0,,left,saccade,322.0,,,,717.8580000000003,453.848,717.8580000000003,453.848,,,
1145,20156358,48,2.6944615384615385,left,fixation,325.0,,695.524615384615,469.85,,,,,1.0,27.65296601582229,33.36454300601163
1146,20156410,8,,left,saccade,323.0,,,,701.0260000000003,520.633,715.2389999999997,533.268,,,
1147,20156422,84,2.771095238095238,right,fixation,,250.0,802.071227272727,677.937954545455,,,,,3.0,176.6268175789283,26.75576996082461
1148,20156422,160,2.754175,left,fixation,326.0,,753.8875365853661,551.546658536585,,,,,2.0,15.796401644573493,13.806446309291847
1149,20156510,32,,right,saccade,,251.0,,,796.99,681.2610000000002,820.8330000000003,750.4860000000001,,,
1150,20156566,64,2.675009631260319,right,fixation,,251.0,809.3061764705881,753.807705882353,,,,,1.0,10.213639029367679,31.73712275868753
1151,20156586,12,,left,saccade,324.0,,,,756.721,530.1419999999998,766.2539999999997,491.994,,,
1152,20156602,128,2.6527251983665296,left,fixation,327.0,,785.426545454546,477.529787878788,,,,,3.0,117.10865285649902,36.56568288478469
1153,20156634,32,,right,saccade,,252.0,,,794.947,741.7260000000001,796.569,744.112,,,
1154,20156730,4,2.63575,right,fixation,,252.0,796.569,744.112,,,,,0.0,,
1155,20156734,16,,left,saccade,325.0,,,,758.4060000000003,438.32199999999995,615.069,444.616,,,
1156,20156738,28,,right,saccade,,253.0,,,792.699,744.112,725.4910000000001,667.2810000000002,,,
1157,20156754,64,2.6713125,left,fixation,328.0,,650.140529411765,460.812176470588,,,,,2.0,141.5391507156643,39.25449923894078
1158,20156770,156,2.703528205128205,right,fixation,,253.0,730.55275,644.520325,,,,,2.0,11.13947452558722,36.60485889404869
1159,20156822,4,,left,saccade,326.0,,,,674.414,463.152,673.049,462.885,,,
1160,20156830,8,2.732666666666667,left,fixation,329.0,,223.72666666666697,154.384,,,,,0.0,,
1161,20156842,4,,left,saccade,327.0,,,,671.18,463.152,671.18,478.588,,,
1162,20156850,16,2.714625,left,fixation,330.0,,676.8818,478.6204,,,,,0.0,,
1163,20156870,44,,left,saccade,328.0,,,,679.605,476.449,666.8439999999998,389.043,,,
1164,20156918,20,2.69266,left,fixation,331.0,,666.017333333333,394.231666666667,,,,,0.0,,
1165,20156930,40,,right,saccade,,254.0,,,752.732,625.119,807.347,667.12,,,
1166,20156942,16,,left,saccade,329.0,,,,670.577,370.654,764.2769999999997,466.676,,,
1167,20156962,32,2.70521875,left,fixation,332.0,,764.685444444444,492.529666666667,,,,,1.0,6.869017795305392,17.686515767668862
1168,20156982,36,2.69966049382716,right,fixation,,254.0,811.8621,668.7676,,,,,1.0,24.825533936296743,70.10026265999298
1169,20156998,12,,left,saccade,330.0,,,,753.1560000000003,489.885,757.659,452.65,,,
1170,20157014,284,2.659406392694064,left,fixation,333.0,,782.451777777778,480.43155555555495,,,,,7.0,116.51224992526396,410.82584386928767
1171,20157022,16,,right,saccade,,255.0,,,805.918,668.6510000000002,800.321,744.926,,,
1172,20157042,16,2.6625,right,fixation,,255.0,815.5112,749.6762,,,,,0.0,,
1173,20157062,4,,right,saccade,,256.0,,,831.09,748.4860000000001,831.09,744.926,,,
1174,20157070,0,,right,fixation,,256.0,831.09,708.602,,,,,0.0,,
1175,20157074,4,,right,saccade,,257.0,,,833.745,708.602,833.063,702.4010000000003,,,
1176,20157082,48,2.643708333333333,right,fixation,,257.0,825.467692307692,681.473076923077,,,,,2.0,183.77674547297082,539.0978996995711
1177,20157134,32,,right,saccade,,258.0,,,820.007,670.188,841.6030000000003,694.971,,,
1178,20157206,56,2.644357142857143,right,fixation,,258.0,861.132066666667,701.314933333333,,,,,2.0,193.50043175878938,607.5480685240084
1179,20157266,12,,right,saccade,,259.0,,,845.293,703.9689999999997,822.525,711.278,,,
1180,20157282,60,2.6952136752136755,right,fixation,,259.0,795.6931875,738.30525,,,,,2.0,367.5595941094468,568.3622711101048
1181,20157302,0,,left,saccade,331.0,,,,805.743,481.717,805.743,481.717,,,
1182,20157306,152,2.676766081871345,left,fixation,334.0,,800.286666666667,496.339025641026,,,,,3.0,114.38609195592664,333.45359410174666
1183,20157346,8,,right,saccade,,260.0,,,791.87,743.3639999999997,793.331,705.298,,,
1184,20157358,8,2.69725,right,fixation,,260.0,531.259333333333,464.5436666666671,,,,,0.0,,
1185,20157370,0,,right,saccade,,261.0,,,800.191,704.6310000000003,800.191,704.6310000000003,,,
1186,20157374,140,2.6787714285714284,right,fixation,,261.0,801.6540555555548,711.809666666667,,,,,5.0,112.80738316343529,244.35346185982934
1187,20157462,28,,left,saccade,332.0,,,,797.431,490.009,749.201,417.145,,,
1188,20157494,20,2.70355,left,fixation,335.0,,749.2056666666672,406.6921666666671,,,,,0.0,,
1189,20157518,16,,right,saccade,,262.0,,,773.071,702.7719999999997,706.367,569.5269999999998,,,
1190,20157518,28,,left,saccade,333.0,,,,744.1310000000003,390.76,546.679,489.163,,,
1191,20157538,72,2.701055555555555,right,fixation,,262.0,696.7256315789481,580.4019999999998,,,,,1.0,164.48030537456788,6.86309973699914
1192,20157550,0,,left,fixation,336.0,,546.679,489.163,,,,,0.0,,
1193,20157554,4,,left,saccade,334.0,,,,559.616,490.145,561.1669999999998,490.145,,,
1194,20157562,4,2.6925,left,fixation,337.0,,594.956,501.652,,,,,0.0,,
1195,20157570,32,,left,saccade,335.0,,,,561.1669999999998,501.652,616.188,497.92400000000004,,,
1196,20157614,12,,right,saccade,,263.0,,,683.188,594.8430000000002,685.076,646.951,,,
1197,20157630,68,2.6998382352941173,right,fixation,,263.0,699.6784444444438,649.9933888888893,,,,,1.0,7.368734860506559,24.926208095095447
1198,20157674,196,2.7259025923016496,left,fixation,338.0,,659.18102,528.36192,,,,,3.0,14.155997980964305,28.85998301014021
1199,20157702,0,,right,saccade,,264.0,,,717.3330000000003,621.184,717.3330000000003,621.184,,,
1200,20157706,48,2.6942942583732057,right,fixation,,264.0,705.921384615385,595.029076923077,,,,,2.0,155.28187734270276,481.47456638073197
1201,20157758,0,,right,saccade,,265.0,,,691.564,623.575,691.564,623.575,,,
1202,20157762,76,2.7622631578947368,right,fixation,,265.0,691.53985,636.93325,,,,,1.0,160.17066675546084,21.07780882824398
1203,20157842,12,,right,saccade,,266.0,,,690.706,629.008,690.706,688.753,,,
1204,20157858,16,2.75625,right,fixation,,266.0,689.9386,678.9608,,,,,0.0,,
1205,20157874,44,,left,saccade,336.0,,,,679.3739999999998,571.732,1533.2979999999998,514.082,,,
1206,20157878,48,,right,saccade,,267.0,,,688.055,665.32,1572.876,678.678,,,
1207,20157922,764,2.7357818696883847,left,fixation,339.0,,1554.6360208333301,550.354864583333,,,,,1.0,7.924429465968572,10.369666002335574
1208,20157930,140,2.7603658536585365,right,fixation,,267.0,1616.0875277777802,665.288777777778,,,,,0.0,,
1209,20158074,8,,right,saccade,,268.0,,,1636.704,640.396,1639.674,621.182,,,
1210,20158086,604,2.7320427631578945,right,fixation,,268.0,1642.01247368421,632.725690789474,,,,,1.0,6.014497681528432,17.300544066589453
1211,20158690,20,,left,saccade,337.0,,,,1538.3629999999994,577.01,1586.602,681.1339999999999,,,
1212,20158694,16,,right,saccade,,269.0,,,1636.095,681.863,1624.682,815.557,,,
1213,20158714,392,2.7246224489795923,left,fixation,340.0,,1596.59893939394,719.701111111111,,,,,0.0,,
1214,20158714,764,2.7060994764397908,right,fixation,,269.0,1620.97620833333,832.551260416667,,,,,5.0,6.447836252895655,23.111618308003212
1215,20159110,4,,left,saccade,338.0,,,,1567.9379999999999,715.0980000000003,1567.536,703.567,,,
1216,20159118,360,2.685161111111111,left,fixation,341.0,,1567.35093406594,674.765098901099,,,,,1.0,11.076672786887674,25.62983051055925
1217,20159482,48,,left,saccade,339.0,,,,1555.1029999999994,674.715,352.39300000000014,836.46,,,
1218,20159482,64,,right,saccade,,270.0,,,1615.058,846.727,357.912,693.332,,,
1219,20159534,12,2.7585,left,fixation,342.0,,369.37325,832.03175,,,,,0.0,,
1220,20159550,0,,left,saccade,340.0,,,,352.39300000000014,813.8960000000003,352.39300000000014,813.8960000000003,,,
1221,20159550,256,2.8298161764705885,right,fixation,,270.0,336.036092307692,729.787646153846,,,,,1.0,8.432622400864176,23.401628704002682
1222,20159554,252,2.8302213930348263,left,fixation,343.0,,286.129484375,785.39084375,,,,,3.0,96.33149809126071,301.93743854094885
