,starttime,duration,meanPupilDiameter,eye,eventType,eventIdxLeft,eventIdxRight,meanX,meanY,startSaccadeX,startSaccadeY,endSaccadeX,endSaccadeY,microsaccadeCount,microsaccadeAmplitude,microsaccadePeakVelocity
0,842398,364,3.738252717391304,left,fixation,1.0,,708.3134891304352,614.245206521739,,,,,0.0,,
1,842398,368,3.737233870967741,right,fixation,,1.0,711.6327204301068,592.324397849462,,,,,2.0,7.589629848809082,13.750052742207453
2,842766,44,,left,saccade,1.0,,,,708.202,646.49,495.885,310.15,,,
3,842770,36,,right,saccade,,1.0,,,711.548,583.289,525.445,331.349,,,
4,842810,104,3.672115384615385,right,fixation,,2.0,481.99237037037005,294.19537037037014,,,,,1.0,6.87252305480958,42.52802460731041
5,842814,100,3.6733,left,fixation,2.0,,501.29726923076896,298.118730769231,,,,,0.0,,
6,842918,16,,right,saccade,,2.0,,,473.94300000000004,274.38599999999997,472.839,207.282,,,
7,842918,20,,left,saccade,2.0,,,,506.184,288.42,495.583,200.188,,,
8,842938,600,3.6960900000000003,right,fixation,,3.0,461.5184834437089,204.317125827815,,,,,2.0,7.452058918496724,26.638626800537782
9,842942,596,3.6962315436241604,left,fixation,3.0,,474.186706666667,192.13585333333302,,,,,4.0,6.067221486605295,24.0604931817444
10,843542,36,,right,saccade,,3.0,,,439.721,218.49599999999998,941.325,77.255,,,
11,843542,44,,left,saccade,3.0,,,,446.57,193.507,946.185,66.666,,,
12,843582,312,3.7283910256410255,right,fixation,,4.0,967.4027594936708,65.287417721519,,,,,2.0,7.319457316559807,25.851160323753827
13,843590,304,3.7285460526315792,left,fixation,4.0,,965.4211428571421,63.1962727272727,,,,,2.0,4.6285652143119975,15.614176062905418
14,843898,36,,left,saccade,4.0,,,,946.165,64.02600000000001,462.615,176.419,,,
15,843898,44,,right,saccade,,4.0,,,949.316,66.02199999999999,460.153,174.447,,,
16,843938,140,3.730219742019025,left,fixation,5.0,,428.00952777777803,183.17997222222198,,,,,2.0,7.1248335444390225,18.91708318242602
17,843946,144,3.7273186350756617,right,fixation,,5.0,430.343972972973,190.686783783784,,,,,1.0,7.820283322872648,15.168046841963598
18,844082,44,,left,saccade,5.0,,,,421.49199999999996,182.24099999999999,410.62199999999996,137.118,,,
19,844094,48,,right,saccade,,5.0,,,424.79699999999997,188.19400000000002,470.565,169.054,,,
20,844238,112,3.593,left,fixation,6.0,,461.955206896552,148.83672413793101,,,,,3.0,5.801684236298892,21.738328879849806
21,844238,112,3.593,right,fixation,,6.0,477.3190344827591,168.588551724138,,,,,1.0,7.137858381740125,20.677438187551196
22,844354,48,,left,saccade,6.0,,,,492.92699999999996,174.709,1349.621,91.897,,,
23,844354,56,,right,saccade,,6.0,,,482.276,191.382,1341.8970000000004,132.145,,,
24,844406,476,3.9058095238095243,left,fixation,7.0,,1413.491875,88.742975,,,,,4.0,11.52184800774231,35.15032741939365
25,844414,480,3.908443243243243,right,fixation,,7.0,1407.6353553719,88.8975702479339,,,,,1.0,9.41381442497017,30.506465314749065
26,844886,40,,left,saccade,7.0,,,,1435.503,103.065,365.045,169.495,,,
27,844898,40,,right,saccade,,7.0,,,1425.596,81.398,441.12800000000004,139.782,,,
28,845042,16,,left,fixation,8.0,,375.2228,169.3322,,,,,0.0,,
29,845046,44,,right,fixation,,8.0,463.519,127.983833333333,,,,,1.0,10.660688264731217,37.96823563190683
30,845062,12,,left,saccade,8.0,,,,383.28,168.07,416.654,137.72799999999998,,,
31,845078,160,3.8924525041412985,left,fixation,9.0,,460.527682926829,161.515195121951,,,,,2.0,7.007533278814219,16.12290786832078
32,845094,4,,right,saccade,,8.0,,,471.061,137.196,471.061,150.42600000000004,,,
33,845102,136,3.8924525041412985,right,fixation,,9.0,466.83448571428596,188.78048571428602,,,,,0.0,,
34,845242,44,,left,saccade,9.0,,,,466.522,169.69299999999996,464.244,846.115,,,
35,845242,44,,right,saccade,,9.0,,,476.285,173.157,455.8,844.613,,,
36,845290,164,3.950463414634146,left,fixation,10.0,,463.696476190476,907.0323809523801,,,,,1.0,14.080877080676158,47.3020008562006
37,845290,176,3.9532954545454544,right,fixation,,10.0,472.25651111111085,903.6964222222219,,,,,1.0,22.82996574923212,62.31776103969072
38,845458,20,,left,saccade,10.0,,,,463.27099999999996,927.085,376.76800000000003,907.572,,,
39,845470,12,,right,saccade,,10.0,,,456.381,904.6030000000001,418.458,878.168,,,
40,845482,192,3.987916666666667,left,fixation,11.0,,374.7771224489799,892.893693877551,,,,,1.0,3.3992850637221563,6.8706026664332756
41,845486,184,3.9880326086956517,right,fixation,,11.0,406.062085106383,876.506319148936,,,,,0.0,,
42,845674,28,,right,saccade,,11.0,,,402.269,879.534,618.941,917.627,,,
43,845678,24,,left,saccade,11.0,,,,395.60400000000004,886.4810000000001,607.563,898.279,,,
44,845706,224,3.958125,left,fixation,12.0,,622.02847368421,916.026578947368,,,,,1.0,3.579983899715516,6.745921508585807
45,845706,224,3.958125,right,fixation,,12.0,633.140666666666,924.954421052632,,,,,1.0,4.004959148078542,11.098385107753312
46,845934,36,,right,saccade,,12.0,,,646.0219999999998,928.204,1070.764,928.988,,,
47,845934,40,,left,saccade,12.0,,,,622.244,907.951,1044.8239999999996,904.7560000000001,,,
48,845974,136,3.9569558823529416,right,fixation,,13.0,1091.4942571428599,923.9747428571428,,,,,1.0,8.548141398053213,22.337075950088163
49,845978,136,3.9555588235294135,left,fixation,13.0,,1063.9578857142901,904.876428571429,,,,,1.0,5.1801640471664,17.858067140650906
50,846114,32,,right,saccade,,13.0,,,1089.73,901.1610000000001,1466.895,900.065,,,
51,846118,32,,left,saccade,13.0,,,,1068.934,920.8,1466.316,868.378,,,
52,846150,180,3.882111111111111,right,fixation,,14.0,1496.6653043478302,868.2702173913043,,,,,1.0,14.993935908485744,57.88091699342697
53,846154,172,3.8817906976744174,left,fixation,14.0,,1493.8203636363598,864.7489090909088,,,,,2.0,6.035244529206586,17.533734250583358
54,846330,60,,left,saccade,14.0,,,,1488.54,846.3839999999999,450.13300000000004,237.983,,,
55,846334,60,,right,saccade,,14.0,,,1491.651,857.584,468.16900000000004,250.27,,,
56,846394,312,3.986637470115192,left,fixation,15.0,,413.261430379747,176.721164556962,,,,,1.0,7.836596217604804,23.874642154386304
57,846398,312,3.9878305647840535,right,fixation,,15.0,424.486367088608,199.533227848101,,,,,1.0,10.042890608673279,28.222991708888678
58,846710,44,,left,saccade,15.0,,,,395.901,163.078,408.205,142.259,,,
59,846714,44,,right,saccade,,15.0,,,427.30800000000005,191.67700000000002,470.25300000000004,148.115,,,
60,846870,0,,left,fixation,16.0,,415.676,142.259,,,,,0.0,,
61,846874,0,,left,saccade,16.0,,,,427.434,142.259,427.434,142.259,,,
62,846874,572,4.061560298302424,right,fixation,,16.0,478.480458333333,212.291569444445,,,,,2.0,8.826875637306658,32.156072315986854
63,846878,576,4.060550998745537,left,fixation,17.0,,469.99642758620695,184.708420689655,,,,,3.0,6.386248881129505,21.73493083654669
64,847450,20,,right,saccade,,16.0,,,430.603,220.317,514.398,213.926,,,
65,847458,12,,left,saccade,17.0,,,,472.6,230.808,514.818,214.68200000000002,,,
66,847474,508,3.880397637795277,right,fixation,,17.0,514.0294765625,219.801859375,,,,,1.0,6.921256457063584,20.608889465471
67,847474,512,3.87986328125,left,fixation,18.0,,517.7568139534882,187.42144186046505,,,,,1.0,3.4961264795643667,7.4192113462280975
68,847986,20,,right,saccade,,17.0,,,495.439,238.554,618.197,235.532,,,
69,847990,20,,left,saccade,18.0,,,,528.409,215.145,619.161,211.671,,,
70,848010,368,3.792641304347826,right,fixation,,18.0,627.038602150538,214.03777419354802,,,,,0.0,,
71,848014,364,3.792417582417584,left,fixation,19.0,,630.798652173913,191.367967391304,,,,,0.0,,
72,848382,20,,left,saccade,19.0,,,,629.495,207.792,556.3290000000002,201.69799999999998,,,
73,848382,20,,right,saccade,,18.0,,,624.629,197.99599999999998,512.604,201.56,,,
74,848406,208,3.804346153846154,left,fixation,20.0,,546.4243962264151,186.15362264150903,,,,,0.0,,
75,848406,212,3.8043962264150935,right,fixation,,19.0,520.224444444444,212.04342592592602,,,,,0.0,,
76,848618,16,,left,saccade,20.0,,,,551.3430000000002,202.06,474.225,199.593,,,
77,848622,4,,right,saccade,,19.0,,,522.366,212.64,511.16900000000004,212.64,,,
78,848630,0,,right,fixation,,20.0,487.793,212.64,,,,,0.0,,
79,848634,0,,right,saccade,,20.0,,,473.017,212.64,473.017,212.64,,,
80,848638,140,3.791138888888889,left,fixation,21.0,,466.790416666667,203.29905555555598,,,,,0.0,,
81,848638,140,3.791138888888889,right,fixation,,21.0,465.35575,236.40130555555598,,,,,0.0,,
82,848782,24,,right,saccade,,21.0,,,458.44800000000004,241.91299999999998,656.47,219.915,,,
83,848782,28,,left,saccade,21.0,,,,465.18,191.671,677.748,189.611,,,
84,848810,544,3.748547794117647,right,fixation,,22.0,718.286430656935,213.413240875912,,,,,2.0,9.928019069774061,20.524896541704198
85,848814,536,3.7484701492537313,left,fixation,22.0,,725.873725925926,185.755422222222,,,,,2.0,8.136568128832687,22.98490966375823
86,849354,20,,left,saccade,22.0,,,,731.732,196.644,648.399,201.65099999999998,,,
87,849358,16,,right,saccade,,22.0,,,720.6239999999997,206.00799999999998,652.0830000000002,213.203,,,
88,849378,320,3.7286875,left,fixation,23.0,,637.350962962964,196.321506172839,,,,,0.0,,
89,849378,320,3.7286875,right,fixation,,23.0,637.929641975309,216.896160493827,,,,,0.0,,
90,849702,20,,right,saccade,,23.0,,,649.98,224.84099999999998,765.6560000000003,224.68599999999998,,,
91,849702,24,,left,saccade,23.0,,,,624.631,199.899,794.183,183.68200000000002,,,
92,849726,600,3.75944,right,fixation,,24.0,813.654139072848,197.69058278145698,,,,,3.0,7.5969811163687195,23.329743835234233
93,849730,592,3.7592331081081087,left,fixation,24.0,,811.753637583893,177.22232885906,,,,,2.0,9.753568347188057,35.59021381939128
94,850326,28,,left,saccade,24.0,,,,805.5110000000003,164.452,554.79,198.24900000000002,,,
95,850330,24,,right,saccade,,24.0,,,797.8939999999999,171.704,539.4490000000002,199.37599999999998,,,
96,850358,264,3.799333333333333,left,fixation,25.0,,545.003537313433,210.804059701493,,,,,0.0,,
97,850358,264,3.799333333333333,right,fixation,,25.0,531.658940298508,230.264970149254,,,,,0.0,,
98,850626,20,,left,saccade,25.0,,,,550.432,225.15400000000002,462.342,214.203,,,
99,850626,20,,right,saccade,,25.0,,,534.284,216.642,449.579,213.66400000000002,,,
100,850650,268,3.860410447761194,right,fixation,,26.0,438.279205882353,207.471985294118,,,,,0.0,,
101,850650,272,3.8605735294117647,left,fixation,26.0,,443.298376811594,185.65301449275398,,,,,0.0,,
102,850922,28,,right,saccade,,26.0,,,437.436,204.396,701.785,200.28599999999997,,,
103,850926,28,,left,saccade,26.0,,,,435.039,188.77900000000002,688.6189999999997,178.271,,,
104,850954,420,3.829614285714285,right,fixation,,27.0,734.6189056603772,219.365358490566,,,,,2.0,7.189380851873152,20.473295409286468
105,850958,416,3.829331730769231,left,fixation,27.0,,735.008438095238,179.63578095238097,,,,,2.0,7.4895831236215775,23.44062304167365
106,851378,24,,left,saccade,27.0,,,,745.704,158.52200000000005,527.393,174.428,,,
107,851378,28,,right,saccade,,27.0,,,750.578,234.628,513.9680000000002,237.908,,,
108,851406,308,3.834435064935065,left,fixation,28.0,,527.3853846153839,198.932602564103,,,,,0.0,,
109,851410,304,3.8343223684210535,right,fixation,,28.0,510.15366233766196,238.29338961039002,,,,,0.0,,
110,851718,20,,left,saccade,28.0,,,,529.34,216.792,628.548,182.36599999999999,,,
111,851718,20,,right,saccade,,28.0,,,517.425,240.013,617.506,232.99599999999998,,,
112,851742,516,3.8056923076923077,left,fixation,29.0,,629.235615384615,178.67873076923095,,,,,1.0,8.273984034644709,18.319431350344907
113,851742,1060,3.78743984962406,right,fixation,,29.0,558.645642857143,222.14414661654098,,,,,3.0,12.078591052100096,36.19215856980495
114,852262,16,,left,saccade,29.0,,,,610.41,137.517,555.621,150.17600000000004,,,
115,852282,520,3.769592307692308,left,fixation,30.0,,509.842687022901,187.55203053435105,,,,,1.0,8.566827697902863,47.421177125836884
116,852806,20,,left,saccade,30.0,,,,495.785,207.65900000000002,641.1619999999998,173.97,,,
117,852806,20,,right,saccade,,29.0,,,476.469,218.085,637.173,216.815,,,
118,852830,260,3.7477538461538464,left,fixation,31.0,,667.759712121212,191.496378787879,,,,,1.0,8.012156141000847,20.60739478924977
119,852830,432,3.749111111111111,right,fixation,,30.0,638.433678899082,201.61725688073398,,,,,0.0,,
120,853094,4,,left,saccade,31.0,,,,653.249,196.18200000000002,648.9830000000002,186.24599999999998,,,
121,853102,160,3.7519125,left,fixation,32.0,,645.735731707317,182.651926829268,,,,,0.0,,
122,853266,20,,left,saccade,32.0,,,,645.501,191.55200000000002,746.3530000000003,188.8,,,
123,853266,20,,right,saccade,,30.0,,,627.778,219.791,723.37,219.812,,,
124,853290,260,3.7124692307692304,left,fixation,33.0,,761.390666666667,185.308287878788,,,,,0.0,,
125,853290,268,3.71194776119403,right,fixation,,31.0,745.858647058823,209.027970588235,,,,,0.0,,
126,853554,16,,left,saccade,33.0,,,,772.7489999999997,194.77599999999998,831.693,197.6,,,
127,853562,12,,right,saccade,,31.0,,,767.112,195.375,808.7660000000003,206.813,,,
128,853574,212,3.689707547169811,left,fixation,34.0,,849.947111111111,199.925537037037,,,,,0.0,,
129,853578,212,3.689660377358492,right,fixation,,32.0,826.1615,218.065740740741,,,,,0.0,,
130,853790,28,,left,saccade,34.0,,,,847.934,203.72,575.644,207.614,,,
131,853794,28,,right,saccade,,32.0,,,827.433,208.69099999999997,562.156,237.47400000000002,,,
132,853822,228,3.7430000000000003,left,fixation,35.0,,559.349396551724,206.953189655172,,,,,1.0,3.4003648497052663,5.821000773063136
133,853826,228,3.743298245614035,right,fixation,,33.0,531.448,222.23867241379293,,,,,1.0,5.280431939929013,13.219992813916411
134,854054,20,,left,saccade,35.0,,,,546.339,187.542,626.065,186.25400000000002,,,
135,854058,12,,right,saccade,,33.0,,,538.764,222.774,587.2669999999998,223.642,,,
136,854074,288,3.735208333333333,right,fixation,,34.0,614.374260273972,216.066328767123,,,,,0.0,,
137,854078,284,3.7351408450704224,left,fixation,36.0,,635.894930555556,187.80022222222198,,,,,0.0,,
138,854366,20,,left,saccade,36.0,,,,632.075,197.71,741.135,200.365,,,
139,854366,20,,right,saccade,,34.0,,,611.631,210.166,712.4839999999997,211.364,,,
140,854390,264,3.709856060606061,left,fixation,37.0,,758.0330447761189,192.998402985075,,,,,0.0,,
141,854390,268,3.7096865671641774,right,fixation,,35.0,729.0878823529407,219.107352941176,,,,,0.0,,
142,854658,24,,left,saccade,37.0,,,,763.3539999999997,202.653,637.758,206.331,,,
143,854662,20,,right,saccade,,35.0,,,737.441,222.528,651.045,221.796,,,
144,854686,400,3.7345,left,fixation,38.0,,635.1435940594059,176.978712871287,,,,,0.0,,
145,854686,400,3.7345,right,fixation,,36.0,630.261,213.393712871287,,,,,0.0,,
146,855090,20,,left,saccade,38.0,,,,638.54,187.988,540.018,201.916,,,
147,855090,20,,right,saccade,,36.0,,,629.566,205.602,525.994,219.294,,,
148,855114,216,3.7993888888888883,left,fixation,39.0,,523.841127272727,182.27014545454497,,,,,0.0,,
149,855114,404,3.804593333333334,right,fixation,,37.0,480.62586274509806,216.022627450981,,,,,1.0,16.727621749336887,40.84336778474567
150,855334,16,,left,saccade,39.0,,,,521.621,183.40599999999998,465.077,180.56599999999997,,,
151,855354,164,3.82,left,fixation,40.0,,455.95973809523804,183.46509523809502,,,,,1.0,8.343590242748562,16.426876331183582
152,855522,40,,left,saccade,40.0,,,,459.19800000000004,193.71400000000003,437.156,177.283,,,
153,855522,56,,right,saccade,,37.0,,,431.352,220.75599999999997,479.88599999999997,148.018,,,
154,855678,4,,left,fixation,41.0,,437.156,177.283,,,,,0.0,,
155,855686,8,,left,saccade,41.0,,,,437.156,169.081,441.404,133.391,,,
156,855698,160,3.72252,left,fixation,42.0,,496.692195121951,160.474414634146,,,,,1.0,7.283463128134105,67.29687555897374
157,855722,132,3.720211034482759,right,fixation,,38.0,484.6878823529409,174.248088235294,,,,,1.0,8.286933707818452,50.45858029116554
158,855858,24,,right,saccade,,38.0,,,485.798,221.426,713.3969999999997,206.12099999999998,,,
159,855862,24,,left,saccade,42.0,,,,516.005,177.729,738.5010000000003,172.845,,,
160,855886,420,3.815271428571428,right,fixation,,39.0,734.2230000000003,199.97816981132092,,,,,2.0,6.744081370612552,19.565254740938705
161,855890,416,3.8156730769230767,left,fixation,43.0,,755.4207809523807,168.585228571429,,,,,1.0,6.445175736764496,24.925705927816768
162,856310,24,,left,saccade,43.0,,,,771.53,185.199,568.842,186.22099999999998,,,
163,856310,24,,right,saccade,,39.0,,,755.795,217.136,557.932,212.553,,,
164,856338,207,3.791558823529411,left,fixation,44.0,,553.042396226415,183.861679245283,,,,,0.0,,
165,856338,211,3.7910480769230768,right,fixation,,40.0,528.918537037037,220.310259259259,,,,,0.0,,
166,856549,16,,left,saccade,44.0,,,,555.434,218.785,491.895,218.785,,,
167,856553,16,,right,saccade,,40.0,,,517.268,245.22,461.005,239.75,,,
168,856569,313,3.767632911392405,left,fixation,45.0,,457.476924050633,181.764607594937,,,,,1.0,5.343251842277323,11.263533459798515
169,856574,308,3.7677207792207796,right,fixation,,41.0,450.113858974359,224.047051282051,,,,,0.0,,
170,856886,24,,right,saccade,,41.0,,,445.755,213.52700000000002,697.43,200.899,,,
171,856886,28,,left,saccade,45.0,,,,444.789,169.40400000000002,699.3739999999997,172.668,,,
172,856914,567,3.720393617021277,right,fixation,,42.0,724.60416083916,205.48913286713292,,,,,1.0,7.696181876243679,26.664343175859376
173,856918,563,3.720025,left,fixation,46.0,,732.520683098591,186.803591549296,,,,,2.0,6.369198810361687,17.75405203844366
174,857485,20,,left,saccade,46.0,,,,727.217,182.16299999999998,826.938,185.30900000000003,,,
175,857485,20,,right,saccade,,42.0,,,723.444,215.662,829.0980000000003,216.31400000000002,,,
176,857509,188,3.7171914893617015,left,fixation,47.0,,835.142979166666,170.284125,,,,,0.0,,
177,857509,188,3.7171914893617015,right,fixation,,43.0,829.480541666666,197.416875,,,,,0.0,,
178,857701,24,,left,saccade,47.0,,,,835.815,170.217,579.974,185.80900000000003,,,
179,857701,28,,right,saccade,,43.0,,,828.643,194.43599999999998,566.432,201.787,,,
180,857729,220,3.707127272727272,left,fixation,48.0,,563.347214285714,194.409089285714,,,,,0.0,,
181,857733,208,3.7063365384615374,right,fixation,,44.0,547.480886792453,232.573867924528,,,,,0.0,,
182,857945,20,,right,saccade,,44.0,,,534.401,222.28400000000002,635.409,222.28400000000002,,,
183,857953,16,,left,saccade,48.0,,,,552.191,166.255,615.344,166.255,,,
184,857969,300,3.6984800000000004,right,fixation,,45.0,633.638684210526,229.449421052631,,,,,0.0,,
185,857973,292,3.698047945205479,left,fixation,49.0,,642.856878378379,193.800851351351,,,,,0.0,,
186,858269,20,,left,saccade,49.0,,,,645.437,195.65400000000002,545.0169999999998,202.422,,,
187,858273,20,,right,saccade,,45.0,,,629.071,226.924,508.465,225.78799999999998,,,
188,858293,352,3.7209375,left,fixation,50.0,,526.442505617977,190.41559550561797,,,,,0.0,,
189,858297,348,3.7211034482758616,right,fixation,,46.0,501.2870454545449,209.993170454546,,,,,1.0,3.9804751426319913,7.861062014766209
190,858649,20,,left,saccade,50.0,,,,527.1990000000002,183.204,622.205,162.53,,,
191,858649,20,,right,saccade,,46.0,,,505.045,212.729,615.993,208.44,,,
192,858673,488,3.7122254098360656,right,fixation,,47.0,624.753113821138,210.08387804878,,,,,0.0,,
193,858673,492,3.7122317073170734,left,fixation,51.0,,638.919604838709,187.679129032258,,,,,0.0,,
194,859165,20,,right,saccade,,47.0,,,621.44,211.326,691.5980000000003,209.48,,,
195,859169,16,,left,saccade,51.0,,,,645.092,204.834,715.753,204.87400000000002,,,
196,859189,464,3.7054008620689656,left,fixation,52.0,,735.173931623932,183.86935897435902,,,,,1.0,5.5780956776384665,21.237274589739677
197,859189,464,3.7054008620689656,right,fixation,,48.0,721.055829059829,210.233581196581,,,,,1.0,6.981097583634133,19.6365068685854
198,859657,16,,left,saccade,52.0,,,,748.91,173.794,811.7819999999997,167.611,,,
199,859657,16,,right,saccade,,48.0,,,742.566,190.13400000000001,812.6039999999997,189.65099999999998,,,
200,859677,448,3.7456607142857146,left,fixation,53.0,,834.2033008849561,179.846203539823,,,,,0.0,,
201,859677,452,3.7454955752212387,right,fixation,,49.0,824.574210526316,202.00017543859693,,,,,1.0,6.713086936888446,15.58078640505671
202,860129,28,,left,saccade,53.0,,,,846.716,197.708,555.265,223.519,,,
203,860133,28,,right,saccade,,49.0,,,826.5260000000003,214.68599999999998,535.992,220.957,,,
204,860161,292,3.776335616438357,left,fixation,54.0,,532.70872972973,191.442743243243,,,,,0.0,,
205,860165,284,3.7769154929577455,right,fixation,,50.0,529.376833333333,228.669027777778,,,,,0.0,,
206,860453,20,,right,saccade,,50.0,,,539.136,231.34400000000002,633.226,226.435,,,
207,860457,20,,left,saccade,54.0,,,,528.572,177.55900000000003,639.815,170.71,,,
208,860477,412,3.715791262135924,right,fixation,,51.0,639.137413461538,213.12877884615398,,,,,0.0,,
209,860481,408,3.7153284313725496,left,fixation,55.0,,644.406262135922,197.187757281553,,,,,0.0,,
210,860893,20,,left,saccade,55.0,,,,653.635,215.674,761.584,198.955,,,
211,860893,20,,right,saccade,,51.0,,,622.8380000000002,214.138,729.3439999999997,208.78799999999998,,,
212,860917,532,3.6927932330827065,left,fixation,56.0,,756.6410597014931,196.20540298507493,,,,,0.0,,
213,860917,708,3.695745762711865,right,fixation,,52.0,759.699943820225,214.810516853933,,,,,2.0,9.486030699255508,25.872006277417555
214,861453,12,,left,saccade,56.0,,,,755.834,200.676,811.135,196.373,,,
215,861469,156,3.7062820512820513,left,fixation,57.0,,824.211525,187.129175,,,,,0.0,,
216,861629,16,,left,saccade,57.0,,,,826.262,193.331,748.497,193.331,,,
217,861629,16,,right,saccade,,52.0,,,822.64,229.938,752.8789999999997,231.838,,,
218,861649,164,3.755048780487805,left,fixation,58.0,,743.008642857143,191.130714285714,,,,,0.0,,
219,861649,168,3.755619047619047,right,fixation,,53.0,734.3992093023261,220.504906976744,,,,,0.0,,
220,861817,24,,left,saccade,58.0,,,,743.273,191.451,544.09,213.72,,,
221,861821,24,,right,saccade,,53.0,,,733.576,222.579,518.349,227.407,,,
222,861845,376,3.799840425531914,left,fixation,59.0,,527.569852631579,205.333652631579,,,,,0.0,,
223,861849,372,3.7998978494623654,right,fixation,,54.0,517.843340425532,216.66261702127701,,,,,0.0,,
224,862225,20,,left,saccade,59.0,,,,520.781,190.018,619.741,184.02599999999998,,,
225,862225,20,,right,saccade,,54.0,,,530.304,210.428,617.873,210.537,,,
226,862249,368,3.8045815217391294,left,fixation,60.0,,640.13111827957,199.20206451612896,,,,,1.0,4.135398032703627,8.646814442325036
227,862249,368,3.8045815217391294,right,fixation,,55.0,632.302752688172,204.47156989247296,,,,,1.0,5.616370541155137,11.320841399825303
228,862621,20,,left,saccade,60.0,,,,646.3919999999998,186.829,470.05,193.546,,,
229,862621,24,,right,saccade,,55.0,,,624.126,202.606,468.145,210.56799999999998,,,
230,862645,328,3.844367469879518,left,fixation,61.0,,462.558855421687,184.563409638554,,,,,0.0,,
231,862649,324,3.8446036585365846,right,fixation,,56.0,451.667463414634,214.595085365854,,,,,0.0,,
232,862977,16,,left,saccade,61.0,,,,469.46,206.019,527.507,202.27900000000002,,,
233,862977,16,,right,saccade,,56.0,,,451.723,219.03900000000002,511.897,219.03900000000002,,,
234,862997,168,3.815743902439024,left,fixation,62.0,,546.880930232558,214.05030232558101,,,,,0.0,,
235,862997,168,3.815743902439024,right,fixation,,57.0,531.4294883720929,220.25083720930198,,,,,0.0,,
236,863169,24,,left,saccade,62.0,,,,542.805,208.21099999999998,753.765,190.648,,,
237,863169,24,,right,saccade,,57.0,,,524.9019999999998,216.301,746.076,210.889,,,
238,863197,228,3.7659035087719297,right,fixation,,58.0,760.194551724138,211.594913793103,,,,,1.0,8.320169335883625,12.769451828485133
239,863197,232,3.7658879310344826,left,fixation,63.0,,769.9420847457629,180.19506779661,,,,,1.0,4.273256246054572,8.81558874948237
240,863429,20,,right,saccade,,58.0,,,758.8580000000003,237.68599999999998,836.194,237.025,,,
241,863433,16,,left,saccade,63.0,,,,767.9810000000001,162.08700000000005,829.566,167.113,,,
242,863453,128,3.73465625,left,fixation,64.0,,842.4495454545447,198.744212121212,,,,,0.0,,
243,863453,132,3.7344393939393936,right,fixation,,59.0,844.6040882352942,237.611794117647,,,,,0.0,,
244,863585,24,,left,saccade,64.0,,,,841.3710000000003,203.41099999999997,639.227,199.792,,,
245,863589,24,,right,saccade,,59.0,,,843.414,232.649,639.496,228.40200000000002,,,
246,863613,160,3.7692375,left,fixation,65.0,,626.311024390244,181.441951219512,,,,,0.0,,
247,863617,156,3.77001282051282,right,fixation,,60.0,624.11055,202.732225,,,,,0.0,,
248,863777,16,,left,saccade,65.0,,,,612.555,177.764,557.861,197.13,,,
249,863777,16,,right,saccade,,60.0,,,606.539,190.084,548.192,198.291,,,
250,863797,172,3.775686046511628,right,fixation,,61.0,541.8399090909089,225.133590909091,,,,,0.0,,
251,863797,176,3.7755113636363635,left,fixation,66.0,,541.586577777778,207.480911111111,,,,,0.0,,
252,863973,20,,right,saccade,,61.0,,,540.9680000000002,235.954,620.011,227.45,,,
253,863977,16,,left,saccade,66.0,,,,537.855,198.93,617.808,188.28900000000002,,,
254,863997,564,3.7663591549295785,left,fixation,67.0,,637.481809859155,197.763816901408,,,,,2.0,5.550089755842535,12.687885938646625
255,863997,564,3.7663591549295785,right,fixation,,62.0,615.036880281691,209.584774647888,,,,,2.0,5.771105348587388,14.816039915577589
256,864565,44,,right,saccade,,62.0,,,635.229,229.398,1340.605,207.642,,,
257,864565,48,,left,saccade,67.0,,,,660.3739999999998,199.822,1372.767,148.895,,,
258,864613,996,3.642463855421687,right,fixation,,63.0,1401.922944,159.961028,,,,,1.0,8.418511827448437,10.350454531082203
259,864617,988,3.6421275303643723,left,fixation,68.0,,1409.57964516129,153.672532258064,,,,,1.0,4.453123513645026,10.779141431486817
260,865609,48,,left,saccade,68.0,,,,1416.9029999999998,166.28900000000004,665.706,186.15400000000002,,,
261,865613,48,,right,saccade,,63.0,,,1426.2679999999998,149.842,672.6010000000001,165.91099999999997,,,
262,865661,740,3.651112903225808,left,fixation,69.0,,640.97259139785,183.891521505376,,,,,4.0,5.937929030142042,14.465041440675618
263,865665,736,3.6512108108108112,right,fixation,,64.0,644.255297297297,209.269081081081,,,,,2.0,6.3100092932005545,16.837694475777052
264,866405,20,,left,saccade,69.0,,,,655.5939999999998,169.43,760.067,179.782,,,
265,866405,20,,right,saccade,,64.0,,,663.462,206.868,755.452,200.653,,,
266,866429,196,3.69230612244898,right,fixation,,65.0,751.0433400000003,198.78682,,,,,0.0,,
267,866429,200,3.6924300000000003,left,fixation,70.0,,771.914411764706,196.64494117647098,,,,,0.0,,
268,866629,20,,right,saccade,,65.0,,,749.438,200.201,818.171,200.273,,,
269,866633,16,,left,saccade,70.0,,,,775.097,211.051,838.084,203.687,,,
270,866653,184,3.6762555555555565,left,fixation,71.0,,848.002744680851,199.015659574468,,,,,0.0,,
271,866653,184,3.6762555555555565,right,fixation,,66.0,839.089106382979,224.637085106383,,,,,0.0,,
272,866841,20,,left,saccade,71.0,,,,849.457,215.25,671.801,214.56099999999998,,,
273,866841,24,,right,saccade,,66.0,,,845.2360000000001,249.514,658.178,226.93,,,
274,866865,172,3.697602272727273,left,fixation,72.0,,657.271886363636,209.81679545454497,,,,,0.0,,
275,866869,168,3.6977674418604667,right,fixation,,67.0,656.710093023256,216.325930232558,,,,,0.0,,
276,867041,24,,left,saccade,72.0,,,,648.6709999999998,204.648,484.59,300.926,,,
277,867041,28,,right,saccade,,67.0,,,652.985,238.62,472.68300000000005,332.25699999999995,,,
278,867069,336,3.6837620481927713,left,fixation,73.0,,448.4773294117649,309.312647058823,,,,,1.0,4.185014419860988,10.17811323379734
279,867073,336,3.683538575354049,right,fixation,,68.0,445.842352941177,338.488588235294,,,,,1.0,5.189483944585537,16.594493665068573
280,867409,48,,left,saccade,73.0,,,,425.745,314.556,361.91900000000004,253.019,,,
281,867413,40,,right,saccade,,68.0,,,426.605,337.602,406.58,313.32599999999996,,,
282,867537,340,3.6850899564645134,right,fixation,,69.0,410.604988372093,321.587069767442,,,,,1.0,7.250475465252069,26.751945069471148
283,867557,320,3.6850899564645134,left,fixation,74.0,,418.10413580246905,301.994703703704,,,,,2.0,7.5201458167237085,34.033689413499225
284,867881,12,,left,saccade,74.0,,,,427.556,301.45099999999996,479.978,301.399,,,
285,867881,16,,right,saccade,,69.0,,,418.098,339.6930000000001,475.476,342.13199999999995,,,
286,867897,228,3.663157894736842,left,fixation,75.0,,508.21755172413805,309.639189655172,,,,,0.0,,
287,867901,216,3.662749999999999,right,fixation,,70.0,486.636654545454,335.265145454545,,,,,0.0,,
288,868121,20,,right,saccade,,70.0,,,494.00699999999995,345.204,423.99699999999996,349.79699999999997,,,
289,868129,12,,left,saccade,75.0,,,,493.161,307.513,451.99,313.2870000000001,,,
290,868145,624,3.631759615384615,right,fixation,,71.0,419.703324840764,358.584140127389,,,,,0.0,,
291,868145,628,3.631837579617834,left,fixation,76.0,,441.29111392404997,328.064341772152,,,,,1.0,4.5027554187531695,13.89447231815589
292,868773,16,,right,saccade,,71.0,,,428.57300000000004,353.284,511.184,353.592,,,
293,868777,16,,left,saccade,76.0,,,,456.81199999999995,317.68,531.937,314.452,,,
294,868793,504,3.659678571428572,right,fixation,,72.0,511.215362204724,355.74337795275596,,,,,1.0,5.718282400433835,35.21871891480442
295,868797,496,3.659798387096774,left,fixation,77.0,,530.524888,310.99824,,,,,1.0,4.3090053537781605,9.34982866153167
296,869297,20,,left,saccade,77.0,,,,516.347,316.2940000000001,462.24199999999996,334.01099999999997,,,
297,869301,12,,right,saccade,,72.0,,,495.926,347.923,441.99800000000016,353.971,,,
298,869317,376,3.6840691489361697,right,fixation,,73.0,423.74789473684194,351.964852631579,,,,,0.0,,
299,869321,376,3.6843031914893616,left,fixation,78.0,,445.0566526315789,323.258115789474,,,,,0.0,,
300,869697,24,,right,saccade,,73.0,,,414.471,349.56,516.67,350.06199999999984,,,
301,869701,20,,left,saccade,78.0,,,,440.37699999999995,338.1790000000001,526.339,332.12199999999996,,,
302,869725,400,3.630835,left,fixation,79.0,,532.298495049505,315.59512871287103,,,,,1.0,3.304261028497038,8.173485486620711
303,869725,400,3.630835,right,fixation,,74.0,515.539871287129,351.704128712871,,,,,1.0,5.000327394836802,11.002902571594491
304,870129,20,,left,saccade,79.0,,,,526.503,320.617,628.313,322.033,,,
305,870129,20,,right,saccade,,74.0,,,521.023,352.025,613.001,347.968,,,
306,870153,1104,3.561920289855072,right,fixation,,75.0,621.736415162456,348.442837545127,,,,,1.0,4.9127007083680425,12.672625379138989
307,870153,1108,3.5619837545126347,left,fixation,80.0,,636.347863309353,320.316848920864,,,,,2.0,5.7184359355164895,21.18040366896512
308,871261,20,,right,saccade,,75.0,,,602.236,361.49199999999996,698.8760000000003,356.86400000000015,,,
309,871265,20,,left,saccade,80.0,,,,645.447,348.17,712.492,337.5780000000001,,,
310,871285,967,3.5912863070539425,right,fixation,,76.0,718.020456790123,352.20452263374494,,,,,1.0,6.487341867051567,31.769592269967905
311,871289,967,3.5912883817427392,left,fixation,81.0,,736.865757201645,304.679572016461,,,,,1.0,7.7114515026535555,23.49241396706611
312,872256,20,,right,saccade,,76.0,,,702.9730000000003,366.814,798.9739999999997,361.74800000000016,,,
313,872260,20,,left,saccade,81.0,,,,735.312,323.793,840.791,326.16,,,
314,872280,828,3.5667826086956524,right,fixation,,77.0,827.378730769231,344.583759615384,,,,,1.0,4.507408460277115,12.364766273569266
315,872284,824,3.5666844660194177,left,fixation,82.0,,849.382946859903,330.658101449275,,,,,0.0,,
316,873112,20,,left,saccade,82.0,,,,867.434,345.139,769.164,347.316,,,
317,873112,20,,right,saccade,,77.0,,,838.712,380.94199999999995,758.307,372.994,,,
318,873136,533,3.55069776119403,left,fixation,83.0,,750.3008805970151,329.915149253731,,,,,0.0,,
319,873136,533,3.55069776119403,right,fixation,,78.0,738.836910447762,360.523029850747,,,,,1.0,3.835961856055305,8.656312205552608
320,873673,20,,left,saccade,83.0,,,,750.1060000000001,317.649,661.1160000000001,318.289,,,
321,873673,20,,right,saccade,,78.0,,,737.0319999999997,352.483,655.7330000000002,362.025,,,
322,873697,291,3.557368055555555,left,fixation,84.0,,666.3725405405403,343.5585,,,,,0.0,,
323,873697,291,3.557368055555555,right,fixation,,79.0,652.682270270271,364.261797297297,,,,,0.0,,
324,873992,28,,right,saccade,,79.0,,,659.405,377.661,1043.704,355.648,,,
325,873992,36,,left,saccade,84.0,,,,670.939,341.98,1079.218,293.272,,,
326,874024,212,3.5263018867924525,right,fixation,,80.0,1074.84787037037,326.509259259259,,,,,1.0,5.178069036276408,8.226291995790088
327,874032,200,3.52564,left,fixation,85.0,,1098.2038823529401,307.515274509804,,,,,1.0,4.822506681638107,14.209002779927822
328,874236,36,,left,saccade,85.0,,,,1098.057,318.079,673.735,327.949,,,
329,874240,36,,right,saccade,,80.0,,,1070.768,337.639,666.903,343.916,,,
330,874276,232,3.561991379310344,left,fixation,86.0,,647.700271186441,330.28203389830503,,,,,1.0,5.489928822145371,22.422840141248802
331,874280,228,3.562543859649123,right,fixation,,81.0,631.735034482758,344.245,,,,,1.0,4.734231986288796,13.725762528908882
332,874512,20,,left,saccade,86.0,,,,645.0930000000002,337.983,542.515,335.7290000000001,,,
333,874512,20,,right,saccade,,81.0,,,621.461,345.93300000000005,515.6759999999998,360.162,,,
334,874536,268,3.6234402985074623,right,fixation,,82.0,510.6677794117649,366.099044117647,,,,,0.0,,
335,874536,272,3.623816176470588,left,fixation,87.0,,526.350260869565,336.996347826087,,,,,1.0,4.839813609817779,9.528285155262711
336,874808,16,,right,saccade,,82.0,,,513.886,364.491,444.824,363.421,,,
337,874812,8,,left,saccade,87.0,,,,507.6,351.51300000000015,474.13199999999995,345.452,,,
338,874824,136,3.6610011091393084,left,fixation,88.0,,440.865571428571,337.47242857142896,,,,,1.0,5.334153647851624,14.777170568143307
339,874828,136,3.6618901212658974,right,fixation,,83.0,440.5014571428569,356.719914285714,,,,,0.0,,
340,874964,44,,left,saccade,88.0,,,,434.11300000000006,336.81699999999995,425.92699999999996,352.337,,,
341,874968,40,,right,saccade,,83.0,,,437.595,351.00800000000015,478.629,299.17,,,
342,875132,16,,left,fixation,89.0,,426.2766,344.2856,,,,,0.0,,
343,875140,56,,right,fixation,,84.0,489.203866666667,277.164066666667,,,,,1.0,8.612691804024529,26.322876742483878
344,875152,0,,left,saccade,89.0,,,,425.871,322.426,425.871,322.426,,,
345,875156,117,3.6612946859903377,left,fixation,90.0,,463.2048666666671,319.00566666666697,,,,,2.0,7.499465642934156,29.36462378805551
346,875200,8,,right,saccade,,84.0,,,469.81,290.252,469.81,313.67,,,
347,875212,61,3.6612946859903377,right,fixation,,85.0,475.8455625,351.80925,,,,,0.0,,
348,875277,12,,left,saccade,90.0,,,,480.598,340.539,525.269,323.556,,,
349,875277,16,,right,saccade,,85.0,,,485.786,365.32800000000003,547.184,355.098,,,
350,875293,380,3.6913842105263153,left,fixation,91.0,,554.120083333333,324.20879166666697,,,,,0.0,,
351,875297,376,3.6919361702127658,right,fixation,,86.0,552.344063157895,353.98769473684195,,,,,0.0,,
352,875677,16,,right,saccade,,86.0,,,552.7719999999998,357.30400000000014,621.586,353.707,,,
353,875677,20,,left,saccade,91.0,,,,562.859,315.868,652.505,330.48199999999997,,,
354,875697,471,3.668876068376069,right,fixation,,87.0,636.967722689075,349.431201680672,,,,,0.0,,
355,875701,471,3.6687521367521367,left,fixation,92.0,,658.014226890756,334.03437815126,,,,,0.0,,
356,876172,20,,right,saccade,,87.0,,,653.9540000000002,352.467,747.3919999999997,359.17699999999996,,,
357,876176,20,,left,saccade,92.0,,,,666.9739999999998,351.213,771.1669999999997,324.853,,,
358,876196,368,3.6831644536874095,right,fixation,,88.0,750.6711505376338,356.9149784946241,,,,,0.0,,
359,876200,360,3.683388338476532,left,fixation,93.0,,771.4421648351649,334.492813186813,,,,,1.0,10.139976342291057,25.01496356183634
360,876564,40,,left,saccade,93.0,,,,750.445,310.059,748.727,302.63,,,
361,876568,44,,right,saccade,,88.0,,,739.7669999999997,351.389,804.3530000000003,283.147,,,
362,876708,388,3.7802268014614793,left,fixation,94.0,,819.1594081632651,331.916755102041,,,,,2.0,4.830427362963891,16.441277151622643
363,876744,20,,right,fixation,,89.0,801.4338333333328,290.072166666667,,,,,0.0,,
364,876768,8,,right,saccade,,89.0,,,798.768,312.824,792.9939999999997,332.343,,,
365,876780,316,3.78022680146148,right,fixation,,90.0,809.6670375,353.147625,,,,,1.0,6.697924073090778,16.907939732563474
366,877100,16,,left,saccade,94.0,,,,847.7080000000003,345.94800000000015,781.055,347.99699999999996,,,
367,877100,16,,right,saccade,,90.0,,,814.715,353.764,754.4889999999997,346.315,,,
368,877120,180,3.808166666666666,left,fixation,95.0,,765.489130434783,349.474065217391,,,,,0.0,,
369,877120,184,3.8084347826086953,right,fixation,,91.0,739.314468085106,346.769978723404,,,,,0.0,,
370,877304,28,,left,saccade,95.0,,,,765.3510000000001,349.837,492.825,345.87300000000016,,,
371,877308,28,,right,saccade,,91.0,,,740.485,350.205,484.157,337.7290000000001,,,
372,877336,2080,3.768625,left,fixation,96.0,,448.58822456813795,323.104783109405,,,,,3.0,9.664203354013763,37.482838985398466
373,877340,1048,3.816366412213741,right,fixation,,92.0,431.200041825095,346.73119771863196,,,,,3.0,5.523535596568126,15.939385672373874
374,878392,16,,right,saccade,,92.0,,,406.39599999999996,350.73800000000006,463.041,340.934,,,
375,878412,292,3.7644452054794515,right,fixation,,93.0,483.48400000000004,337.138405405405,,,,,0.0,,
376,878708,16,,right,saccade,,93.0,,,479.212,345.36,419.537,346.787,,,
377,878728,688,3.697828488372093,right,fixation,,94.0,421.101231213873,351.623023121387,,,,,1.0,4.306847264660206,12.932628039188295
378,879420,16,,right,saccade,,94.0,,,418.355,340.49300000000005,488.04400000000004,329.093,,,
379,879420,20,,left,saccade,96.0,,,,441.49699999999996,316.061,516.465,298.247,,,
380,879440,428,3.641214953271029,right,fixation,,95.0,512.056638888889,339.868861111111,,,,,0.0,,
381,879444,436,3.6409128440366976,left,fixation,97.0,,523.625,317.90135454545504,,,,,0.0,,
382,879872,16,,right,saccade,,95.0,,,509.64099999999996,333.3830000000001,444.647,336.858,,,
383,879884,0,,left,saccade,97.0,,,,478.385,323.335,478.385,323.335,,,
384,879888,840,3.661471563981043,left,fixation,98.0,,500.304018957346,319.40565876777197,,,,,2.0,10.242507135678249,49.51277590669014
385,879892,836,3.6615880952380953,right,fixation,,96.0,492.486252380952,337.3292,,,,,4.0,8.322268135884661,26.27189787156713
386,880732,20,,left,saccade,98.0,,,,544.901,307.311,444.32599999999996,308.615,,,
387,880732,20,,right,saccade,,96.0,,,537.8240000000002,334.365,446.24199999999996,334.522,,,
388,880756,336,3.688982142857143,right,fixation,,97.0,429.24199999999996,337.301776470588,,,,,1.0,4.090562325510874,9.276725984958327
389,880756,348,3.689195402298851,left,fixation,99.0,,439.440625,303.461704545454,,,,,0.0,,
390,881096,20,,right,saccade,,97.0,,,427.264,363.04,509.836,356.74699999999996,,,
391,881108,8,,left,saccade,99.0,,,,468.63800000000003,302.351,496.315,302.351,,,
392,881120,280,3.647543478260869,left,fixation,100.0,,517.420126760564,319.95216901408503,,,,,0.0,,
393,881120,556,3.635280575539568,right,fixation,,98.0,471.2209428571431,334.895528571429,,,,,2.0,7.998813099441858,25.541955072254186
394,881404,16,,left,saccade,100.0,,,,514.002,319.728,459.56800000000004,333.5490000000001,,,
395,881424,3704,3.639611111111111,left,fixation,101.0,,461.476215749731,320.465431499461,,,,,12.0,7.049111423836008,23.23471792658071
396,881680,20,,right,saccade,,98.0,,,408.223,318.79,468.85900000000004,323.673,,,
397,881704,3424,3.640997079439253,right,fixation,,99.0,449.993567094515,337.638670945157,,,,,6.0,9.098060338315095,32.94584680659177
398,885132,20,,left,saccade,101.0,,,,418.32300000000004,317.563,489.389,324.77,,,
399,885132,20,,right,saccade,,99.0,,,394.551,310.578,482.546,314.468,,,
400,885156,324,3.603765432098765,right,fixation,,100.0,495.74823170731696,333.044036585366,,,,,0.0,,
401,885156,1312,3.5983140243902443,left,fixation,102.0,,470.68700607902804,315.65069908814604,,,,,4.0,7.858264401318613,29.40874987240564
402,885484,12,,right,saccade,,100.0,,,488.584,322.64,435.287,323.433,,,
403,885500,972,3.5962736625514413,right,fixation,,101.0,444.784036885246,343.268696721312,,,,,2.0,9.168734308656896,33.53410491922855
404,886472,20,,left,saccade,102.0,,,,462.565,336.33,532.008,331.54,,,
405,886476,12,,right,saccade,,101.0,,,450.54900000000004,352.695,494.074,343.43199999999996,,,
406,886492,487,3.5565082644628103,right,fixation,,102.0,524.9508455284549,346.969138211382,,,,,0.0,,
407,886496,467,3.556,left,fixation,103.0,,529.483474576271,302.45511864406797,,,,,0.0,,
408,886967,16,,left,saccade,103.0,,,,513.21,299.127,575.576,300.969,,,
409,886983,0,,right,saccade,,102.0,,,555.165,320.472,555.165,320.472,,,
410,886987,540,3.554114814814815,left,fixation,104.0,,557.4202867647059,315.176551470588,,,,,1.0,8.704216929805408,45.939481930034894
411,886987,544,3.5540036764705887,right,fixation,,103.0,542.173503649635,334.311313868613,,,,,1.0,8.672520723206405,37.94928734508729
412,887531,20,,left,saccade,104.0,,,,547.457,342.101,480.837,331.435,,,
413,887535,16,,right,saccade,,103.0,,,516.967,330.522,452.139,338.3640000000001,,,
414,887555,156,3.523974358974359,right,fixation,,104.0,444.355975,351.829575,,,,,0.0,,
415,887555,160,3.52375,left,fixation,105.0,,461.453926829268,330.708634146341,,,,,0.0,,
416,887715,24,,right,saccade,,104.0,,,438.236,365.26,627.29,350.223,,,
417,887719,24,,left,saccade,105.0,,,,449.861,321.285,639.289,302.278,,,
418,887743,653,3.473868902439025,right,fixation,,105.0,625.0498963414631,337.561256097561,,,,,2.0,7.265770266647378,27.873759475745782
419,887747,649,3.4736380368098163,left,fixation,106.0,,639.975239263804,316.977306748466,,,,,2.0,6.203486368753983,20.218640498867167
420,888400,20,,left,saccade,106.0,,,,659.686,331.856,514.339,334.14099999999996,,,
421,888400,24,,right,saccade,,105.0,,,644.172,329.276,501.345,334.334,,,
422,888424,212,3.5156603773584907,left,fixation,107.0,,507.8383333333329,322.638592592593,,,,,0.0,,
423,888428,204,3.5159215686274505,right,fixation,,106.0,496.914692307692,345.0473269230771,,,,,1.0,5.4439841007196845,8.219831628445817
424,888636,16,,right,saccade,,106.0,,,490.583,337.983,437.538,339.32099999999997,,,
425,888640,8,,left,saccade,107.0,,,,498.096,332.504,459.916,338.039,,,
426,888652,292,3.5424041095890413,left,fixation,108.0,,430.30958108108086,331.703081081081,,,,,0.0,,
427,888656,288,3.5425069444444444,right,fixation,,107.0,419.64015068493103,358.72757534246597,,,,,0.0,,
428,888948,20,,left,saccade,108.0,,,,428.56800000000004,338.923,522.867,341.0130000000001,,,
429,888948,20,,right,saccade,,107.0,,,428.975,357.335,521.803,345.69699999999995,,,
430,888972,351,3.566517241379311,left,fixation,109.0,,545.946258426966,341.918438202248,,,,,0.0,,
431,888972,351,3.566517241379311,right,fixation,,108.0,532.456629213483,349.72544943820196,,,,,0.0,,
432,889327,16,,left,saccade,109.0,,,,552.986,345.42,625.513,336.42199999999997,,,
433,889327,20,,right,saccade,,108.0,,,518.732,344.87,628.533,338.49699999999996,,,
434,889347,293,3.585527027027027,left,fixation,110.0,,651.5053378378379,343.233202702703,,,,,0.0,,
435,889351,285,3.585305555555556,right,fixation,,109.0,631.511972222222,337.048638888889,,,,,0.0,,
436,889640,20,,right,saccade,,109.0,,,628.835,339.539,726.6189999999997,338.12199999999996,,,
437,889644,20,,left,saccade,110.0,,,,665.435,349.648,769.243,347.086,,,
438,889664,660,3.5454878787878785,right,fixation,,110.0,731.650186746987,340.327704819277,,,,,1.0,8.358129284647896,27.623697145747943
439,889668,656,3.545219512195122,left,fixation,111.0,,752.391672727273,332.306684848485,,,,,1.0,6.633172370325087,48.573765892712046
440,890328,20,,left,saccade,111.0,,,,723.821,310.192,818.665,310.8520000000001,,,
441,890328,20,,right,saccade,,110.0,,,715.794,330.978,827.314,333.0019999999999,,,
442,890352,1267,3.5297056962025324,left,fixation,112.0,,851.2407358490559,328.73420754717,,,,,2.0,5.409493421692861,15.443311407433846
443,890352,1271,3.5297744479495266,right,fixation,,111.0,840.694642633229,342.46607523511,,,,,1.0,7.9978826104163305,23.673102796211523
444,891623,24,,left,saccade,112.0,,,,879.528,340.5730000000001,730.091,342.79,,,
445,891627,20,,right,saccade,,111.0,,,869.1089999999997,358.49199999999996,721.658,359.103,,,
446,891651,232,3.532612068965517,right,fixation,,112.0,708.9482542372881,355.923338983051,,,,,0.0,,
447,891651,488,3.546795081967213,left,fixation,113.0,,684.894105691057,334.157130081301,,,,,2.0,10.968021749632422,28.643818312004107
448,891887,16,,right,saccade,,112.0,,,704.4,363.93,635.649,363.36,,,
449,891907,228,3.560666666666666,right,fixation,,113.0,645.0741551724141,350.14374137931,,,,,0.0,,
450,892139,24,,right,saccade,,113.0,,,642.052,342.42699999999996,522.1569999999998,343.4430000000001,,,
451,892143,20,,left,saccade,113.0,,,,641.855,328.731,541.748,331.439,,,
452,892167,176,3.6027159090909087,left,fixation,114.0,,518.016,328.528311111111,,,,,0.0,,
453,892167,1156,3.6301141868512112,right,fixation,,114.0,444.10507241379287,348.8810068965509,,,,,3.0,6.617117361747148,22.5394928667558
454,892347,16,,left,saccade,114.0,,,,519.197,316.596,459.955,328.043,,,
455,892367,956,3.6358242677824255,left,fixation,115.0,,451.197716666667,327.06377916666696,,,,,1.0,4.5489642532974335,21.02675633567861
456,893327,21,,right,saccade,,114.0,,,433.852,338.355,526.586,327.045,,,
457,893327,25,,left,saccade,115.0,,,,435.99199999999996,325.95099999999996,534.315,295.89599999999996,,,
458,893352,371,3.65495652173913,right,fixation,,115.0,533.3650957446811,346.700680851064,,,,,0.0,,
459,893356,375,3.655575268817204,left,fixation,116.0,,551.6669999999998,329.284168421053,,,,,1.0,9.2917428008839,28.42286744858796
460,893727,24,,right,saccade,,115.0,,,534.9630000000002,337.755,632.2,336.595,,,
461,893735,16,,left,saccade,116.0,,,,568.005,340.397,629.962,330.27099999999996,,,
462,893755,340,3.6444470588235296,left,fixation,117.0,,646.088930232558,330.617627906977,,,,,0.0,,
463,893755,340,3.6444470588235296,right,fixation,,116.0,638.124151162791,328.040779069768,,,,,0.0,,
464,894099,20,,left,saccade,117.0,,,,650.7230000000002,328.591,769.3530000000003,337.89,,,
465,894099,20,,right,saccade,,116.0,,,641.433,345.13800000000015,734.824,338.825,,,
466,894123,900,3.5575222222222216,left,fixation,118.0,,768.925862831858,326.23643362831797,,,,,0.0,,
467,894123,904,3.557311946902655,right,fixation,,117.0,748.5159603524229,342.645555066079,,,,,2.0,6.773970112777772,24.717996185577054
468,895027,16,,left,saccade,118.0,,,,773.7310000000001,308.1790000000001,832.138,300.9190000000001,,,
469,895031,4,,right,saccade,,117.0,,,779.944,360.23199999999997,798.342,360.57300000000004,,,
470,895039,1292,3.5357105263157886,right,fixation,,118.0,845.005206790123,343.596055555555,,,,,1.0,3.9860801268637234,9.004580612110797
471,895047,1280,3.5352375,left,fixation,119.0,,860.513906542057,329.914981308411,,,,,0.0,,
472,896331,20,,left,saccade,119.0,,,,880.405,333.695,717.513,331.33,,,
473,896335,20,,right,saccade,,118.0,,,840.4739999999997,339.167,690.365,353.94199999999995,,,
474,896355,652,3.8055335365853664,left,fixation,120.0,,764.3060670731709,349.19724390243897,,,,,2.0,7.995782539938878,22.50479180161296
475,896359,648,3.806122699386503,right,fixation,,119.0,721.14645398773,342.594325153374,,,,,2.0,9.106763416933175,27.53291470797722
476,897011,20,,left,saccade,120.0,,,,786.3860000000003,358.025,681.895,358.025,,,
477,897011,24,,right,saccade,,119.0,,,737.809,345.371,617.163,348.61400000000015,,,
478,897035,300,3.8019466666666655,left,fixation,121.0,,654.5738552631581,348.30814473684194,,,,,1.0,7.994653291419202,10.609835295611287
479,897039,296,3.801810810810811,right,fixation,,120.0,616.725706666666,357.0662,,,,,0.0,,
480,897339,24,,left,saccade,121.0,,,,659.725,367.45300000000003,853.451,359.525,,,
481,897339,24,,right,saccade,,120.0,,,614.427,367.75199999999995,803.315,356.87800000000016,,,
482,897367,944,3.723889830508473,left,fixation,122.0,,862.9927088607581,341.655299578059,,,,,1.0,12.353446564735606,44.691273622487
483,897367,944,3.723889830508473,right,fixation,,121.0,822.315877637131,343.447042194093,,,,,2.0,8.055440601593602,20.044798224810656
484,898315,40,,right,saccade,,121.0,,,794.2289999999997,317.967,1361.9170000000001,352.168,,,
485,898315,44,,left,saccade,122.0,,,,825.27,305.503,1410.0529999999999,336.125,,,
486,898359,156,3.590038461538462,right,fixation,,122.0,1414.9713,337.609825,,,,,1.0,8.584351823068667,18.10978036862974
487,898363,152,3.59003947368421,left,fixation,123.0,,1436.1937179487195,334.447794871795,,,,,0.0,,
488,898519,16,,right,saccade,,122.0,,,1426.355,339.735,1496.0629999999999,339.088,,,
489,898519,20,,left,saccade,123.0,,,,1442.1989999999994,331.39099999999996,1548.536,339.631,,,
490,898539,736,3.5939103260869563,right,fixation,,123.0,1514.3672864864902,289.680059459459,,,,,1.0,6.856770378813765,14.128165238274914
491,898543,732,3.5938606557377053,left,fixation,124.0,,1541.1689347826098,298.682695652174,,,,,1.0,3.777124861878727,14.639712155640176
492,899279,24,,left,saccade,124.0,,,,1538.5870000000002,313.205,1441.7679999999998,205.055,,,
493,899279,28,,right,saccade,,123.0,,,1506.819,305.405,1433.2120000000002,169.11900000000003,,,
494,899307,191,3.5947552083333334,left,fixation,125.0,,1437.3344489795902,195.29365306122398,,,,,0.0,,
495,899311,187,3.5948563829787235,right,fixation,,124.0,1439.75535416667,178.19114583333302,,,,,0.0,,
496,899502,20,,left,saccade,125.0,,,,1435.9089999999999,198.732,1519.444,266.151,,,
497,899502,20,,right,saccade,,124.0,,,1450.997,180.21200000000002,1486.3029999999999,275.131,,,
498,899526,197,3.645020000000001,left,fixation,126.0,,1533.6518199999994,279.50456,,,,,4.0,4.02137249411642,10.980602315418698
499,899526,201,3.645460784313726,right,fixation,,125.0,1506.2312941176501,273.02321568627497,,,,,0.0,,
500,899727,56,,left,saccade,126.0,,,,1545.8329999999999,302.283,600.029,405.801,,,
501,899731,56,,right,saccade,,125.0,,,1515.08,269.42,571.474,384.43300000000005,,,
502,899787,140,3.694928571428572,left,fixation,127.0,,570.9410833333329,416.909222222222,,,,,1.0,8.433504176464487,8.396857507424992
503,899791,140,3.6948428571428567,right,fixation,,126.0,549.643055555556,416.633388888889,,,,,0.0,,
504,899931,20,,left,saccade,127.0,,,,567.435,418.75300000000004,486.124,456.755,,,
505,899935,16,,right,saccade,,126.0,,,539.572,435.31199999999995,463.435,458.401,,,
506,899955,116,3.624725824175824,left,fixation,128.0,,471.2078,480.666966666667,,,,,0.0,,
507,899955,116,3.624725824175824,right,fixation,,127.0,443.7588,472.6240666666671,,,,,0.0,,
508,900075,44,,left,saccade,128.0,,,,452.07199999999995,478.616,444.066,458.06800000000004,,,
509,900075,52,,right,saccade,,127.0,,,452.62800000000004,470.91,447.67800000000005,426.56300000000016,,,
510,900227,24,,right,fixation,,128.0,447.842857142857,430.617571428571,,,,,1.0,12.452219374919126,21.186940317091533
511,900251,364,3.702007299270073,left,fixation,129.0,,450.639847826087,498.91808695652196,,,,,3.0,7.242549282479702,18.377371690813796
512,900255,12,,right,saccade,,128.0,,,449.10400000000004,445.024,451.085,489.60400000000004,,,
513,900271,340,3.702192592592592,right,fixation,,129.0,444.259686046512,499.11146511627885,,,,,1.0,4.901591501747167,14.941935952211779
514,900615,20,,right,saccade,,129.0,,,431.116,505.711,529.799,496.631,,,
515,900619,20,,left,saccade,129.0,,,,457.329,508.455,547.4209999999998,504.42400000000004,,,
516,900639,244,3.668368852459017,right,fixation,,130.0,545.767274193548,485.849596774194,,,,,0.0,,
517,900643,240,3.6677666666666666,left,fixation,130.0,,556.401852459016,501.861950819672,,,,,3.0,10.58136167319388,31.07844624868825
518,900887,20,,right,saccade,,130.0,,,543.594,492.833,654.02,484.84,,,
519,900887,24,,left,saccade,130.0,,,,552.424,495.36199999999997,669.1610000000003,488.401,,,
520,900911,316,3.62746835443038,right,fixation,,131.0,666.8068,478.1188375,,,,,0.0,,
521,900915,312,3.627435897435897,left,fixation,131.0,,684.00546835443,486.543835443038,,,,,0.0,,
522,901231,24,,left,saccade,131.0,,,,684.925,510.281,455.504,507.537,,,
523,901231,24,,right,saccade,,131.0,,,658.7560000000002,467.57300000000004,462.954,478.39599999999996,,,
524,901259,1468,3.576600817438692,left,fixation,132.0,,438.734241847826,478.484747282609,,,,,2.0,6.1903239231194105,16.747920827013832
525,901259,1472,3.5765760869565213,right,fixation,,132.0,430.4679376693769,481.774864498645,,,,,1.0,4.660841852903591,9.902890739577003
526,902731,16,,left,saccade,132.0,,,,437.082,472.63,518.124,472.145,,,
527,902735,4,,right,saccade,,132.0,,,450.20099999999996,479.62800000000004,470.80800000000005,479.827,,,
528,902743,348,3.552068965517241,right,fixation,,133.0,513.147068181818,486.370488636364,,,,,1.0,4.247834601953733,9.026129292227116
529,902751,340,3.5517411764705886,left,fixation,133.0,,520.867662790698,485.75498837209295,,,,,0.0,,
530,903095,16,,left,saccade,133.0,,,,530.567,510.408,469.24199999999996,506.98199999999997,,,
531,903095,20,,right,saccade,,133.0,,,525.4830000000002,497.93199999999996,437.038,495.125,,,
532,903115,184,3.582321343873518,left,fixation,134.0,,448.285914893617,499.20285106382994,,,,,0.0,,
533,903119,180,3.5827637720488466,right,fixation,,134.0,420.778891304348,473.4040652173909,,,,,0.0,,
534,903303,92,,left,saccade,134.0,,,,443.311,490.035,408.93199999999996,485.50800000000004,,,
535,903303,108,,right,saccade,,134.0,,,418.509,487.545,397.27,430.35,,,
536,904079,640,3.748037458425721,right,fixation,,135.0,408.058881987578,482.65985714285796,,,,,2.0,9.25318675137376,31.94316198265891
537,904083,632,3.748037458425721,left,fixation,135.0,,419.99871698113196,485.858761006289,,,,,3.0,7.693772804800375,29.255402436518768
538,904719,44,,left,saccade,135.0,,,,397.041,477.774,384.23400000000004,455.49199999999996,,,
539,904723,44,,right,saccade,,135.0,,,402.811,453.597,375.31300000000016,406.72900000000004,,,
540,904835,24,,right,fixation,,136.0,383.712142857143,403.28328571428597,,,,,0.0,,
541,904859,804,3.6590363798300896,left,fixation,136.0,,419.764975247525,470.99558415841597,,,,,0.0,,
542,904863,16,,right,saccade,,136.0,,,384.11400000000003,414.587,388.87800000000004,480.86699999999996,,,
543,904883,780,3.6590363798300896,right,fixation,,137.0,413.04051530612196,480.98676020408095,,,,,0.0,,
544,905667,20,,left,saccade,136.0,,,,416.35699999999997,451.648,533.2090000000002,463.059,,,
545,905667,20,,right,saccade,,137.0,,,426.841,491.03,512.404,490.88699999999994,,,
546,905691,392,3.6229591836734696,left,fixation,137.0,,539.307111111111,476.08884848484803,,,,,0.0,,
547,905691,392,3.6229591836734696,right,fixation,,138.0,523.427636363636,488.92130303030297,,,,,0.0,,
548,906087,4,,left,saccade,137.0,,,,522.599,462.69599999999997,521.216,464.17900000000003,,,
549,906087,20,,right,saccade,,138.0,,,512.052,472.01300000000003,440.903,476.006,,,
550,906095,0,,left,fixation,138.0,,507.103,464.69800000000004,,,,,0.0,,
551,906099,4,,left,saccade,138.0,,,,476.037,467.66900000000004,473.661,468.023,,,
552,906107,859,3.6866962616822434,left,fixation,139.0,,508.636300925926,476.61488425925904,,,,,2.0,7.860759897242468,26.709388008622238
553,906111,263,3.6594615384615374,right,fixation,,139.0,446.162089552239,502.333791044776,,,,,0.0,,
554,906378,16,,right,saccade,,139.0,,,448.963,496.85,506.59,492.216,,,
555,906398,572,3.700426573426574,right,fixation,,140.0,515.553333333333,484.606034722222,,,,,0.0,,
556,906970,24,,left,saccade,139.0,,,,551.319,476.091,442.189,476.095,,,
557,906974,20,,right,saccade,,140.0,,,541.786,517.506,429.36400000000003,520.1080000000002,,,
558,906998,312,3.6518461538461535,right,fixation,,141.0,433.530658227848,520.188455696202,,,,,0.0,,
559,906998,316,3.6513607594936714,left,fixation,140.0,,425.8395875,462.836125,,,,,0.0,,
560,907314,28,,right,saccade,,141.0,,,438.93199999999996,528.491,619.719,491.814,,,
561,907318,24,,left,saccade,140.0,,,,419.199,455.50199999999995,635.685,459.351,,,
562,907346,308,3.6208679722649855,left,fixation,141.0,,659.374538461538,482.288512820513,,,,,0.0,,
563,907346,316,3.6208679722649855,right,fixation,,142.0,626.774025,471.5496875,,,,,0.0,,
564,907658,40,,left,saccade,141.0,,,,670.435,486.707,637.641,433.71,,,
565,907666,40,,right,saccade,,142.0,,,639.635,459.50199999999995,668.09,405.69699999999995,,,
566,907834,76,,right,fixation,,143.0,660.738,393.93885,,,,,0.0,,
567,907838,56,,left,fixation,142.0,,635.843066666667,415.4582,,,,,0.0,,
568,907898,4,,left,saccade,142.0,,,,647.529,440.441,649.05,445.403,,,
569,907906,328,3.549684651791752,left,fixation,143.0,,645.0853373493969,476.52531325301203,,,,,2.0,11.939491271108249,27.851151078710902
570,907914,12,,right,saccade,,143.0,,,652.011,401.064,652.486,442.972,,,
571,907930,304,3.549684651791752,right,fixation,,144.0,636.754636363636,470.50240259740303,,,,,1.0,14.431129772128074,48.2360181710722
572,908238,20,,left,saccade,143.0,,,,646.285,488.439,776.3489999999997,501.215,,,
573,908238,20,,right,saccade,,144.0,,,627.361,474.716,755.166,470.80300000000005,,,
574,908262,276,3.552326086956522,left,fixation,144.0,,775.0902714285719,505.3535571428569,,,,,0.0,,
575,908262,532,3.534593984962406,right,fixation,,145.0,726.5999925373129,468.98152238806,,,,,1.0,9.746714751363383,33.66571836453225
576,908542,16,,left,saccade,144.0,,,,781.493,525.836,722.539,492.68699999999995,,,
577,908562,244,3.5148114754098367,left,fixation,145.0,,709.555741935484,451.901016129032,,,,,1.0,6.4396530035053345,19.27316331067629
578,908798,8,,right,saccade,,145.0,,,689.77,468.151,727.579,469.101,,,
579,908810,4,,left,saccade,145.0,,,,761.944,473.668,765.9989999999997,476.816,,,
580,908810,624,3.5834294871794867,right,fixation,,146.0,758.5895286624202,478.023426751592,,,,,1.0,5.233053508973273,14.607892832301193
581,908818,616,3.5839967532467534,left,fixation,146.0,,772.0479161290331,493.916670967742,,,,,0.0,,
582,909438,20,,left,saccade,146.0,,,,770.191,488.275,856.924,493.37,,,
583,909438,20,,right,saccade,,146.0,,,759.5889999999997,474.49,849.346,485.12300000000016,,,
584,909462,708,3.617412429378532,left,fixation,147.0,,880.717370786517,489.95863483146087,,,,,0.0,,
585,909462,708,3.617412429378532,right,fixation,,147.0,855.4324943820219,472.569033707865,,,,,1.0,4.229291640189601,9.873388729306656
586,910174,24,,left,saccade,147.0,,,,879.763,509.224,647.6619999999998,513.434,,,
587,910174,28,,right,saccade,,147.0,,,858.23,475.658,624.922,486.68300000000005,,,
588,910202,432,3.5849629629629636,left,fixation,148.0,,652.2155963302761,505.420577981651,,,,,2.0,7.930771413631946,28.719944302011793
589,910206,424,3.5850707547169813,right,fixation,,148.0,625.33346728972,483.158962616823,,,,,0.0,,
590,910634,24,,right,saccade,,148.0,,,636.984,481.039,776.023,474.384,,,
591,910638,20,,left,saccade,148.0,,,,676.328,490.84,772.36,489.087,,,
592,910662,748,3.610229946524064,left,fixation,149.0,,772.8949627659572,491.769287234042,,,,,0.0,,
593,910662,752,3.6103111702127664,right,fixation,,149.0,761.6330740740732,464.49945502645403,,,,,1.0,4.738988127461633,11.23169693323324
594,911414,24,,left,saccade,149.0,,,,769.918,508.916,607.6619999999998,501.26599999999996,,,
595,911418,24,,right,saccade,,149.0,,,750.1339999999999,458.405,576.077,462.838,,,
596,911442,144,3.642625,left,fixation,150.0,,606.660891891892,497.54545945946,,,,,0.0,,
597,911446,140,3.6426571428571433,right,fixation,,150.0,568.102055555556,481.66911111111085,,,,,0.0,,
598,911590,24,,left,saccade,150.0,,,,609.2959999999998,485.967,779.948,492.786,,,
599,911590,24,,right,saccade,,150.0,,,570.614,492.708,771.01,488.811,,,
600,911618,1052,3.6190912547528513,right,fixation,,151.0,753.377356060605,471.36134090909104,,,,,5.0,6.45829498042094,20.646895024022573
601,911618,1056,3.619075757575757,left,fixation,151.0,,778.2760226415089,508.00177358490487,,,,,6.0,6.347398208155116,14.20706800269688
602,912674,16,,right,saccade,,151.0,,,768.803,498.49699999999996,822.822,491.764,,,
603,912678,12,,left,saccade,151.0,,,,798.1110000000001,518.612,852.659,518.429,,,
604,912694,392,3.6105816326530613,left,fixation,152.0,,868.1365050505051,489.211585858586,,,,,0.0,,
605,912694,392,3.6105816326530613,right,fixation,,152.0,842.886242424243,481.328888888889,,,,,1.0,8.036458805897603,11.8717396366329
606,913090,28,,left,saccade,152.0,,,,874.097,485.718,601.7230000000002,499.119,,,
607,913090,32,,right,saccade,,152.0,,,850.278,480.731,596.492,504.63,,,
608,913122,608,3.5577861842105265,left,fixation,153.0,,640.2057647058821,507.87062091503196,,,,,3.0,7.217581960322722,21.447497238711566
609,913126,608,3.5577828947368424,right,fixation,,153.0,626.8442483660131,481.344581699347,,,,,3.0,8.00933233403954,22.986378356048714
610,913734,20,,left,saccade,153.0,,,,654.893,508.81,545.965,494.724,,,
611,913738,20,,right,saccade,,153.0,,,651.03,477.031,545.32,481.126,,,
612,913758,448,3.5574687500000004,left,fixation,154.0,,544.3381946902649,500.705203539823,,,,,0.0,,
613,913762,440,3.5574636363636367,right,fixation,,154.0,533.058153153153,492.155414414414,,,,,0.0,,
614,914206,20,,right,saccade,,154.0,,,538.235,513.9580000000002,455.228,510.776,,,
615,914210,16,,left,saccade,154.0,,,,540.971,490.015,470.195,488.11699999999996,,,
616,914230,1132,3.546411971830985,right,fixation,,155.0,427.213985915493,484.945834507042,,,,,1.0,4.523887045451068,8.942209234859158
617,914230,1136,3.546522807017544,left,fixation,155.0,,431.62636842105286,485.97183508772,,,,,0.0,,
618,915366,24,,right,saccade,,155.0,,,425.653,469.80300000000005,543.905,476.88699999999994,,,
619,915370,20,,left,saccade,155.0,,,,417.773,459.402,553.305,478.329,,,
620,915394,1456,3.654085164835165,right,fixation,,156.0,536.326021917809,497.840189041096,,,,,1.0,4.683286669399796,11.119819422994231
621,915394,1468,3.654034059945504,left,fixation,156.0,,555.730494565218,505.03656793478206,,,,,1.0,8.332861589980839,19.306395417063264
622,916854,20,,right,saccade,,156.0,,,545.9590000000002,501.80400000000003,627.47,491.566,,,
623,916866,4,,left,saccade,156.0,,,,607.568,506.394,625.643,502.68,,,
624,916874,860,3.603772093023256,left,fixation,157.0,,660.593953703704,495.101074074074,,,,,1.0,4.517020124546249,20.87276934189616
625,916878,852,3.6040633802816897,right,fixation,,157.0,647.036308411215,483.19288317757,,,,,0.0,,
626,917734,20,,right,saccade,,157.0,,,654.252,501.55800000000005,754.323,494.00300000000004,,,
627,917738,16,,left,saccade,157.0,,,,686.372,512.624,748.242,510.108,,,
628,917758,1732,3.5625277136258657,left,fixation,158.0,,769.513974654377,501.103887096774,,,,,1.0,4.337182780587245,10.941768230044051
629,917758,1732,3.5625277136258657,right,fixation,,158.0,755.960638248849,476.939470046083,,,,,3.0,6.2470777458875935,15.73600309388224
630,919494,24,,left,saccade,158.0,,,,755.686,495.254,867.1239999999997,507.455,,,
631,919494,24,,right,saccade,,158.0,,,729.211,453.707,854.038,462.11,,,
632,919522,660,3.704321212121212,left,fixation,159.0,,880.345162650603,511.580909638554,,,,,1.0,8.114004111548272,24.984416783267122
633,919522,660,3.704321212121212,right,fixation,,159.0,850.1055240963858,473.91634337349404,,,,,0.0,,
634,920186,20,,left,saccade,159.0,,,,881.385,472.355,746.57,473.121,,,
635,920186,24,,right,saccade,,159.0,,,840.447,483.166,713.64,475.541,,,
636,920210,324,3.7656543209876547,left,fixation,160.0,,742.406329268293,479.70310975609704,,,,,0.0,,
637,920214,316,3.765651898734177,right,fixation,,160.0,711.1971,454.0237125,,,,,0.0,,
638,920534,48,,right,saccade,,160.0,,,708.953,446.63800000000003,1436.443,502.082,,,
639,920538,48,,left,saccade,160.0,,,,732.334,463.03,1498.467,473.30400000000003,,,
640,920586,1200,3.6516827242524914,right,fixation,,161.0,1472.52460465116,421.367348837209,,,,,3.0,9.714319210941996,29.681120965392523
641,920590,1192,3.6515551839464884,left,fixation,161.0,,1489.4153143812698,431.839461538461,,,,,4.0,9.258159905264842,26.387918744263438
642,921786,52,,left,saccade,161.0,,,,1487.138,454.725,558.637,587.604,,,
643,921790,55,,right,saccade,,161.0,,,1472.356,434.168,549.786,548.531,,,
644,921842,175,3.631151162790697,left,fixation,162.0,,538.927644444444,589.303688888889,,,,,0.0,,
645,921849,168,3.631488095238094,right,fixation,,162.0,516.832046511628,567.030511627907,,,,,1.0,5.131780243952597,19.512029622773788
646,922021,16,,left,saccade,162.0,,,,530.946,587.367,473.626,608.5880000000002,,,
647,922021,20,,right,saccade,,162.0,,,512.951,563.505,416.134,575.623,,,
648,922041,212,3.641820754716982,left,fixation,163.0,,464.48787037037005,637.130666666667,,,,,0.0,,
649,922045,204,3.6412450980392164,right,fixation,,163.0,419.304884615385,600.168057692307,,,,,0.0,,
650,922253,44,,right,saccade,,163.0,,,429.652,600.712,1092.6989999999996,610.95,,,
651,922257,44,,left,saccade,163.0,,,,447.175,623.9019999999998,1093.749,620.722,,,
652,922301,244,3.638795081967213,right,fixation,,164.0,1113.3617903225802,610.259064516129,,,,,2.0,6.875430058790933,21.31094569374729
653,922305,240,3.638416666666666,left,fixation,164.0,,1112.6903770491801,620.526786885246,,,,,0.0,,
654,922549,36,,left,saccade,164.0,,,,1123.843,613.895,1003.9760000000001,86.63,,,
655,922549,36,,right,saccade,,164.0,,,1110.7730000000001,623.319,1037.913,144.79399999999995,,,
656,922589,20,3.6495000000000006,right,fixation,,165.0,1026.83766666667,138.120333333333,,,,,0.0,,
657,922589,321,3.6703456790123457,left,fixation,165.0,,982.789555555555,62.9177407407407,,,,,2.0,6.389756460153597,16.67150533689038
658,922613,8,,right,saccade,,165.0,,,1016.679,111.57600000000001,1012.165,93.70100000000001,,,
659,922625,285,3.67125,right,fixation,,166.0,975.839166666667,82.5602361111111,,,,,1.0,4.519054710027559,9.852465782736836
660,922914,44,,left,saccade,165.0,,,,958.115,93.647,498.67,560.44,,,
661,922914,44,,right,saccade,,166.0,,,950.25,88.61399999999998,486.098,544.1709999999998,,,
662,922962,284,3.5998923220973778,left,fixation,166.0,,467.787861111111,596.909972222222,,,,,1.0,5.401075350746785,11.354946499213447
663,922962,288,3.5998923220973778,right,fixation,,167.0,450.398643835617,585.074821917808,,,,,3.0,6.3912586357376995,16.074177381409978
664,923250,88,,left,saccade,166.0,,,,446.49,612.337,455.62300000000016,592.5790000000002,,,
665,923254,48,,right,saccade,,167.0,,,432.31800000000004,608.25,420.55,543.378,,,
666,923398,615,3.6775629176532494,right,fixation,,168.0,442.56123870967696,618.639232258064,,,,,2.0,6.898009564401307,35.938850952573645
667,923454,547,3.6775629176532494,left,fixation,167.0,,460.45454347826103,621.178224637681,,,,,0.0,,
668,924005,60,,left,saccade,167.0,,,,459.88300000000004,625.711,467.991,562.781,,,
669,924017,44,,right,saccade,,168.0,,,441.51599999999996,630.964,522.525,492.075,,,
670,924193,473,3.675364597719959,right,fixation,,169.0,522.593033613445,580.140016806722,,,,,5.0,8.224472551275579,21.34413501415545
671,924217,449,3.67536459771996,left,fixation,168.0,,541.613088495575,611.824026548673,,,,,1.0,131.2268281878748,38.24005995026679
672,924670,20,,left,saccade,168.0,,,,556.394,620.743,637.913,617.717,,,
673,924670,20,,right,saccade,,169.0,,,530.856,595.953,609.048,611.96,,,
674,924694,171,3.723595238095237,left,fixation,169.0,,641.700636363636,618.6573409090911,,,,,0.0,,
675,924694,171,3.723595238095237,right,fixation,,170.0,620.583159090909,630.488613636364,,,,,1.0,9.874805096529474,13.996625664780742
676,924869,20,,left,saccade,169.0,,,,641.7719999999998,625.518,571.245,631.779,,,
677,924869,20,,right,saccade,,170.0,,,628.6759999999998,646.823,532.138,651.0930000000002,,,
678,924893,432,3.714861111111112,left,fixation,170.0,,558.164,632.4809724770649,,,,,1.0,5.7090699816656025,10.349532259962317
679,924893,432,3.714861111111112,right,fixation,,171.0,533.237165137615,646.395155963303,,,,,3.0,6.432233928548688,16.199535197823618
680,925329,20,,left,saccade,170.0,,,,559.726,637.173,663.443,629.362,,,
681,925329,20,,right,saccade,,171.0,,,528.866,651.725,628.44,647.717,,,
682,925353,932,3.7856351931330483,left,fixation,171.0,,658.762598290598,617.944914529915,,,,,2.0,5.081740295491928,15.501608229094574
683,925353,936,3.7856965811965813,right,fixation,,172.0,638.237182978724,643.112272340426,,,,,2.0,6.2816612925720765,16.881169189940618
684,926289,20,,left,saccade,171.0,,,,647.621,619.429,568.395,614.939,,,
685,926293,16,,right,saccade,,172.0,,,617.9540000000002,637.366,540.59,627.4680000000002,,,
686,926313,540,3.768396296296296,left,fixation,172.0,,554.033860294118,629.052220588236,,,,,0.0,,
687,926313,544,3.7681948529411766,right,fixation,,173.0,525.727328467153,635.0511021897811,,,,,2.0,8.577013986529339,22.570305868254017
688,926857,20,,left,saccade,172.0,,,,554.4830000000002,647.493,646.965,644.46,,,
689,926861,16,,right,saccade,,173.0,,,530.427,652.3580000000002,608.273,652.3580000000002,,,
690,926881,468,3.703333333333333,left,fixation,173.0,,669.1108474576271,627.181194915254,,,,,1.0,8.342633453798896,29.50529893087005
691,926881,468,3.703333333333333,right,fixation,,174.0,634.117525423729,622.755110169492,,,,,4.0,7.968998486483714,24.504555632699372
692,927353,16,,left,saccade,173.0,,,,686.2660000000002,613.281,744.948,619.173,,,
693,927353,16,,right,saccade,,174.0,,,642.684,601.154,730.133,606.222,,,
694,927373,924,3.651484848484848,right,fixation,,175.0,747.9149784482761,622.7789396551731,,,,,4.0,6.927759234549495,21.849491492367395
695,927373,932,3.651766094420601,left,fixation,174.0,,768.289935897435,628.431564102563,,,,,0.0,,
696,928301,16,,right,saccade,,175.0,,,773.8969999999997,643.246,831.5319999999997,639.1419999999998,,,
697,928309,8,,left,saccade,174.0,,,,796.73,612.6469999999998,829.7589999999999,611.452,,,
698,928321,1064,3.6906428571428567,left,fixation,175.0,,868.624292134831,633.043558052434,,,,,0.0,,
699,928321,1640,3.707748780487805,right,fixation,,176.0,821.9362603406329,623.085272506083,,,,,2.0,10.324861180195377,33.99889734473144
700,929389,20,,left,saccade,175.0,,,,878.727,653.387,800.081,652.435,,,
701,929413,548,3.7416021897810223,left,fixation,176.0,,772.414108695651,617.851297101449,,,,,0.0,,
702,929965,24,,left,saccade,176.0,,,,767.102,624.83,497.918,621.997,,,
703,929965,28,,right,saccade,,176.0,,,753.003,611.879,482.19800000000004,618.814,,,
704,929993,328,3.6395221238938054,left,fixation,177.0,,466.009,625.56348192771,,,,,2.0,4.7877307503359745,13.672999602786838
705,929997,332,3.638351351351352,right,fixation,,177.0,452.4305,628.3439285714289,,,,,1.0,10.064756840083106,33.94015234202696
706,930325,56,,left,saccade,177.0,,,,417.829,601.063,386.89099999999996,604.806,,,
707,930333,44,,right,saccade,,177.0,,,404.01300000000003,611.895,373.12199999999996,615.4209999999998,,,
708,930525,12,,right,fixation,,178.0,381.668,610.4915,,,,,0.0,,
709,930541,20,,right,saccade,,178.0,,,393.16900000000004,597.6469999999998,417.642,548.2080000000002,,,
710,930565,52,,right,fixation,,179.0,418.5553571428569,530.738785714286,,,,,0.0,,
711,930605,2224,3.58668981187163,left,fixation,178.0,,441.832500897666,617.859709156194,,,,,2.0,4.414050123272758,13.240387259521023
712,930621,0,,right,saccade,,179.0,,,414.62699999999995,569.485,414.62699999999995,569.485,,,
713,930625,2204,3.58668981187163,right,fixation,,180.0,438.508329710144,622.673923913043,,,,,3.0,4.384643934879885,11.752814686859535
714,932833,16,,right,saccade,,180.0,,,447.533,645.51,523.876,638.1619999999998,,,
715,932833,20,,left,saccade,178.0,,,,470.961,613.52,535.247,614.882,,,
716,932853,800,3.684705,right,fixation,,181.0,533.965582089552,625.912671641791,,,,,2.0,7.788513433833537,23.603071209048448
717,932857,792,3.684921717171717,left,fixation,179.0,,566.777743718593,630.306417085427,,,,,2.0,3.645419483464021,7.552643695558852
718,933653,20,,left,saccade,179.0,,,,572.235,637.6619999999998,455.63599999999997,643.242,,,
719,933657,20,,right,saccade,,181.0,,,538.484,599.808,443.152,615.367,,,
720,933677,380,3.5871105263157905,left,fixation,180.0,,456.8528125,624.842770833333,,,,,0.0,,
721,933681,376,3.5867819148936166,right,fixation,,182.0,436.522189473684,629.761178947369,,,,,0.0,,
722,934061,20,,right,saccade,,182.0,,,429.82599999999996,628.457,604.174,616.382,,,
723,934061,24,,left,saccade,180.0,,,,470.236,646.062,623.9730000000002,647.634,,,
724,934085,808,3.4237524752475244,right,fixation,,183.0,638.8248768472911,610.3651034482759,,,,,0.0,,
725,934089,800,3.4237375,left,fixation,181.0,,639.094786069651,631.937825870646,,,,,4.0,4.913033637802099,16.32540712012831
726,934893,20,,left,saccade,181.0,,,,642.298,640.253,548.811,640.595,,,
727,934897,16,,right,saccade,,183.0,,,617.1709999999998,634.566,555.021,634.566,,,
728,934917,236,3.3842118644067787,right,fixation,,184.0,524.8883,608.4106,,,,,0.0,,
729,934917,240,3.38425,left,fixation,182.0,,551.955278688524,652.5331639344259,,,,,0.0,,
730,935157,24,,right,saccade,,184.0,,,515.807,616.221,693.538,601.9019999999998,,,
731,935161,24,,left,saccade,182.0,,,,565.52,665.25,702.294,646.488,,,
732,935185,652,3.410828220858895,right,fixation,,185.0,739.392902439025,611.3144451219509,,,,,1.0,6.243006576250815,18.596121020255808
733,935189,652,3.4110368098159505,left,fixation,183.0,,742.5113170731703,623.888707317073,,,,,2.0,6.3680776701489865,17.383782894724177
734,935841,20,,right,saccade,,185.0,,,747.5189999999999,623.198,843.3810000000003,622.697,,,
735,935845,20,,left,saccade,183.0,,,,764.952,635.7280000000002,832.567,636.327,,,
736,935865,952,3.4822205882352937,right,fixation,,186.0,858.255615062761,604.936405857741,,,,,0.0,,
737,935869,948,3.4825105485232077,left,fixation,184.0,,856.7462226890759,638.425403361344,,,,,1.0,7.527092935227751,16.354832007697283
738,936821,16,,left,saccade,184.0,,,,866.918,614.648,792.061,611.195,,,
739,936821,20,,right,saccade,,186.0,,,862.168,601.036,790.3430000000003,595.414,,,
740,936841,423,3.590062893081761,left,fixation,185.0,,776.3203925233638,629.9347289719619,,,,,1.0,5.967881259058554,21.758136248309647
741,936845,419,3.5903121019108286,right,fixation,,187.0,762.2852547169812,604.47691509434,,,,,4.0,7.374291551966169,27.69903667855125
742,937268,40,,left,saccade,185.0,,,,761.38,632.092,738.403,553.685,,,
743,937268,48,,right,saccade,,187.0,,,747.6419999999997,605.1619999999998,777.081,477.725,,,
744,937468,1201,3.5346254835507165,left,fixation,186.0,,754.700777408638,614.6923588039859,,,,,1.0,7.244953011503148,23.903748513569962
745,937480,1189,3.5346254835507174,right,fixation,,188.0,745.4953288590599,571.736610738255,,,,,4.0,9.005424890535176,24.17807211849833
746,938673,16,,right,saccade,,188.0,,,767.802,591.924,829.926,589.497,,,
747,938673,20,,left,saccade,186.0,,,,768.439,633.502,857.204,632.83,,,
748,938693,288,3.597944444444445,right,fixation,,189.0,846.2151643835609,595.212273972603,,,,,0.0,,
749,938697,284,3.598471830985916,left,fixation,187.0,,855.872736111111,630.717111111111,,,,,0.0,,
750,938985,24,,left,saccade,187.0,,,,854.704,639.5319999999998,599.909,637.813,,,
751,938985,28,,right,saccade,,189.0,,,843.863,607.97,587.055,607.347,,,
752,939013,488,3.644983606557377,left,fixation,188.0,,630.524056910569,618.422991869919,,,,,1.0,9.640112039747722,48.554126271615544
753,939017,484,3.6451528925619843,right,fixation,,190.0,608.672475409836,628.527434426229,,,,,2.0,8.341553507391394,22.384098535702407
754,939505,20,,left,saccade,188.0,,,,651.587,609.302,548.1519999999998,622.283,,,
755,939505,20,,right,saccade,,190.0,,,641.7230000000002,639.998,522.17,628.692,,,
756,939529,476,3.6436932773109247,left,fixation,189.0,,547.5604,610.393458333334,,,,,1.0,9.795467666505553,36.73326243338593
757,939529,476,3.6436932773109247,right,fixation,,191.0,523.922525,631.879166666666,,,,,1.0,7.3592928574090095,17.092693673028872
758,940009,24,,left,saccade,189.0,,,,561.0509999999998,636.715,781.972,638.516,,,
759,940009,24,,right,saccade,,191.0,,,541.933,606.786,764.313,617.2769999999998,,,
760,940037,144,3.616430555555557,right,fixation,,192.0,765.065243243243,604.3451351351349,,,,,2.0,8.370635687928445,23.49900980343992
761,940037,448,3.6155357142857136,left,fixation,190.0,,791.715601769911,629.766539823009,,,,,0.0,,
762,940185,4,,right,saccade,,192.0,,,762.685,606.746,762.685,612.875,,,
763,940193,292,3.615082191780821,right,fixation,,193.0,763.522324324324,608.626945945946,,,,,0.0,,
764,940489,40,,right,saccade,,193.0,,,775.8760000000003,602.134,1389.2079999999999,613.599,,,
765,940489,44,,left,saccade,190.0,,,,799.813,627.5319999999998,1396.925,601.612,,,
766,940533,652,3.5346687116564417,right,fixation,,194.0,1451.65232317073,582.782512195122,,,,,2.0,6.030509042425427,11.896640556394393
767,940537,648,3.5345308641975315,left,fixation,191.0,,1456.52872392638,585.767877300614,,,,,3.0,6.301781026709513,18.359814490439863
768,941189,44,,left,saccade,191.0,,,,1492.856,581.52,790.04,611.448,,,
769,941189,52,,right,saccade,,194.0,,,1481.469,588.811,795.663,556.761,,,
770,941237,220,3.5254272727272733,left,fixation,192.0,,767.6085,613.160089285714,,,,,0.0,,
771,941245,212,3.5257735849056613,right,fixation,,195.0,769.001888888889,581.608166666667,,,,,2.0,9.031866952867961,25.82947913458993
772,941461,15,,left,saccade,192.0,,,,765.1489999999999,626.373,834.877,632.102,,,
773,941461,15,,right,saccade,,195.0,,,777.052,593.4730000000002,849.187,592.844,,,
774,941480,416,3.548802380952382,left,fixation,193.0,,852.2039904761909,617.402695238095,,,,,0.0,,
775,941480,420,3.5489363207547178,right,fixation,,196.0,850.1474905660381,597.735839622642,,,,,2.0,6.636158257650077,16.24902740316706
776,941900,20,,left,saccade,193.0,,,,850.747,606.571,842.977,707.155,,,
777,941904,20,,right,saccade,,196.0,,,865.0310000000003,590.146,839.803,692.658,,,
778,941924,132,3.620772727272728,left,fixation,194.0,,828.797264705882,712.5612352941182,,,,,0.0,,
779,941928,132,3.621833333333334,right,fixation,,197.0,818.653176470588,710.3380000000003,,,,,0.0,,
780,942060,32,,left,saccade,194.0,,,,827.07,716.627,495.241,721.5369999999997,,,
781,942064,32,,right,saccade,,197.0,,,814.06,720.6489999999999,500.30800000000005,743.784,,,
782,942096,288,3.6426446315789485,left,fixation,195.0,,463.526671232877,736.517917808219,,,,,1.0,4.701925506877201,12.443290280307753
783,942100,292,3.6430455913978497,right,fixation,,198.0,454.22889189189203,764.8000135135139,,,,,2.0,7.737453410610528,22.179758164434997
784,942388,60,,left,saccade,195.0,,,,441.786,740.502,415.361,697.9989999999997,,,
785,942396,44,,right,saccade,,198.0,,,426.381,767.4989999999997,416.48699999999997,696.63,,,
786,942568,56,,right,fixation,,199.0,427.969466666667,659.004466666667,,,,,1.0,15.213186791764278,26.92676902266593
787,942624,392,3.750172549019608,left,fixation,196.0,,439.171161616162,732.737050505051,,,,,0.0,,
788,942628,0,,right,saccade,,199.0,,,429.73400000000004,680.8560000000001,429.73400000000004,680.8560000000001,,,
789,942632,384,3.750172549019608,right,fixation,,200.0,430.40531958762887,758.5604639175259,,,,,1.0,6.708157057725399,18.78596276478793
790,943020,16,,right,saccade,,200.0,,,435.024,755.1039999999997,489.81300000000016,745.4830000000003,,,
791,943020,20,,left,saccade,196.0,,,,444.469,740.625,514.994,729.676,,,
792,943040,176,3.6781931818181817,right,fixation,,201.0,504.096488888889,747.615844444444,,,,,0.0,,
793,943044,172,3.677848837209305,left,fixation,197.0,,527.803681818182,721.7425454545461,,,,,0.0,,
794,943220,48,,right,saccade,,201.0,,,506.14599999999996,748.2230000000003,933.69,110.398,,,
795,943220,52,,left,saccade,197.0,,,,527.599,717.8610000000001,947.835,89.586,,,
796,943272,336,3.685035714285714,right,fixation,,202.0,952.2785176470579,80.8551647058823,,,,,1.0,6.729599546448152,11.86631640400674
797,943276,328,3.68530487804878,left,fixation,198.0,,968.6617108433728,68.1792289156626,,,,,1.0,8.932069811141831,16.04219498697112
798,943608,56,,left,saccade,198.0,,,,968.8919999999999,76.881,517.763,727.7439999999997,,,
799,943612,52,,right,saccade,,202.0,,,949.5010000000001,83.479,487.333,736.67,,,
800,943668,168,3.7157500000000008,left,fixation,199.0,,498.16744186046486,748.843953488372,,,,,1.0,5.35640816893393,21.499144564377364
801,943668,296,3.71511687466088,right,fixation,,203.0,451.31575999999995,772.979466666667,,,,,1.0,11.736603107373115,40.18296380308457
802,943840,4,,left,saccade,199.0,,,,486.381,761.533,463.82,763.3689999999997,,,
803,943848,112,3.6996195488721813,left,fixation,200.0,,446.29410344827596,748.4919310344818,,,,,0.0,,
804,943964,52,,left,saccade,200.0,,,,439.194,742.1519999999997,432.35400000000004,729.923,,,
805,943968,40,,right,saccade,,203.0,,,412.458,777.738,444.339,666.633,,,
806,944124,40,,right,fixation,,204.0,463.038,661.180363636364,,,,,1.0,9.26392190315624,14.761077535193815
807,944168,0,,right,saccade,,204.0,,,462.57,679.4989999999998,462.57,679.4989999999998,,,
808,944168,296,3.707750776942356,left,fixation,201.0,,450.018933333333,734.761266666667,,,,,0.0,,
809,944172,0,,right,fixation,,205.0,461.30699999999996,691.679,,,,,0.0,,
810,944176,0,,right,saccade,,205.0,,,459.955,700.2589999999999,459.955,700.2589999999999,,,
811,944180,284,3.707750776942356,right,fixation,,206.0,438.528805555556,765.918888888889,,,,,2.0,6.389981594216295,19.829365693466023
812,944468,20,,left,saccade,201.0,,,,430.30199999999996,740.9739999999997,447.144,615.6669999999998,,,
813,944468,20,,right,saccade,,206.0,,,419.338,755.834,437.392,645.626,,,
814,944492,500,3.6671360000000006,right,fixation,,207.0,432.317325396825,629.190198412698,,,,,1.0,9.763388804326324,29.91639567193872
815,944492,504,3.666984126984127,left,fixation,202.0,,467.667716535433,633.567834645669,,,,,1.0,7.993070919379018,17.694442997732374
816,944996,24,,right,saccade,,207.0,,,426.76800000000003,622.95,425.754,747.841,,,
817,945000,20,,left,saccade,202.0,,,,447.587,625.746,444.62199999999996,712.432,,,
818,945024,664,3.724849397590362,left,fixation,203.0,,439.928323353293,747.841664670659,,,,,0.0,,
819,945024,1372,3.7347099125364425,right,fixation,,208.0,477.356619186047,770.1595668604649,,,,,2.0,10.50213546794562,33.50252426576589
820,945692,16,,left,saccade,203.0,,,,451.50199999999995,768.689,515.295,756.296,,,
821,945712,684,3.7442046783625735,left,fixation,204.0,,545.03748255814,749.0065581395351,,,,,1.0,7.606319740847086,28.761379660927247
822,946400,20,,left,saccade,204.0,,,,558.694,752.503,455.20300000000003,763.2819999999997,,,
823,946400,24,,right,saccade,,208.0,,,555.298,776.227,436.975,784.477,,,
824,946424,164,3.6694390243902433,left,fixation,205.0,,447.921595238095,756.315666666666,,,,,0.0,,
825,946428,156,3.6692435897435915,right,fixation,,209.0,440.9546,779.785475,,,,,0.0,,
826,946588,28,,right,saccade,,209.0,,,452.059,781.413,655.387,775.365,,,
827,946592,24,,left,saccade,205.0,,,,443.392,741.202,658.541,740.556,,,
828,946620,376,3.6523936170212763,left,fixation,206.0,,669.39372631579,749.9785684210519,,,,,2.0,3.9623386177798423,7.562263222944548
829,946620,376,3.6523936170212763,right,fixation,,210.0,658.300378947369,768.137368421052,,,,,1.0,7.822895805120843,21.097848658097753
830,947000,20,,left,saccade,206.0,,,,655.801,754.523,733.675,751.255,,,
831,947000,20,,right,saccade,,210.0,,,653.701,777.158,739.809,778.077,,,
832,947024,280,3.6626619718309854,left,fixation,207.0,,751.1403661971831,746.8936338028169,,,,,0.0,,
833,947024,280,3.6626619718309854,right,fixation,,211.0,738.810154929578,763.77214084507,,,,,0.0,,
834,947308,16,,left,saccade,207.0,,,,764.0219999999997,751.752,834.8639999999997,752.938,,,
835,947308,20,,right,saccade,,211.0,,,725.789,758.579,823.584,760.914,,,
836,947328,168,3.674678571428572,left,fixation,208.0,,845.9649069767439,758.882558139535,,,,,0.0,,
837,947332,168,3.674845238095239,right,fixation,,212.0,831.431511627907,754.425883720931,,,,,0.0,,
838,947500,20,,left,saccade,208.0,,,,842.743,765.295,766.716,765.3610000000001,,,
839,947504,16,,right,saccade,,212.0,,,829.953,758.29,761.0369999999997,766.936,,,
840,947524,284,3.6627142857142863,left,fixation,209.0,,750.700013888889,753.7444722222217,,,,,0.0,,
841,947524,284,3.6627142857142863,right,fixation,,213.0,736.656388888889,775.364986111111,,,,,0.0,,
842,947812,20,,left,saccade,209.0,,,,748.26,758.439,847.665,756.2180000000003,,,
843,947812,20,,right,saccade,,213.0,,,726.563,763.32,830.455,759.16,,,
844,947836,136,3.712,left,fixation,210.0,,853.533085714285,758.133028571429,,,,,0.0,,
845,947836,136,3.712,right,fixation,,214.0,847.4974285714287,753.4339428571429,,,,,0.0,,
846,947976,20,,left,saccade,210.0,,,,851.061,761.471,765.7769999999997,758.8,,,
847,947976,20,,right,saccade,,214.0,,,858.823,761.378,740.465,767.262,,,
848,948000,184,3.765595744680852,left,fixation,211.0,,751.0653829787227,744.811808510638,,,,,1.0,4.167053215402938,7.923022150669472
849,948000,188,3.76621875,right,fixation,,215.0,745.959895833333,771.179,,,,,0.0,,
850,948188,20,,left,saccade,211.0,,,,739.437,749.883,621.686,752.742,,,
851,948192,16,,right,saccade,,215.0,,,730.738,781.706,648.393,782.258,,,
852,948212,180,3.787500000000001,left,fixation,212.0,,624.1396956521737,751.053043478261,,,,,0.0,,
853,948212,184,3.7875760869565216,right,fixation,,216.0,625.638531914894,778.4391063829788,,,,,1.0,4.859276237831674,7.928203138164357
854,948396,20,,left,saccade,212.0,,,,621.5419999999998,754.043,448.815,764.544,,,
855,948400,20,,right,saccade,,216.0,,,614.365,781.095,429.39300000000003,776.6410000000003,,,
856,948420,516,3.7557109375,left,fixation,213.0,,432.97389230769204,755.9254846153841,,,,,2.0,4.502087507335441,10.86121303660023
857,948424,512,3.755511811023621,right,fixation,,217.0,434.337333333333,781.366542635659,,,,,0.0,,
858,948940,20,,left,saccade,213.0,,,,426.142,752.115,507.51,751.0889999999997,,,
859,948940,20,,right,saccade,,217.0,,,435.423,792.92,524.629,775.8389999999997,,,
860,948964,664,3.741673652694612,left,fixation,214.0,,527.743976047904,753.023281437126,,,,,0.0,,
861,948964,664,3.741673652694612,right,fixation,,218.0,525.094461077845,781.310461077845,,,,,0.0,,
862,949632,20,,left,saccade,214.0,,,,525.9780000000002,751.505,633.68,746.553,,,
863,949632,20,,right,saccade,,218.0,,,516.5880000000002,777.0319999999997,627.523,767.7560000000003,,,
864,949656,856,3.712598130841122,left,fixation,215.0,,646.605009302325,764.579418604651,,,,,0.0,,
865,949656,856,3.712598130841122,right,fixation,,219.0,636.0359255813951,775.7910093023247,,,,,1.0,5.9757594496431885,17.33064894918823
866,950516,20,,left,saccade,215.0,,,,668.63,766.424,723.8889999999999,758.5310000000003,,,
867,950516,20,,right,saccade,,219.0,,,663.758,771.051,741.877,766.635,,,
868,950540,448,3.583803571428571,left,fixation,216.0,,747.0087079646021,752.498752212389,,,,,2.0,5.517528698961324,19.93143342930365
869,950540,448,3.583803571428571,right,fixation,,220.0,756.315327433629,758.178734513275,,,,,3.0,4.641307703716868,13.710484362623793
870,950992,20,,left,saccade,216.0,,,,724.898,733.597,820.554,749.873,,,
871,950992,20,,right,saccade,,220.0,,,751.7589999999999,751.757,840.31,750.9730000000003,,,
872,951016,852,3.4525774647887326,left,fixation,217.0,,846.163537383178,768.319042056075,,,,,2.0,4.774262757802276,12.95926977556735
873,951016,856,3.4525046728971964,right,fixation,,221.0,857.8324651162799,745.0459813953488,,,,,1.0,6.053456810873513,19.31084361181551
874,951872,20,,left,saccade,217.0,,,,872.2869999999997,734.602,761.773,744.11,,,
875,951876,20,,right,saccade,,221.0,,,877.784,736.6569999999997,764.648,742.25,,,
876,951896,699,3.4928965517241384,left,fixation,218.0,,750.115022727273,757.028784090909,,,,,1.0,6.221231320155909,23.719466794175744
877,951900,699,3.493784482758621,right,fixation,,222.0,743.781397727273,733.392761363636,,,,,2.0,6.500929795552343,18.16094829264517
878,952599,20,,left,saccade,218.0,,,,748.852,743.783,616.349,766.773,,,
879,952603,20,,right,saccade,,222.0,,,718.2669999999997,722.303,578.436,746.2510000000003,,,
880,952623,625,3.7222229299363057,left,fixation,219.0,,570.981484076433,754.884038216561,,,,,1.0,12.387211938572426,56.731833356590975
881,952627,621,3.7229935897435897,right,fixation,,223.0,547.0930128205122,775.426679487179,,,,,1.0,18.655836792930085,57.90611260480199
882,953252,20,,left,saccade,219.0,,,,564.061,770.775,440.509,772.1160000000001,,,
883,953252,20,,right,saccade,,223.0,,,526.664,778.523,435.18199999999996,789.5210000000003,,,
884,953276,708,3.8054519774011295,left,fixation,220.0,,444.251921348314,764.174331460674,,,,,0.0,,
885,953276,708,3.8054519774011295,right,fixation,,224.0,418.699893258427,788.502292134832,,,,,0.0,,
886,953988,24,,right,saccade,,224.0,,,420.332,782.1260000000003,565.129,759.883,,,
887,953988,28,,left,saccade,220.0,,,,445.749,765.778,606.4780000000002,756.373,,,
888,954016,564,3.779719858156029,right,fixation,,225.0,606.765309859155,756.373929577464,,,,,2.0,7.528764469763508,24.442724671430955
889,954020,200,3.8197,left,fixation,221.0,,619.711784313726,733.761215686275,,,,,1.0,13.086401009784455,31.289365110209452
890,954224,4,,left,saccade,221.0,,,,657.198,735.6439999999999,659.8580000000002,737.763,,,
891,954232,348,3.7551206896551728,left,fixation,222.0,,670.1475795454551,741.5871818181821,,,,,0.0,,
892,954584,20,,left,saccade,222.0,,,,671.557,728.421,576.59,733.7410000000001,,,
893,954584,20,,right,saccade,,225.0,,,624.764,743.507,530.0880000000002,756.008,,,
894,954608,172,3.689197674418604,left,fixation,223.0,,552.281431818182,756.371886363636,,,,,0.0,,
895,954608,172,3.689197674418604,right,fixation,,226.0,522.434659090909,772.396636363636,,,,,0.0,,
896,954784,28,,left,saccade,223.0,,,,533.2,736.255,835.057,734.408,,,
897,954784,28,,right,saccade,,226.0,,,527.6759999999998,792.712,816.578,761.592,,,
898,954816,240,3.610833333333333,left,fixation,224.0,,836.663,752.0854426229511,,,,,0.0,,
899,954816,244,3.609795081967213,right,fixation,,227.0,829.2106612903218,736.850903225806,,,,,1.0,9.616742179079619,16.265494305430778
900,955060,32,,left,saccade,224.0,,,,838.2739999999999,769.557,488.717,764.058,,,
901,955064,32,,right,saccade,,227.0,,,834.446,740.921,493.475,759.071,,,
902,955096,1075,3.5585186567164184,left,fixation,225.0,,447.360122222222,753.956414814814,,,,,2.0,4.741058727254495,16.33040359006633
903,955100,1071,3.5585243445692885,right,fixation,,228.0,436.01215241635697,771.782007434944,,,,,2.0,9.499529869265302,31.809150286929718
904,956175,16,,left,saccade,225.0,,,,465.54,741.6239999999997,532.566,744.408,,,
905,956175,16,,right,saccade,,228.0,,,464.405,756.7869999999997,519.281,741.943,,,
906,956195,277,3.568442857142857,left,fixation,226.0,,546.975285714286,744.4950285714281,,,,,0.0,,
907,956195,281,3.5683873239436608,right,fixation,,229.0,532.326352112676,761.329422535211,,,,,2.0,6.239101649596402,12.270993379919366
908,956476,20,,left,saccade,226.0,,,,542.986,725.992,444.68300000000005,735.828,,,
909,956480,16,,right,saccade,,229.0,,,532.04,796.8389999999997,453.599,790.998,,,
910,956500,855,3.605183098591549,right,fixation,,230.0,435.744009302326,759.6036139534891,,,,,1.0,4.473285534394408,9.085012107862065
911,956500,859,3.6051168224299066,left,fixation,227.0,,450.018527777778,741.603578703705,,,,,2.0,4.365759691349112,12.432456078273265
912,957359,24,,right,saccade,,230.0,,,458.47900000000004,752.732,630.214,745.622,,,
913,957363,20,,left,saccade,227.0,,,,482.658,737.3689999999997,627.006,740.0169999999997,,,
914,957387,196,3.5813673469387743,left,fixation,228.0,,639.94948,731.53692,,,,,0.0,,
915,957387,200,3.5812499999999994,right,fixation,,231.0,630.9562156862751,753.061568627451,,,,,0.0,,
916,957587,20,,left,saccade,228.0,,,,645.367,748.6080000000003,559.988,752.197,,,
917,957591,20,,right,saccade,,231.0,,,633.3340000000002,748.773,528.46,758.46,,,
918,957611,684,3.5596666666666663,left,fixation,229.0,,522.4521162790701,734.9421627906979,,,,,2.0,3.876741099372123,7.967636302293941
919,957615,676,3.5597899408284017,right,fixation,,232.0,503.171317647059,751.970211764705,,,,,1.0,7.249669896699513,26.83557821251476
920,958295,20,,right,saccade,,232.0,,,478.92400000000004,744.427,566.569,744.563,,,
921,958299,16,,left,saccade,229.0,,,,514.524,738.7230000000003,574.5319999999998,742.14,,,
922,958319,748,3.4567165775401065,right,fixation,,233.0,554.205840425532,753.4633510638298,,,,,2.0,4.922110449811467,12.723570273729507
923,958319,756,3.4566534391534387,left,fixation,230.0,,561.6218947368419,740.823894736842,,,,,1.0,7.783284555521643,41.67812975650417
924,959071,20,,right,saccade,,233.0,,,546.256,750.298,610.378,750.355,,,
925,959079,12,,left,saccade,230.0,,,,564.867,737.628,624.0,737.628,,,
926,959095,1236,3.364708737864078,left,fixation,231.0,,658.2367645161297,734.97169032258,,,,,2.0,7.418989680998312,27.71052483624813
927,959095,1236,3.364708737864078,right,fixation,,234.0,671.477387096774,744.5105,,,,,3.0,7.334124590857727,23.54423340795993
928,960335,20,,right,saccade,,234.0,,,740.115,745.435,857.5930000000003,730.444,,,
929,960335,24,,left,saccade,231.0,,,,718.2689999999999,756.453,835.819,743.0939999999997,,,
930,960359,168,3.3823928571428565,right,fixation,,235.0,872.4659767441859,695.6586511627901,,,,,1.0,7.315786585262789,19.4474174377988
931,960363,164,3.3826585365853665,left,fixation,232.0,,847.0035952380949,749.515595238095,,,,,0.0,,
932,960531,20,,left,saccade,232.0,,,,853.2360000000001,755.3489999999997,739.434,755.3489999999997,,,
933,960531,20,,right,saccade,,235.0,,,873.306,703.721,749.852,725.288,,,
934,960555,364,3.428043956043956,left,fixation,233.0,,725.080923913044,746.0556195652182,,,,,0.0,,
935,960555,368,3.4281195652173917,right,fixation,,236.0,730.611956989247,716.012559139785,,,,,0.0,,
936,960923,28,,left,saccade,233.0,,,,707.627,739.1289999999997,461.59,754.118,,,
937,960927,32,,right,saccade,,236.0,,,712.5269999999997,705.66,442.376,753.3530000000003,,,
938,960955,248,3.527766129032259,left,fixation,234.0,,457.018698412699,746.777222222222,,,,,0.0,,
939,960963,244,3.530229508196722,right,fixation,,237.0,441.690387096774,759.535725806452,,,,,0.0,,
940,961207,20,,left,saccade,234.0,,,,452.92800000000005,762.2239999999997,526.634,755.289,,,
941,961211,16,,right,saccade,,237.0,,,456.329,758.133,531.092,755.57,,,
942,961231,220,3.5902,right,fixation,,238.0,535.404125,734.394107142857,,,,,1.0,6.036680988847375,9.271797776051905
943,961231,224,3.589875,left,fixation,235.0,,548.025964912281,744.2380350877188,,,,,0.0,,
944,961455,20,,right,saccade,,238.0,,,527.96,726.895,655.505,730.904,,,
945,961459,20,,left,saccade,235.0,,,,564.971,760.916,662.187,757.1460000000003,,,
946,961479,224,3.572410714285714,right,fixation,,239.0,665.611456140351,728.9225438596492,,,,,1.0,6.568687370988015,16.925742317546803
947,961483,216,3.5730740740740745,left,fixation,236.0,,672.901690909091,739.241345454545,,,,,0.0,,
948,961703,20,,left,saccade,236.0,,,,674.5880000000002,751.422,756.1239999999997,742.6619999999997,,,
949,961707,12,,right,saccade,,239.0,,,677.923,755.823,729.701,747.625,,,
950,961723,628,3.5045477707006367,right,fixation,,240.0,719.387626582279,742.1618354430382,,,,,0.0,,
951,961727,624,3.5042820512820514,left,fixation,237.0,,729.967681528662,743.9674713375798,,,,,0.0,,
952,962355,20,,right,saccade,,240.0,,,708.179,742.5880000000003,839.893,734.538,,,
953,962355,24,,left,saccade,237.0,,,,718.931,745.443,835.785,736.12,,,
954,962379,1368,3.3793994169096213,right,fixation,,241.0,844.640081632652,715.7035247813409,,,,,6.0,8.212028155951545,29.030068506709608
955,962383,1360,3.3791818181818183,left,fixation,238.0,,834.1179530791769,746.0243636363631,,,,,2.0,5.5623848590707965,18.165882536526553
956,963747,36,,left,saccade,238.0,,,,841.375,755.748,454.371,750.9989999999997,,,
957,963751,36,,right,saccade,,241.0,,,851.841,731.697,462.358,723.8789999999997,,,
958,963787,656,3.463743902439025,left,fixation,239.0,,427.45735151515197,746.6421696969701,,,,,2.0,6.966725026540733,21.95116887857749
959,963791,652,3.4641257668711654,right,fixation,,242.0,419.50668902438997,739.839682926829,,,,,3.0,8.167485020791991,28.94930117728629
960,964447,20,,right,saccade,,242.0,,,383.45099999999996,729.645,542.281,722.211,,,
961,964447,24,,left,saccade,239.0,,,,411.223,727.0110000000003,553.206,734.423,,,
962,964471,400,3.533535353535353,right,fixation,,243.0,544.4989504950499,722.358653465347,,,,,0.0,,
963,964475,396,3.5339132653061225,left,fixation,240.0,,556.5005,738.90219,,,,,0.0,,
964,964875,20,,left,saccade,240.0,,,,555.261,729.336,677.498,729.7610000000003,,,
965,964875,20,,right,saccade,,243.0,,,547.496,719.813,659.505,719.76,,,
966,964899,368,3.5569130434782608,left,fixation,241.0,,677.349311827957,739.702870967742,,,,,0.0,,
967,964899,368,3.5569130434782608,right,fixation,,244.0,666.24876344086,739.95164516129,,,,,0.0,,
968,965271,20,,left,saccade,241.0,,,,665.217,751.201,575.716,752.605,,,
969,965271,20,,right,saccade,,244.0,,,649.139,729.023,536.469,734.7589999999999,,,
970,965295,352,3.592174157303372,right,fixation,,245.0,536.721640449438,754.1418089887642,,,,,0.0,,
971,965295,356,3.5924333333333336,left,fixation,242.0,,557.390255555556,751.849811111111,,,,,0.0,,
972,965651,24,,right,saccade,,245.0,,,537.6669999999998,749.471,714.033,744.807,,,
973,965655,24,,left,saccade,242.0,,,,557.351,757.255,740.431,751.692,,,
974,965679,252,3.568833379927313,right,fixation,,246.0,710.00009375,748.79103125,,,,,0.0,,
975,965683,240,3.5683920666858286,left,fixation,243.0,,755.503524590163,761.846983606557,,,,,1.0,3.791716941058637,7.276132008148309
976,965927,36,,left,saccade,243.0,,,,751.61,752.699,428.116,726.8860000000003,,,
977,965935,48,,right,saccade,,246.0,,,721.597,754.1080000000003,568.1619999999998,663.196,,,
978,966179,268,3.582126700680272,right,fixation,,247.0,550.724029411764,720.433897058824,,,,,2.0,8.013973650932893,31.55533603285932
979,966191,4,,left,fixation,244.0,,428.116,726.8860000000003,,,,,0.0,,
980,966199,32,,left,saccade,244.0,,,,428.116,726.8860000000003,537.847,740.6039999999997,,,
981,966251,196,3.601011494252873,left,fixation,245.0,,562.48328,758.49418,,,,,0.0,,
982,966451,16,,right,saccade,,247.0,,,546.288,755.955,606.995,744.9110000000003,,,
983,966451,20,,left,saccade,245.0,,,,565.837,744.607,649.578,735.404,,,
984,966471,200,3.5304900000000004,right,fixation,,248.0,642.152019607843,745.700431372549,,,,,0.0,,
985,966475,192,3.52990625,left,fixation,246.0,,661.123653061225,746.173979591837,,,,,0.0,,
986,966671,28,,left,saccade,246.0,,,,660.85,743.4730000000003,436.907,756.2230000000003,,,
987,966675,24,,right,saccade,,248.0,,,643.168,746.2689999999999,434.874,744.822,,,
988,966703,1059,3.5214037735849057,right,fixation,,249.0,414.263458646617,744.8452969924809,,,,,0.0,,
989,966703,1063,3.5216409774436093,left,fixation,247.0,,423.023434456929,726.903767790262,,,,,1.0,4.3983103605563985,13.174933320514402
990,967766,24,,right,saccade,,249.0,,,415.09,750.4960000000003,593.898,733.628,,,
991,967770,20,,left,saccade,247.0,,,,439.958,716.543,568.168,718.955,,,
992,967794,677,3.5205529411764718,left,fixation,248.0,,617.0797823529409,735.510770588235,,,,,2.0,5.943217904052111,20.213363771039788
993,967794,681,3.520301169590644,right,fixation,,250.0,621.055502923976,737.870450292397,,,,,1.0,12.070348043403255,39.51742099378458
994,968475,20,,left,saccade,248.0,,,,629.0790000000002,735.273,534.65,730.65,,,
995,968479,20,,right,saccade,,250.0,,,622.094,732.145,522.697,729.5010000000003,,,
996,968499,212,3.4956893721053612,left,fixation,249.0,,527.1300555555549,721.604166666666,,,,,0.0,,
997,968503,208,3.495908194109413,right,fixation,,251.0,519.566264150944,753.734679245283,,,,,0.0,,
998,968715,48,,left,saccade,249.0,,,,530.067,724.197,586.359,709.8,,,
999,968715,52,,right,saccade,,251.0,,,520.328,757.904,618.128,656.2560000000002,,,
1000,968971,16,,right,fixation,,252.0,623.413,641.3982,,,,,0.0,,
1001,968991,4,,right,saccade,,252.0,,,633.299,656.2560000000002,634.828,678.5989999999998,,,
1002,968991,204,3.587489361702127,left,fixation,250.0,,633.222365384615,733.964576923077,,,,,0.0,,
1003,968999,196,3.5874893617021275,right,fixation,,253.0,631.3101,745.85078,,,,,1.0,6.249015578028684,12.939385031754927
1004,969199,20,,left,saccade,250.0,,,,639.753,741.211,732.307,736.1039999999997,,,
1005,969199,20,,right,saccade,,253.0,,,621.455,760.5139999999999,717.8610000000001,757.552,,,
1006,969223,364,3.4966318681318684,left,fixation,251.0,,742.568586956522,740.451065217391,,,,,1.0,3.478387960759362,5.961254230445089
1007,969223,368,3.4959456521739125,right,fixation,,254.0,741.040752688172,736.956849462365,,,,,1.0,5.2965957882817785,11.499668560441318
1008,969591,24,,left,saccade,251.0,,,,747.342,739.65,542.118,743.028,,,
1009,969595,24,,right,saccade,,254.0,,,748.2689999999999,723.051,537.414,730.065,,,
1010,969619,216,3.4428611111111107,left,fixation,252.0,,547.1686909090911,756.8482,,,,,0.0,,
1011,969623,212,3.442915094339622,right,fixation,,255.0,520.268574074074,757.301296296297,,,,,0.0,,
1012,969839,20,,left,saccade,252.0,,,,547.302,761.199,426.92,765.184,,,
1013,969839,20,,right,saccade,,255.0,,,512.383,735.7560000000003,422.227,735.7560000000003,,,
1014,969863,764,3.5408062827225133,left,fixation,253.0,,430.5093333333329,749.991942708333,,,,,0.0,,
1015,969863,764,3.5408062827225133,right,fixation,,256.0,421.561182291667,783.9093229166658,,,,,2.0,4.266106577839214,16.539783864102947
1016,970631,24,,left,saccade,253.0,,,,436.35699999999997,748.051,649.1759999999998,749.7280000000003,,,
1017,970631,24,,right,saccade,,256.0,,,449.37199999999996,783.2389999999997,655.368,759.08,,,
1018,970659,172,3.5563837209302336,left,fixation,254.0,,659.8701590909089,757.778045454545,,,,,0.0,,
1019,970659,180,3.557166666666668,right,fixation,,257.0,654.565652173913,747.0546521739128,,,,,0.0,,
1020,970835,20,,left,saccade,254.0,,,,670.605,751.398,732.415,747.1260000000003,,,
1021,970843,12,,right,saccade,,257.0,,,665.373,751.328,706.508,749.676,,,
1022,970859,140,3.5684000000000005,right,fixation,,258.0,740.232472222222,746.752194444444,,,,,0.0,,
1023,970859,552,3.55693115942029,left,fixation,255.0,,678.827683453238,755.573460431655,,,,,2.0,8.9186727044764,28.02206475578651
1024,971003,20,,right,saccade,,258.0,,,750.081,746.579,662.165,749.284,,,
1025,971027,384,3.5519062500000005,right,fixation,,259.0,653.648659793814,751.001134020618,,,,,0.0,,
1026,971415,20,,left,saccade,255.0,,,,661.623,764.695,554.409,759.775,,,
1027,971415,20,,right,saccade,,259.0,,,640.616,736.663,531.81,754.064,,,
1028,971439,256,3.5495,right,fixation,,260.0,524.974353846154,774.5053076923068,,,,,0.0,,
1029,971439,260,3.5498615384615384,left,fixation,256.0,,554.358106060606,751.329712121212,,,,,0.0,,
1030,971699,28,,right,saccade,,260.0,,,524.487,766.9889999999997,792.655,747.3910000000003,,,
1031,971703,24,,left,saccade,256.0,,,,550.702,740.455,790.16,738.815,,,
1032,971731,567,3.5797659574468086,right,fixation,,261.0,776.679328671328,744.9651608391611,,,,,2.0,6.414005045410117,16.570387819341345
1033,971731,575,3.579111888111888,left,fixation,257.0,,771.712124137931,746.770689655173,,,,,1.0,11.754429454701574,41.92520488918325
1034,972302,24,,right,saccade,,261.0,,,732.916,773.581,847.898,748.2589999999999,,,
1035,972310,16,,left,saccade,257.0,,,,758.255,736.868,819.6360000000003,740.7710000000003,,,
1036,972330,125,3.496203125,left,fixation,258.0,,835.445875,763.13659375,,,,,0.0,,
1037,972330,129,3.4955151515151512,right,fixation,,262.0,844.935,740.6251515151511,,,,,0.0,,
1038,972459,32,,left,saccade,258.0,,,,836.507,755.0930000000003,448.53,749.057,,,
1039,972463,36,,right,saccade,,262.0,,,845.028,729.9739999999997,454.404,734.4789999999997,,,
1040,972495,239,3.504872881355931,left,fixation,259.0,,433.43019672131203,742.375196721311,,,,,0.0,,
1041,972503,231,3.5045614035087715,right,fixation,,263.0,436.401355932203,760.884847457627,,,,,0.0,,
1042,972738,48,,right,saccade,,263.0,,,419.894,776.133,1296.567,674.528,,,
1043,972738,52,,left,saccade,259.0,,,,429.967,725.545,1264.32,667.2819999999998,,,
1044,972790,572,3.4624895104895104,right,fixation,,264.0,1350.68327083333,665.2768125,,,,,2.0,7.225730381628393,22.29349752248144
1045,972794,825,3.4840829326923077,left,fixation,260.0,,1328.71788888889,679.255352657005,,,,,2.0,7.9040988190621375,29.421841499932874
1046,973366,0,,right,saccade,,264.0,,,1392.464,650.034,1392.464,650.034,,,
1047,973370,8,3.5075833333333333,right,fixation,,265.0,1400.50833333333,616.322333333333,,,,,0.0,,
1048,973382,0,,right,saccade,,265.0,,,1406.139,625.387,1406.139,625.387,,,
1049,973386,4,3.5105000000000004,right,fixation,,266.0,1409.1255,625.387,,,,,0.0,,
1050,973394,8,,right,saccade,,266.0,,,1410.9720000000002,598.6419999999998,1413.662,576.8430000000002,,,
1051,973406,0,,right,fixation,,267.0,1419.035,572.754,,,,,0.0,,
1052,973410,0,,right,saccade,,267.0,,,1424.22,557.087,1424.22,557.087,,,
1053,973414,205,3.5377788461538464,right,fixation,,268.0,1427.57436538462,543.457673076923,,,,,6.0,58.12576024551222,274.0101181828776
1054,973623,24,,left,saccade,260.0,,,,1330.243,686.317,1432.634,593.499,,,
1055,973623,28,,right,saccade,,268.0,,,1447.9460000000001,523.48,1526.473,413.52099999999996,,,
1056,973651,187,3.5911521739130436,left,fixation,261.0,,1469.9515625,581.242291666666,,,,,1.0,3.948884582314896,10.231903830666187
1057,973655,27,3.5980833333333337,right,fixation,,269.0,1535.15925,419.688125,,,,,0.0,,
1058,973686,20,,right,saccade,,269.0,,,1536.781,431.985,1527.0529999999999,500.61199999999997,,,
1059,973710,76,3.6003157894736852,right,fixation,,270.0,1503.54015,473.1658,,,,,4.0,15.71293790993695,47.28997398208281
1060,973790,0,,right,saccade,,270.0,,,1488.6770000000001,498.86400000000003,1488.6770000000001,498.86400000000003,,,
1061,973794,48,3.5636666666666668,right,fixation,,271.0,1480.09046153846,511.443846153846,,,,,0.0,,
1062,973842,52,,left,saccade,261.0,,,,1461.945,597.2040000000002,535.016,609.964,,,
1063,973846,52,,right,saccade,,271.0,,,1475.0610000000001,518.42,534.543,560.98,,,
1064,973898,172,3.634081395348837,left,fixation,262.0,,516.6215,590.357863636364,,,,,1.0,5.2568569321939345,13.766320096525432
1065,973902,180,3.637466666666666,right,fixation,,272.0,502.093304347826,568.24252173913,,,,,1.0,6.701795286007749,10.421037616283755
1066,974074,16,,left,saccade,262.0,,,,514.028,577.429,465.219,609.011,,,
1067,974086,4,,right,saccade,,272.0,,,456.29,589.501,454.375,595.498,,,
1068,974094,120,3.6226210526315774,left,fixation,263.0,,460.43829032258,635.954516129032,,,,,0.0,,
1069,974094,132,3.6226210526315774,right,fixation,,273.0,436.623470588235,607.169029411765,,,,,1.0,5.236306207093369,11.091936620807084
1070,974218,44,,left,saccade,263.0,,,,460.38599999999997,650.179,332.223,532.814,,,
1071,974230,64,,right,saccade,,273.0,,,425.37,599.8580000000002,386.608,541.067,,,
1072,974394,16,,left,fixation,264.0,,338.5666,537.6898,,,,,0.0,,
1073,974398,40,,right,fixation,,274.0,387.036,534.884636363636,,,,,0.0,,
1074,974414,12,,left,saccade,264.0,,,,346.526,549.8290000000002,383.385,572.15,,,
1075,974430,0,,left,fixation,265.0,,398.11,589.846,,,,,0.0,,
1076,974434,0,,left,saccade,265.0,,,,405.43699999999995,591.48,405.43699999999995,591.48,,,
1077,974438,616,3.5810967669172937,left,fixation,266.0,,468.028529032258,619.067683870968,,,,,2.0,7.566737570102986,30.04865799876219
1078,974442,0,,right,saccade,,274.0,,,387.61400000000003,563.716,387.61400000000003,563.716,,,
1079,974446,168,3.612018245614036,right,fixation,,275.0,406.110558139535,595.04011627907,,,,,3.0,6.086369782662763,16.62724882867047
1080,974618,16,,right,saccade,,275.0,,,395.73,616.38,463.43199999999996,618.7330000000002,,,
1081,974638,416,3.5714855769230764,right,fixation,,276.0,470.8318,618.200542857143,,,,,2.0,6.969585626261468,21.541267908823546
1082,975058,44,,right,saccade,,276.0,,,459.152,619.311,926.6189999999999,149.481,,,
1083,975058,48,,left,saccade,266.0,,,,459.702,621.21,931.909,86.18700000000004,,,
1084,975106,772,3.6201968911917097,right,fixation,,277.0,942.4532577319592,84.0870979381443,,,,,0.0,,
1085,975110,768,3.6206223958333332,left,fixation,267.0,,968.171647668394,68.778792746114,,,,,2.0,4.914113419949548,16.005132308259178
1086,975882,48,,left,saccade,267.0,,,,968.67,86.89200000000002,1132.448,704.334,,,
1087,975882,48,,right,saccade,,277.0,,,945.747,93.009,1110.022,714.692,,,
1088,975934,188,3.6328510638297873,left,fixation,268.0,,1131.78208333333,737.041770833334,,,,,0.0,,
1089,975934,192,3.6333333333333333,right,fixation,,278.0,1119.48928571429,759.2310612244901,,,,,1.0,10.991828637927147,10.2355588025276
1090,976126,24,,left,saccade,268.0,,,,1132.886,743.8789999999997,1149.565,889.247,,,
1091,976130,20,,right,saccade,,278.0,,,1119.657,762.225,1165.935,882.99,,,
1092,976154,288,3.7565694444444446,left,fixation,269.0,,1160.12847945206,879.5535753424658,,,,,0.0,,
1093,976154,292,3.7574657534246576,right,fixation,,279.0,1165.53724324324,885.548662162162,,,,,0.0,,
1094,976446,44,,left,saccade,269.0,,,,1154.978,854.2760000000003,491.44800000000004,628.5409999999998,,,
1095,976450,44,,right,saccade,,279.0,,,1153.951,877.908,487.666,645.746,,,
1096,976494,360,3.840161290322581,left,fixation,270.0,,456.01682417582396,603.146329670329,,,,,1.0,7.376444732314397,27.088726382020944
1097,976498,356,3.840647058823529,right,fixation,,280.0,439.723422222222,615.1389,,,,,4.0,7.519157305525165,20.900106451815244
1098,976858,72,,left,saccade,270.0,,,,429.30199999999996,604.719,453.23199999999997,567.9590000000002,,,
1099,976858,44,,right,saccade,,280.0,,,420.10400000000004,620.252,441.681,554.746,,,
1100,977018,208,3.921478224660843,right,fixation,,281.0,448.1843773584909,592.1399056603769,,,,,1.0,9.126817726105637,28.611070811837887
1101,977074,448,3.8379588471177946,left,fixation,271.0,,525.806646017699,601.781566371682,,,,,2.0,9.353159327801793,29.269830412823982
1102,977230,20,,right,saccade,,281.0,,,452.36199999999997,626.543,534.015,612.8330000000002,,,
1103,977254,276,3.817007246376812,right,fixation,,282.0,544.6481428571431,623.788785714286,,,,,0.0,,
1104,977526,20,,left,saccade,271.0,,,,583.0319999999998,617.013,487.595,617.8919999999998,,,
1105,977534,16,,right,saccade,,282.0,,,520.39,643.9830000000002,461.87800000000004,643.099,,,
1106,977550,2328,3.6368934707903766,left,fixation,272.0,,476.19356089193803,621.449886792452,,,,,4.0,5.7500372879206685,13.299537196578553
1107,977554,2780,3.619298132183909,right,fixation,,283.0,463.59741522988503,622.588350574713,,,,,5.0,8.663281142688714,24.845067226844602
1108,979882,12,,left,saccade,272.0,,,,471.676,604.112,525.028,601.795,,,
1109,979898,436,3.5303227272727282,left,fixation,273.0,,542.983081818182,605.753672727272,,,,,0.0,,
1110,980338,20,,left,saccade,273.0,,,,553.095,625.492,634.368,621.217,,,
1111,980338,20,,right,saccade,,283.0,,,536.369,602.9019999999998,628.644,596.0169999999998,,,
1112,980362,244,3.4516916666666666,left,fixation,274.0,,644.888467741935,624.875677419355,,,,,0.0,,
1113,980362,244,3.4516916666666666,right,fixation,,284.0,635.340677419355,601.3501612903231,,,,,0.0,,
1114,980610,16,,left,saccade,274.0,,,,635.651,620.7280000000002,570.869,621.336,,,
1115,980610,20,,right,saccade,,284.0,,,638.2,590.547,525.586,590.9019999999998,,,
1116,980630,348,3.445,left,fixation,275.0,,555.45525,620.300988636363,,,,,0.0,,
1117,980634,344,3.445086206896552,right,fixation,,285.0,533.190379310345,594.336632183908,,,,,0.0,,
1118,980982,20,,left,saccade,275.0,,,,558.431,624.846,643.409,619.552,,,
1119,980982,20,,right,saccade,,285.0,,,534.35,595.745,636.251,589.2040000000002,,,
1120,981006,1056,3.4338460076045627,left,fixation,276.0,,641.207132075472,631.589943396227,,,,,0.0,,
1121,981006,1060,3.4341647727272733,right,fixation,,286.0,634.732041353384,595.368112781955,,,,,1.0,4.826036158173724,22.80754024440165
1122,982066,20,,left,saccade,276.0,,,,641.5459999999998,616.016,746.695,601.205,,,
1123,982070,8,,right,saccade,,286.0,,,667.575,588.8009999999998,704.2189999999997,588.015,,,
1124,982082,568,3.585767605633803,right,fixation,,287.0,733.745517482518,597.672986013986,,,,,0.0,,
1125,982090,564,3.587482394366197,left,fixation,277.0,,748.1642746478868,612.492943661971,,,,,0.0,,
1126,982654,16,,right,saccade,,287.0,,,732.2589999999999,579.6659999999998,806.6619999999997,580.6990000000002,,,
1127,982658,12,,left,saccade,277.0,,,,734.668,594.347,791.493,596.395,,,
1128,982674,592,3.563543918918919,left,fixation,278.0,,813.2035973154359,598.528093959732,,,,,1.0,6.253631222915385,23.75333073486741
1129,982674,592,3.563543918918919,right,fixation,,288.0,814.019093959731,573.872684563759,,,,,1.0,4.447670014238423,9.865088849067735
1130,983270,24,,left,saccade,278.0,,,,832.3489999999997,596.205,711.556,603.1669999999998,,,
1131,983270,24,,right,saccade,,288.0,,,825.3,596.618,697.6489999999999,597.953,,,
1132,983298,316,3.439018987341772,left,fixation,279.0,,700.5303375,630.6652625,,,,,0.0,,
1133,983298,316,3.439018987341772,right,fixation,,289.0,694.61595,600.160425,,,,,0.0,,
1134,983618,16,,right,saccade,,289.0,,,693.3919999999997,578.865,753.934,539.754,,,
1135,983618,20,,left,saccade,279.0,,,,699.058,629.927,767.68,596.8380000000002,,,
1136,983638,380,3.4177684210526316,right,fixation,,290.0,785.526875000001,506.37800000000004,,,,,1.0,11.150852689119546,34.372455033063886
1137,983642,160,3.4301375,left,fixation,280.0,,783.7965853658528,565.775024390244,,,,,0.0,,
1138,983806,16,,left,saccade,280.0,,,,782.27,568.498,782.27,502.894,,,
1139,983826,196,3.4051632653061223,left,fixation,281.0,,804.3435,510.24462,,,,,0.0,,
1140,984022,20,,right,saccade,,290.0,,,795.3839999999999,491.24199999999996,823.78,585.533,,,
1141,984026,16,,left,saccade,281.0,,,,810.779,518.7230000000002,836.002,588.11,,,
1142,984046,308,3.405350649350649,right,fixation,,291.0,844.5985384615379,578.32526923077,,,,,0.0,,
1143,984046,312,3.4059230769230764,left,fixation,282.0,,845.496873417722,605.00288607595,,,,,0.0,,
1144,984358,20,,right,saccade,,291.0,,,842.549,563.828,759.258,560.991,,,
1145,984362,16,,left,saccade,282.0,,,,842.915,615.102,768.373,611.044,,,
1146,984382,232,3.4928103448275856,left,fixation,283.0,,756.9908135593221,600.9241694915249,,,,,0.0,,
1147,984382,600,3.5137533333333333,right,fixation,,292.0,792.215066225166,570.757741721855,,,,,4.0,7.7762888480389565,25.206955695629677
1148,984618,20,,left,saccade,283.0,,,,759.587,612.398,824.315,614.815,,,
1149,984642,336,3.5297440476190483,left,fixation,284.0,,827.006670588235,611.804694117647,,,,,0.0,,
1150,984982,20,,left,saccade,284.0,,,,828.8739999999997,599.571,748.312,593.435,,,
1151,984986,20,,right,saccade,,292.0,,,827.8919999999997,600.766,729.365,602.202,,,
1152,985006,248,3.5483629032258066,left,fixation,285.0,,739.031460317461,594.0564603174597,,,,,0.0,,
1153,985010,240,3.5485083333333334,right,fixation,,293.0,727.423098360656,593.007934426229,,,,,0.0,,
1154,985254,20,,right,saccade,,293.0,,,728.4630000000003,599.225,801.558,598.4119999999998,,,
1155,985258,16,,left,saccade,285.0,,,,744.446,594.056,822.1260000000003,595.158,,,
1156,985278,236,3.6022118644067787,left,fixation,286.0,,821.8438,604.901116666667,,,,,0.0,,
1157,985278,840,3.6916190476190485,right,fixation,,294.0,760.3032748815158,615.327232227488,,,,,1.0,10.36675405375813,30.2606479937227
1158,985518,16,,left,saccade,286.0,,,,822.547,618.73,759.102,620.297,,,
1159,985538,580,3.7296379310344814,left,fixation,287.0,,745.909863013699,611.217089041097,,,,,0.0,,
1160,986122,40,,right,saccade,,294.0,,,745.827,635.182,967.26,128.05700000000002,,,
1161,986122,44,,left,saccade,287.0,,,,747.773,620.779,982.0269999999999,94.262,,,
1162,986166,1592,3.7578703241895264,right,fixation,,295.0,957.106062656642,84.499097744361,,,,,1.0,8.201087952894516,27.785119614642767
1163,986170,1588,3.75794,left,fixation,288.0,,962.927844221105,60.4450653266331,,,,,1.0,4.855502322680504,13.8777036284827
