,starttime,duration,meanPupilDiameter,eye,eventType,eventIdxLeft,eventIdxRight,meanX,meanY,startSaccadeX,startSaccadeY,endSaccadeX,endSaccadeY,microsaccadeCount,microsaccadeAmplitude,microsaccadePeakVelocity
0,2271161,180,2.8586630434782614,left,fixation,1.0,,1533.37923913043,756.485065217391,,,,,0.0,,
1,2271161,180,2.8586630434782614,right,fixation,,1.0,1522.3454347826098,726.5460869565221,,,,,0.0,,
2,2271345,56,,left,saccade,1.0,,,,1524.398,746.602,721.732,403.76099999999997,,,
3,2271345,56,,right,saccade,,1.0,,,1516.629,720.962,720.0310000000003,396.849,,,
4,2271405,104,2.8446923076923065,left,fixation,2.0,,713.832851851852,384.366481481481,,,,,0.0,,
5,2271405,108,2.8445925925925923,right,fixation,,2.0,718.4955,383.12953571428596,,,,,0.0,,
6,2271513,28,,left,saccade,2.0,,,,710.518,380.156,571.595,273.971,,,
7,2271517,28,,right,saccade,,2.0,,,716.3389999999997,383.84,586.646,265.786,,,
8,2271545,128,2.853484375,left,fixation,3.0,,554.635393939394,227.393545454546,,,,,1.0,6.612655396199676,15.056343945327484
9,2271549,124,2.8534838709677417,right,fixation,,3.0,567.765625,243.6898125,,,,,0.0,,
10,2271677,16,,left,saccade,3.0,,,,541.327,212.25599999999997,474.972,186.011,,,
11,2271677,16,,right,saccade,,3.0,,,556.695,228.312,486.601,207.553,,,
12,2271697,396,2.865515151515152,right,fixation,,4.0,455.61954000000003,167.48277,,,,,0.0,,
13,2271697,652,2.860782208588957,left,fixation,4.0,,475.977,164.39543902439,,,,,1.0,11.226272867697446,35.491320065616065
14,2272097,16,,right,saccade,,4.0,,,434.12300000000016,151.119,504.713,157.702,,,
15,2272117,232,2.852594827586207,right,fixation,,5.0,526.4566949152539,179.242745762712,,,,,0.0,,
16,2272353,16,,left,saccade,4.0,,,,520.502,171.997,589.019,172.908,,,
17,2272353,16,,right,saccade,,5.0,,,525.391,187.24099999999999,603.769,193.05,,,
18,2272373,264,2.856416666666666,left,fixation,5.0,,612.968164179105,177.384074626866,,,,,0.0,,
19,2272373,268,2.856283582089552,right,fixation,,6.0,631.185985294117,206.28554411764702,,,,,0.0,,
20,2272641,20,,left,saccade,5.0,,,,624.703,188.885,711.056,187.09400000000002,,,
21,2272645,16,,right,saccade,,6.0,,,637.935,202.679,717.523,202.679,,,
22,2272665,660,2.839469696969697,left,fixation,6.0,,790.350572289156,196.09548795180697,,,,,2.0,6.924473939515673,23.173669127887898
23,2272665,668,2.839721556886228,right,fixation,,7.0,798.2809583333328,207.38365476190498,,,,,4.0,7.608576610730371,20.730146272053297
24,2273329,16,,left,saccade,6.0,,,,829.748,205.56799999999998,753.403,203.77200000000002,,,
25,2273337,12,,right,saccade,,7.0,,,810.932,229.053,777.883,227.139,,,
26,2273349,376,2.8730904255319154,left,fixation,7.0,,748.9372736842108,190.34257894736805,,,,,0.0,,
27,2273353,372,2.873236559139785,right,fixation,,8.0,758.2294361702119,205.992436170213,,,,,1.0,5.398534165760979,12.80318850911748
28,2273729,20,,right,saccade,,8.0,,,762.796,188.243,649.476,202.886,,,
29,2273729,24,,left,saccade,7.0,,,,756.166,186.393,630.342,176.828,,,
30,2273753,264,2.869878787878788,right,fixation,,9.0,634.974119402984,204.470074626866,,,,,0.0,,
31,2273757,260,2.8697769230769232,left,fixation,8.0,,620.696666666667,175.96125757575803,,,,,0.0,,
32,2274021,20,,left,saccade,8.0,,,,626.2769999999998,180.34,540.882,192.803,,,
33,2274021,20,,right,saccade,,9.0,,,637.196,195.718,554.306,197.275,,,
34,2274045,696,2.87432183908046,right,fixation,,10.0,476.5292171428569,186.020274285714,,,,,1.0,10.173083020347796,28.593444790720774
35,2274045,700,2.8743314285714288,left,fixation,9.0,,463.01364204545405,172.361272727273,,,,,2.0,5.6818377404659115,19.73910276415355
36,2274745,20,,right,saccade,,10.0,,,456.689,175.947,531.143,190.857,,,
37,2274749,16,,left,saccade,9.0,,,,466.032,191.80599999999998,531.5830000000002,186.62400000000002,,,
38,2274769,523,2.882440968419761,left,fixation,10.0,,538.902712121213,189.830977272727,,,,,0.0,,
39,2274769,531,2.8824409684197607,right,fixation,,11.0,543.44097761194,204.030529850746,,,,,2.0,5.136352639133451,17.133971742473506
40,2275296,60,,left,saccade,10.0,,,,545.1419999999998,205.842,594.33,209.885,,,
41,2275304,40,,right,saccade,,11.0,,,527.549,193.278,527.219,194.18200000000002,,,
42,2275444,713,2.849188166275066,right,fixation,,12.0,619.124810055865,223.965748603352,,,,,4.0,7.08053383987074,23.216369088823928
43,2275496,661,2.849188166275066,left,fixation,11.0,,612.680487951807,190.62317469879503,,,,,2.0,7.0744368558355974,26.41206162113472
44,2276161,20,,left,saccade,11.0,,,,621.0790000000002,192.095,725.305,195.118,,,
45,2276161,20,,right,saccade,,12.0,,,639.245,197.982,737.3530000000003,193.925,,,
46,2276185,724,2.808754143646409,right,fixation,,13.0,783.20445054945,195.594945054945,,,,,4.0,9.082622794038722,29.995047726263728
47,2276185,728,2.808826923076924,left,fixation,12.0,,783.696907103826,189.86753551912602,,,,,1.0,11.849899582321823,48.853819052352584
48,2276913,15,,right,saccade,,13.0,,,822.8789999999997,217.86700000000002,776.618,204.157,,,
49,2276917,11,,left,saccade,12.0,,,,809.451,196.812,768.0369999999997,190.355,,,
50,2276932,212,2.8248490566037736,right,fixation,,14.0,741.9279814814819,180.928851851852,,,,,0.0,,
51,2276932,216,2.8249074074074083,left,fixation,13.0,,744.921072727273,181.45176363636398,,,,,0.0,,
52,2277148,24,,right,saccade,,14.0,,,733.696,174.808,837.63,225.15900000000002,,,
53,2277152,20,,left,saccade,13.0,,,,742.878,163.498,828.12,187.232,,,
54,2277176,200,2.81585,right,fixation,,15.0,834.648999999999,235.24431372549,,,,,0.0,,
55,2277176,864,2.811111111111111,left,fixation,14.0,,836.8914470046091,282.217290322581,,,,,3.0,7.1066877724936175,20.929502629145123
56,2277380,8,,right,saccade,,15.0,,,830.488,258.803,829.9169999999997,288.022,,,
57,2277392,644,2.8094037267080743,right,fixation,,16.0,843.4747777777769,322.99264197530897,,,,,0.0,,
58,2278040,24,,right,saccade,,16.0,,,858.924,358.418,742.02,353.689,,,
59,2278044,24,,left,saccade,14.0,,,,852.199,329.05699999999996,711.915,326.41,,,
60,2278068,256,2.805859375,right,fixation,,17.0,697.047092307692,343.036507692308,,,,,0.0,,
61,2278072,252,2.8060079365079362,left,fixation,15.0,,679.709125,308.1578125,,,,,1.0,5.404661655562824,16.190046942489072
62,2278328,29,,right,saccade,,17.0,,,701.7539999999997,326.77,562.751,257.077,,,
63,2278328,33,,left,saccade,15.0,,,,680.988,317.228,552.1669999999998,214.271,,,
64,2278361,252,2.8438447204968944,right,fixation,,18.0,539.999828125,210.86040625,,,,,1.0,7.405792151342688,26.67773213749623
65,2278365,252,2.8442545696539483,left,fixation,16.0,,529.429109375,196.695515625,,,,,0.0,,
66,2278617,52,,right,saccade,,18.0,,,530.995,208.09799999999998,460.29900000000004,171.85,,,
67,2278621,44,,left,saccade,16.0,,,,511.121,201.03599999999997,504.17800000000005,222.702,,,
68,2278681,128,,right,fixation,,19.0,458.434666666667,196.780636363636,,,,,0.0,,
69,2278685,120,,left,fixation,17.0,,456.35564516129006,184.10477419354802,,,,,0.0,,
70,2278809,120,,left,saccade,17.0,,,,443.207,178.919,1128.274,193.05,,,
71,2278813,44,,right,saccade,,19.0,,,453.05199999999996,206.968,588.038,617.985,,,
72,2278973,16,,right,fixation,,20.0,590.2124,618.7044,,,,,0.0,,
73,2278993,52,,right,saccade,,20.0,,,591.114,618.758,1162.618,221.53400000000002,,,
74,2279049,92,2.8021578947368417,right,fixation,,21.0,1155.97933333333,201.00683333333302,,,,,0.0,,
75,2279053,88,2.8021578947368417,left,fixation,18.0,,1129.11917391304,161.29852173913,,,,,0.0,,
76,2279145,24,,left,saccade,18.0,,,,1123.128,155.267,958.575,54.239,,,
77,2279145,24,,right,saccade,,21.0,,,1147.81,182.893,975.916,86.943,,,
78,2279173,247,2.919967213114754,left,fixation,19.0,,948.733904761905,53.574111111111094,,,,,0.0,,
79,2279173,247,2.919967213114754,right,fixation,,22.0,953.405444444444,77.71258730158729,,,,,0.0,,
80,2279424,52,,right,saccade,,22.0,,,941.3480000000001,76.979,593.826,753.6039999999997,,,
81,2279424,56,,left,saccade,19.0,,,,946.923,68.208,614.048,761.298,,,
82,2279480,264,2.8971818181818185,right,fixation,,23.0,583.207074626866,799.37523880597,,,,,1.0,10.564021059447226,22.308043616596986
83,2279484,268,2.897201492537313,left,fixation,20.0,,575.606102941177,781.339573529412,,,,,0.0,,
84,2279748,16,,right,saccade,,23.0,,,577.8380000000002,812.033,523.243,814.4989999999997,,,
85,2279756,8,,left,saccade,20.0,,,,551.6569999999998,780.072,524.087,780.967,,,
86,2279768,332,2.9007048192771085,left,fixation,21.0,,477.263976190476,768.907261904762,,,,,2.0,6.042848270535245,24.38524089858269
87,2279768,332,2.9007048192771085,right,fixation,,24.0,475.58673809523805,788.148,,,,,2.0,7.246657223799359,30.583060081698108
88,2280104,20,,left,saccade,21.0,,,,444.76300000000003,755.2230000000003,532.408,756.6039999999997,,,
89,2280104,20,,right,saccade,,24.0,,,436.51599999999996,780.18,541.735,769.326,,,
90,2280128,188,2.8823936170212767,right,fixation,,25.0,552.147875,777.308145833333,,,,,0.0,,
91,2280128,196,2.882540816326532,left,fixation,22.0,,570.08056,776.56024,,,,,1.0,5.810508213094997,19.335177087371047
92,2280320,20,,right,saccade,,25.0,,,559.029,777.725,657.971,790.951,,,
93,2280328,8,,left,saccade,22.0,,,,593.512,789.0089999999999,622.904,789.0089999999999,,,
94,2280340,108,2.8921481481481486,left,fixation,23.0,,660.17,778.2861785714281,,,,,0.0,,
95,2280344,100,2.8921,right,fixation,,26.0,675.9538846153849,800.5913076923082,,,,,0.0,,
96,2280448,24,,right,saccade,,26.0,,,681.3510000000001,815.985,793.293,804.436,,,
97,2280452,20,,left,saccade,23.0,,,,688.541,781.9110000000003,775.909,773.465,,,
98,2280476,224,2.9006071428571434,right,fixation,,27.0,814.379228070175,796.552368421053,,,,,1.0,5.593353918317307,21.547165126763183
99,2280476,228,2.9009298245614032,left,fixation,24.0,,802.7014827586211,767.738448275862,,,,,1.0,5.287820000823711,10.671111376047133
100,2280704,28,,right,saccade,,27.0,,,846.669,789.3839999999999,694.196,807.9960000000003,,,
101,2280708,20,,left,saccade,24.0,,,,819.5260000000003,768.9830000000003,684.2589999999999,767.291,,,
102,2280732,348,2.8898678160919538,left,fixation,25.0,,703.2780568181821,767.919931818182,,,,,1.0,10.515728570152016,45.28550092468888
103,2280736,344,2.889732558139535,right,fixation,,28.0,712.8346896551718,798.617655172414,,,,,2.0,10.784321214132852,40.30993494623681
104,2281084,28,,left,saccade,25.0,,,,732.68,767.831,587.575,622.828,,,
105,2281084,32,,right,saccade,,28.0,,,752.2489999999997,794.426,570.164,627.154,,,
106,2281116,232,2.838543103448276,left,fixation,26.0,,564.8960677966097,601.840644067796,,,,,0.0,,
107,2281120,228,2.838350877192982,right,fixation,,29.0,560.653724137931,599.255517241379,,,,,0.0,,
108,2281352,28,,left,saccade,26.0,,,,555.871,581.707,503.98800000000006,318.514,,,
109,2281352,28,,right,saccade,,29.0,,,551.091,599.8480000000002,532.317,355.33,,,
110,2281384,240,2.8744083333333337,left,fixation,27.0,,487.220737704918,294.448852459016,,,,,2.0,7.786931043456688,20.75061130445846
111,2281384,240,2.8744083333333337,right,fixation,,30.0,501.82468852459004,313.397639344262,,,,,1.0,11.047225204648552,26.72729176328945
112,2281628,20,,left,saccade,27.0,,,,477.344,331.278,462.559,215.399,,,
113,2281628,20,,right,saccade,,30.0,,,473.598,330.907,466.445,203.797,,,
114,2281652,1000,2.8998945499653734,left,fixation,28.0,,449.74744621514014,184.40625498008,,,,,0.0,,
115,2281652,1004,2.8998945499653734,right,fixation,,31.0,455.573115079365,190.36129365079398,,,,,0.0,,
116,2282656,40,,left,saccade,28.0,,,,458.023,171.53099999999995,492.087,238.048,,,
117,2282660,40,,right,saccade,,31.0,,,445.853,172.97299999999996,423.923,158.833,,,
118,2282800,752,2.861185681891804,right,fixation,,32.0,443.24025925926,195.186216931217,,,,,3.0,5.507273394473983,12.221069657070306
119,2282816,736,2.861185681891804,left,fixation,29.0,,461.55505945946,180.737189189189,,,,,1.0,8.358272844580043,37.58091316080544
120,2283556,20,,left,saccade,29.0,,,,445.68699999999995,174.77,519.298,179.864,,,
121,2283556,20,,right,saccade,,32.0,,,426.56300000000016,187.93400000000003,514.127,192.78,,,
122,2283580,380,2.82362105263158,right,fixation,,33.0,525.03284375,211.710541666666,,,,,0.0,,
123,2283580,384,2.823692708333333,left,fixation,30.0,,532.231639175258,194.087907216495,,,,,0.0,,
124,2283964,16,,right,saccade,,33.0,,,532.013,199.575,587.846,196.73,,,
125,2283968,12,,left,saccade,30.0,,,,554.2180000000002,182.683,588.457,173.55700000000004,,,
126,2283984,376,2.8434414893617017,left,fixation,31.0,,629.931,167.064884210526,,,,,0.0,,
127,2283984,964,2.8453755186721987,right,fixation,,34.0,698.518367768595,202.258479338843,,,,,7.0,6.9007636945460575,23.36199237497609
128,2284364,16,,left,saccade,31.0,,,,645.6659999999998,168.452,698.206,173.635,,,
129,2284384,564,2.846567375886525,left,fixation,32.0,,755.7340563380278,183.801669014085,,,,,1.0,4.771935654311434,11.373546324695745
130,2284952,20,,left,saccade,32.0,,,,769.2610000000003,203.72299999999998,631.9540000000002,199.89,,,
131,2284952,20,,right,saccade,,34.0,,,752.638,200.727,637.446,206.13400000000001,,,
132,2284976,148,2.843391891891892,left,fixation,33.0,,624.609947368421,173.785631578947,,,,,0.0,,
133,2284976,148,2.843391891891892,right,fixation,,35.0,620.227710526316,200.43397368421,,,,,0.0,,
134,2285128,20,,left,saccade,33.0,,,,616.911,172.102,524.154,177.27700000000004,,,
135,2285128,20,,right,saccade,,35.0,,,606.405,188.30700000000002,508.251,193.148,,,
136,2285152,620,2.87051282051282,left,fixation,34.0,,467.540230769231,168.207980769231,,,,,1.0,7.774062894580207,22.632944947575826
137,2285152,620,2.87051282051282,right,fixation,,36.0,472.496397435897,190.684217948718,,,,,4.0,6.152273104474977,21.514463135218037
138,2285776,28,,right,saccade,,36.0,,,482.798,185.99200000000002,693.8439999999997,185.99200000000002,,,
139,2285776,32,,left,saccade,34.0,,,,465.591,185.87599999999998,688.173,181.067,,,
140,2285808,692,2.8676965317919083,right,fixation,,37.0,728.87441954023,200.02248275862098,,,,,6.0,6.771453571638952,18.929325336493683
141,2285812,684,2.867643274853801,left,fixation,35.0,,735.151081395349,171.821529069767,,,,,3.0,6.593656009113704,17.694965512829047
142,2286500,20,,left,saccade,35.0,,,,710.163,151.78,788.306,168.364,,,
143,2286504,16,,right,saccade,,37.0,,,718.346,164.407,769.615,174.861,,,
144,2286524,1108,2.8577111913357403,left,fixation,36.0,,827.231737410072,186.010917266187,,,,,5.0,7.04191593989777,25.713559117006458
145,2286524,1108,2.8577111913357403,right,fixation,,38.0,828.6678237410069,210.910985611511,,,,,1.0,7.569227386082548,25.98323459463814
146,2287636,24,,left,saccade,36.0,,,,840.405,182.489,662.155,186.43200000000002,,,
147,2287636,24,,right,saccade,,38.0,,,838.232,209.053,661.888,203.722,,,
148,2287664,784,2.8312691553544505,left,fixation,37.0,,595.1113197969539,171.984888324873,,,,,2.0,6.931910794819113,29.124267543683963
149,2287664,788,2.8312691553544496,right,fixation,,39.0,604.233994949496,206.851070707071,,,,,1.0,10.263971561838137,41.19436718776004
150,2288452,40,,left,saccade,37.0,,,,537.081,184.167,638.606,222.993,,,
151,2288456,40,,right,saccade,,39.0,,,557.9019999999998,211.021,575.174,200.813,,,
152,2288568,132,2.7776428571428573,right,fixation,,40.0,600.244558823529,196.193970588235,,,,,1.0,4.035996410773638,9.022811812289897
153,2288576,4,,left,fixation,38.0,,638.606,222.993,,,,,0.0,,
154,2288584,8,,left,saccade,38.0,,,,631.519,199.243,626.27,175.329,,,
155,2288596,100,2.769083333333333,left,fixation,39.0,,607.7101923076921,166.982692307692,,,,,0.0,,
156,2288700,16,,left,saccade,39.0,,,,602.247,166.718,541.189,169.979,,,
157,2288704,16,,right,saccade,,40.0,,,622.432,201.553,562.2130000000002,213.752,,,
158,2288720,456,2.8469078947368422,left,fixation,40.0,,532.424052173913,179.082678260869,,,,,0.0,,
159,2288724,452,2.84691592920354,right,fixation,,41.0,540.656754385965,194.849903508772,,,,,0.0,,
160,2289180,24,,left,saccade,40.0,,,,543.295,175.354,735.4789999999997,189.081,,,
161,2289180,24,,right,saccade,,41.0,,,543.506,173.27700000000004,733.9739999999997,178.542,,,
162,2289208,580,2.820858620689655,left,fixation,41.0,,760.6195273972612,190.16920547945202,,,,,1.0,5.7929407807165525,13.451298301651068
163,2289208,580,2.820858620689655,right,fixation,,42.0,759.7209726027388,186.17102739726002,,,,,1.0,4.332251265540536,9.83148025477337
164,2289792,28,,left,saccade,41.0,,,,762.6339999999999,200.10299999999998,504.596,197.945,,,
165,2289792,28,,right,saccade,,42.0,,,751.247,175.06400000000005,522.354,197.18400000000003,,,
166,2289824,419,2.8250769230769235,left,fixation,42.0,,460.744613207547,185.215028301887,,,,,1.0,4.795128433571342,12.811298958341393
167,2289824,419,2.8250769230769235,right,fixation,,43.0,469.91135849056604,192.95775471698101,,,,,2.0,5.846625199175872,18.247666002639587
168,2290247,25,,right,saccade,,43.0,,,442.041,185.408,637.143,182.15900000000002,,,
169,2290247,29,,left,saccade,42.0,,,,448.616,194.562,635.36,179.505,,,
170,2290276,248,2.8348306451612904,right,fixation,,44.0,663.864936507936,213.876476190476,,,,,0.0,,
171,2290280,244,2.8346803278688526,left,fixation,43.0,,656.041758064516,178.99722580645195,,,,,0.0,,
172,2290528,24,,left,saccade,43.0,,,,664.9939999999998,186.09400000000002,776.062,191.75599999999997,,,
173,2290528,24,,right,saccade,,44.0,,,662.9069999999998,221.79,789.2330000000003,225.222,,,
174,2290556,544,2.8346507352941166,left,fixation,44.0,,815.758970802919,192.56201459854,,,,,1.0,4.850237442641336,10.430422522601818
175,2290556,544,2.8346507352941166,right,fixation,,45.0,817.56488321168,217.992160583942,,,,,1.0,6.020853365595281,17.694550234464895
176,2291104,28,,right,saccade,,45.0,,,837.562,227.227,634.18,231.391,,,
177,2291104,32,,left,saccade,44.0,,,,825.945,193.28,614.241,191.09,,,
178,2291136,160,2.846275,right,fixation,,46.0,615.1725609756099,192.794073170732,,,,,0.0,,
179,2291140,156,2.8464230769230765,left,fixation,45.0,,606.336625,174.804625,,,,,0.0,,
180,2291300,16,,left,saccade,45.0,,,,610.371,156.06,538.924,162.201,,,
181,2291300,16,,right,saccade,,46.0,,,615.825,180.827,550.68,182.838,,,
182,2291320,288,2.8446805555555565,right,fixation,,47.0,526.039561643836,177.866643835616,,,,,0.0,,
183,2291320,1376,2.8438677325581403,left,fixation,46.0,,586.7150521739129,177.26199710144903,,,,,4.0,8.012867385155744,36.062245999480034
184,2291612,20,,right,saccade,,47.0,,,519.543,175.58900000000003,596.406,189.813,,,
185,2291636,1060,2.8434018867924533,right,fixation,,48.0,615.5509436090219,191.72916917293202,,,,,2.0,9.002720598524878,28.940094388114733
186,2292700,24,,left,saccade,46.0,,,,555.025,195.398,734.877,185.95,,,
187,2292700,32,,right,saccade,,48.0,,,549.112,192.84099999999998,767.862,216.457,,,
188,2292728,176,2.8668068181818183,left,fixation,47.0,,765.967777777778,177.64831111111096,,,,,0.0,,
189,2292736,168,2.8662738095238094,right,fixation,,49.0,761.950511627907,201.24206976744202,,,,,0.0,,
190,2292908,16,,right,saccade,,49.0,,,753.4860000000001,202.146,822.2719999999997,210.671,,,
191,2292908,20,,left,saccade,47.0,,,,769.4,178.854,844.135,189.136,,,
192,2292928,264,2.8449848484848483,right,fixation,,50.0,842.401149253731,215.881313432836,,,,,0.0,,
193,2292932,260,2.8447384615384617,left,fixation,48.0,,858.935,199.075318181818,,,,,0.0,,
194,2293196,20,,left,saccade,48.0,,,,839.9839999999997,192.24400000000003,757.472,199.035,,,
195,2293196,20,,right,saccade,,50.0,,,849.097,201.084,745.177,202.74200000000002,,,
196,2293220,132,2.858348484848485,left,fixation,49.0,,744.120911764706,192.872323529412,,,,,0.0,,
197,2293220,132,2.858348484848485,right,fixation,,51.0,728.137882352941,196.1075,,,,,0.0,,
198,2293356,20,,left,saccade,49.0,,,,737.7560000000003,183.12900000000002,647.145,182.69299999999998,,,
199,2293356,20,,right,saccade,,51.0,,,726.702,186.127,636.284,179.391,,,
200,2293380,392,2.8748469387755105,left,fixation,50.0,,615.956717171717,162.56795959596002,,,,,1.0,6.206644264639144,18.49703295126014
201,2293380,392,2.8748469387755105,right,fixation,,52.0,612.600656565657,197.280606060606,,,,,2.0,6.90086165029876,16.733841631387556
202,2293776,52,,left,saccade,50.0,,,,606.1990000000002,151.489,1323.529,161.556,,,
203,2293776,56,,right,saccade,,52.0,,,600.885,163.47899999999996,1343.5279999999998,192.37400000000002,,,
204,2293832,559,2.8749244604316546,left,fixation,51.0,,1384.37011347518,180.671907801419,,,,,1.0,6.1006777446808576,19.34245537670961
205,2293836,555,2.8748260869565216,right,fixation,,53.0,1383.5554,184.95695714285702,,,,,1.0,6.8790708109614975,22.14046623267001
206,2294395,48,,left,saccade,51.0,,,,1409.964,183.2,715.1260000000003,175.796,,,
207,2294395,52,,right,saccade,,53.0,,,1414.969,182.38,709.648,185.924,,,
208,2294447,513,2.828684615384616,left,fixation,52.0,,644.696891472868,171.897341085271,,,,,1.0,12.054320946126404,63.24505237566018
209,2294451,505,2.8284101562499995,right,fixation,,54.0,652.744724409448,190.12578740157502,,,,,2.0,6.532578575001227,17.392421542889224
210,2294960,24,,right,saccade,,54.0,,,615.148,180.933,733.684,184.274,,,
211,2294964,20,,left,saccade,52.0,,,,624.37,178.421,736.284,184.112,,,
212,2294988,339,2.825119047619048,left,fixation,53.0,,752.213511627907,182.952662790698,,,,,0.0,,
213,2294988,339,2.825119047619048,right,fixation,,55.0,751.49165116279,214.71961627906998,,,,,3.0,5.441053325323485,14.644606981213252
214,2295331,16,,right,saccade,,55.0,,,745.7280000000003,195.575,819.102,199.885,,,
215,2295331,20,,left,saccade,53.0,,,,754.8539999999997,186.40900000000002,835.868,182.90900000000002,,,
216,2295351,408,2.7998382352941182,right,fixation,,56.0,842.1297572815538,218.142194174757,,,,,0.0,,
217,2295355,408,2.799764705882353,left,fixation,54.0,,842.996174757282,198.308854368932,,,,,0.0,,
218,2295763,28,,right,saccade,,56.0,,,840.3889999999999,223.93099999999998,636.742,224.713,,,
219,2295767,24,,left,saccade,54.0,,,,837.702,207.365,612.452,204.412,,,
220,2295795,484,2.8228842975206607,left,fixation,55.0,,561.31894262295,184.5275,,,,,1.0,9.744737076722199,27.97911485376195
221,2295795,484,2.8228842975206607,right,fixation,,57.0,566.735024590164,222.69444262295104,,,,,2.0,8.964891595961895,25.48451963388659
222,2296283,16,,right,saccade,,57.0,,,549.702,207.97,603.871,208.222,,,
223,2296283,20,,left,saccade,55.0,,,,555.39,179.778,618.923,177.88400000000001,,,
224,2296303,324,2.8222407407407406,right,fixation,,58.0,634.5414268292681,208.513,,,,,0.0,,
225,2296307,320,2.82214375,left,fixation,56.0,,648.33986419753,175.251790123457,,,,,1.0,5.354566918891658,11.1879285392784
226,2296631,20,,left,saccade,56.0,,,,639.149,177.1,745.215,167.60299999999995,,,
227,2296631,20,,right,saccade,,58.0,,,644.725,209.05900000000003,726.547,218.646,,,
228,2296655,176,2.8133636363636367,left,fixation,57.0,,765.944977777778,182.021733333333,,,,,0.0,,
229,2296655,180,2.813533333333333,right,fixation,,59.0,753.061891304348,223.39432608695702,,,,,0.0,,
230,2296835,24,,left,saccade,57.0,,,,771.015,200.14700000000002,662.99,181.537,,,
231,2296839,16,,right,saccade,,59.0,,,741.507,210.255,662.308,222.283,,,
232,2296859,476,2.82164705882353,right,fixation,,60.0,645.12845,218.0375,,,,,0.0,,
233,2296863,472,2.8216906779661017,left,fixation,58.0,,643.165781512605,176.368647058824,,,,,0.0,,
234,2297339,24,,left,saccade,58.0,,,,653.689,165.523,468.82300000000004,174.69299999999996,,,
235,2297339,24,,right,saccade,,60.0,,,653.7080000000002,203.054,491.35699999999997,214.528,,,
236,2297367,160,2.82995,left,fixation,59.0,,448.07131707317114,181.74404878048801,,,,,0.0,,
237,2297367,160,2.82995,right,fixation,,61.0,462.069756097561,206.94785365853699,,,,,1.0,5.466519929433063,16.927913515847106
238,2297531,32,,right,saccade,,61.0,,,448.37300000000016,195.678,770.9019999999997,198.96599999999998,,,
239,2297531,36,,left,saccade,59.0,,,,442.315,176.803,764.807,159.879,,,
240,2297567,240,2.8366083333333334,right,fixation,,62.0,804.956344262295,218.127754098361,,,,,1.0,6.3296009550365975,12.999905538118371
241,2297571,236,2.8363135593220328,left,fixation,60.0,,796.813083333333,187.86105,,,,,0.0,,
242,2297811,32,,right,saccade,,62.0,,,802.206,185.581,499.34,360.727,,,
243,2297811,36,,left,saccade,60.0,,,,796.196,209.062,490.8,362.63699999999994,,,
244,2297847,768,2.792372395833333,right,fixation,,63.0,509.896435233161,335.12789637305696,,,,,4.0,8.461774585484841,36.749813297170384
245,2297851,428,2.8049018691588787,left,fixation,61.0,,452.3070648148149,321.810916666666,,,,,1.0,13.291901846404262,40.26461157145325
246,2298283,16,,left,saccade,61.0,,,,460.82800000000003,312.756,518.795,313.322,,,
247,2298303,312,2.776032051282052,left,fixation,62.0,,534.312734177215,301.60546835442995,,,,,0.0,,
248,2298619,20,,left,saccade,62.0,,,,540.493,298.072,639.3580000000002,300.6690000000001,,,
249,2298619,20,,right,saccade,,63.0,,,549.495,309.38,653.601,311.981,,,
250,2298643,228,2.7809561403508773,right,fixation,,64.0,664.568448275862,325.575189655172,,,,,1.0,4.377617819976721,10.957814563132489
251,2298643,232,2.7807844827586203,left,fixation,63.0,,649.397305084746,294.51040677966097,,,,,0.0,,
252,2298875,20,,right,saccade,,64.0,,,675.153,328.92800000000005,742.836,338.0680000000001,,,
253,2298879,20,,left,saccade,63.0,,,,650.396,293.56,747.148,301.34,,,
254,2298899,236,2.7726694915254235,right,fixation,,65.0,749.1485333333328,320.265033333333,,,,,0.0,,
255,2298903,236,2.7728644067796613,left,fixation,64.0,,762.7371333333342,321.66205,,,,,0.0,,
256,2299139,20,,right,saccade,,65.0,,,733.643,343.274,848.799,351.41,,,
257,2299143,20,,left,saccade,64.0,,,,759.826,314.145,849.8969999999997,315.2920000000001,,,
258,2299163,932,2.806740343347639,right,fixation,,66.0,858.430448717948,338.614337606838,,,,,0.0,,
259,2299167,928,2.806859913793103,left,fixation,65.0,,858.463060085838,317.933824034335,,,,,0.0,,
260,2300099,56,,left,saccade,65.0,,,,867.49,319.635,1483.141,337.909,,,
261,2300099,56,,right,saccade,,66.0,,,864.722,343.181,1454.273,365.351,,,
262,2300159,564,2.8986901408450705,left,fixation,66.0,,1506.81912676056,316.60112676056303,,,,,0.0,,
263,2300159,564,2.8986901408450705,right,fixation,,67.0,1511.24773943662,320.101401408451,,,,,0.0,,
264,2300727,48,,left,saccade,66.0,,,,1504.286,294.968,834.2360000000001,319.043,,,
265,2300727,48,,right,saccade,,67.0,,,1544.342,313.246,868.178,335.194,,,
266,2300779,976,2.865966326530612,left,fixation,67.0,,855.0882367346941,314.089587755102,,,,,0.0,,
267,2300779,976,2.865966326530612,right,fixation,,68.0,858.1936122448981,338.750567346939,,,,,0.0,,
268,2301759,28,,left,saccade,67.0,,,,858.942,325.235,641.019,325.824,,,
269,2301759,28,,right,saccade,,68.0,,,863.23,338.468,649.03,336.5730000000001,,,
270,2301791,396,2.8457323232323235,left,fixation,68.0,,634.73393,304.73237,,,,,1.0,8.94085878456627,27.053902675954227
271,2301791,396,2.8457323232323235,right,fixation,,69.0,638.5073,328.62266,,,,,2.0,5.545236434940558,14.154281232493716
272,2302191,16,,right,saccade,,69.0,,,669.855,335.161,735.075,339.958,,,
273,2302191,20,,left,saccade,68.0,,,,670.279,298.626,738.5110000000003,300.252,,,
274,2302211,412,2.841092233009708,right,fixation,,70.0,753.111096153846,335.691701923077,,,,,1.0,4.264180955614184,8.92901450329222
275,2302215,404,2.841034653465347,left,fixation,69.0,,757.9687745098039,302.0315,,,,,0.0,,
276,2302623,24,,left,saccade,69.0,,,,770.4739999999997,314.994,572.118,313.328,,,
277,2302627,24,,right,saccade,,70.0,,,749.36,340.0780000000001,568.399,338.934,,,
278,2302651,332,2.8556325301204817,left,fixation,70.0,,555.212595238095,304.785821428571,,,,,0.0,,
279,2302655,328,2.855871951219512,right,fixation,,71.0,556.836626506024,324.471795180723,,,,,0.0,,
280,2302987,24,,left,saccade,70.0,,,,546.994,303.237,536.626,435.635,,,
281,2302987,24,,right,saccade,,71.0,,,557.987,330.194,538.9019999999998,432.76199999999994,,,
282,2303015,656,2.8297073170731712,left,fixation,71.0,,469.024987878788,452.107806060606,,,,,3.0,6.8435241871718935,32.11927315018923
283,2303015,1252,2.8083947826086955,right,fixation,,72.0,505.321232484077,461.26028662420487,,,,,3.0,9.668612071725127,37.05085092167895
284,2303675,20,,left,saccade,71.0,,,,426.55,476.858,490.536,469.18699999999995,,,
285,2303699,568,2.777540772532189,left,fixation,72.0,,524.7558461538459,462.78495104895103,,,,,1.0,6.782173598649827,23.95176957972003
286,2304271,40,,left,saccade,72.0,,,,523.279,466.603,485.474,481.88,,,
287,2304271,60,,right,saccade,,72.0,,,538.078,466.855,424.11400000000003,465.535,,,
288,2304403,356,2.8091232771084336,right,fixation,,73.0,441.6483,479.4186,,,,,0.0,,
289,2304411,8,,left,fixation,73.0,,477.453333333333,487.842,,,,,0.0,,
290,2304423,4,,left,saccade,73.0,,,,452.324,487.842,443.806,487.02,,,
291,2304431,328,2.809123277108434,left,fixation,74.0,,431.855361445783,467.5693012048191,,,,,0.0,,
292,2304763,20,,left,saccade,74.0,,,,432.379,468.051,537.141,467.69,,,
293,2304763,20,,right,saccade,,73.0,,,461.954,482.42699999999996,560.6469999999998,475.01,,,
294,2304787,444,2.788635135135136,left,fixation,75.0,,543.064660714285,463.614142857143,,,,,1.0,4.705745722577404,9.622713650525078
295,2304787,444,2.788635135135136,right,fixation,,74.0,545.513428571429,471.794455357143,,,,,0.0,,
296,2305235,24,,left,saccade,75.0,,,,541.5790000000002,472.034,427.907,467.334,,,
297,2305235,24,,right,saccade,,74.0,,,542.857,474.481,423.913,467.11800000000005,,,
298,2305263,315,2.807147435897436,left,fixation,76.0,,421.611325,457.7042375,,,,,0.0,,
299,2305263,315,2.807147435897436,right,fixation,,75.0,426.0157625,473.241275,,,,,0.0,,
300,2305582,24,,left,saccade,76.0,,,,427.58,445.577,577.499,456.24,,,
301,2305582,24,,right,saccade,,75.0,,,430.16,476.35699999999997,602.8430000000002,467.156,,,
302,2305610,589,2.799094594594594,right,fixation,,76.0,643.962918918918,458.48572972973,,,,,3.0,4.97509863020035,14.854415801128766
303,2305610,593,2.7990570469798657,left,fixation,77.0,,628.201590604027,447.492993288591,,,,,0.0,,
304,2306203,20,,right,saccade,,76.0,,,680.2869999999998,458.22900000000004,745.63,460.704,,,
305,2306207,12,,left,saccade,77.0,,,,679.645,454.14300000000003,726.314,450.211,,,
306,2306223,2296,2.784870209059233,left,fixation,78.0,,787.8776765217401,457.374001739131,,,,,6.0,9.130290953016557,28.242673238017836
307,2306227,2436,2.784771756978653,right,fixation,,77.0,798.5043032786881,461.63436065573796,,,,,7.0,9.54755525839218,33.047087063184385
308,2308523,8,,left,saccade,78.0,,,,751.3960000000003,433.105,730.324,404.589,,,
309,2308535,128,2.7846562500000003,left,fixation,79.0,,715.831848484848,401.224484848485,,,,,0.0,,
310,2308667,52,,left,saccade,79.0,,,,718.18,397.829,1399.024,448.914,,,
311,2308667,52,,right,saccade,,77.0,,,735.074,417.898,1389.835,460.02,,,
312,2308723,156,2.850384615384615,right,fixation,,78.0,1415.76915,449.15535,,,,,0.0,,
313,2308723,944,2.884448312236287,left,fixation,80.0,,1462.57957383966,453.35948523206804,,,,,2.0,7.1470674073311775,24.647893765877964
314,2308883,8,,right,saccade,,78.0,,,1433.089,435.23900000000003,1466.984,436.108,,,
315,2308895,772,2.891764175257732,right,fixation,,79.0,1486.44202577319,441.89351030927804,,,,,1.0,6.407189904491843,27.68774409373224
316,2309671,51,,left,saccade,80.0,,,,1482.97,456.47,598.9730000000002,586.102,,,
317,2309671,51,,right,saccade,,79.0,,,1491.636,444.82,605.6519999999998,571.491,,,
318,2309726,132,2.834545454545455,left,fixation,81.0,,584.830588235294,594.301235294118,,,,,0.0,,
319,2309726,132,2.834545454545455,right,fixation,,80.0,583.5174117647059,594.920117647059,,,,,1.0,8.770992445112608,19.566884064663867
320,2309862,16,,left,saccade,81.0,,,,578.93,594.512,504.61699999999996,603.351,,,
321,2309862,16,,right,saccade,,80.0,,,573.192,592.802,511.82599999999996,595.499,,,
322,2309882,512,2.8382851562500004,left,fixation,82.0,,456.32996124030996,603.092798449612,,,,,2.0,6.548756968235932,21.5441980931736
323,2309882,512,2.8382851562500004,right,fixation,,81.0,466.63061240310094,597.192410852713,,,,,1.0,8.801970347598306,33.670725638156306
324,2310398,8,,right,saccade,,81.0,,,459.755,591.762,493.444,592.225,,,
325,2310398,16,,left,saccade,82.0,,,,445.155,600.35,507.11800000000005,600.35,,,
326,2310410,440,2.7923027919501133,right,fixation,,82.0,533.460873873874,599.150918918919,,,,,1.0,4.651095653475408,18.145687779745398
327,2310418,424,2.7919687137049944,left,fixation,83.0,,525.736242990654,596.83053271028,,,,,1.0,5.768873241129669,18.543639448608733
328,2310846,40,,left,saccade,83.0,,,,553.804,601.385,593.736,631.76,,,
329,2310854,52,,right,saccade,,82.0,,,536.465,595.337,514.346,563.019,,,
330,2310978,124,2.695690476190476,right,fixation,,83.0,543.53165625,598.4174375,,,,,1.0,13.084834591150855,39.327422048743614
331,2311002,100,2.695690476190476,left,fixation,84.0,,565.427769230769,615.855807692308,,,,,2.0,5.650542151831646,29.032116080599785
332,2311106,20,,left,saccade,84.0,,,,527.452,613.044,432.68300000000005,607.83,,,
333,2311106,20,,right,saccade,,83.0,,,545.698,619.716,419.204,624.514,,,
334,2311130,824,2.7998422330097084,left,fixation,85.0,,433.220135265701,611.200038647343,,,,,1.0,6.147163765600463,30.31947600140864
335,2311130,824,2.7998422330097084,right,fixation,,84.0,428.8017342995169,603.123057971015,,,,,5.0,4.384426137425853,11.771068758246189
336,2311958,20,,left,saccade,85.0,,,,450.03,607.243,560.554,602.201,,,
337,2311958,20,,right,saccade,,84.0,,,452.849,615.37,584.558,597.53,,,
338,2311982,592,2.783716216216216,left,fixation,86.0,,558.072946308724,601.80832885906,,,,,0.0,,
339,2311982,600,2.783923333333333,right,fixation,,85.0,558.6406622516561,596.658860927152,,,,,3.0,6.121078628167144,20.247774273285625
340,2312578,16,,left,saccade,86.0,,,,523.884,610.0459999999998,586.482,601.063,,,
341,2312586,12,,right,saccade,,85.0,,,556.909,605.997,598.0419999999998,593.355,,,
342,2312598,668,2.746368263473054,left,fixation,87.0,,641.7701845238099,596.589547619047,,,,,1.0,6.588740886711378,19.537373032217005
343,2312602,668,2.746077844311377,right,fixation,,86.0,632.963476190476,585.854547619047,,,,,4.0,5.086993514084271,13.950482218866973
344,2313270,24,,left,saccade,87.0,,,,668.0089999999999,615.805,520.962,619.605,,,
345,2313274,20,,right,saccade,,86.0,,,633.946,576.953,491.76199999999994,592.889,,,
346,2313298,104,2.7637692307692308,left,fixation,88.0,,507.30322222222196,614.045703703704,,,,,0.0,,
347,2313298,104,2.7637692307692308,right,fixation,,87.0,499.23077777777803,590.098925925926,,,,,0.0,,
348,2313406,24,,left,saccade,88.0,,,,493.398,610.72,715.4639999999997,607.941,,,
349,2313406,28,,right,saccade,,87.0,,,515.415,600.548,754.3919999999997,607.52,,,
350,2313434,2704,2.7456394230769234,left,fixation,89.0,,820.4285428994092,616.874167159763,,,,,6.0,59.53120087315544,175.981923958419
351,2313438,960,2.757793933054393,right,fixation,,88.0,759.6417875,600.7935375,,,,,6.0,59.59597276208543,186.2217289121188
352,2314402,20,,right,saccade,,88.0,,,753.872,588.599,833.426,586.0,,,
353,2314426,1712,2.73839627039627,right,fixation,,89.0,863.6872400932408,605.029648018648,,,,,3.0,6.354329513463384,22.637812887359573
354,2316142,20,,right,saccade,,89.0,,,870.317,594.937,712.043,597.819,,,
355,2316142,24,,left,saccade,89.0,,,,853.545,626.124,712.58,627.311,,,
356,2316166,768,2.7093723958333333,right,fixation,,90.0,738.240880829016,600.755227979275,,,,,3.0,6.395805670631572,24.623071502257762
357,2316170,764,2.7093769633507856,left,fixation,90.0,,720.039791666667,608.971854166666,,,,,1.0,5.128716963768277,8.045423668148278
358,2316938,20,,right,saccade,,90.0,,,771.453,607.044,639.281,599.707,,,
359,2316938,24,,left,saccade,90.0,,,,736.79,601.9490000000002,603.304,604.472,,,
360,2316962,396,2.694020202020201,right,fixation,,91.0,628.33871,581.59838,,,,,1.0,8.809206990731672,25.30534775497078
361,2316966,392,2.69404081632653,left,fixation,91.0,,620.302181818182,598.306404040404,,,,,2.0,4.733042010462423,16.83352839690295
362,2317362,20,,left,saccade,91.0,,,,642.864,592.2230000000002,544.69,590.641,,,
363,2317362,20,,right,saccade,,91.0,,,631.014,571.423,547.4590000000002,577.076,,,
364,2317386,436,2.7221422018348616,left,fixation,92.0,,532.6147909090911,593.665754545454,,,,,0.0,,
365,2317386,444,2.7221711711711705,right,fixation,,92.0,531.754714285714,588.5444375,,,,,3.0,6.4289662562801295,16.46979143219179
366,2317826,20,,left,saccade,92.0,,,,523.601,603.804,449.92900000000003,608.014,,,
367,2317834,0,,right,saccade,,92.0,,,487.31300000000016,609.235,487.31300000000016,609.235,,,
368,2317838,456,2.721303865004032,right,fixation,,93.0,430.3552,611.292878260869,,,,,0.0,,
369,2317850,432,2.7223445743989605,left,fixation,93.0,,443.079339449541,604.462165137615,,,,,0.0,,
370,2318286,44,,left,saccade,93.0,,,,423.85699999999997,601.606,598.065,640.7330000000002,,,
371,2318298,48,,right,saccade,,93.0,,,428.731,598.818,550.816,599.215,,,
372,2318366,184,2.676508474576271,right,fixation,,94.0,548.455553191489,607.996468085106,,,,,1.0,6.364480855148803,14.884508523965481
373,2318410,8,2.6125,left,fixation,94.0,,595.316,635.046333333333,,,,,0.0,,
374,2318422,4,,left,saccade,94.0,,,,587.592,608.944,587.4019999999998,601.88,,,
375,2318430,124,2.699711111111111,left,fixation,95.0,,558.92334375,598.915875,,,,,0.0,,
376,2318554,20,,right,saccade,,94.0,,,547.501,592.48,628.16,593.802,,,
377,2318558,16,,left,saccade,95.0,,,,555.715,602.07,628.361,603.04,,,
378,2318578,724,2.7404364640883982,left,fixation,96.0,,638.6497967032969,599.7999450549447,,,,,0.0,,
379,2318578,724,2.7404364640883982,right,fixation,,95.0,631.134049450549,590.497071428571,,,,,3.0,4.509197777682151,19.123215341966702
380,2319306,16,,left,saccade,96.0,,,,647.053,601.649,699.248,599.193,,,
381,2319306,16,,right,saccade,,95.0,,,653.308,565.31,733.007,572.0840000000002,,,
382,2319326,1684,2.720127078384798,left,fixation,97.0,,739.5901066350708,606.138170616113,,,,,0.0,,
383,2319326,1884,2.723024416135881,right,fixation,,96.0,762.006449152542,595.116569915254,,,,,6.0,7.111156976549616,31.54998427503789
384,2321014,20,,left,saccade,97.0,,,,734.9630000000003,598.7669999999998,810.9639999999997,602.775,,,
385,2321038,176,2.7482613636363635,left,fixation,98.0,,819.8908,612.068688888889,,,,,0.0,,
386,2321214,8,,right,saccade,,96.0,,,823.066,587.2040000000002,783.8660000000001,589.3,,,
387,2321218,12,,left,saccade,98.0,,,,805.547,611.28,766.8380000000003,608.631,,,
388,2321226,676,2.7493698224852072,right,fixation,,97.0,765.8256058823531,590.274023529412,,,,,0.0,,
389,2321234,672,2.749327380952381,left,fixation,99.0,,750.0770591715981,602.833899408284,,,,,0.0,,
390,2321906,16,,right,saccade,,97.0,,,768.3760000000003,596.547,818.803,587.495,,,
391,2321910,12,,left,saccade,99.0,,,,759.2310000000001,602.601,819.2660000000003,602.5,,,
392,2321926,152,2.762513157894736,right,fixation,,98.0,840.3552564102562,611.450384615384,,,,,1.0,8.650064309330608,44.277935193502465
393,2321926,344,2.7677267441860463,left,fixation,100.0,,784.784551724138,601.312758620689,,,,,2.0,8.4235162466273,24.85320163668865
394,2322082,12,,right,saccade,,98.0,,,829.5219999999997,634.7819999999998,777.046,637.388,,,
395,2322098,172,2.7700813953488366,right,fixation,,99.0,762.610613636364,622.4306818181817,,,,,2.0,5.819189498445043,12.562993540833912
396,2322274,20,,right,saccade,,99.0,,,752.309,591.26,632.679,581.028,,,
397,2322274,24,,left,saccade,100.0,,,,735.825,589.179,615.737,592.25,,,
398,2322298,220,2.772863636363636,right,fixation,,100.0,623.7677142857141,577.2877142857141,,,,,1.0,4.178274141982022,16.361963818564085
399,2322302,220,2.7729090909090908,left,fixation,101.0,,619.480089285714,590.095732142857,,,,,0.0,,
400,2322522,20,,right,saccade,,100.0,,,628.96,569.057,742.165,583.432,,,
401,2322526,20,,left,saccade,101.0,,,,634.586,604.248,717.6139999999997,597.437,,,
402,2322546,404,2.762212871287129,right,fixation,,101.0,744.2881862745088,583.986460784314,,,,,1.0,4.870696197100013,14.927019293884662
403,2322549,401,2.762212871287129,left,fixation,102.0,,726.3828415841589,589.702227722772,,,,,0.0,,
404,2322954,48,,left,saccade,102.0,,,,723.61,570.9019999999998,1314.441,605.763,,,
405,2322954,48,,right,saccade,,101.0,,,756.1669999999997,579.786,1312.665,599.644,,,
406,2323006,184,2.8066630434782605,left,fixation,103.0,,1342.96429787234,605.154106382979,,,,,0.0,,
407,2323006,904,2.7969779735682825,right,fixation,,102.0,1441.6520352422901,592.048894273127,,,,,2.0,8.697257809771427,43.48932645960162
408,2323194,16,,left,saccade,103.0,,,,1354.3729999999996,599.457,1421.838,597.16,,,
409,2323214,692,2.7939109195402296,left,fixation,104.0,,1468.2969712643699,610.335706896552,,,,,1.0,5.142250234306205,11.995554718311382
410,2323910,48,,left,saccade,104.0,,,,1502.085,599.974,776.939,603.4830000000002,,,
411,2323914,44,,right,saccade,,102.0,,,1489.271,589.239,809.2719999999997,589.661,,,
412,2323962,332,2.718451807228916,left,fixation,105.0,,767.62625,607.015797619048,,,,,0.0,,
413,2323962,332,2.718451807228916,right,fixation,,103.0,780.475035714286,600.8318095238089,,,,,3.0,5.7702496250965085,22.60744165234961
414,2324298,16,,left,saccade,105.0,,,,767.4019999999997,610.242,833.7660000000003,610.8580000000002,,,
415,2324298,20,,right,saccade,,103.0,,,773.6360000000003,604.513,877.035,602.607,,,
416,2324318,376,2.719026595744681,left,fixation,106.0,,851.5582,604.0053263157901,,,,,0.0,,
417,2324322,372,2.7191021505376347,right,fixation,,104.0,868.9937659574471,596.694787234043,,,,,1.0,7.425033161167951,17.544233155085347
418,2324698,24,,left,saccade,106.0,,,,828.612,605.316,691.297,601.896,,,
419,2324698,24,,right,saccade,,104.0,,,846.8919999999997,596.884,703.8480000000003,594.702,,,
420,2324726,391,2.722139175257732,right,fixation,,105.0,669.351060606061,585.762101010102,,,,,2.0,5.44485046357009,32.9402609962387
421,2324726,395,2.72219387755102,left,fixation,107.0,,660.44894,590.10105,,,,,1.0,5.864423115040576,24.037726057179317
422,2325121,20,,right,saccade,,105.0,,,651.3530000000002,589.438,566.87,591.4830000000002,,,
423,2325125,16,,left,saccade,107.0,,,,632.131,587.808,566.7959999999998,594.991,,,
424,2325145,700,2.7502114285714283,left,fixation,108.0,,533.870039772727,595.519556818181,,,,,1.0,5.378953360087818,9.63441399359614
425,2325145,704,2.75025,right,fixation,,106.0,548.420101694916,580.426327683616,,,,,0.0,,
426,2325849,16,,left,saccade,108.0,,,,520.503,596.366,466.445,598.678,,,
427,2325853,12,,right,saccade,,106.0,,,531.812,589.971,482.98400000000004,596.945,,,
428,2325869,664,2.78575,right,fixation,,107.0,447.85676646706594,590.246850299402,,,,,3.0,4.986628488888281,11.643883464260615
429,2325869,668,2.7857155688622752,left,fixation,109.0,,425.8372678571431,604.569529761905,,,,,2.0,4.869499797493962,13.79761070806452
430,2326537,28,,right,saccade,,107.0,,,430.50800000000004,580.5930000000002,665.783,584.0269999999998,,,
431,2326541,24,,left,saccade,109.0,,,,431.654,602.2330000000002,602.016,595.697,,,
432,2326569,136,2.7621323529411765,left,fixation,110.0,,634.5108571428569,589.219057142857,,,,,1.0,4.256339667027415,12.0736087811391
433,2326569,136,2.7621323529411765,right,fixation,,108.0,661.544257142857,575.4456,,,,,0.0,,
434,2326709,16,,left,saccade,110.0,,,,646.156,594.418,714.378,594.894,,,
435,2326709,20,,right,saccade,,108.0,,,662.29,589.302,763.716,588.846,,,
436,2326729,692,2.805505780346821,left,fixation,111.0,,746.5003505747121,612.595402298851,,,,,0.0,,
437,2326733,688,2.805744186046512,right,fixation,,109.0,755.608190751445,577.987468208092,,,,,4.0,6.306444473230464,20.74711883414952
438,2327425,24,,left,saccade,111.0,,,,748.53,616.0219999999998,590.673,690.0010000000003,,,
439,2327425,24,,right,saccade,,109.0,,,757.561,577.4830000000002,579.867,684.258,,,
440,2327453,328,2.882634146341464,right,fixation,,110.0,552.516228915663,717.496397590362,,,,,2.0,8.586633926486115,31.171564684223114
441,2327453,332,2.882831325301205,left,fixation,112.0,,549.379583333333,737.8758690476193,,,,,0.0,,
442,2327785,24,,right,saccade,,110.0,,,542.72,740.212,429.315,737.5930000000003,,,
443,2327789,20,,left,saccade,112.0,,,,535.04,759.039,432.06300000000016,759.039,,,
444,2327813,264,2.925280303030303,right,fixation,,111.0,422.589462686567,764.122,,,,,0.0,,
445,2327813,420,2.9249416737333047,left,fixation,113.0,,448.46163207547204,756.306801886792,,,,,1.0,13.882713945767222,47.214983808109096
446,2328081,16,,right,saccade,,111.0,,,422.64099999999996,753.9,480.712,753.591,,,
447,2328101,132,2.9236484082397003,right,fixation,,112.0,500.601147058824,773.822529411765,,,,,0.0,,
448,2328237,44,,left,saccade,113.0,,,,500.13800000000003,766.53,640.755,820.905,,,
449,2328237,68,,right,saccade,,112.0,,,498.73400000000004,775.49,540.201,716.442,,,
450,2328385,12,,left,fixation,114.0,,636.597,817.13375,,,,,0.0,,
451,2328385,212,2.888357758620689,right,fixation,,113.0,554.996148148149,763.3560925925923,,,,,3.0,8.232770443286894,23.479863284620233
452,2328401,20,,left,saccade,114.0,,,,629.906,813.23,594.288,769.34,,,
453,2328425,172,2.888357758620689,left,fixation,115.0,,553.8810909090911,769.8119772727271,,,,,0.0,,
454,2328601,16,,left,saccade,115.0,,,,554.134,784.158,619.4019999999998,784.916,,,
455,2328601,20,,right,saccade,,113.0,,,557.4590000000002,767.315,644.988,781.1619999999997,,,
456,2328621,212,2.9069339622641497,left,fixation,116.0,,637.521425925926,786.4106111111121,,,,,0.0,,
457,2328625,212,2.906745283018868,right,fixation,,114.0,662.044537037037,793.4703703703709,,,,,0.0,,
458,2328837,20,,left,saccade,116.0,,,,643.434,779.5210000000003,738.2760000000003,784.783,,,
459,2328841,16,,right,saccade,,114.0,,,678.2560000000002,785.7860000000003,731.076,788.645,,,
460,2328861,316,2.8936835443037974,right,fixation,,115.0,767.896725,782.043775,,,,,0.0,,
461,2328861,784,2.8734107142857144,left,fixation,117.0,,790.794624365482,778.078888324873,,,,,2.0,8.610966267632165,20.269589642893067
462,2329181,4,,right,saccade,,115.0,,,801.6439999999999,767.29,803.822,767.29,,,
463,2329189,456,2.8597280701754397,right,fixation,,116.0,846.3311043478259,789.563139130435,,,,,0.0,,
464,2329649,12,,left,saccade,117.0,,,,826.137,769.692,775.925,767.697,,,
465,2329649,16,,right,saccade,,116.0,,,858.049,791.5089999999999,783.4830000000003,789.138,,,
466,2329665,256,2.8651875,left,fixation,118.0,,751.128230769231,763.0777230769231,,,,,0.0,,
467,2329669,248,2.86516935483871,right,fixation,,117.0,764.319873015873,783.494174603175,,,,,0.0,,
468,2329921,20,,right,saccade,,117.0,,,760.699,790.163,662.737,789.034,,,
469,2329925,16,,left,saccade,118.0,,,,740.4060000000003,774.543,667.056,780.21,,,
470,2329945,404,2.8802009803921567,left,fixation,119.0,,639.326598039216,761.760372549019,,,,,1.0,5.033241315384066,8.633317091361851
471,2329945,404,2.8802009803921567,right,fixation,,118.0,654.455196078431,784.6195,,,,,0.0,,
472,2330353,20,,left,saccade,119.0,,,,632.011,765.1160000000001,528.245,764.2539999999997,,,
473,2330353,20,,right,saccade,,118.0,,,643.136,785.117,512.0830000000002,782.591,,,
474,2330377,272,2.91602205882353,right,fixation,,119.0,503.99518840579697,769.307637681159,,,,,0.0,,
475,2330377,276,2.91622463768116,left,fixation,120.0,,502.21641428571405,757.9295,,,,,1.0,11.958156316924446,24.018906636231407
476,2330653,8,,right,saccade,,119.0,,,475.371,777.915,449.52099999999996,786.3839999999999,,,
477,2330657,0,,left,saccade,120.0,,,,452.976,755.796,452.976,755.796,,,
478,2330661,196,2.9269375,left,fixation,121.0,,411.12412,747.91312,,,,,1.0,5.5247313182533135,6.663338652657499
479,2330665,188,2.926869565217391,right,fixation,,120.0,419.9850416666671,789.101229166667,,,,,0.0,,
480,2330857,20,,right,saccade,,120.0,,,416.154,784.846,499.17400000000004,782.2230000000003,,,
481,2330861,20,,left,saccade,121.0,,,,411.759,755.4580000000003,499.74699999999996,757.7769999999997,,,
482,2330881,432,2.9232962962962965,right,fixation,,121.0,538.958055045871,787.7902110091742,,,,,2.0,8.72383962340515,27.863681454346604
483,2330885,432,2.9231157407407413,left,fixation,122.0,,536.326394495413,762.544908256881,,,,,0.0,,
484,2331317,20,,right,saccade,,121.0,,,573.814,813.258,672.798,801.122,,,
485,2331321,20,,left,saccade,122.0,,,,558.637,784.952,668.587,768.113,,,
486,2331341,352,2.89475,right,fixation,,122.0,725.640764044944,792.4386741573039,,,,,2.0,9.568722713486752,34.97408167147635
487,2331345,348,2.8945977011494253,left,fixation,123.0,,714.0369772727271,773.777909090909,,,,,1.0,8.019728853825988,35.590498015622046
488,2331697,16,,left,saccade,123.0,,,,743.25,764.684,678.6469999999998,759.043,,,
489,2331697,16,,right,saccade,,122.0,,,750.263,812.4580000000003,673.3480000000002,814.7760000000003,,,
490,2331717,200,2.904209999999998,right,fixation,,123.0,664.1309215686271,785.0373725490201,,,,,0.0,,
491,2331717,204,2.9041862745098026,left,fixation,124.0,,657.356442307693,759.899192307693,,,,,1.0,6.010383353460518,10.984613693708146
492,2331921,28,,right,saccade,,123.0,,,660.0139999999999,767.433,839.383,797.673,,,
493,2331925,20,,left,saccade,124.0,,,,662.687,764.2360000000001,802.2860000000003,773.03,,,
494,2331949,316,2.913259493670886,left,fixation,125.0,,825.6163625,765.8446375,,,,,0.0,,
495,2331953,312,2.9134294871794872,right,fixation,,124.0,851.353772151898,792.016569620253,,,,,0.0,,
496,2332269,20,,left,saccade,125.0,,,,847.552,780.222,695.3789999999997,780.222,,,
497,2332269,20,,right,saccade,,124.0,,,858.816,764.1389999999999,683.313,770.8660000000001,,,
498,2332293,444,2.9113828828828834,right,fixation,,125.0,668.081553571429,807.667241071429,,,,,0.0,,
499,2332293,448,2.911263392857143,left,fixation,126.0,,655.466469026548,770.817690265486,,,,,1.0,4.584507440524258,6.619645383251278
500,2332741,32,,right,saccade,,125.0,,,664.6089999999998,818.5160000000003,465.848,815.32,,,
501,2332745,24,,left,saccade,126.0,,,,626.3330000000002,751.6339999999999,495.765,754.222,,,
502,2332773,424,2.89692523364486,left,fixation,127.0,,455.261289719627,758.467345794391,,,,,1.0,4.830781050260441,20.83677023917088
503,2332777,424,2.8970280373831785,right,fixation,,126.0,441.494355140187,784.365158878505,,,,,1.0,4.811992455198669,14.902020970324841
504,2333201,24,,left,saccade,127.0,,,,421.12800000000004,753.663,535.5369999999998,753.924,,,
505,2333205,16,,right,saccade,,126.0,,,433.171,800.334,520.451,796.3860000000003,,,
506,2333225,172,2.8875348837209303,right,fixation,,127.0,542.6786136363639,773.8553409090912,,,,,0.0,,
507,2333229,168,2.8871666666666664,left,fixation,128.0,,546.422372093023,765.8051627906972,,,,,0.0,,
508,2333401,16,,left,saccade,128.0,,,,541.617,780.352,601.18,782.047,,,
509,2333401,20,,right,saccade,,127.0,,,560.84,787.078,637.5219999999998,785.159,,,
510,2333421,556,2.865521582733813,left,fixation,129.0,,648.9054142857141,774.012714285714,,,,,0.0,,
511,2333425,552,2.865340579710145,right,fixation,,128.0,657.045028776978,794.122928057554,,,,,0.0,,
512,2333981,20,,left,saccade,129.0,,,,641.66,755.57,737.768,769.685,,,
513,2333981,24,,right,saccade,,128.0,,,652.408,790.8330000000003,758.689,792.664,,,
514,2334005,284,2.866128571428572,left,fixation,130.0,,738.543388888889,773.430208333333,,,,,1.0,4.924570339408049,10.670517934945687
515,2334009,280,2.866014492753623,right,fixation,,129.0,750.7399718309862,775.6789014084509,,,,,4.0,5.8998151362510685,21.932175038840946
516,2334293,20,,right,saccade,,129.0,,,740.512,753.4810000000001,570.438,749.2739999999999,,,
517,2334293,24,,left,saccade,130.0,,,,741.064,774.357,568.013,769.6569999999997,,,
518,2334317,420,2.8663584905660384,right,fixation,,130.0,548.852452830188,749.1149811320752,,,,,0.0,,
519,2334321,420,2.8661367924528305,left,fixation,131.0,,545.680594339623,758.7773584905659,,,,,2.0,5.048680409312672,10.344710278903904
520,2334741,28,,right,saccade,,130.0,,,533.508,759.445,671.196,782.946,,,
521,2334745,20,,left,saccade,131.0,,,,545.0980000000002,770.2510000000003,672.69,770.2510000000003,,,
522,2334769,144,2.8718055555555555,left,fixation,132.0,,691.798243243243,776.101243243243,,,,,0.0,,
523,2334773,132,2.8716363636363638,right,fixation,,131.0,688.902970588235,780.3632058823531,,,,,1.0,6.146889516025326,12.544770424363973
524,2334909,16,,right,saccade,,131.0,,,686.225,764.9,626.661,764.9,,,
525,2334917,8,,left,saccade,132.0,,,,676.7310000000001,783.257,652.683,782.934,,,
526,2334929,76,2.8670526315789475,left,fixation,133.0,,626.91215,782.06445,,,,,0.0,,
527,2334929,76,2.8670526315789475,right,fixation,,132.0,601.1231,754.8156,,,,,1.0,5.445583266383072,11.321685254413412
528,2335009,24,,right,saccade,,132.0,,,610.9169999999998,766.33,806.8560000000001,793.982,,,
529,2335009,28,,left,saccade,133.0,,,,621.81,770.819,792.2239999999997,780.557,,,
530,2335037,324,2.85833950617284,right,fixation,,133.0,803.024536585366,797.012219512195,,,,,1.0,6.565533423788878,33.67969437212868
531,2335041,184,2.8541304347826086,left,fixation,134.0,,795.840872340425,782.215446808511,,,,,1.0,11.351006538824803,28.714013599634484
532,2335229,4,,left,saccade,134.0,,,,766.056,778.581,765.1030000000003,778.194,,,
533,2335237,124,2.864387096774194,left,fixation,135.0,,745.87809375,778.3365,,,,,0.0,,
534,2335365,20,,left,saccade,135.0,,,,737.288,780.466,620.629,781.252,,,
535,2335365,20,,right,saccade,,133.0,,,754.796,776.128,636.145,771.013,,,
536,2335389,307,2.8685723684210527,left,fixation,136.0,,622.035205128205,777.765807692308,,,,,2.0,6.276860775433863,18.460889744457553
537,2335389,307,2.8685723684210527,right,fixation,,134.0,616.7492051282051,778.756141025641,,,,,2.0,7.585878545007797,26.847440344879175
538,2335700,20,,right,saccade,,134.0,,,628.769,788.525,442.16,795.794,,,
539,2335700,24,,left,saccade,136.0,,,,624.882,772.1469999999997,440.889,775.0310000000003,,,
540,2335724,541,2.872,right,fixation,,135.0,436.84173529411794,805.5772352941168,,,,,3.0,6.246420679261228,18.551853063965485
541,2335728,537,2.871951851851852,left,fixation,137.0,,430.952674074074,766.6993777777783,,,,,0.0,,
542,2336269,16,,right,saccade,,135.0,,,456.473,803.2710000000003,529.499,800.919,,,
543,2336269,20,,left,saccade,137.0,,,,445.92900000000003,759.035,533.71,770.939,,,
544,2336289,188,2.8363404255319162,right,fixation,,136.0,558.313416666667,772.120104166666,,,,,2.0,7.338584014355428,37.52428919834132
545,2336293,184,2.836173913043478,left,fixation,138.0,,543.943723404255,769.36585106383,,,,,0.0,,
546,2336481,28,,left,saccade,138.0,,,,537.4780000000002,770.788,754.105,771.545,,,
547,2336481,32,,right,saccade,,136.0,,,559.998,757.5319999999997,782.7610000000003,777.28,,,
548,2336513,824,2.8582187561130348,left,fixation,139.0,,777.909077294687,772.2785217391299,,,,,2.0,10.392313078730792,28.82109715929871
549,2336517,612,2.8558464052287587,right,fixation,,137.0,779.091701298702,783.4553961038962,,,,,3.0,6.7384159999430695,25.46398274547668
550,2337133,20,,right,saccade,,137.0,,,755.4,780.488,844.821,780.923,,,
551,2337157,180,2.8739047428229667,right,fixation,,138.0,859.4543913043469,790.4502391304352,,,,,0.0,,
552,2337341,40,,left,saccade,139.0,,,,834.034,768.137,662.323,790.365,,,
553,2337341,40,,right,saccade,,138.0,,,864.623,766.312,832.752,755.387,,,
554,2337481,4,,left,fixation,140.0,,663.823,790.365,,,,,0.0,,
555,2337489,20,,left,saccade,140.0,,,,665.304,784.065,756.128,747.72,,,
556,2337513,264,2.8765623864308374,left,fixation,141.0,,735.2407761194031,769.0743283582091,,,,,2.0,9.543035714265491,43.171516433048346
557,2337517,260,2.8765623864308374,right,fixation,,139.0,758.263681818182,762.4871969696968,,,,,1.0,11.094819917420917,41.791127778513044
558,2337781,20,,left,saccade,141.0,,,,721.1669999999997,781.465,619.521,785.182,,,
559,2337781,20,,right,saccade,,139.0,,,738.1039999999997,765.2389999999997,626.9590000000002,779.387,,,
560,2337805,388,2.8816649484536083,right,fixation,,140.0,632.7037857142859,788.164224489796,,,,,2.0,6.459209164870696,13.28601933644402
561,2337805,400,2.8814900000000003,left,fixation,142.0,,617.519772277228,772.887564356436,,,,,1.0,10.69431250842134,29.618170723392076
562,2338197,12,,right,saccade,,140.0,,,635.26,794.2080000000003,590.711,786.382,,,
563,2338209,0,,left,saccade,142.0,,,,585.063,770.552,585.063,770.552,,,
564,2338213,316,2.867506329113924,right,fixation,,141.0,582.195925,773.1434625,,,,,0.0,,
565,2338213,320,2.8676,left,fixation,143.0,,564.114604938272,767.063271604938,,,,,0.0,,
566,2338533,20,,right,saccade,,141.0,,,559.014,780.069,645.2090000000002,790.97,,,
567,2338537,16,,left,saccade,143.0,,,,557.614,780.053,616.818,775.505,,,
568,2338557,248,2.8569919354838698,left,fixation,144.0,,646.947888888889,771.2609523809531,,,,,1.0,5.8383819343300525,15.659170635764834
569,2338557,248,2.8569919354838698,right,fixation,,142.0,654.329269841269,806.720777777778,,,,,0.0,,
570,2338809,20,,left,saccade,144.0,,,,650.466,779.0169999999997,551.279,778.072,,,
571,2338809,20,,right,saccade,,142.0,,,653.0409999999998,807.7589999999999,555.317,785.643,,,
572,2338833,376,2.8559095744680856,right,fixation,,143.0,551.456968421053,789.886673684211,,,,,0.0,,
573,2338833,392,2.8566989795918363,left,fixation,145.0,,531.237666666667,772.047656565657,,,,,1.0,13.651852983712091,39.962235172722785
574,2339213,16,,right,saccade,,143.0,,,544.492,768.128,480.421,768.204,,,
575,2339229,0,,left,saccade,145.0,,,,484.60699999999997,770.2739999999999,484.60699999999997,770.2739999999999,,,
576,2339233,867,2.896770833333333,right,fixation,,144.0,421.050252293578,780.6290321100929,,,,,0.0,,
577,2339233,871,2.8964608294930883,left,fixation,146.0,,415.844310502283,754.260365296804,,,,,0.0,,
578,2340104,52,,right,saccade,,144.0,,,398.76599999999996,776.26,874.845,257.341,,,
579,2340108,48,,left,saccade,146.0,,,,413.55199999999996,737.534,824.685,248.058,,,
580,2340160,48,2.8550416666666663,left,fixation,147.0,,832.9989230769231,231.31561538461497,,,,,0.0,,
581,2340160,48,2.8550416666666663,right,fixation,,145.0,881.2948461538458,249.401846153846,,,,,0.0,,
582,2340212,28,,left,saccade,147.0,,,,838.0269999999997,213.88,953.762,93.434,,,
583,2340212,28,,right,saccade,,145.0,,,883.7769999999997,235.768,977.922,120.55,,,
584,2340244,288,2.8918680555555563,left,fixation,148.0,,958.176082191781,48.001150684931496,,,,,1.0,7.416373387459839,15.27940214798993
585,2340244,288,2.8918680555555563,right,fixation,,146.0,965.4997123287668,84.25741095890409,,,,,1.0,11.53414202487555,34.21324667435115
586,2340536,52,,left,saccade,148.0,,,,934.2869999999999,21.779,517.029,619.266,,,
587,2340536,56,,right,saccade,,146.0,,,935.6410000000001,65.34899999999999,511.546,629.693,,,
588,2340592,64,2.79575,left,fixation,149.0,,495.59376470588205,627.327529411765,,,,,0.0,,
589,2340596,60,2.7936666666666667,right,fixation,,147.0,508.289375,643.950625,,,,,0.0,,
590,2340660,24,,left,saccade,149.0,,,,485.715,642.53,425.473,790.01,,,
591,2340660,24,,right,saccade,,147.0,,,510.156,644.106,434.18300000000005,834.145,,,
592,2340688,164,2.883390243902439,right,fixation,,148.0,426.3026428571431,853.2465,,,,,0.0,,
593,2340688,364,2.9004999999999987,left,fixation,150.0,,405.82242391304396,834.1683043478259,,,,,3.0,7.814172534829633,26.522425883689102
594,2340856,12,,right,saccade,,148.0,,,418.63599999999997,857.8560000000001,397.07,905.2819999999999,,,
595,2340872,176,2.9141477272727268,right,fixation,,149.0,387.761888888889,907.687244444445,,,,,0.0,,
596,2341052,56,,right,saccade,,149.0,,,392.084,896.7719999999997,1247.164,871.8860000000003,,,
597,2341056,56,,left,saccade,150.0,,,,427.621,870.682,1295.4289999999999,843.525,,,
598,2341112,112,2.911017857142857,right,fixation,,150.0,1261.49055172414,862.12251724138,,,,,0.0,,
599,2341116,112,2.910553571428572,left,fixation,151.0,,1290.78706896552,834.623586206897,,,,,1.0,4.592356853754106,9.287411533899146
600,2341228,28,,right,saccade,,150.0,,,1263.798,860.312,1386.585,833.694,,,
601,2341232,24,,left,saccade,151.0,,,,1286.363,827.6310000000003,1420.661,817.227,,,
602,2341260,112,2.888043487055016,left,fixation,152.0,,1444.62417241379,795.898344827586,,,,,1.0,6.556224963939068,36.8900030496068
603,2341260,112,2.888043487055016,right,fixation,,151.0,1418.52620689655,771.1464137931032,,,,,1.0,7.608433436727347,32.85097765668476
604,2341376,40,,left,saccade,152.0,,,,1448.01,759.512,713.66,1055.024,,,
605,2341376,68,,right,saccade,,151.0,,,1437.027,760.6060000000001,565.497,690.2710000000003,,,
606,2341528,0,,left,fixation,153.0,,713.66,1055.024,,,,,0.0,,
607,2341532,48,,left,saccade,153.0,,,,713.66,1055.024,620.905,842.293,,,
608,2341548,72,,right,fixation,,152.0,568.894052631579,672.4669473684211,,,,,0.0,,
609,2341584,32,,left,fixation,154.0,,618.871222222222,831.6933333333328,,,,,0.0,,
610,2341620,20,,left,saccade,154.0,,,,618.007,827.6569999999997,514.178,822.682,,,
611,2341624,20,,right,saccade,,152.0,,,571.605,664.1080000000002,472.42900000000003,683.8910000000002,,,
612,2341644,608,2.8475257562785385,left,fixation,155.0,,472.59837908496695,770.515549019608,,,,,2.0,6.0896792710642815,21.134093887193988
613,2341648,604,2.8475257562785385,right,fixation,,153.0,436.57925,753.5755394736839,,,,,2.0,7.638268110081724,25.233026571069196
614,2342256,28,,left,saccade,155.0,,,,435.911,735.932,600.75,742.528,,,
615,2342256,28,,right,saccade,,153.0,,,435.648,768.2230000000003,630.6080000000002,766.02,,,
616,2342288,812,2.8492512315270937,left,fixation,156.0,,637.3363431372541,753.340823529412,,,,,0.0,,
617,2342288,812,2.8492512315270937,right,fixation,,154.0,641.272745098039,734.608102941176,,,,,2.0,6.029200588863048,20.612285813787672
618,2343104,20,,right,saccade,,154.0,,,653.306,776.318,745.918,773.8689999999997,,,
619,2343104,24,,left,saccade,156.0,,,,648.2819999999998,753.32,755.1469999999997,763.8989999999999,,,
620,2343128,408,2.8669509803921573,right,fixation,,155.0,774.3852718446609,773.573398058253,,,,,0.0,,
621,2343132,564,2.866631902718169,left,fixation,157.0,,784.417732394367,779.203788732394,,,,,1.0,8.927115700058042,38.208491530025114
622,2343540,8,,right,saccade,,155.0,,,806.802,773.295,826.721,773.295,,,
623,2343552,148,2.8645318840579708,right,fixation,,156.0,854.506236842106,765.669315789474,,,,,0.0,,
624,2343700,80,,left,saccade,157.0,,,,837.8,765.122,796.079,743.7,,,
625,2343704,40,,right,saccade,,156.0,,,850.058,795.982,847.303,824.43,,,
626,2343880,8,,right,fixation,,157.0,855.881666666667,818.110666666667,,,,,0.0,,
627,2343892,8,,right,saccade,,157.0,,,869.438,800.7719999999997,874.607,790.191,,,
628,2343900,408,2.870326914414415,left,fixation,158.0,,848.093106796116,767.662339805825,,,,,2.0,5.161982794415026,9.251641052643917
629,2343904,404,2.8703269144144143,right,fixation,,158.0,863.1173921568629,774.488147058823,,,,,0.0,,
630,2344312,20,,left,saccade,158.0,,,,849.039,778.457,760.722,787.467,,,
631,2344312,20,,right,saccade,,158.0,,,857.96,798.548,765.932,793.375,,,
632,2344336,248,2.8610099009900987,left,fixation,159.0,,751.156698412698,789.25546031746,,,,,0.0,,
633,2344336,260,2.8630961538461537,right,fixation,,159.0,756.33543939394,792.88256060606,,,,,0.0,,
634,2344588,64,,left,saccade,159.0,,,,749.303,792.85,791.73,271.362,,,
635,2344600,64,,right,saccade,,159.0,,,756.318,787.941,805.745,247.101,,,
636,2345172,224,2.965884918032786,right,fixation,,160.0,784.9661052631578,286.26712280701804,,,,,0.0,,
637,2345176,220,2.964823149528068,left,fixation,160.0,,771.3060357142848,307.331339285714,,,,,0.0,,
638,2345400,28,,left,saccade,160.0,,,,753.9839999999997,305.422,622.815,571.4590000000002,,,
639,2345400,36,,right,saccade,,160.0,,,782.102,303.855,609.531,586.766,,,
640,2345432,188,2.9441702127659584,left,fixation,161.0,,620.502979166666,610.233625,,,,,1.0,8.50052292835891,11.26466555207036
641,2345440,176,2.9435454545454545,right,fixation,,161.0,616.981822222222,591.863688888889,,,,,1.0,8.211038567752029,16.176437092264838
642,2345620,24,,right,saccade,,161.0,,,626.2130000000002,593.64,579.099,775.297,,,
643,2345624,20,,left,saccade,161.0,,,,620.523,625.104,602.716,730.8580000000003,,,
644,2345648,612,2.9547034801136367,left,fixation,162.0,,571.097097402597,750.191577922078,,,,,1.0,6.84180201449555,19.451871118224087
645,2345648,616,2.9547034801136367,right,fixation,,162.0,545.7939677419349,768.963212903226,,,,,1.0,12.091978509647534,44.798284007314415
646,2346264,52,,left,saccade,162.0,,,,552.818,751.367,533.987,749.732,,,
647,2346268,40,,right,saccade,,162.0,,,523.082,779.8480000000003,531.096,747.418,,,
648,2346404,940,2.9357843925646536,right,fixation,,163.0,534.802778723404,778.379940425531,,,,,7.0,136.3244842075717,411.1146921062098
649,2346412,928,2.9357843925646536,left,fixation,163.0,,547.89564224138,754.088504310344,,,,,6.0,155.5612376589887,467.0309548873163
650,2347344,40,,left,saccade,163.0,,,,527.625,761.303,462.02,794.5160000000003,,,
651,2347348,40,,right,saccade,,163.0,,,505.42199999999997,796.445,477.608,815.898,,,
652,2347516,1968,2.942398477765792,right,fixation,,164.0,437.48166734279886,795.043667342799,,,,,6.0,103.14012675412144,310.96003691337074
653,2347528,1956,2.942398477765792,left,fixation,164.0,,451.36611632653,759.054973469388,,,,,5.0,120.03715666017716,360.6432541441548
654,2349488,20,,left,saccade,164.0,,,,442.577,739.8969999999997,558.812,744.712,,,
655,2349488,24,,right,saccade,,164.0,,,427.519,782.585,557.9259999999998,791.56,,,
656,2349512,496,2.912815271468743,left,fixation,165.0,,630.407688,753.041200000001,,,,,1.0,9.138904555373252,45.596625576899825
657,2349516,496,2.9126174350010925,right,fixation,,165.0,616.846848,786.054808,,,,,2.0,8.93982755686072,28.96707931966271
658,2350012,40,,left,saccade,165.0,,,,653.738,744.551,750.908,758.1289999999997,,,
659,2350016,64,,right,saccade,,165.0,,,639.693,778.049,719.462,749.1089999999997,,,
660,2350168,408,2.8890734235531235,right,fixation,,166.0,731.05227184466,779.659252427184,,,,,1.0,4.4914624721675,12.697755470948373
661,2350176,392,2.8889189588879027,left,fixation,166.0,,746.0124545454539,755.712898989899,,,,,0.0,,
662,2350572,16,,left,saccade,166.0,,,,760.909,756.8530000000003,698.8380000000003,754.63,,,
663,2350580,8,,right,saccade,,166.0,,,693.1080000000003,781.69,690.255,780.5,,,
664,2350592,300,2.8882266666666667,left,fixation,167.0,,687.9604342105258,757.627368421053,,,,,1.0,169.35594132608531,9.507124959734305
665,2350592,300,2.8882266666666667,right,fixation,,167.0,665.035105263158,776.045171052632,,,,,1.0,172.38431330573238,9.077757707716296
666,2350896,20,,right,saccade,,167.0,,,665.632,769.556,553.145,779.284,,,
667,2350896,24,,left,saccade,167.0,,,,684.9960000000002,758.252,585.511,754.061,,,
668,2350920,552,2.876945652173913,right,fixation,,168.0,538.102647482015,787.894179856115,,,,,1.0,4.394473097602886,9.762029758200883
669,2350924,548,2.876901459854015,left,fixation,168.0,,563.785166666667,746.0601594202901,,,,,0.0,,
670,2351476,16,,right,saccade,,168.0,,,532.924,790.453,628.1469999999998,787.5169999999997,,,
671,2351476,20,,left,saccade,168.0,,,,561.018,750.914,645.33,749.6619999999997,,,
672,2351496,532,2.8510977443609025,right,fixation,,169.0,647.956253731343,779.0413805970151,,,,,0.0,,
673,2351500,532,2.8510939849624064,left,fixation,169.0,,670.002350746268,754.6737537313429,,,,,0.0,,
674,2352032,20,,right,saccade,,169.0,,,649.109,764.845,742.0989999999997,765.596,,,
675,2352036,16,,left,saccade,169.0,,,,675.775,746.1189999999997,756.0310000000003,749.135,,,
676,2352056,280,2.8550214285714284,left,fixation,170.0,,766.059211267605,754.715873239437,,,,,1.0,4.857551626648445,11.240509641470823
677,2352056,284,2.8550281690140844,right,fixation,,170.0,754.454625,778.4021944444452,,,,,0.0,,
678,2352340,24,,left,saccade,170.0,,,,764.427,747.3530000000003,867.689,741.671,,,
679,2352344,20,,right,saccade,,170.0,,,765.842,763.953,849.799,769.956,,,
680,2352368,420,2.8738857142857146,left,fixation,171.0,,864.119981132076,757.1039150943401,,,,,3.0,5.301721139508159,14.297027887539976
681,2352368,420,2.8738857142857146,right,fixation,,171.0,846.7565283018871,779.97829245283,,,,,1.0,7.747880945064219,47.69103027823985
682,2352792,24,,left,saccade,171.0,,,,807.888,767.513,605.523,753.462,,,
683,2352792,24,,right,saccade,,171.0,,,798.7760000000003,777.579,592.076,786.4739999999997,,,
684,2352820,1008,2.8688432539682545,right,fixation,,172.0,555.08776679842,775.942241106718,,,,,0.0,,
685,2352820,1016,2.8689625984251967,left,fixation,172.0,,574.791941176471,748.022207843137,,,,,0.0,,
686,2353832,16,,right,saccade,,172.0,,,555.1759999999998,766.584,632.658,773.0010000000003,,,
687,2353840,16,,left,saccade,172.0,,,,588.057,748.4119999999997,640.7080000000002,749.995,,,
688,2353852,376,2.8704255319148926,right,fixation,,173.0,652.706894736842,777.651347368421,,,,,1.0,6.045814171805122,12.036269272494787
689,2353860,372,2.87002688172043,left,fixation,173.0,,669.484117021277,755.707329787234,,,,,0.0,,
690,2354232,24,,right,saccade,,173.0,,,661.68,755.808,534.898,772.865,,,
691,2354236,20,,left,saccade,173.0,,,,670.323,761.301,608.502,760.02,,,
692,2354260,372,2.881462365591398,right,fixation,,174.0,538.873,783.656361702128,,,,,1.0,6.193523214258206,14.023035406073706
693,2354260,376,2.8815478723404246,left,fixation,174.0,,567.619684210526,754.518757894737,,,,,0.0,,
694,2354636,24,,right,saccade,,174.0,,,537.505,796.07,651.349,784.737,,,
695,2354640,20,,left,saccade,174.0,,,,573.386,760.82,652.7040000000002,762.245,,,
696,2354664,196,2.8670000000000013,left,fixation,175.0,,671.72246,766.48146,,,,,1.0,5.283013307868101,10.7986388957128
697,2354664,196,2.8670000000000013,right,fixation,,175.0,658.95744,785.1877400000003,,,,,0.0,,
698,2354864,20,,left,saccade,175.0,,,,672.0369999999998,768.773,778.4169999999997,767.2239999999997,,,
699,2354864,20,,right,saccade,,175.0,,,666.658,789.081,751.684,780.113,,,
700,2354888,355,2.8610795454545457,left,fixation,176.0,,788.704666666666,763.1735555555548,,,,,0.0,,
701,2354888,355,2.8610795454545457,right,fixation,,176.0,778.740911111111,785.302,,,,,5.0,6.278786954056067,14.535974339047383
702,2355248,28,,left,saccade,176.0,,,,791.0980000000003,766.047,518.736,770.627,,,
703,2355248,28,,right,saccade,,176.0,,,769.829,810.6410000000003,462.082,814.691,,,
704,2355280,1220,2.859826464827812,left,fixation,177.0,,459.469133986928,764.8812418300639,,,,,1.0,8.829501766489669,14.002356515958299
705,2355280,1220,2.859826464827812,right,fixation,,177.0,434.924078431373,794.010735294117,,,,,3.0,7.586607708352988,23.300126329636175
706,2356504,48,,left,saccade,177.0,,,,444.642,757.785,396.62699999999995,731.962,,,
707,2356504,40,,right,saccade,,177.0,,,426.736,779.1419999999997,431.04400000000004,814.0989999999997,,,
708,2356635,796,2.83398043854972,right,fixation,,178.0,421.871595,793.735315,,,,,12.0,10.27427180981218,29.81888983981222
709,2356647,800,2.833115557436832,left,fixation,178.0,,439.911746268657,764.2196567164169,,,,,2.0,5.111546240391466,10.69679496637157
710,2357435,32,,right,saccade,,178.0,,,420.923,742.921,480.815,798.107,,,
711,2357451,16,,left,saccade,178.0,,,,448.77099999999996,761.96,498.833,764.342,,,
712,2357471,312,2.8241666666666667,left,fixation,179.0,,534.918658227848,762.2927215189868,,,,,1.0,7.0470881378213575,14.61902038441691
713,2357471,312,2.8241666666666667,right,fixation,,179.0,517.0403544303799,775.233443037975,,,,,2.0,7.1463617466439375,19.72329765337572
714,2357787,12,,right,saccade,,179.0,,,506.593,759.6080000000003,465.91,770.712,,,
715,2357787,16,,left,saccade,179.0,,,,530.509,757.388,471.671,757.289,,,
716,2357803,208,2.856818181818182,right,fixation,,180.0,419.4566981132071,788.811981132076,,,,,1.0,21.810282878088064,66.29283460525721
717,2357807,208,2.857415094339623,left,fixation,180.0,,453.866905660377,757.95283018868,,,,,0.0,,
718,2358015,92,,right,saccade,,180.0,,,406.25300000000004,749.92,437.4,884.062,,,
719,2358019,96,,left,saccade,180.0,,,,439.515,752.9060000000003,398.47900000000004,821.154,,,
720,2362551,140,3.0256988983355284,right,fixation,,181.0,430.950861111111,889.19575,,,,,0.0,,
721,2362587,104,3.0256988983355284,left,fixation,181.0,,428.7373333333329,833.6834074074071,,,,,0.0,,
722,2362695,20,,left,saccade,181.0,,,,441.591,839.097,531.854,796.185,,,
723,2362695,20,,right,saccade,,181.0,,,431.74800000000016,906.873,504.519,858.2810000000003,,,
724,2362719,864,3.037306451612904,right,fixation,,182.0,468.161861751153,798.681963133642,,,,,2.0,11.6700184051172,28.721437374585825
725,2362719,868,3.0369610091743118,left,fixation,182.0,,475.0631697247709,746.97171559633,,,,,2.0,9.918270334875356,44.71902724209898
726,2363587,16,,right,saccade,,182.0,,,439.04900000000004,814.821,495.816,814.821,,,
727,2363591,8,,left,saccade,182.0,,,,477.949,743.1,496.62199999999996,746.5939999999997,,,
728,2363603,460,2.9838377192982457,left,fixation,183.0,,536.969517241379,750.340879310346,,,,,1.0,4.442576370255825,10.953050031840336
729,2363607,456,2.983991150442478,right,fixation,,183.0,533.053052173913,806.670060869565,,,,,0.0,,
730,2364067,16,,right,saccade,,183.0,,,557.976,813.81,467.24,815.068,,,
731,2364067,20,,left,saccade,183.0,,,,572.14,765.4,472.917,764.318,,,
732,2364087,600,2.9503733333333337,right,fixation,,184.0,441.44012582781403,791.323225165563,,,,,3.0,6.75421260064694,20.340952500968577
733,2364091,596,2.9501375838926176,left,fixation,184.0,,452.58488,762.44842,,,,,0.0,,
734,2364691,20,,left,saccade,184.0,,,,439.849,760.7180000000003,533.36,760.448,,,
735,2364691,20,,right,saccade,,184.0,,,443.801,772.1039999999997,510.789,790.275,,,
736,2364715,156,2.952615384615384,left,fixation,185.0,,543.6064,747.882425,,,,,0.0,,
737,2364715,156,2.952615384615384,right,fixation,,185.0,524.357925,779.2314,,,,,0.0,,
738,2364875,20,,left,saccade,185.0,,,,547.864,746.1569999999997,628.0419999999998,746.645,,,
739,2364875,20,,right,saccade,,185.0,,,527.015,784.077,602.589,800.113,,,
740,2364899,752,2.9000186170212765,left,fixation,186.0,,665.176968253968,764.212052910053,,,,,3.0,6.5408902170539305,22.4922472028192
741,2364899,752,2.9000186170212765,right,fixation,,186.0,651.768021164022,782.876084656084,,,,,5.0,6.8170555619729445,21.50975159060152
742,2365655,20,,left,saccade,186.0,,,,691.831,766.378,774.193,776.715,,,
743,2365655,20,,right,saccade,,186.0,,,676.4110000000003,802.9119999999997,764.919,791.559,,,
744,2365679,183,2.8861630434782595,right,fixation,,187.0,789.352191489362,781.448170212766,,,,,1.0,6.55711988986017,14.803586862649189
745,2365679,187,2.8862234042553188,left,fixation,187.0,,797.454708333333,779.274520833333,,,,,0.0,,
746,2365866,37,,right,saccade,,187.0,,,796.872,783.409,625.173,792.9069999999997,,,
747,2365870,37,,left,saccade,187.0,,,,801.635,777.258,624.419,769.905,,,
748,2365907,136,2.898000000000001,right,fixation,,188.0,603.3598,772.210371428571,,,,,0.0,,
749,2365911,660,2.8835681818181813,left,fixation,188.0,,561.374409638554,775.658216867471,,,,,5.0,68.37987504830336,205.03025936572982
750,2366047,20,,right,saccade,,188.0,,,596.948,775.632,522.328,782.4780000000003,,,
751,2366071,496,2.8784254032258065,right,fixation,,189.0,535.455688,801.833592,,,,,6.0,61.91552879022597,184.82030125957147
752,2366571,24,,right,saccade,,189.0,,,556.908,806.312,702.4760000000001,795.823,,,
753,2366575,20,,left,saccade,188.0,,,,552.226,785.1210000000003,676.775,790.2460000000003,,,
754,2366599,284,2.908161971830986,left,fixation,189.0,,715.9913749999989,796.375777777778,,,,,3.0,122.18707748748557,373.8519400846978
755,2366599,284,2.908161971830986,right,fixation,,190.0,730.479805555555,781.119458333333,,,,,3.0,123.55633939029127,374.9640663710852
756,2366887,48,,left,saccade,189.0,,,,735.301,790.309,1278.578,783.5060000000003,,,
757,2366887,48,,right,saccade,,190.0,,,748.217,781.5419999999997,1256.127,772.552,,,
758,2366939,136,2.907882352941176,left,fixation,190.0,,1293.31111428571,780.139371428572,,,,,0.0,,
759,2366939,140,2.907599999999998,right,fixation,,191.0,1274.77091666667,732.771666666667,,,,,1.0,9.376637246665547,33.05781942294434
760,2367079,20,,left,saccade,190.0,,,,1295.85,775.5930000000003,1364.0179999999998,775.7360000000001,,,
761,2367083,16,,right,saccade,,191.0,,,1284.874,728.326,1344.215,733.7239999999997,,,
762,2367103,1016,2.914904901960784,left,fixation,191.0,,1398.4487764705896,779.9194,,,,,1.0,4.691808787071784,14.640578745391078
763,2367103,1020,2.9150380859375,right,fixation,,192.0,1381.10209765625,742.42177734375,,,,,0.0,,
764,2368123,48,,left,saccade,191.0,,,,1402.506,789.671,646.8330000000002,796.2660000000003,,,
765,2368127,48,,right,saccade,,192.0,,,1390.101,751.315,649.7230000000002,774.508,,,
766,2368175,176,3.005386363636364,left,fixation,192.0,,626.014644444445,788.269533333333,,,,,0.0,,
767,2368179,168,3.005607142857144,right,fixation,,193.0,623.748930232558,791.8617674418608,,,,,0.0,,
768,2368351,16,,right,saccade,,193.0,,,624.807,794.605,556.989,794.433,,,
769,2368355,12,,left,saccade,192.0,,,,621.896,787.215,569.48,790.403,,,
770,2368371,272,3.023696127946128,right,fixation,,194.0,545.947550724638,786.405898550724,,,,,0.0,,
771,2368371,280,3.023696127946128,left,fixation,193.0,,548.721633802817,794.261014084507,,,,,0.0,,
772,2368647,40,,right,saccade,,194.0,,,538.665,774.005,522.581,769.288,,,
773,2368655,40,,left,saccade,193.0,,,,547.643,793.2360000000001,512.2819999999998,770.618,,,
774,2368887,96,,left,fixation,194.0,,508.79155999999995,758.39652,,,,,0.0,,
775,2368911,72,,right,fixation,,195.0,525.440578947369,771.709210526316,,,,,0.0,,
776,2368987,64,,right,saccade,,195.0,,,530.408,780.544,1377.582,206.456,,,
777,2368987,72,,left,saccade,194.0,,,,512.7719999999998,759.222,1392.904,209.66099999999997,,,
778,2370870,124,3.165235596707819,left,fixation,195.0,,1386.8280625,244.76890625,,,,,0.0,,
779,2370878,116,3.165235596707819,right,fixation,,196.0,1404.60736666667,235.52476666666698,,,,,0.0,,
780,2370998,20,,left,saccade,195.0,,,,1387.2679999999998,268.112,1383.91,176.699,,,
781,2370998,20,,right,saccade,,196.0,,,1389.8029999999999,260.298,1400.761,156.85399999999996,,,
782,2371022,361,3.1272802197802205,left,fixation,196.0,,1402.97169230769,164.098087912088,,,,,0.0,,
783,2371022,369,3.1267150537634416,right,fixation,,197.0,1399.28620430108,162.113860215054,,,,,3.0,5.9968389778258775,12.056389677615329
784,2371387,4,,left,saccade,196.0,,,,1407.7779999999998,167.148,1406.5,158.667,,,
785,2371395,0,,right,saccade,,197.0,,,1411.944,135.685,1411.944,135.685,,,
786,2371395,372,3.070758064516129,left,fixation,197.0,,1397.01825531915,113.57993617021299,,,,,0.0,,
787,2371399,368,3.0704619565217386,right,fixation,,198.0,1387.7562150537601,110.56252688171999,,,,,0.0,,
788,2371771,44,,left,saccade,197.0,,,,1394.531,108.352,967.405,71.437,,,
789,2371771,44,,right,saccade,,198.0,,,1386.309,102.251,943.6610000000001,93.495,,,
790,2371819,815,2.9924778325123147,left,fixation,198.0,,957.777224390244,65.2752926829268,,,,,0.0,,
791,2371819,815,2.9924778325123147,right,fixation,,199.0,946.4142731707319,92.8275951219512,,,,,0.0,,
792,2372638,40,,right,saccade,,199.0,,,940.77,95.84299999999999,519.376,111.285,,,
793,2372638,44,,left,saccade,198.0,,,,947.7,64.702,527.808,89.469,,,
794,2372682,160,2.9914125,right,fixation,,200.0,498.00146341463403,105.964951219512,,,,,0.0,,
795,2372686,152,2.9913815789473683,left,fixation,199.0,,491.1562307692311,85.43694871794871,,,,,0.0,,
796,2372842,16,,left,saccade,199.0,,,,489.19800000000004,83.009,512.073,141.065,,,
797,2372846,20,,right,saccade,,200.0,,,492.33,102.63799999999999,522.27,179.114,,,
798,2372862,249,2.9836666666666667,left,fixation,200.0,,535.172698412699,174.988333333333,,,,,1.0,6.18133531285917,10.082058371185866
799,2372870,241,2.9833606557377053,right,fixation,,201.0,550.512442622951,205.26185245901692,,,,,0.0,,
800,2373115,40,,left,saccade,200.0,,,,537.492,177.722,707.689,644.026,,,
801,2373115,44,,right,saccade,,201.0,,,558.23,209.447,700.6519999999997,674.43,,,
802,2373159,1048,2.9649694656488546,left,fixation,201.0,,737.580376425855,733.940387832699,,,,,1.0,11.775669098706095,39.03640249818112
803,2373163,1044,2.96494061302682,right,fixation,,202.0,745.782557251909,757.6739541984731,,,,,1.0,10.503701026304961,39.10812090857861
804,2374211,48,,left,saccade,201.0,,,,732.013,747.811,1273.923,755.7769999999997,,,
805,2374211,48,,right,saccade,,202.0,,,743.799,775.077,1258.116,774.953,,,
806,2374263,323,2.9498687500000003,left,fixation,202.0,,1333.6406585365899,742.3602926829269,,,,,1.0,7.055363729894537,33.19100216926268
807,2374263,327,2.949796296296297,right,fixation,,203.0,1307.78571084337,767.843879518073,,,,,3.0,6.766305094190567,17.596971624200915
808,2374590,48,,left,saccade,202.0,,,,1352.162,733.008,603.192,822.513,,,
809,2374594,48,,right,saccade,,203.0,,,1325.964,761.419,568.4580000000002,877.0260000000003,,,
810,2374642,148,2.940783783783784,left,fixation,203.0,,585.527131578947,840.491026315789,,,,,0.0,,
811,2374646,144,2.940583333333333,right,fixation,,204.0,562.2138648648651,895.9751081081081,,,,,0.0,,
812,2374794,24,,left,saccade,203.0,,,,567.4259999999998,853.362,439.586,864.6289999999997,,,
813,2374794,24,,right,saccade,,204.0,,,554.7909999999998,905.012,402.06,911.672,,,
814,2374822,540,2.912462962962963,left,fixation,204.0,,445.139154411765,884.8104411764699,,,,,1.0,7.820206520788161,29.527239796499764
815,2374822,544,2.912404411764706,right,fixation,,205.0,422.90872262773695,928.138905109489,,,,,1.0,6.08631965513187,10.360015830103622
816,2375366,36,,left,saccade,204.0,,,,459.355,887.783,681.015,893.775,,,
817,2375370,36,,right,saccade,,205.0,,,452.55800000000005,942.8639999999999,692.459,950.5089999999999,,,
818,2375406,1756,2.8885962414578588,left,fixation,205.0,,735.847893181819,906.272956818182,,,,,2.0,195.34626615175137,586.2491203179977
819,2375410,1752,2.888565639269406,right,fixation,,206.0,724.278724373577,938.6806902050121,,,,,4.0,101.18640265098064,303.1601168033278
820,2377166,32,,left,saccade,205.0,,,,731.546,900.425,934.007,1023.8389999999999,,,
821,2377166,32,,right,saccade,,206.0,,,737.079,924.4730000000001,906.172,1076.5610000000001,,,
822,2377202,160,2.944175,right,fixation,,207.0,930.2069512195128,1086.7342195122,,,,,0.0,,
823,2377202,640,2.91574375,left,fixation,206.0,,930.842416149068,1113.29539130435,,,,,2.0,6.877145366318381,19.993131810126275
824,2377366,8,,right,saccade,,207.0,,,916.37,1095.853,903.02,1120.542,,,
825,2377378,380,2.9065052631578965,right,fixation,,208.0,871.910854166667,1157.7334583333302,,,,,6.0,365.3733240963106,1214.1089478521499
826,2377762,76,,right,saccade,,208.0,,,874.55,1178.817,703.935,734.5889999999997,,,
827,2377846,48,,left,saccade,206.0,,,,918.166,1139.355,684.681,751.43,,,
828,2377898,192,2.88515625,left,fixation,207.0,,674.485081632653,734.029204081632,,,,,0.0,,
829,2377898,192,2.88515625,right,fixation,,209.0,668.221326530612,727.255551020408,,,,,0.0,,
830,2378094,28,,left,saccade,207.0,,,,658.26,731.9110000000003,697.937,410.73900000000003,,,
831,2378094,28,,right,saccade,,209.0,,,677.3560000000001,720.581,704.467,415.459,,,
832,2378126,148,2.8692702702702704,left,fixation,208.0,,725.634868421053,381.203447368421,,,,,1.0,7.0925469998051245,27.42994932550921
833,2378126,152,2.8690394736842104,right,fixation,,210.0,721.661358974359,394.33,,,,,0.0,,
834,2378278,24,,left,saccade,208.0,,,,727.062,372.871,750.1,240.65599999999998,,,
835,2378282,20,,right,saccade,,210.0,,,720.8860000000003,382.514,782.05,259.712,,,
836,2378306,144,2.877666666666667,left,fixation,209.0,,784.7127837837842,209.45405405405398,,,,,0.0,,
837,2378306,144,2.877666666666667,right,fixation,,211.0,793.986513513514,231.30175675675704,,,,,0.0,,
838,2378454,32,,left,saccade,209.0,,,,806.2,199.58900000000003,892.0210000000003,56.39,,,
839,2378454,32,,right,saccade,,211.0,,,805.382,221.69400000000002,902.918,51.121,,,
840,2378490,384,2.890692708333333,right,fixation,,212.0,930.0580515463921,41.5683608247423,,,,,0.0,,
841,2378490,632,2.8985537974683533,left,fixation,210.0,,939.421880503145,12.407534591194999,,,,,2.0,5.414741248001376,18.045183146107746
842,2378878,0,,right,saccade,,212.0,,,938.1039999999999,15.732999999999999,938.1039999999999,15.732999999999999,,,
843,2378882,240,2.911575,right,fixation,,213.0,929.363590163935,-23.9411967213115,,,,,0.0,,
844,2379126,28,,left,saccade,210.0,,,,947.712,-46.631,939.378,127.14200000000001,,,
845,2379126,32,,right,saccade,,213.0,,,928.928,-56.817,908.7460000000001,187.18400000000003,,,
846,2379158,236,2.886966101694916,left,fixation,211.0,,926.070883333333,186.15278333333302,,,,,1.0,6.927916385497464,19.112605264589092
847,2379162,228,2.8866403508771934,right,fixation,,214.0,922.957879310345,233.99958620689705,,,,,0.0,,
848,2379394,20,,right,saccade,,214.0,,,919.307,231.483,877.832,296.139,,,
849,2379398,16,,left,saccade,211.0,,,,918.7410000000001,206.896,895.956,265.297,,,
850,2379418,1732,2.880316820276497,left,fixation,212.0,,842.401728110598,345.435223502304,,,,,1.0,4.8737706199159145,11.949929706906214
851,2379418,1732,2.880316820276497,right,fixation,,215.0,844.02858986175,359.873758064516,,,,,1.0,5.621128625799073,14.49160146429642
852,2381154,24,,left,saccade,212.0,,,,837.436,355.355,834.1039999999997,521.47,,,
853,2381154,24,,right,saccade,,215.0,,,837.16,360.477,830.202,489.85,,,
854,2381182,440,2.8709890776699027,right,fixation,,216.0,839.373693693694,526.207792792792,,,,,0.0,,
855,2381182,444,2.870989077669903,left,fixation,213.0,,837.2775892857138,542.9761875,,,,,0.0,,
856,2381626,72,,right,saccade,,216.0,,,836.7330000000003,534.946,942.34,680.1560000000002,,,
857,2381630,44,,left,saccade,213.0,,,,838.327,548.423,900.058,691.784,,,
858,2381822,112,2.8888592233009707,left,fixation,214.0,,936.044862068965,716.968793103448,,,,,1.0,5.983423195704043,10.344833396435137
859,2381830,104,2.8888592233009707,right,fixation,,217.0,941.538185185185,714.2288518518518,,,,,0.0,,
860,2381938,32,,right,saccade,,217.0,,,941.2589999999999,743.179,1223.2089999999996,865.3760000000003,,,
861,2381938,36,,left,saccade,214.0,,,,947.6360000000001,715.694,1258.951,827.198,,,
862,2381974,120,2.943166666666667,right,fixation,,218.0,1244.67587096774,871.03435483871,,,,,0.0,,
863,2381978,120,2.944433333333334,left,fixation,215.0,,1272.43177419355,838.784193548387,,,,,0.0,,
864,2382098,52,,right,saccade,,218.0,,,1244.237,872.615,1012.1610000000001,109.105,,,
865,2382102,52,,left,saccade,215.0,,,,1272.9589999999996,840.836,993.813,90.555,,,
866,2382154,312,2.9428051948051945,right,fixation,,219.0,981.3778860759488,87.0362151898734,,,,,0.0,,
867,2382158,308,2.9428026315789486,left,fixation,216.0,,979.229076923077,73.62566666666659,,,,,0.0,,
868,2382470,44,,left,saccade,216.0,,,,963.395,72.226,646.399,779.308,,,
869,2382470,44,,right,saccade,,219.0,,,962.571,87.43700000000004,630.5980000000002,773.0419999999997,,,
870,2382518,296,2.9215337837837843,left,fixation,217.0,,616.099226666667,798.2103066666672,,,,,0.0,,
871,2382518,296,2.9215337837837843,right,fixation,,220.0,615.33424,802.59544,,,,,0.0,,
872,2382818,24,,left,saccade,217.0,,,,625.62,808.3580000000003,499.222,908.8989999999999,,,
873,2382818,24,,right,saccade,,220.0,,,624.413,805.7589999999999,465.62300000000016,971.99,,,
874,2382846,192,2.9171632653061224,left,fixation,218.0,,481.603979591837,914.264224489796,,,,,0.0,,
875,2382846,732,2.9184076086956527,right,fixation,,221.0,406.436972826087,957.603880434783,,,,,2.0,4.774119269083531,10.053999647969187
876,2383042,4,,left,saccade,218.0,,,,440.491,910.3760000000001,430.097,910.3760000000001,,,
877,2383050,524,2.919484732824428,left,fixation,219.0,,385.014643939394,904.964590909091,,,,,0.0,,
878,2383578,20,,left,saccade,219.0,,,,384.744,922.7180000000001,487.024,923.059,,,
879,2383582,20,,right,saccade,,221.0,,,370.395,949.034,458.736,958.982,,,
880,2383602,3480,2.8902402298850576,left,fixation,220.0,,545.659056257176,918.231010332952,,,,,12.0,8.699475877746028,32.622851542331496
881,2383606,3068,2.8952314211212515,right,fixation,,222.0,502.311352864583,959.2020572916659,,,,,10.0,7.223205323909401,27.15342309527544
882,2386678,12,,right,saccade,,222.0,,,628.02,950.82,580.844,934.313,,,
883,2386694,372,2.852376344086022,right,fixation,,223.0,609.8373510638289,934.495372340426,,,,,2.0,5.744450653863022,13.606271961870522
884,2387070,12,,right,saccade,,223.0,,,626.736,969.947,677.405,973.008,,,
885,2387086,0,,left,saccade,220.0,,,,713.6519999999997,943.303,713.6519999999997,943.303,,,
886,2387086,692,2.851771676300578,right,fixation,,224.0,701.587856321839,940.316614942529,,,,,5.0,5.687106597895587,19.859437767929602
887,2387090,688,2.851761627906977,left,fixation,221.0,,732.905179190751,929.5251040462421,,,,,0.0,,
888,2387782,32,,left,saccade,221.0,,,,715.566,913.909,464.37300000000016,907.3639999999999,,,
889,2387782,36,,right,saccade,,224.0,,,703.495,967.431,420.01,939.903,,,
890,2387818,468,2.8655817023213475,left,fixation,222.0,,421.659025423729,892.5595762711861,,,,,1.0,5.898951641793822,10.7136208631817
891,2387822,464,2.865760387902695,right,fixation,,225.0,402.908572649573,929.174905982905,,,,,0.0,,
892,2388290,44,,left,saccade,222.0,,,,434.277,892.883,599.479,137.35399999999998,,,
893,2388290,60,,right,saccade,,225.0,,,428.564,927.424,629.863,133.259,,,
894,2388478,123,,left,fixation,223.0,,607.93709375,154.93090625,,,,,0.0,,
895,2388486,131,,right,fixation,,226.0,599.19394117647,141.369088235294,,,,,0.0,,
896,2388605,40,,left,saccade,223.0,,,,602.143,153.599,455.537,102.294,,,
897,2388621,44,,right,saccade,,226.0,,,584.8240000000002,136.689,503.776,82.198,,,
898,2388790,172,2.853892965972575,right,fixation,,227.0,489.42588636363604,86.08020454545459,,,,,0.0,,
899,2388830,136,2.8541802283215936,left,fixation,224.0,,485.4964571428569,85.92971428571421,,,,,1.0,4.725996203036045,9.484672951662589
900,2388966,16,,right,saccade,,227.0,,,501.275,87.18,431.98,94.194,,,
901,2388970,16,,left,saccade,224.0,,,,484.968,58.282,422.50699999999995,71.53399999999998,,,
902,2388986,176,2.8225715429524607,right,fixation,,228.0,413.947644444444,67.5027555555556,,,,,0.0,,
903,2388990,140,2.824974108053007,left,fixation,225.0,,400.320138888889,66.5340277777778,,,,,0.0,,
904,2389134,44,,left,saccade,225.0,,,,409.559,78.57600000000002,334.827,92.113,,,
905,2389166,40,,right,saccade,,228.0,,,408.651,60.048,406.306,58.91,,,
906,2389266,208,2.801493911592994,right,fixation,,229.0,383.457603773585,60.9807547169811,,,,,1.0,8.694853824405435,21.407852064137572
907,2389366,399,2.8479206865936675,left,fixation,226.0,,379.53947524752505,78.83228712871279,,,,,0.0,,
908,2389478,0,,right,saccade,,229.0,,,344.091,60.98,344.091,60.98,,,
909,2389482,279,2.865744444444444,right,fixation,,230.0,349.812014084507,45.1131971830986,,,,,2.0,5.1474304933834105,12.158169190674258
910,2389765,40,,right,saccade,,230.0,,,395.207,63.038999999999994,381.647,44.287,,,
911,2389769,48,,left,saccade,226.0,,,,386.11699999999996,73.064,353.659,65.679,,,
912,2389925,1037,2.8496953434390684,left,fixation,227.0,,451.43035769230795,113.00284230769199,,,,,3.0,10.783353153935638,36.05935387081531
913,2389965,432,2.8522992253647987,right,fixation,,231.0,397.638935779816,59.229275229357796,,,,,1.0,5.5058246556613835,16.09837171890377
914,2390401,12,,right,saccade,,231.0,,,404.62300000000016,58.266999999999996,449.38199999999995,60.306999999999995,,,
915,2390417,204,2.8488235294117645,right,fixation,,232.0,463.4302307692311,74.24682692307691,,,,,0.0,,
916,2390625,20,,right,saccade,,232.0,,,460.704,69.988,485.789,160.671,,,
917,2390649,313,2.8476740410928483,right,fixation,,233.0,500.881126582278,183.19560759493697,,,,,0.0,,
918,2390966,84,,left,saccade,227.0,,,,507.98,195.685,1019.425,211.766,,,
919,2390966,84,,right,saccade,,233.0,,,504.778,185.31400000000002,1038.126,200.794,,,
920,2392561,172,3.0151815927008587,right,fixation,,234.0,1040.72361363636,272.106636363636,,,,,0.0,,
921,2392573,164,3.01548408023901,left,fixation,228.0,,1017.3539999999999,244.72559523809502,,,,,0.0,,
922,2392737,32,,right,saccade,,234.0,,,1039.792,289.834,796.675,262.603,,,
923,2392741,28,,left,saccade,228.0,,,,1013.707,243.31099999999998,779.278,230.50900000000001,,,
924,2392773,52,3.0529230769230766,left,fixation,229.0,,756.243285714286,199.922214285714,,,,,0.0,,
925,2392773,60,3.0539,right,fixation,,235.0,765.787625,228.28075,,,,,1.0,6.0769743590960505,34.24075596420145
926,2392829,16,,left,saccade,229.0,,,,743.6610000000003,188.305,689.1039999999997,189.208,,,
927,2392837,4,,right,saccade,,235.0,,,719.548,215.93099999999998,704.138,215.93099999999998,,,
928,2392845,316,3.039829113924052,right,fixation,,236.0,675.144175,215.7803875,,,,,3.0,5.198024880641554,12.737194629773045
929,2392849,416,3.0373125,left,fixation,230.0,,641.783704761905,176.23957142857103,,,,,2.0,8.244891204962666,20.736181395280266
930,2393165,20,,right,saccade,,236.0,,,683.834,201.547,608.815,189.138,,,
931,2393189,76,3.034894736842104,right,fixation,,237.0,603.83865,186.8938,,,,,0.0,,
932,2393269,48,,left,saccade,230.0,,,,601.004,163.847,1281.353,197.74900000000002,,,
933,2393269,48,,right,saccade,,237.0,,,608.918,181.605,1300.495,211.743,,,
934,2393321,336,3.042934523809524,left,fixation,231.0,,1318.98522352941,189.07092941176498,,,,,2.0,5.800059495584228,21.42549185140379
935,2393321,336,3.042934523809524,right,fixation,,238.0,1321.64964705882,188.2422,,,,,2.0,5.602537292711736,25.475135626162487
936,2393661,44,,left,saccade,231.0,,,,1352.8470000000002,181.63,731.956,234.457,,,
937,2393661,48,,right,saccade,,238.0,,,1347.817,192.351,714.628,252.858,,,
938,2393709,384,3.0056666666666665,left,fixation,232.0,,725.0771855670099,278.48275257732,,,,,0.0,,
939,2393713,380,3.0055894736842106,right,fixation,,239.0,718.455166666667,294.05271875,,,,,1.0,7.271666208266461,25.45979609109237
940,2394097,44,,right,saccade,,239.0,,,740.564,314.485,1338.618,317.188,,,
941,2394097,48,,left,saccade,232.0,,,,738.13,299.795,1349.425,289.676,,,
942,2394145,160,3.0116625,right,fixation,,240.0,1369.99373170732,312.53002439024397,,,,,1.0,5.4284066671947455,8.457670837766305
943,2394149,156,3.0116153846153844,left,fixation,233.0,,1370.702475,281.256125,,,,,0.0,,
944,2394309,20,,left,saccade,233.0,,,,1376.7920000000001,281.10900000000004,1394.09,189.08900000000003,,,
945,2394309,20,,right,saccade,,240.0,,,1381.825,309.655,1401.183,178.332,,,
946,2394333,272,3.0270735294117648,left,fixation,234.0,,1417.01050724638,168.817869565217,,,,,1.0,4.6180649416780355,10.995541687429712
947,2394333,272,3.0270735294117648,right,fixation,,241.0,1417.5547971014498,163.99291304347798,,,,,0.0,,
948,2394609,24,,left,saccade,234.0,,,,1403.516,170.52200000000005,1504.1870000000001,310.444,,,
949,2394609,24,,right,saccade,,241.0,,,1415.129,179.68900000000005,1500.588,301.94599999999997,,,
950,2394637,192,2.9903125,left,fixation,235.0,,1505.0313877551,328.425959183673,,,,,0.0,,
951,2394637,192,2.9903125,right,fixation,,242.0,1509.0541428571398,325.292530612245,,,,,0.0,,
952,2394833,48,,left,saccade,235.0,,,,1510.405,338.099,724.135,298.269,,,
953,2394833,52,,right,saccade,,242.0,,,1504.6760000000006,332.84,724.0110000000003,296.207,,,
954,2394885,156,2.9654230769230767,left,fixation,236.0,,712.46755,290.6264,,,,,0.0,,
955,2394889,156,2.9644487179487182,right,fixation,,243.0,716.1548,323.449725,,,,,0.0,,
956,2395045,16,,left,saccade,236.0,,,,710.961,295.444,777.058,303.3540000000001,,,
957,2395049,20,,right,saccade,,243.0,,,714.33,322.221,782.613,334.06,,,
958,2395065,140,2.9524722222222213,left,fixation,237.0,,788.255666666667,317.379555555555,,,,,0.0,,
959,2395073,124,2.952875,right,fixation,,244.0,797.47009375,338.02234375,,,,,0.0,,
960,2395201,20,,right,saccade,,244.0,,,789.1139999999997,328.57,874.308,336.11800000000005,,,
961,2395209,8,,left,saccade,237.0,,,,808.648,319.137,843.076,323.475,,,
962,2395221,252,2.9427675324807097,left,fixation,238.0,,868.5573125,349.26853125,,,,,0.0,,
963,2395225,252,2.942622883130324,right,fixation,,245.0,865.7614375,345.559640625,,,,,0.0,,
964,2395477,68,,left,saccade,238.0,,,,859.2460000000003,349.022,732.938,-57.489,,,
965,2395481,64,,right,saccade,,245.0,,,867.819,343.228,849.368,-34.069,,,
966,2396621,124,3.0550714285714284,right,fixation,,246.0,834.9926875,-8.1609375,,,,,0.0,,
967,2396633,112,3.0550714285714284,left,fixation,239.0,,737.562655172414,-24.838241379310304,,,,,0.0,,
968,2396749,24,,right,saccade,,246.0,,,835.93,14.917,883.919,272.246,,,
969,2396749,28,,left,saccade,239.0,,,,741.648,-3.2960000000000003,842.2639999999999,262.585,,,
970,2396777,92,3.0453478260869566,right,fixation,,247.0,905.069083333333,295.302833333333,,,,,1.0,6.025361791811527,11.233635787224033
971,2396781,92,3.044282608695653,left,fixation,240.0,,863.441375,281.544958333333,,,,,0.0,,
972,2396873,20,,right,saccade,,247.0,,,901.5939999999999,321.94599999999997,812.2639999999999,353.349,,,
973,2396877,12,,left,saccade,240.0,,,,864.148,289.899,814.735,304.759,,,
974,2396893,316,3.0390849056603777,left,fixation,241.0,,778.1396625,336.7112625,,,,,0.0,,
975,2396897,312,3.039192307692308,right,fixation,,248.0,790.3131518987352,345.23353164557,,,,,0.0,,
976,2397213,44,,left,saccade,241.0,,,,759.29,340.56,767.003,342.6790000000001,,,
977,2397213,52,,right,saccade,,248.0,,,765.887,350.082,771.1360000000003,355.147,,,
978,2397357,396,3.028191511936339,left,fixation,242.0,,771.81443,329.7413200000001,,,,,0.0,,
979,2397365,388,3.0281915119363396,right,fixation,,249.0,765.389734693878,337.378448979592,,,,,0.0,,
980,2397757,20,,left,saccade,242.0,,,,773.7669999999997,312.02,631.735,318.019,,,
981,2397757,20,,right,saccade,,249.0,,,758.183,324.895,612.904,330.523,,,
982,2397781,372,3.0114731182795698,left,fixation,243.0,,639.930117021277,320.071414893617,,,,,1.0,6.028892583035297,18.59044090386249
983,2397781,372,3.0114731182795698,right,fixation,,250.0,635.224638297872,346.038202127659,,,,,1.0,5.8754668514273884,16.617191700164035
984,2398157,20,,left,saccade,243.0,,,,658.755,325.543,569.361,327.5490000000001,,,
985,2398157,20,,right,saccade,,250.0,,,648.987,342.608,567.3380000000002,345.05699999999996,,,
986,2398181,500,2.9874444444444443,right,fixation,,251.0,551.015952380952,340.963404761905,,,,,0.0,,
987,2398181,504,2.9874448818897634,left,fixation,244.0,,553.48411023622,324.727188976378,,,,,0.0,,
988,2398685,20,,right,saccade,,251.0,,,543.714,342.69699999999995,465.977,348.815,,,
989,2398689,16,,left,saccade,244.0,,,,543.875,331.2340000000001,483.839,328.841,,,
990,2398709,240,2.9814750000000005,left,fixation,245.0,,471.375426229508,326.29811475409804,,,,,0.0,,
991,2398709,240,2.9814750000000005,right,fixation,,252.0,472.078508196721,345.167819672131,,,,,0.0,,
992,2398953,12,,left,saccade,245.0,,,,471.244,324.769,520.803,322.827,,,
993,2398953,12,,right,saccade,,252.0,,,480.64599999999996,338.494,531.1619999999998,335.18199999999996,,,
994,2398969,204,2.993392156862745,left,fixation,246.0,,545.743230769231,321.054538461538,,,,,0.0,,
995,2398969,204,2.993392156862745,right,fixation,,253.0,552.247134615385,344.76596153846197,,,,,1.0,5.695451581939966,17.460571926486303
996,2399177,20,,left,saccade,246.0,,,,554.283,323.155,722.07,321.404,,,
997,2399177,20,,right,saccade,,253.0,,,562.179,350.439,721.9860000000001,349.741,,,
998,2399201,1084,2.9593106617647056,left,fixation,247.0,,825.96693382353,315.00543382353,,,,,3.0,7.381312952416447,32.83534987845214
999,2399201,1088,2.9591263736263738,right,fixation,,254.0,816.411622710623,341.999285714286,,,,,7.0,6.5580595839236295,21.84386348178432
1000,2400289,20,,left,saccade,247.0,,,,870.07,322.21299999999997,755.3860000000003,326.756,,,
1001,2400293,20,,right,saccade,,254.0,,,846.551,345.787,741.811,346.858,,,
1002,2400313,308,2.9067662337662337,left,fixation,248.0,,746.352307692308,319.457217948718,,,,,0.0,,
1003,2400317,304,2.906605263157896,right,fixation,,255.0,742.0111168831171,341.451337662337,,,,,0.0,,
1004,2400625,28,,right,saccade,,255.0,,,742.768,345.86199999999997,513.613,347.032,,,
1005,2400625,32,,left,saccade,248.0,,,,754.321,338.444,499.55400000000003,333.83,,,
1006,2400657,996,2.903309236947791,right,fixation,,256.0,459.114668,347.00892799999997,,,,,2.0,6.0458738739425035,19.187415022649862
1007,2400661,992,2.903247983870968,left,fixation,249.0,,448.7266666666671,331.784273092369,,,,,1.0,8.703962012912411,41.76354301301555
1008,2401657,28,,right,saccade,,256.0,,,452.575,348.60699999999997,741.663,344.82599999999996,,,
1009,2401657,32,,left,saccade,249.0,,,,442.673,327.33299999999997,721.3989999999999,309.249,,,
1010,2401689,380,2.8535843878913485,right,fixation,,257.0,755.981447916667,334.26336458333304,,,,,0.0,,
1011,2401693,376,2.8533739409992522,left,fixation,250.0,,751.138621052631,313.3376,,,,,1.0,4.9510242514947445,8.048050012270192
1012,2402073,60,,left,saccade,250.0,,,,744.034,319.43,847.055,426.043,,,
1013,2402073,80,,right,saccade,,257.0,,,754.93,329.164,885.328,465.37300000000016,,,
1014,2404749,455,2.965486063576756,right,fixation,,258.0,887.406234782609,498.909017391304,,,,,1.0,7.089008612712433,22.25772176122259
1015,2404761,443,2.965486063576756,left,fixation,251.0,,868.595464285714,479.9765,,,,,4.0,6.7047922704844165,17.837653037865852
1016,2405208,40,,right,saccade,,258.0,,,867.535,505.56199999999995,1373.8039999999999,535.867,,,
1017,2405208,44,,left,saccade,251.0,,,,838.054,475.52,1383.1789999999999,535.044,,,
1018,2405252,200,2.98294,right,fixation,,259.0,1401.9383725490195,540.752294117647,,,,,0.0,,
1019,2405256,184,2.983956521739131,left,fixation,252.0,,1394.5579787233999,559.87129787234,,,,,0.0,,
1020,2405444,20,,left,saccade,252.0,,,,1392.329,563.876,1393.714,470.18199999999996,,,
1021,2405456,4,,right,saccade,,259.0,,,1393.7020000000002,520.6669999999998,1393.71,489.301,,,
1022,2405464,348,2.9521149425287367,right,fixation,,260.0,1440.1403295454502,463.118011363636,,,,,1.0,14.047395798589225,55.540078808010385
1023,2405468,344,2.9519593023255815,left,fixation,253.0,,1437.6695862069,455.64679310344803,,,,,1.0,12.902951670278993,37.92549892882093
1024,2405816,48,,left,saccade,253.0,,,,1453.31,457.29,901.543,438.93800000000016,,,
1025,2405816,48,,right,saccade,,260.0,,,1464.91,464.18,900.171,451.80800000000005,,,
1026,2405868,781,2.8891919348897166,left,fixation,254.0,,855.368785714285,467.877928571429,,,,,1.0,8.345603140443341,26.18836812403555
1027,2405868,781,2.8891919348897166,right,fixation,,261.0,860.9836581632651,478.52805102040804,,,,,1.0,7.416128070331294,20.410344558581173
1028,2406653,60,,left,saccade,254.0,,,,859.528,479.24199999999996,1538.49,556.762,,,
1029,2406653,64,,right,saccade,,261.0,,,870.0930000000003,499.095,1518.945,554.461,,,
1030,2408460,412,3.0475330494402484,left,fixation,255.0,,1524.4328173076901,604.053057692308,,,,,3.0,8.648908564346652,28.486884397165195
1031,2408480,396,3.047532605823601,right,fixation,,262.0,1513.83577,588.42737,,,,,0.0,,
1032,2408876,24,,left,saccade,255.0,,,,1522.006,633.158,1392.1589999999999,626.066,,,
1033,2408880,20,,right,saccade,,262.0,,,1510.0720000000001,628.967,1396.81,612.585,,,
1034,2408904,64,3.0361562500000003,left,fixation,256.0,,1379.81264705882,603.0878823529409,,,,,0.0,,
1035,2408904,68,3.0366764705882345,right,fixation,,263.0,1381.7188333333304,590.022444444444,,,,,0.0,,
1036,2408972,48,,left,saccade,256.0,,,,1378.067,592.977,761.847,601.178,,,
1037,2408976,44,,right,saccade,,263.0,,,1363.395,584.87,757.845,568.085,,,
1038,2409024,184,3.0167717391304336,left,fixation,257.0,,748.8638297872342,613.027978723405,,,,,0.0,,
1039,2409024,188,3.016648936170212,right,fixation,,264.0,748.084145833333,578.3634375,,,,,0.0,,
1040,2409212,20,,left,saccade,257.0,,,,741.794,606.85,820.092,609.0930000000002,,,
1041,2409216,16,,right,saccade,,264.0,,,757.438,572.757,828.64,587.969,,,
1042,2409236,328,2.990214325176189,left,fixation,258.0,,838.2422289156619,635.248867469879,,,,,0.0,,
1043,2409236,328,2.990214325176189,right,fixation,,265.0,845.0302048192772,611.268771084337,,,,,0.0,,
1044,2409568,72,,left,saccade,258.0,,,,836.982,644.651,1229.891,752.025,,,
1045,2409568,120,,right,saccade,,265.0,,,844.863,612.067,1234.087,729.145,,,
1046,2412004,80,,left,fixation,259.0,,1235.06519047619,763.278952380952,,,,,0.0,,
1047,2412008,76,,right,fixation,,266.0,1238.39855,781.34875,,,,,0.0,,
1048,2412088,20,,left,saccade,259.0,,,,1237.164,772.4960000000003,1345.7620000000004,776.7539999999997,,,
1049,2412088,20,,right,saccade,,266.0,,,1240.172,797.715,1350.267,800.1139999999997,,,
1050,2412112,272,3.0744510879338254,left,fixation,260.0,,1369.49484057971,774.3689710144929,,,,,0.0,,
1051,2412112,272,3.0744510879338254,right,fixation,,267.0,1358.32101449275,797.834376811594,,,,,0.0,,
1052,2412388,48,,left,saccade,260.0,,,,1381.7379999999994,762.612,685.039,774.2460000000003,,,
1053,2412388,48,,right,saccade,,267.0,,,1373.511,765.7819999999997,699.554,801.829,,,
1054,2412440,188,3.058691489361701,right,fixation,,268.0,697.219729166667,803.3903125,,,,,0.0,,
1055,2412440,192,3.058895833333333,left,fixation,261.0,,670.16993877551,762.443918367347,,,,,0.0,,
1056,2412632,20,,right,saccade,,268.0,,,708.054,801.637,572.273,803.1339999999999,,,
1057,2412636,20,,left,saccade,261.0,,,,653.124,755.4760000000001,559.76,758.535,,,
1058,2412656,740,3.017967567567569,right,fixation,,269.0,550.192983870968,799.380795698925,,,,,0.0,,
1059,2412660,736,3.0177608695652176,left,fixation,262.0,,543.034151351352,759.641978378378,,,,,0.0,,
1060,2413400,56,,left,saccade,262.0,,,,549.615,767.81,1226.003,832.002,,,
1061,2413400,56,,right,saccade,,269.0,,,553.294,828.9060000000003,1205.018,870.921,,,
1062,2413460,160,3.050794871794871,left,fixation,263.0,,1243.80258536585,859.023073170732,,,,,0.0,,
1063,2413460,160,3.050794871794871,right,fixation,,270.0,1221.58517073171,898.009536585366,,,,,0.0,,
1064,2413624,76,,right,saccade,,270.0,,,1219.993,904.877,1017.867,267.007,,,
1065,2413624,80,,left,saccade,263.0,,,,1241.8110000000001,868.1189999999997,974.677,224.93599999999998,,,
1066,2413704,104,3.011,right,fixation,,271.0,993.5581851851848,244.80522222222197,,,,,0.0,,
1067,2413708,96,3.0109166666666667,left,fixation,264.0,,972.73912,210.50476,,,,,0.0,,
1068,2413808,20,,left,saccade,264.0,,,,981.6039999999999,211.928,974.757,115.67299999999999,,,
1069,2413812,20,,right,saccade,,271.0,,,995.173,225.428,984.445,141.596,,,
1070,2413832,292,3.0185412032355914,left,fixation,265.0,,969.97304054054,79.1912837837838,,,,,0.0,,
1071,2413836,288,3.0187780725778843,right,fixation,,272.0,970.282835616438,114.85371232876699,,,,,0.0,,
1072,2414128,60,,left,saccade,265.0,,,,964.2439999999999,57.19600000000001,998.293,78.348,,,
1073,2414128,64,,right,saccade,,272.0,,,974.5269999999999,111.633,1024.161,106.88,,,
1074,2415100,340,3.058719852337982,right,fixation,,273.0,1040.31455813953,139.218069767442,,,,,0.0,,
1075,2415100,468,3.059015500097485,left,fixation,266.0,,1009.9128559322,113.94730508474599,,,,,2.0,7.284400286313952,27.347725930366877
1076,2415444,4,,right,saccade,,273.0,,,1018.0060000000001,146.734,1004.1239999999999,146.72299999999996,,,
1077,2415452,116,3.0597068965517233,right,fixation,,274.0,968.167500000001,118.280433333333,,,,,0.0,,
1078,2415572,32,,left,saccade,266.0,,,,963.684,98.45100000000001,949.475,393.95099999999996,,,
1079,2415572,32,,right,saccade,,274.0,,,962.9680000000001,101.57799999999999,939.455,383.898,,,
1080,2415608,256,3.0177109375,left,fixation,267.0,,930.8194153846159,413.037138461538,,,,,0.0,,
1081,2415608,256,3.0177109375,right,fixation,,275.0,940.133969230769,409.209246153846,,,,,0.0,,
1082,2415868,20,,left,saccade,267.0,,,,924.757,426.20099999999996,845.49,465.208,,,
1083,2415868,20,,right,saccade,,275.0,,,940.01,419.18300000000005,833.453,460.596,,,
1084,2415892,416,2.9924230769230764,left,fixation,268.0,,844.5518,501.86720952380995,,,,,0.0,,
1085,2415892,416,2.9924230769230764,right,fixation,,276.0,850.8913714285719,484.909752380952,,,,,1.0,6.147830658497036,17.681288018693767
1086,2416312,40,,left,saccade,268.0,,,,860.2460000000003,497.875,805.669,409.501,,,
1087,2416312,64,,right,saccade,,276.0,,,868.044,487.473,808.3810000000003,410.14599999999996,,,
1088,2416456,164,,left,fixation,269.0,,799.584595238095,418.335952380952,,,,,1.0,6.636750637757736,21.31805500039815
1089,2416460,156,,right,fixation,,277.0,801.813225,429.601275,,,,,1.0,6.380077119875238,12.72045635973804
1090,2416620,40,,right,saccade,,277.0,,,822.5210000000003,466.591,828.193,472.209,,,
1091,2416624,20,,left,saccade,269.0,,,,819.107,441.01599999999996,802.988,527.0509999999998,,,
1092,2416648,12,,left,fixation,270.0,,794.44925,522.54375,,,,,0.0,,
1093,2416664,56,,left,saccade,270.0,,,,786.2310000000001,504.95,1044.1860000000001,342.536,,,
1094,2416700,8,,right,fixation,,278.0,829.8936666666658,465.929333333333,,,,,0.0,,
1095,2416712,40,,right,saccade,,278.0,,,828.193,452.856,855.308,502.13,,,
1096,2416964,68,,left,fixation,271.0,,1060.52138888889,352.198555555556,,,,,2.0,8.263095092662189,34.47911816123367
1097,2417036,44,,left,saccade,271.0,,,,1074.872,387.923,853.044,495.655,,,
1098,2417184,232,2.8940298507462696,right,fixation,,279.0,867.422525423729,499.437288135593,,,,,0.0,,
1099,2417204,212,2.8940298507462687,left,fixation,272.0,,849.329481481481,503.76503703703696,,,,,0.0,,
1100,2417420,24,,right,saccade,,279.0,,,862.3639999999997,506.184,882.7660000000003,646.137,,,
1101,2417420,48,,left,saccade,272.0,,,,843.445,512.739,890.49,722.961,,,
1102,2417448,148,2.909243243243244,right,fixation,,280.0,909.9700526315787,669.6156578947371,,,,,0.0,,
1103,2417472,128,2.9131875,left,fixation,273.0,,893.798151515152,737.662363636364,,,,,1.0,6.404777218781472,11.998853945273225
1104,2417600,20,,right,saccade,,280.0,,,910.012,680.3910000000002,866.757,754.4810000000001,,,
1105,2417604,4,,left,saccade,273.0,,,,876.58,750.9910000000001,868.061,761.8380000000003,,,
1106,2417612,344,3.0128895348837217,left,fixation,274.0,,825.380229885057,796.597678160919,,,,,0.0,,
1107,2417624,328,3.0142682926829263,right,fixation,,281.0,842.567674698795,786.32256626506,,,,,0.0,,
1108,2417956,40,,right,saccade,,281.0,,,841.209,797.9110000000003,1141.7910000000004,887.835,,,
1109,2417960,44,,left,saccade,274.0,,,,829.929,808.087,1168.993,890.435,,,
1110,2418000,124,3.0564032258064513,right,fixation,,282.0,1161.07190625,909.99228125,,,,,0.0,,
1111,2418008,116,3.0565862068965512,left,fixation,275.0,,1177.86396666667,901.568833333333,,,,,1.0,6.082180258299183,4.5653938493847415
1112,2418128,16,,right,saccade,,282.0,,,1168.3139999999999,917.5210000000001,1247.238,918.59,,,
1113,2418128,20,,left,saccade,275.0,,,,1181.272,898.262,1273.458,905.71,,,
1114,2418148,144,3.0251944444444447,right,fixation,,283.0,1281.6141081081098,910.516378378378,,,,,0.0,,
1115,2418152,140,3.024557142857143,left,fixation,276.0,,1297.6277777777802,913.223944444444,,,,,0.0,,
1116,2418296,48,,left,saccade,276.0,,,,1303.03,910.78,531.16,917.039,,,
1117,2418296,48,,right,saccade,,283.0,,,1283.79,914.071,503.046,947.378,,,
1118,2418348,768,2.999161458333333,left,fixation,277.0,,489.112336787565,921.308378238342,,,,,5.0,5.116161005438286,11.677909572626517
1119,2418348,772,2.9991139896373062,right,fixation,,284.0,466.82460309278395,957.369407216495,,,,,1.0,5.795711213666742,11.474918431082633
1120,2419120,40,,left,saccade,277.0,,,,499.722,925.834,817.737,1057.13,,,
1121,2419124,40,,right,saccade,,284.0,,,469.38300000000004,970.92,825.289,1072.751,,,
1122,2419164,416,2.9653413461538465,left,fixation,278.0,,874.20119047619,1095.5385142857099,,,,,2.0,8.073196321475393,32.10805372122277
1123,2419168,412,2.9650631067961166,right,fixation,,285.0,873.987788461539,1119.99477884615,,,,,1.0,10.509384289238332,48.716685899186494
1124,2419584,24,,left,saccade,278.0,,,,910.3910000000001,1124.992,806.78,1080.247,,,
1125,2419584,24,,right,saccade,,285.0,,,910.1260000000001,1143.925,777.158,1109.886,,,
1126,2419612,471,2.95748717948718,right,fixation,,286.0,759.5999747899159,1083.72556302521,,,,,0.0,,
1127,2419612,475,2.9574364406779656,left,fixation,279.0,,791.8032999999989,1057.64410833333,,,,,0.0,,
1128,2420087,44,,right,saccade,,286.0,,,768.002,1081.621,1220.281,883.113,,,
1129,2420091,44,,left,saccade,279.0,,,,800.03,1064.107,1239.619,915.225,,,
1130,2420135,741,2.9767661290322582,right,fixation,,287.0,1268.47302150538,899.2815860215062,,,,,0.0,,
1131,2420139,741,2.9767795698924733,left,fixation,280.0,,1292.80901075269,914.564983870968,,,,,1.0,10.544085759324991,30.695022300040698
1132,2420880,56,,right,saccade,,287.0,,,1272.84,900.574,457.87800000000004,946.265,,,
1133,2420884,48,,left,saccade,280.0,,,,1296.197,913.415,524.156,932.215,,,
1134,2420936,287,2.9604014084507044,left,fixation,281.0,,492.02902739726,933.1800684931508,,,,,2.0,5.046054230413798,20.4293905645512
1135,2420940,279,2.960289855072464,right,fixation,,288.0,447.902225352113,976.9887605633801,,,,,0.0,,
1136,2421223,28,,right,saccade,,288.0,,,465.207,992.502,656.955,893.08,,,
1137,2421227,20,,left,saccade,281.0,,,,509.319,930.5989999999999,613.143,923.304,,,
1138,2421251,88,2.978704545454546,left,fixation,282.0,,644.7170869565219,903.89447826087,,,,,0.0,,
1139,2421255,84,2.9794285714285715,right,fixation,,289.0,670.645863636363,891.898909090909,,,,,0.0,,
1140,2421343,44,,left,saccade,282.0,,,,657.064,896.954,623.139,165.31400000000005,,,
1141,2421343,48,,right,saccade,,289.0,,,672.895,902.77,675.9830000000002,182.99200000000002,,,
1142,2421391,196,2.945734693877552,left,fixation,283.0,,634.27186,158.6532,,,,,1.0,5.648724116018496,16.967720943014125
1143,2421396,191,2.9452872340425538,right,fixation,,290.0,658.630918367347,163.986979591837,,,,,0.0,,
1144,2421591,24,,right,saccade,,290.0,,,655.434,160.195,817.279,142.977,,,
1145,2421591,28,,left,saccade,283.0,,,,638.068,153.139,825.915,121.057,,,
1146,2421619,84,2.9658809523809526,right,fixation,,291.0,842.473045454545,89.1841363636364,,,,,1.0,6.911219069583714,32.177667939115786
1147,2421623,80,2.966125,left,fixation,284.0,,849.945904761905,115.14628571428601,,,,,0.0,,
1148,2421707,16,,right,saccade,,291.0,,,849.046,59.288999999999994,930.6489999999999,47.51300000000001,,,
1149,2421707,20,,left,saccade,284.0,,,,860.81,114.831,948.39,93.99799999999999,,,
1150,2421727,7848,3.0265690269994905,right,fixation,,292.0,960.369857361182,67.8451915435559,,,,,0.0,,
1151,2421731,7840,3.0265979092299844,left,fixation,285.0,,965.7646369199381,74.3058505864354,,,,,1.0,5.05581975988508,11.647361589647668
1152,2429575,44,,left,saccade,285.0,,,,966.043,55.757,592.771,62.977,,,
1153,2429579,36,,right,saccade,,292.0,,,956.456,44.033,586.278,71.62100000000002,,,
1154,2429619,160,3.0277375,right,fixation,,293.0,576.188878048781,75.1285609756097,,,,,0.0,,
1155,2429623,156,3.0276794871794874,left,fixation,286.0,,582.5876,73.9524,,,,,0.0,,
1156,2429783,36,,right,saccade,,293.0,,,579.2130000000002,76.217,913.977,78.404,,,
1157,2429783,40,,left,saccade,286.0,,,,576.25,69.957,943.617,59.18899999999999,,,
1158,2429823,160,3.04795,right,fixation,,294.0,962.3975365853661,71.2982926829268,,,,,0.0,,
1159,2429827,156,3.0476153846153857,left,fixation,287.0,,963.69435,66.3915,,,,,0.0,,
1160,2429987,48,,left,saccade,287.0,,,,965.954,69.316,1531.7379999999994,278.08,,,
1161,2429987,48,,right,saccade,,294.0,,,971.9730000000001,72.657,1527.898,233.736,,,
1162,2430039,168,2.997309523809524,left,fixation,288.0,,1528.0129069767402,288.933441860465,,,,,1.0,4.579873011946507,11.397614531119876
1163,2430039,168,2.997309523809524,right,fixation,,295.0,1553.4723488372101,244.23432558139496,,,,,2.0,4.849800946082127,11.870080183176563
1164,2430211,20,,left,saccade,288.0,,,,1518.0420000000001,291.87,1459.263,177.418,,,
1165,2430211,28,,right,saccade,,295.0,,,1548.36,245.495,1471.0079999999994,138.023,,,
1166,2430235,180,2.9724000000000004,left,fixation,289.0,,1453.42784782609,148.209217391304,,,,,1.0,4.8945663892615565,16.49455246437441
1167,2430243,172,2.9724767441860465,right,fixation,,296.0,1449.9241136363598,124.22454545454501,,,,,0.0,,
1168,2430419,24,,left,saccade,289.0,,,,1445.1229999999994,155.80700000000004,1327.661,146.359,,,
1169,2430419,24,,right,saccade,,296.0,,,1437.2,125.322,1330.719,102.385,,,
1170,2430447,4,2.9320000000000004,left,fixation,290.0,,1314.5045,141.412,,,,,0.0,,
1171,2430447,4,2.9320000000000004,right,fixation,,297.0,1312.723,96.931,,,,,0.0,,
1172,2430455,40,,left,saccade,290.0,,,,1308.3210000000001,137.642,948.688,112.62200000000001,,,
1173,2430455,40,,right,saccade,,297.0,,,1304.694,93.83,958.316,78.517,,,
1174,2430499,3772,2.942682478858351,left,fixation,291.0,,962.304420550847,84.6616779661017,,,,,8.0,5.2794721794274135,13.097550705750836
1175,2430499,3772,2.942682478858351,right,fixation,,298.0,956.4050529661,63.2263548728814,,,,,0.0,,
