,starttime,duration,meanPupilDiameter,eye,eventType,eventIdxLeft,eventIdxRight,meanX,meanY,startSaccadeX,startSaccadeY,endSaccadeX,endSaccadeY,microsaccadeCount,microsaccadeAmplitude,microsaccadePeakVelocity
0,2167873,332,3.1749970238095235,left,fixation,1.0,,1402.3288928571399,172.71117857142897,,,,,0.0,,
1,2167873,332,3.1749970238095235,right,fixation,,1.0,1392.2926190476196,115.374071428571,,,,,0.0,,
2,2168209,40,,left,saccade,1.0,,,,1384.7,197.861,963.465,86.73899999999998,,,
3,2168209,48,,right,saccade,,1.0,,,1373.4029999999998,122.679,944.568,56.24800000000001,,,
4,2168253,84,,left,fixation,2.0,,944.1944545454553,63.997,,,,,0.0,,
5,2168261,76,,right,fixation,,2.0,938.9496,24.0441,,,,,0.0,,
6,2168341,40,,left,saccade,2.0,,,,921.238,49.27,926.465,18.224,,,
7,2168341,40,,right,saccade,,2.0,,,927.655,30.627,919.694,0.0,,,
8,2168461,28,,left,fixation,3.0,,929.962875,21.2955,,,,,0.0,,
9,2168473,12,,right,fixation,,3.0,919.5925,8.18725,,,,,0.0,,
10,2168489,44,,right,saccade,,3.0,,,917.08,15.05,500.913,168.17700000000005,,,
11,2168493,40,,left,saccade,3.0,,,,927.1389999999999,24.748,497.134,179.919,,,
12,2168537,256,3.1495267164127747,right,fixation,,4.0,477.297169230769,191.798384615385,,,,,0.0,,
13,2168537,260,3.1498279799228994,left,fixation,4.0,,481.33759090909103,221.191803030303,,,,,1.0,7.047055973162759,17.196029338193185
14,2168797,48,,right,saccade,,4.0,,,467.92900000000003,194.05900000000003,888.071,91.186,,,
15,2168801,44,,left,saccade,4.0,,,,487.215,218.762,904.9989999999999,108.72399999999999,,,
16,2168849,92,3.173217391304348,right,fixation,,5.0,904.3027083333328,99.4802083333334,,,,,0.0,,
17,2168849,112,3.172428571428572,left,fixation,5.0,,913.353827586207,61.528931034482795,,,,,1.0,16.381590925487078,44.21312285962167
18,2168945,20,,right,saccade,,5.0,,,899.688,97.705,959.811,86.926,,,
19,2168965,0,,left,saccade,5.0,,,,952.095,44.887,952.095,44.887,,,
20,2168969,1184,3.1650168918918915,left,fixation,6.0,,964.286114478114,18.6305050505051,,,,,1.0,5.733423974574194,12.38790543231588
21,2168969,1184,3.1650168918918915,right,fixation,,6.0,954.8983434343428,75.63678787878791,,,,,0.0,,
22,2170157,44,,right,saccade,,6.0,,,951.07,60.402,482.829,125.775,,,
23,2170157,48,,left,saccade,6.0,,,,961.0189999999999,31.561,455.87300000000016,130.071,,,
24,2170205,188,3.2008297872340425,right,fixation,,7.0,462.3793541666671,116.694854166667,,,,,1.0,7.069461404913078,21.596947863066227
25,2170209,340,3.1986563742507417,left,fixation,7.0,,449.723209302326,192.91198837209305,,,,,0.0,,
26,2170397,8,,right,saccade,,7.0,,,444.412,111.729,426.31199999999995,131.226,,,
27,2170409,140,3.188580675643752,right,fixation,,8.0,397.036194444445,134.375305555556,,,,,0.0,,
28,2170553,40,,left,saccade,7.0,,,,428.144,229.035,387.295,187.232,,,
29,2170553,44,,right,saccade,,8.0,,,394.051,146.862,373.517,52.742,,,
30,2170665,363,3.2046755218216316,right,fixation,,9.0,366.57242391304396,118.355,,,,,1.0,12.077823484018598,31.42768119031374
31,2170669,367,3.2044825367647056,left,fixation,8.0,,411.95770967742004,205.990376344086,,,,,0.0,,
32,2171032,20,,right,saccade,,9.0,,,365.537,137.955,454.07099999999997,144.062,,,
33,2171040,8,,left,saccade,8.0,,,,434.85900000000004,214.235,468.68300000000005,213.638,,,
34,2171052,1652,3.1576719128329302,left,fixation,9.0,,458.05677777777703,198.863560386473,,,,,2.0,6.921996387848448,27.060832802730747
35,2171056,1644,3.1573965936739667,right,fixation,,10.0,450.43953883495203,162.578398058252,,,,,6.0,8.130318834286125,27.10173191496493
36,2172704,20,,right,saccade,,10.0,,,378.793,120.198,498.971,120.079,,,
37,2172708,20,,left,saccade,9.0,,,,425.723,214.43900000000002,514.4490000000002,212.91299999999998,,,
38,2172728,172,3.2062001223990215,right,fixation,,11.0,508.968795454545,133.921840909091,,,,,0.0,,
39,2172732,172,3.205905684754522,left,fixation,10.0,,525.221113636363,204.220613636364,,,,,0.0,,
40,2172904,44,,right,saccade,,11.0,,,522.512,157.536,389.38800000000003,91.667,,,
41,2172908,40,,left,saccade,10.0,,,,541.32,222.722,406.155,154.056,,,
42,2173016,876,3.166976040238831,left,fixation,11.0,,450.70085,225.4739,,,,,2.0,8.827810600465881,27.37629706594334
43,2173020,868,3.166976040238831,right,fixation,,12.0,427.259926605505,165.99375229357798,,,,,2.0,77.69478261694593,234.57706910617839
44,2173892,44,,right,saccade,,12.0,,,414.88800000000003,178.857,494.67,85.973,,,
45,2173896,40,,left,saccade,11.0,,,,444.43800000000016,242.563,439.032,160.417,,,
46,2174025,4,,left,fixation,12.0,,446.874,165.09900000000005,,,,,0.0,,
47,2174029,360,3.137971629264733,right,fixation,,13.0,504.58424175824206,155.309747252747,,,,,1.0,5.621828350278936,13.929612844584042
48,2174033,12,,left,saccade,12.0,,,,456.434,168.773,485.124,182.55700000000002,,,
49,2174049,340,3.137971629264733,left,fixation,13.0,,516.715476744186,198.83161627906998,,,,,1.0,6.136116988327752,17.118351848235818
50,2174393,20,,left,saccade,13.0,,,,509.346,190.16,435.444,189.423,,,
51,2174393,20,,right,saccade,,13.0,,,527.08,182.935,435.092,175.34599999999998,,,
52,2174417,507,3.1293338154964934,right,fixation,,14.0,415.5675,162.91665625,,,,,2.0,77.24639817858372,236.62154312152873
53,2174417,511,3.1293338154964934,left,fixation,14.0,,422.607333333333,208.637062015504,,,,,0.0,,
54,2174928,44,,right,saccade,,14.0,,,394.75699999999995,182.868,380.24699999999996,67.245,,,
55,2174932,40,,left,saccade,14.0,,,,403.43199999999996,210.673,396.974,143.406,,,
56,2175044,1684,3.1117104688029054,left,fixation,15.0,,449.532597156398,229.919327014218,,,,,4.0,10.116988725036817,25.34851499821323
57,2175052,185,3.0861122448979588,right,fixation,,15.0,364.435553191489,119.247404255319,,,,,1.0,9.117092325529141,37.18466052016613
58,2175241,16,,right,saccade,,15.0,,,380.915,155.025,435.745,164.31599999999997,,,
59,2175261,1163,3.1108863232682062,right,fixation,,16.0,435.827585616438,155.885630136986,,,,,3.0,8.993373938703519,23.954943161752578
60,2176428,40,,right,saccade,,16.0,,,432.824,131.624,412.861,137.657,,,
61,2176584,32,3.1462222222222223,right,fixation,,17.0,406.897,131.287777777778,,,,,0.0,,
62,2176620,40,,right,saccade,,17.0,,,399.49199999999996,124.285,384.874,139.806,,,
63,2176676,48,,right,fixation,,18.0,367.543076923077,125.49707692307699,,,,,0.0,,
64,2176728,44,,right,saccade,,18.0,,,360.526,112.641,392.745,58.042,,,
65,2176732,40,,left,saccade,15.0,,,,419.555,241.84799999999998,416.416,206.023,,,
66,2176852,1776,3.1569579117464923,left,fixation,16.0,,450.03680898876405,216.04566516853905,,,,,2.0,11.856820886263034,33.00402505821452
67,2176860,0,,right,fixation,,19.0,400.915,72.414,,,,,0.0,,
68,2176864,4,,right,saccade,,19.0,,,405.964,76.60600000000002,415.087,76.60600000000002,,,
69,2176872,4,,right,fixation,,20.0,418.6005,76.60600000000002,,,,,0.0,,
70,2176880,8,,right,saccade,,20.0,,,421.506,103.117,422.595,123.09299999999999,,,
71,2176892,1140,3.162004183838408,right,fixation,,21.0,404.522416083915,155.219667832168,,,,,1.0,9.903101436194392,32.97171158735918
72,2178036,8,,right,saccade,,21.0,,,400.9,177.847,424.774,170.003,,,
73,2178048,328,3.1455662650602414,right,fixation,,22.0,437.00621686747,148.061,,,,,0.0,,
74,2178380,4,,right,saccade,,22.0,,,405.55199999999996,149.35299999999995,400.52099999999996,149.444,,,
75,2178388,240,3.1487571428571437,right,fixation,,23.0,389.577983606557,150.853245901639,,,,,0.0,,
76,2178632,40,,left,saccade,16.0,,,,416.07099999999997,205.28400000000002,410.665,132.372,,,
77,2178632,48,,right,saccade,,23.0,,,388.517,126.363,442.597,42.424,,,
78,2178736,1644,3.138787374062892,left,fixation,17.0,,488.69070388349405,207.535983009709,,,,,2.0,10.890427931475902,36.73766430679265
79,2178744,1628,3.138787374062892,right,fixation,,24.0,472.611485294118,157.31028431372602,,,,,4.0,9.044181695015473,35.85506415426469
80,2180376,40,,right,saccade,,24.0,,,448.155,157.766,455.093,21.485,,,
81,2180384,40,,left,saccade,17.0,,,,480.779,226.565,437.293,165.622,,,
82,2180516,428,3.1877912457912463,left,fixation,18.0,,468.765546296296,206.722861111111,,,,,2.0,8.176057009862816,26.747519061409715
83,2180528,4,,right,fixation,,25.0,458.6805,38.661,,,,,0.0,,
84,2180536,4,,right,saccade,,25.0,,,460.324,50.743,464.587,57.99800000000001,,,
85,2180544,0,,right,fixation,,26.0,469.14099999999996,62.21100000000001,,,,,0.0,,
86,2180548,12,,right,saccade,,26.0,,,469.17400000000004,85.411,471.327,110.081,,,
87,2180564,0,,right,fixation,,27.0,472.061,121.811,,,,,0.0,,
88,2180568,0,,right,saccade,,27.0,,,471.327,127.51700000000001,471.327,127.51700000000001,,,
89,2180572,1156,3.1327887096257885,right,fixation,,28.0,467.54804827586196,166.50635862068995,,,,,3.0,10.674480955475612,31.166036771454007
90,2180948,4,,left,saccade,18.0,,,,484.235,201.47400000000002,501.214,204.93400000000003,,,
91,2180956,784,3.1053580959069027,left,fixation,19.0,,495.301,214.597482233503,,,,,0.0,,
92,2181732,48,,right,saccade,,28.0,,,436.531,174.19099999999997,424.309,27.769000000000002,,,
93,2181744,40,,left,saccade,19.0,,,,482.676,224.483,461.82199999999995,174.08,,,
94,2181868,296,3.111262886597938,left,fixation,20.0,,471.2906266666671,220.3646,,,,,2.0,15.253903519425347,27.1716996767384
95,2181872,12,,right,fixation,,29.0,427.52075,45.41675,,,,,0.0,,
96,2181888,16,,right,saccade,,29.0,,,431.635,46.32,440.994,101.537,,,
97,2181908,240,3.108297752808989,right,fixation,,30.0,461.497131147541,162.365114754098,,,,,0.0,,
98,2182152,16,,right,saccade,,30.0,,,454.45300000000003,167.958,413.46,150.515,,,
99,2182168,0,,left,saccade,20.0,,,,419.588,211.248,419.588,211.248,,,
100,2182172,712,3.1070646067415733,right,fixation,,31.0,402.395843575419,151.637022346369,,,,,2.0,9.701507595372988,26.40052036406398
101,2182172,1180,3.1023927013796166,left,fixation,21.0,,469.705445945946,227.852439189189,,,,,2.0,7.559294068509643,19.91564744634796
102,2182888,12,,right,saccade,,31.0,,,431.086,149.907,477.61,149.441,,,
103,2182904,440,3.091941391941392,right,fixation,,32.0,506.580936936937,168.500747747748,,,,,0.0,,
104,2183348,44,,right,saccade,,32.0,,,507.885,188.563,514.474,71.767,,,
105,2183356,40,,left,saccade,21.0,,,,516.379,214.692,521.484,181.88299999999998,,,
106,2183480,1336,3.0977374770588613,left,fixation,22.0,,457.300883582089,208.049588059701,,,,,2.0,10.333495737545977,33.28925565623502
107,2183484,736,3.0972727272727267,right,fixation,,33.0,476.10852972973,147.87905945946002,,,,,3.0,10.14141853356275,24.35676851125123
108,2184224,0,,right,saccade,,33.0,,,418.712,169.915,418.712,169.915,,,
109,2184228,580,3.0987341371009283,right,fixation,,34.0,388.93563698630095,147.36550684931498,,,,,0.0,,
110,2184812,44,,right,saccade,,34.0,,,382.966,157.799,512.4830000000002,3.082,,,
111,2184820,48,,left,saccade,22.0,,,,415.775,207.58,453.685,170.416,,,
112,2184944,120,3.1327093023255816,left,fixation,23.0,,494.77851612903197,194.00519354838696,,,,,0.0,,
113,2184952,4,,right,fixation,,35.0,512.559,10.989,,,,,0.0,,
114,2184960,20,,right,saccade,,35.0,,,512.635,21.95,514.9490000000002,89.925,,,
115,2184984,80,3.1327093023255816,right,fixation,,36.0,504.94519047619,127.771904761905,,,,,1.0,7.914439532342842,15.811085225246256
116,2185068,24,,left,saccade,23.0,,,,498.844,219.28900000000002,486.16900000000004,340.527,,,
117,2185068,24,,right,saccade,,36.0,,,508.56699999999995,172.63400000000001,469.44800000000004,299.9770000000001,,,
118,2185096,144,3.1642638888888888,right,fixation,,37.0,451.852918918919,323.943513513514,,,,,0.0,,
119,2185096,764,3.1485994764397907,left,fixation,24.0,,484.72766145833396,395.0520885416671,,,,,2.0,11.992127358145597,36.90128227281938
120,2185244,12,,right,saccade,,37.0,,,458.04699999999997,320.447,446.295,374.22,,,
121,2185260,328,3.170896341463415,right,fixation,,38.0,457.3138554216871,386.727879518072,,,,,1.0,12.333836163173256,28.497084096447487
122,2185592,0,,right,saccade,,38.0,,,488.675,393.01199999999994,488.675,393.01199999999994,,,
123,2185596,252,3.1107857142857145,right,fixation,,39.0,505.8581875,384.11309375,,,,,0.0,,
124,2185852,20,,right,saccade,,39.0,,,502.405,391.525,487.288,465.819,,,
125,2185864,12,,left,saccade,24.0,,,,503.814,403.93699999999995,490.961,444.776,,,
126,2185876,232,3.0684827586206898,right,fixation,,40.0,480.588813559322,474.78628813559305,,,,,0.0,,
127,2185880,224,3.0684374999999995,left,fixation,25.0,,483.623578947369,459.378421052632,,,,,0.0,,
128,2186108,32,,left,saccade,25.0,,,,489.245,473.25199999999995,468.528,807.7280000000003,,,
129,2186112,28,,right,saccade,,40.0,,,484.67800000000005,497.871,471.31199999999995,843.071,,,
130,2186144,175,3.0912325581395343,right,fixation,,41.0,463.022822222222,862.826866666667,,,,,2.0,6.514044616071041,15.849932344078741
131,2186144,183,3.0912333333333333,left,fixation,26.0,,461.02580851063794,831.321361702128,,,,,0.0,,
132,2186323,16,,right,saccade,,41.0,,,479.10400000000004,867.0060000000003,423.105,874.549,,,
133,2186331,4,,left,saccade,26.0,,,,445.225,835.692,421.275,836.296,,,
134,2186339,237,3.1118083333333337,left,fixation,27.0,,394.3849166666671,837.8456,,,,,0.0,,
135,2186343,229,3.1116206896551724,right,fixation,,42.0,401.2775172413791,886.9237241379311,,,,,0.0,,
136,2186576,28,,right,saccade,,42.0,,,372.71,858.8710000000003,506.532,569.98,,,
137,2186580,28,,left,saccade,27.0,,,,388.746,810.044,491.389,559.913,,,
138,2186608,459,3.0689429824561394,right,fixation,,43.0,489.438431034483,513.3604482758619,,,,,0.0,,
139,2186612,459,3.0686973684210535,left,fixation,28.0,,502.650715517241,528.969931034483,,,,,0.0,,
140,2187071,20,,right,saccade,,43.0,,,465.657,512.9169999999998,474.82099999999997,406.86400000000003,,,
141,2187075,16,,left,saccade,28.0,,,,474.55400000000003,494.704,474.486,405.68800000000016,,,
142,2187095,132,3.051620192307692,right,fixation,,44.0,490.57,392.9544705882351,,,,,0.0,,
143,2187095,136,3.051620192307692,left,fixation,29.0,,479.1645714285711,399.01708571428594,,,,,0.0,,
144,2187231,44,,right,saccade,,44.0,,,485.056,378.611,486.423,277.96299999999997,,,
145,2187235,40,,left,saccade,29.0,,,,479.255,401.13199999999995,481.772,334.403,,,
146,2187327,36,,right,fixation,,45.0,502.7091,291.7709,,,,,0.0,,
147,2187331,112,3.0580000000000003,left,fixation,30.0,,514.512137931034,390.617103448276,,,,,1.0,9.702292960658546,36.062953955548366
148,2187367,16,,right,saccade,,45.0,,,506.591,323.704,509.55400000000003,369.75199999999995,,,
149,2187387,52,,right,fixation,,46.0,509.61400000000003,394.77228571428594,,,,,0.0,,
150,2187443,24,,right,saccade,,46.0,,,504.165,398.32199999999995,502.474,257.796,,,
151,2187447,20,,left,saccade,30.0,,,,518.743,407.37699999999995,518.07,289.779,,,
152,2187471,540,3.052688888888889,left,fixation,31.0,,508.236772058824,296.75080882352904,,,,,0.0,,
153,2187471,540,3.052688888888889,right,fixation,,47.0,474.579044117647,232.73072794117599,,,,,0.0,,
154,2188015,12,,right,saccade,,47.0,,,464.064,226.15099999999998,467.164,177.09799999999996,,,
155,2188015,16,,left,saccade,31.0,,,,502.494,301.205,482.524,243.891,,,
156,2188031,420,3.0637476190476187,right,fixation,,48.0,460.47566981132087,200.914924528302,,,,,0.0,,
157,2188035,416,3.0636538461538465,left,fixation,32.0,,479.8516952380951,234.756714285714,,,,,0.0,,
158,2188455,0,,left,saccade,32.0,,,,480.413,286.789,480.413,286.789,,,
159,2188455,0,,right,saccade,,48.0,,,459.091,229.40099999999998,459.091,229.40099999999998,,,
160,2188459,204,3.1144803921568625,left,fixation,33.0,,498.354788461539,304.001076923077,,,,,0.0,,
161,2188459,208,3.1147884615384616,right,fixation,,49.0,454.487113207547,223.263754716981,,,,,0.0,,
162,2188667,24,,left,saccade,33.0,,,,491.295,292.401,449.439,211.399,,,
163,2188671,16,,right,saccade,,49.0,,,435.92699999999996,222.054,424.68300000000005,153.986,,,
164,2188691,1152,3.157484375,right,fixation,,50.0,456.494996539792,158.934,,,,,3.0,9.334132508819383,17.85723024090263
165,2188695,1140,3.157675438596492,left,fixation,34.0,,475.55334615384595,215.936534965035,,,,,1.0,11.520223763258931,35.3013979468236
166,2189839,16,,left,saccade,34.0,,,,525.0219999999998,232.03400000000002,515.433,295.453,,,
167,2189847,4,,right,saccade,,50.0,,,488.55300000000005,259.897,488.55300000000005,261.889,,,
168,2189855,204,3.1583294629898413,right,fixation,,51.0,461.71894230769203,256.135115384615,,,,,0.0,,
169,2189859,204,3.1589894419306184,left,fixation,35.0,,497.552057692308,310.105711538462,,,,,0.0,,
170,2190063,40,,right,saccade,,51.0,,,469.538,268.627,469.452,141.012,,,
171,2190067,40,,left,saccade,35.0,,,,495.711,306.69599999999997,479.423,272.659,,,
172,2190171,537,3.180854061826025,left,fixation,36.0,,476.4595629629631,235.062,,,,,2.0,9.2005074335444,28.114531973339673
173,2190183,32,,right,fixation,,52.0,469.089444444444,139.16244444444402,,,,,1.0,28.66229799318262,103.158021156864
174,2190219,0,,right,saccade,,52.0,,,458.12800000000004,166.957,458.12800000000004,166.957,,,
175,2190223,485,3.180854061826025,right,fixation,,53.0,447.68711475409896,161.109418032787,,,,,1.0,10.828752571279855,31.084959707228236
176,2190712,32,,left,saccade,36.0,,,,461.491,207.611,768.49,231.24400000000003,,,
177,2190712,32,,right,saccade,,53.0,,,451.099,176.00900000000001,746.96,208.94400000000002,,,
178,2190748,107,3.1577692307692304,right,fixation,,54.0,764.653464285714,202.789464285714,,,,,2.0,8.075926841492315,28.78397465968041
179,2190748,111,3.1580370370370363,left,fixation,37.0,,787.088482758621,236.561137931034,,,,,0.0,,
180,2190859,16,,right,saccade,,54.0,,,762.2639999999999,193.515,719.058,214.78799999999998,,,
181,2190863,16,,left,saccade,37.0,,,,790.9760000000001,239.03900000000002,729.738,243.24400000000003,,,
182,2190879,104,3.1255,right,fixation,,55.0,706.136333333333,245.43018518518502,,,,,0.0,,
183,2190883,100,3.12438,left,fixation,38.0,,696.521423076923,273.6905,,,,,0.0,,
184,2190987,24,,right,saccade,,55.0,,,705.752,261.487,505.99699999999996,253.07299999999998,,,
185,2190987,28,,left,saccade,38.0,,,,696.538,292.8040000000001,504.86199999999997,286.872,,,
186,2191015,224,3.117154545454545,right,fixation,,56.0,483.839736842105,237.137350877193,,,,,0.0,,
187,2191019,224,3.11690909090909,left,fixation,39.0,,486.131403508772,292.301421052631,,,,,0.0,,
188,2191243,20,,right,saccade,,56.0,,,464.941,244.899,462.26599999999996,149.689,,,
189,2191247,20,,left,saccade,39.0,,,,489.42400000000004,298.166,488.298,204.50400000000002,,,
190,2191267,456,3.1318433307024467,right,fixation,,57.0,457.246739130435,130.590730434783,,,,,5.0,6.127845580110288,18.560369257948945
191,2191271,456,3.1321097366320827,left,fixation,40.0,,485.676539130435,219.378339130435,,,,,0.0,,
192,2191727,40,,right,saccade,,57.0,,,424.561,118.714,395.685,52.57899999999999,,,
193,2191731,44,,left,saccade,40.0,,,,482.61,222.452,376.11300000000006,172.735,,,
194,2191855,332,3.219839795918367,left,fixation,41.0,,388.5625,187.130726190476,,,,,0.0,,
195,2191859,328,3.219839795918367,right,fixation,,58.0,392.98315662650595,108.427698795181,,,,,1.0,10.68839805063831,17.885110790822626
196,2192191,20,,left,saccade,41.0,,,,399.841,203.293,488.039,205.868,,,
197,2192191,20,,right,saccade,,58.0,,,391.566,137.78799999999998,485.346,133.322,,,
198,2192215,136,3.208735294117647,left,fixation,42.0,,500.608428571429,212.16134285714298,,,,,0.0,,
199,2192215,696,3.1551400000000003,right,fixation,,59.0,447.52452571428597,124.678554285714,,,,,2.0,7.44825294828177,23.048146546057524
200,2192355,12,,left,saccade,42.0,,,,502.663,209.142,447.29,209.142,,,
201,2192371,764,3.140671351380359,left,fixation,43.0,,443.14952083333395,225.182276041667,,,,,1.0,9.950743340463447,28.987200226996755
202,2192915,20,,right,saccade,,59.0,,,454.684,124.085,380.853,115.932,,,
203,2192939,192,3.1405438299927555,right,fixation,,60.0,379.053693877551,109.789714285714,,,,,0.0,,
204,2193135,40,,right,saccade,,60.0,,,369.412,125.80799999999999,374.134,12.485999999999999,,,
205,2193139,40,,left,saccade,43.0,,,,417.41900000000004,235.933,403.27099999999996,188.89,,,
206,2193255,1568,3.131327147950089,left,fixation,44.0,,451.643750636132,230.819114503817,,,,,3.0,9.133066418403867,30.68669772500351
207,2193271,20,,right,fixation,,61.0,381.912166666667,38.544833333333294,,,,,0.0,,
208,2193295,0,,right,saccade,,61.0,,,393.119,60.651,393.119,60.651,,,
209,2193299,1520,3.131327147950089,right,fixation,,62.0,421.1005511811029,123.373217847769,,,,,2.0,7.119252849169094,16.981186397993305
210,2194823,40,,right,saccade,,62.0,,,418.89300000000003,118.512,392.79400000000004,8.048,,,
211,2194827,48,,left,saccade,44.0,,,,477.999,252.31400000000002,409.43199999999996,209.642,,,
212,2194963,1420,3.1139484593837534,left,fixation,45.0,,453.040132022472,221.303061797752,,,,,2.0,9.962582917114233,27.97625553572659
213,2194971,0,,right,fixation,,63.0,397.75300000000004,10.006,,,,,0.0,,
214,2194975,24,,right,saccade,,63.0,,,397.75300000000004,20.605999999999998,398.824,117.869,,,
215,2195003,1072,3.119554435483871,right,fixation,,64.0,428.136353159851,135.99626394052,,,,,5.0,6.638508664016352,18.90841740582311
216,2196079,0,,right,saccade,,64.0,,,452.181,120.964,452.181,120.964,,,
217,2196083,76,3.0645000000000007,right,fixation,,65.0,470.37300000000016,161.50835,,,,,0.0,,
218,2196163,20,,right,saccade,,65.0,,,463.63599999999997,170.86700000000005,395.63,159.004,,,
219,2196187,8,3.07975,right,fixation,,66.0,387.702,150.318333333333,,,,,0.0,,
220,2196199,0,,right,saccade,,66.0,,,380.51599999999996,139.273,380.51599999999996,139.273,,,
221,2196203,4,3.0965,right,fixation,,67.0,374.7785,126.184,,,,,0.0,,
222,2196211,0,,right,saccade,,67.0,,,370.23199999999997,107.163,370.23199999999997,107.163,,,
223,2196215,160,3.116735632183908,right,fixation,,68.0,374.481390243903,106.355463414634,,,,,0.0,,
224,2196379,48,,right,saccade,,68.0,,,385.204,127.01299999999999,426.425,34.85,,,
225,2196387,48,,left,saccade,45.0,,,,441.853,229.468,439.652,194.87099999999998,,,
226,2196519,1084,3.0915478637770897,left,fixation,46.0,,514.6124338235289,188.26228308823502,,,,,1.0,15.465211607202649,46.88669752712387
227,2196523,12,,right,fixation,,69.0,435.00875,44.151,,,,,0.0,,
228,2196539,16,,right,saccade,,69.0,,,438.996,55.415,437.319,110.697,,,
229,2196559,267,3.121626297577856,right,fixation,,70.0,437.160132352941,122.180279411765,,,,,0.0,,
230,2196830,28,,right,saccade,,70.0,,,430.82199999999995,100.79,521.4630000000002,133.967,,,
231,2196862,745,3.0820454545454545,right,fixation,,71.0,534.5711604278072,161.779128342246,,,,,0.0,,
232,2197607,16,,left,saccade,46.0,,,,525.785,171.815,467.037,190.97,,,
233,2197611,12,,right,saccade,,71.0,,,516.058,170.833,479.974,160.483,,,
234,2197627,196,3.0655510204081637,right,fixation,,72.0,434.6308,129.56944,,,,,1.0,7.181529017401372,39.511126344360314
235,2197627,208,3.065551020408163,left,fixation,47.0,,451.167962264151,218.063735849057,,,,,0.0,,
236,2197827,44,,right,saccade,,72.0,,,421.156,128.149,446.092,26.408,,,
237,2197839,44,,left,saccade,47.0,,,,458.806,243.296,433.48199999999997,178.37599999999995,,,
238,2197943,144,3.0895660919540227,left,fixation,48.0,,445.755567567568,202.25786486486496,,,,,0.0,,
239,2197947,12,,right,fixation,,73.0,448.6135,36.62,,,,,0.0,,
240,2197963,16,,right,saccade,,73.0,,,442.246,50.722,434.93300000000005,96.54700000000001,,,
241,2197983,120,3.094713963963964,right,fixation,,74.0,408.111580645161,115.589419354839,,,,,0.0,,
242,2198091,20,,left,saccade,48.0,,,,432.657,198.799,511.801,207.355,,,
243,2198107,8,,right,saccade,,74.0,,,460.36800000000005,121.431,463.214,121.266,,,
244,2198115,1148,3.145156794425088,left,fixation,49.0,,512.214798611111,214.13471875,,,,,2.0,10.566221069108026,27.88699177937942
245,2198119,528,3.138026515151515,right,fixation,,75.0,474.5965563909781,167.17554887218,,,,,3.0,8.800896466405119,34.83107642447297
246,2198651,12,,right,saccade,,75.0,,,429.705,133.094,434.26800000000003,177.032,,,
247,2198667,148,3.1534324324324325,right,fixation,,76.0,430.05744736842087,152.77421052631598,,,,,1.0,9.37445122097525,33.569643489319354
248,2198819,16,,right,saccade,,76.0,,,443.952,184.002,492.084,188.02900000000002,,,
249,2198839,420,3.1519999999999997,right,fixation,,77.0,518.942566037736,176.71423584905705,,,,,1.0,8.006537023652049,13.693857089950988
250,2199263,20,,right,saccade,,77.0,,,520.474,160.97299999999996,444.324,144.24,,,
251,2199267,20,,left,saccade,49.0,,,,533.308,214.773,445.329,214.65,,,
252,2199287,228,3.184171875,right,fixation,,78.0,403.5709137931031,93.43808620689659,,,,,1.0,8.409318232704049,12.44529340754976
253,2199291,228,3.1844516129032256,left,fixation,50.0,,427.717810344828,196.104155172414,,,,,0.0,,
254,2199519,76,,right,saccade,,78.0,,,416.712,122.38799999999999,532.052,88.67299999999999,,,
255,2199523,48,,left,saccade,50.0,,,,440.98199999999997,227.09599999999998,517.456,183.19799999999998,,,
256,2199651,1043,3.1298993705323803,left,fixation,51.0,,486.22134351144996,220.176301526718,,,,,1.0,15.721069886019581,51.74349548493999
257,2199691,511,3.1565321224508764,right,fixation,,79.0,498.08972093023203,164.21769767441901,,,,,0.0,,
258,2200206,0,,right,saccade,,79.0,,,488.744,156.593,488.744,156.593,,,
259,2200210,488,3.1066762295081967,right,fixation,,80.0,491.162430894309,198.287723577236,,,,,0.0,,
260,2200698,16,,left,saccade,51.0,,,,489.714,217.328,544.664,203.87099999999998,,,
261,2200702,20,,right,saccade,,80.0,,,501.98199999999997,221.57299999999998,519.9680000000002,149.537,,,
262,2200718,300,3.17444,left,fixation,52.0,,558.869236842105,173.9935,,,,,0.0,,
263,2200726,296,3.1767364864864867,right,fixation,,81.0,528.4821866666671,116.4856,,,,,1.0,10.513572308898848,30.01968102761916
264,2201022,20,,left,saccade,52.0,,,,554.747,184.09799999999998,463.662,189.81799999999998,,,
265,2201026,16,,right,saccade,,81.0,,,518.45,117.214,461.79400000000004,131.72899999999998,,,
266,2201046,64,3.18446875,left,fixation,53.0,,456.570176470588,206.790647058824,,,,,0.0,,
267,2201046,64,3.18446875,right,fixation,,82.0,447.1320588235289,161.895235294118,,,,,0.0,,
268,2201114,56,,left,saccade,53.0,,,,463.541,232.773,1203.1760000000004,272.225,,,
269,2201114,56,,right,saccade,,82.0,,,442.091,152.689,1155.7839999999999,250.55,,,
270,2201174,272,3.1849632352941177,left,fixation,54.0,,1215.42646376812,302.711260869565,,,,,0.0,,
271,2201174,272,3.1849632352941177,right,fixation,,83.0,1186.44423188406,276.935347826087,,,,,0.0,,
272,2201450,32,,left,saccade,54.0,,,,1217.887,322.7340000000001,980.74,285.45799999999997,,,
273,2201450,32,,right,saccade,,83.0,,,1182.684,273.453,936.5010000000001,270.46,,,
274,2201486,516,3.1625038759689925,left,fixation,55.0,,960.133230769231,266.370446153846,,,,,0.0,,
275,2201486,516,3.1625038759689925,right,fixation,,84.0,929.123607692307,258.071038461538,,,,,0.0,,
276,2202006,44,,left,saccade,55.0,,,,932.523,266.505,478.434,244.101,,,
277,2202006,44,,right,saccade,,84.0,,,919.495,277.996,498.4,255.287,,,
278,2202054,160,3.1374615384615394,left,fixation,56.0,,471.772146341463,271.106902439025,,,,,0.0,,
279,2202054,384,3.1433368421052634,right,fixation,,85.0,469.365855670103,200.43886597938092,,,,,1.0,11.889521179967211,34.52929307124606
280,2202218,12,,left,saccade,56.0,,,,465.745,278.28,467.29699999999997,230.86700000000002,,,
281,2202234,204,3.1484607843137256,left,fixation,57.0,,472.82176923076895,215.544730769231,,,,,0.0,,
282,2202442,36,,left,saccade,57.0,,,,477.024,219.547,894.441,244.15099999999998,,,
283,2202442,36,,right,saccade,,85.0,,,472.631,158.42,889.9169999999997,207.25599999999997,,,
284,2202482,1096,3.1943454545454544,left,fixation,58.0,,941.077087272728,203.26005454545398,,,,,10.0,9.47245081662262,28.59016419530613
285,2202482,1096,3.1943454545454544,right,fixation,,86.0,943.7881054545461,209.702883636363,,,,,4.0,7.00192905095858,18.63699184692024
286,2203582,44,,left,saccade,58.0,,,,924.178,181.831,444.376,356.904,,,
287,2203582,44,,right,saccade,,86.0,,,947.2719999999999,184.53099999999998,475.301,364.603,,,
288,2203630,132,3.1441747368421047,right,fixation,,87.0,455.208882352941,380.633558823529,,,,,0.0,,
289,2203630,136,3.1441747368421047,left,fixation,59.0,,448.0878,397.231942857143,,,,,0.0,,
290,2203766,60,,right,saccade,,87.0,,,450.224,393.30300000000005,509.92,284.126,,,
291,2203770,56,,left,saccade,59.0,,,,438.431,408.00199999999995,491.534,374.079,,,
292,2203894,16,,right,fixation,,88.0,513.6712,289.3204,,,,,0.0,,
293,2203902,424,3.09264935064935,left,fixation,60.0,,510.328214953271,412.778280373832,,,,,0.0,,
294,2203914,4,,right,saccade,,88.0,,,507.298,310.268,507.298,323.67,,,
295,2203922,404,3.09264935064935,right,fixation,,89.0,501.297352941176,383.91037254902,,,,,0.0,,
296,2204330,20,,left,saccade,60.0,,,,504.207,415.10699999999997,415.98,411.485,,,
297,2204330,24,,right,saccade,,89.0,,,508.634,388.87800000000004,415.728,390.786,,,
298,2204354,840,3.0525071428571424,left,fixation,61.0,,422.86578672985803,413.05179146919403,,,,,1.0,10.597322126367589,39.09935242430493
299,2204358,1604,3.065993765586035,right,fixation,,90.0,461.74292039800997,389.797062189055,,,,,3.0,11.696983394843711,33.393959137379504
300,2205198,16,,left,saccade,61.0,,,,455.829,413.76599999999996,523.115,410.473,,,
301,2205218,744,3.0820080645161294,left,fixation,62.0,,533.3935828877011,400.21410695187103,,,,,1.0,7.294087767576622,22.33393337502369
302,2205966,20,,right,saccade,,90.0,,,543.644,394.92400000000004,476.04400000000004,451.777,,,
303,2205966,24,,left,saccade,62.0,,,,548.328,399.215,497.241,505.051,,,
304,2205990,632,3.1512816455696204,right,fixation,,91.0,454.1832389937111,490.32200628930804,,,,,0.0,,
305,2205994,628,3.151503184713377,left,fixation,63.0,,472.673563291139,527.979727848102,,,,,0.0,,
306,2206626,20,,left,saccade,63.0,,,,472.509,536.554,507.12300000000016,453.286,,,
307,2206626,20,,right,saccade,,91.0,,,456.82099999999997,487.85900000000004,494.716,439.3,,,
308,2206650,260,3.173598484848485,right,fixation,,92.0,516.175378787879,396.385060606061,,,,,1.0,13.14430422696882,44.96384708852211
309,2206650,268,3.173735294117648,left,fixation,64.0,,545.801279411765,441.483455882353,,,,,0.0,,
310,2206914,12,,right,saccade,,92.0,,,500.15,374.12699999999995,441.32199999999995,381.408,,,
311,2206922,0,,left,saccade,64.0,,,,500.815,439.87800000000004,500.815,439.87800000000004,,,
312,2206926,1160,3.1528977272727268,left,fixation,65.0,,469.922164948453,424.4177835051551,,,,,3.0,10.645252549684283,32.23049714760074
313,2206930,624,3.1736826923076924,right,fixation,,93.0,413.449324840764,391.695108280255,,,,,2.0,7.2188805242269884,34.558696397261265
314,2207558,20,,right,saccade,,93.0,,,359.99699999999996,408.222,435.98,390.52,,,
315,2207582,496,3.11971,right,fixation,,94.0,480.59736799999996,376.005392,,,,,3.0,6.189770429560047,17.798051022040475
316,2208082,40,,right,saccade,,94.0,,,509.56699999999995,380.712,501.894,339.278,,,
317,2208090,40,,left,saccade,65.0,,,,543.411,413.162,506.249,363.454,,,
318,2208202,32,,right,fixation,,95.0,510.856888888889,316.97755555555597,,,,,1.0,200.57561119500545,615.9825509622817
319,2208206,504,3.0634907549622725,left,fixation,66.0,,517.735307086614,405.947448818898,,,,,0.0,,
320,2208238,0,,right,saccade,,95.0,,,513.524,346.01800000000014,513.524,346.01800000000014,,,
321,2208242,464,3.063939303664567,right,fixation,,96.0,502.927871794872,377.710094017094,,,,,0.0,,
322,2208710,20,,right,saccade,,96.0,,,510.95099999999996,372.029,415.41,374.17199999999997,,,
323,2208714,16,,left,saccade,66.0,,,,524.804,419.914,464.899,416.531,,,
324,2208734,588,3.0059149659863937,right,fixation,,97.0,417.73441891891997,378.7338986486489,,,,,1.0,13.064407913827875,22.62792789894824
325,2208734,1248,3.0133092948717946,left,fixation,67.0,,488.39163578274804,403.7586964856231,,,,,1.0,6.9563529597052725,15.792100082003069
326,2209326,0,,right,saccade,,97.0,,,468.389,369.973,468.389,369.973,,,
327,2209330,648,3.0197763975155283,right,fixation,,98.0,499.15690797546,383.10009815950895,,,,,0.0,,
328,2209982,12,,right,saccade,,98.0,,,485.526,369.155,427.401,371.43300000000005,,,
329,2209986,8,,left,saccade,67.0,,,,491.61,395.389,463.583,402.668,,,
330,2209998,484,3.0529338842975204,left,fixation,68.0,,462.051368852459,422.636655737705,,,,,0.0,,
331,2209998,488,3.0529959016393446,right,fixation,,99.0,441.64733333333396,397.1444065040651,,,,,0.0,,
332,2210486,20,,left,saccade,68.0,,,,470.103,408.214,535.275,401.69800000000004,,,
333,2210490,12,,right,saccade,,99.0,,,458.314,403.25,507.64300000000003,400.728,,,
334,2210506,412,3.047417475728156,right,fixation,,100.0,523.375173076923,396.555336538461,,,,,0.0,,
335,2210510,408,3.047382352941177,left,fixation,69.0,,530.928145631068,397.45553398058297,,,,,0.0,,
336,2210922,24,,left,saccade,69.0,,,,516.635,415.784,404.361,416.18199999999996,,,
337,2210922,28,,right,saccade,,100.0,,,512.68,392.26099999999997,350.671,379.051,,,
338,2210950,288,3.0832487808376365,left,fixation,70.0,,391.83823287671305,425.14805479452,,,,,0.0,,
339,2210954,280,3.0835914500699437,right,fixation,,101.0,360.038267605634,360.79785915492994,,,,,2.0,6.6178836794244384,36.07210009771717
340,2211238,63,,right,saccade,,101.0,,,354.11400000000015,370.735,390.93300000000005,283.443,,,
341,2211242,39,,left,saccade,70.0,,,,394.50300000000004,435.598,386.345,296.77,,,
342,2211365,0,,left,fixation,71.0,,386.99699999999996,313.08,,,,,0.0,,
343,2211369,4,,left,saccade,71.0,,,,387.07800000000003,317.839,387.07800000000003,317.839,,,
344,2211377,8,,right,fixation,,102.0,395.3676666666671,283.443,,,,,0.0,,
345,2211377,693,3.0435600742009137,left,fixation,72.0,,443.178718390805,369.611091954022,,,,,1.0,6.71671785340296,16.67870645463845
346,2211389,8,,right,saccade,,102.0,,,398.33,309.538,398.33,332.736,,,
347,2211401,665,3.0439673850574716,right,fixation,,103.0,429.42262874251503,382.453161676647,,,,,2.0,10.280681275792695,31.97911805697187
348,2212070,12,,right,saccade,,103.0,,,432.35699999999997,382.56699999999995,376.11300000000006,376.464,,,
349,2212074,8,,left,saccade,72.0,,,,451.85699999999997,383.57599999999996,412.875,385.272,,,
350,2212086,536,2.998374108053007,right,fixation,,104.0,397.13485925925903,369.7951185185189,,,,,2.0,10.295488407373355,28.43380134421004
351,2212086,540,2.998374108053007,left,fixation,73.0,,422.9021544117649,377.8781323529409,,,,,2.0,9.42243509097599,25.70211071748493
352,2212626,64,,right,saccade,,104.0,,,407.25300000000004,358.01,442.838,218.982,,,
353,2212630,40,,left,saccade,73.0,,,,435.47900000000004,367.407,432.74,254.657,,,
354,2212774,0,,left,fixation,74.0,,435.279,272.772,,,,,0.0,,
355,2212778,8,,left,saccade,74.0,,,,443.767,283.856,453.83,283.856,,,
356,2212782,12,,right,fixation,,105.0,452.2265,223.9275,,,,,0.0,,
357,2212790,567,3.010963437796772,left,fixation,75.0,,477.148755244756,367.829601398602,,,,,0.0,,
358,2212798,12,,right,saccade,,105.0,,,455.039,238.722,457.494,288.2390000000001,,,
359,2212814,448,3.01336938534279,right,fixation,,106.0,462.887982300885,351.823610619469,,,,,0.0,,
360,2213266,4,,right,saccade,,106.0,,,462.719,396.588,462.719,403.898,,,
361,2213274,75,3.0017500000000004,right,fixation,,107.0,466.6674,437.12300000000016,,,,,0.0,,
362,2213353,16,,right,saccade,,107.0,,,467.093,443.24800000000016,463.69300000000004,503.63800000000003,,,
363,2213361,8,,left,saccade,75.0,,,,480.051,449.719,479.22,467.17699999999996,,,
364,2213373,260,2.9872538461538465,left,fixation,76.0,,467.913848484848,498.1300909090911,,,,,1.0,6.782627639377259,13.1405444712158
365,2213373,260,2.9872538461538465,right,fixation,,108.0,456.247303030303,514.244848484848,,,,,0.0,,
366,2213637,28,,right,saccade,,108.0,,,452.61699999999996,487.62199999999996,673.569,481.51099999999997,,,
367,2213637,32,,left,saccade,76.0,,,,476.9,504.853,699.3810000000003,497.38199999999995,,,
368,2213669,348,2.984350574712644,right,fixation,,109.0,697.092875,485.604011363636,,,,,0.0,,
369,2213673,348,2.983557471264368,left,fixation,77.0,,717.988375,465.98294318181803,,,,,3.0,10.915855166633275,31.887230107129785
370,2214021,28,,right,saccade,,109.0,,,688.1080000000003,486.30699999999996,929.8860000000001,491.963,,,
371,2214025,28,,left,saccade,77.0,,,,712.842,448.351,930.395,436.905,,,
372,2214053,321,2.9668456790123456,right,fixation,,110.0,934.1248148148152,477.36587654321,,,,,0.0,,
373,2214057,321,2.9669012345679007,left,fixation,78.0,,968.8634074074072,439.977592592593,,,,,2.0,9.128071524671023,25.88149805938096
374,2214378,28,,right,saccade,,110.0,,,929.658,467.501,1152.8339999999996,483.116,,,
375,2214382,24,,left,saccade,78.0,,,,967.7230000000001,440.025,1156.902,452.319,,,
376,2214410,719,3.0761815642458106,left,fixation,79.0,,1187.86434254144,513.670475138121,,,,,1.0,7.339013673133751,18.59400871248591
377,2214410,719,3.0761815642458106,right,fixation,,111.0,1167.37820994475,500.517143646408,,,,,0.0,,
378,2215133,48,,left,saccade,79.0,,,,1192.806,497.23699999999997,557.136,471.421,,,
379,2215133,52,,right,saccade,,111.0,,,1157.299,520.374,530.974,511.702,,,
380,2215185,481,3.027586776859504,left,fixation,80.0,,498.81243801652886,470.28098347107397,,,,,1.0,11.793254009767145,32.79161315031636
381,2215189,473,3.027495798319328,right,fixation,,112.0,475.493596638655,510.40928571428594,,,,,1.0,8.583875447281644,25.03843423618987
382,2215666,20,,right,saccade,,112.0,,,462.164,503.923,491.269,418.481,,,
383,2215670,16,,left,saccade,80.0,,,,484.44300000000004,467.176,499.548,406.217,,,
384,2215690,391,3.028664948453608,left,fixation,81.0,,518.150707070707,386.080797979798,,,,,0.0,,
385,2215690,391,3.028664948453608,right,fixation,,113.0,493.442141414141,358.962131313131,,,,,0.0,,
386,2216085,44,,left,saccade,81.0,,,,515.582,367.485,1030.387,425.499,,,
387,2216085,44,,right,saccade,,113.0,,,494.194,356.885,1032.0710000000001,427.593,,,
388,2216133,140,2.997214285714286,left,fixation,82.0,,1060.6251111111098,454.7785,,,,,0.0,,
389,2216133,140,2.997214285714286,right,fixation,,114.0,1040.6111944444401,462.721527777778,,,,,0.0,,
390,2216277,16,,left,saccade,82.0,,,,1070.5639999999999,496.065,979.0980000000001,498.584,,,
391,2216277,16,,right,saccade,,114.0,,,1053.26,473.65,960.4689999999999,471.991,,,
392,2216297,60,3.0222,right,fixation,,115.0,943.2510625,468.9376875,,,,,0.0,,
393,2216297,64,3.02190625,left,fixation,83.0,,970.034,493.418647058824,,,,,1.0,7.982469744522841,21.63510658628704
394,2216361,32,,right,saccade,,115.0,,,923.9780000000001,480.37300000000016,1159.21,487.23199999999997,,,
395,2216365,28,,left,saccade,83.0,,,,966.822,460.71,1179.91,458.26099999999997,,,
396,2216397,912,2.9942100397050484,right,fixation,,116.0,1169.42796943231,507.10684716157203,,,,,0.0,,
397,2216397,924,2.9942100397050484,left,fixation,84.0,,1216.41307327586,468.65145689655196,,,,,0.0,,
398,2217313,40,,right,saccade,,116.0,,,1169.5710000000001,503.54699999999997,1195.921,389.814,,,
399,2217325,40,,left,saccade,84.0,,,,1224.585,469.94300000000004,1245.809,379.343,,,
400,2217457,184,3.025501195777667,left,fixation,85.0,,1244.68129787234,452.369531914894,,,,,1.0,9.541428091631651,29.650376810421854
401,2217481,160,3.0255011957776676,right,fixation,,117.0,1198.13936585366,463.987390243902,,,,,2.0,7.074409085905078,21.951273900497103
402,2217645,52,,left,saccade,85.0,,,,1233.887,450.746,566.2280000000002,370.335,,,
403,2217645,52,,right,saccade,,117.0,,,1181.183,511.077,550.139,416.51199999999994,,,
404,2217701,704,3.0274999999999994,right,fixation,,118.0,514.0248474576271,386.103152542373,,,,,0.0,,
405,2217701,712,3.027393258426966,left,fixation,86.0,,531.6368324022351,374.34588826815695,,,,,0.0,,
406,2218409,24,,right,saccade,,118.0,,,501.134,386.162,469.452,487.213,,,
407,2218417,16,,left,saccade,86.0,,,,527.03,397.51099999999997,503.423,450.847,,,
408,2218437,368,3.015722826086957,right,fixation,,119.0,460.313548387097,506.469043010753,,,,,0.0,,
409,2218437,384,3.0170937499999995,left,fixation,87.0,,474.33543298969,453.16706185567,,,,,0.0,,
410,2218809,24,,right,saccade,,119.0,,,461.01300000000003,503.901,494.099,367.086,,,
411,2218825,0,,left,saccade,87.0,,,,493.175,408.33099999999996,493.175,408.33099999999996,,,
412,2218829,284,3.035647887323944,left,fixation,88.0,,518.920888888889,390.748444444444,,,,,0.0,,
413,2218837,276,3.0353115942028985,right,fixation,,120.0,499.538742857143,357.614642857143,,,,,0.0,,
414,2219117,20,,left,saccade,88.0,,,,530.212,398.416,436.36699999999996,392.43199999999996,,,
415,2219117,20,,right,saccade,,120.0,,,495.634,383.589,430.996,386.542,,,
416,2219141,596,3.029483221476509,left,fixation,89.0,,444.272126666667,376.72556000000003,,,,,0.0,,
417,2219141,1004,3.025922310756972,right,fixation,,121.0,416.30315079365,383.30276984127,,,,,1.0,8.550332134549588,28.00011016049761
418,2219741,8,,left,saccade,89.0,,,,453.256,387.61800000000005,426.208,387.61800000000005,,,
419,2219753,392,3.0214744897959185,left,fixation,90.0,,402.842505050505,383.128181818182,,,,,0.0,,
420,2220149,52,,right,saccade,,121.0,,,387.73699999999997,361.285,1056.9560000000001,446.642,,,
421,2220149,56,,left,saccade,90.0,,,,401.94599999999997,381.645,1110.614,426.944,,,
422,2220205,100,3.0323600000000006,right,fixation,,122.0,1085.3679230769199,480.07980769230795,,,,,0.0,,
423,2220209,92,3.0329347826086965,left,fixation,91.0,,1121.23933333333,433.59125,,,,,0.0,,
424,2220305,20,,left,saccade,91.0,,,,1116.651,450.14599999999996,1196.175,451.089,,,
425,2220309,16,,right,saccade,,122.0,,,1094.288,497.67199999999997,1165.631,497.67199999999997,,,
426,2220329,1040,3.0151807692307693,left,fixation,92.0,,1213.8957011494301,477.807363984674,,,,,2.0,8.315122952060346,17.305051340302327
427,2220329,1040,3.0151807692307693,right,fixation,,123.0,1161.9681302682002,510.95718390804603,,,,,0.0,,
428,2221373,56,,left,saccade,92.0,,,,1195.192,487.522,574.8,392.973,,,
429,2221373,56,,right,saccade,,123.0,,,1140.349,506.282,562.621,430.409,,,
430,2221433,464,3.0277456896551724,left,fixation,93.0,,534.320752136752,396.40994871794885,,,,,0.0,,
431,2221433,464,3.0277456896551724,right,fixation,,124.0,516.600376068376,387.082504273504,,,,,1.0,5.797321316301573,16.672457827207168
432,2221901,52,,right,saccade,,124.0,,,502.70099999999996,370.18699999999995,1366.549,475.009,,,
433,2221901,56,,left,saccade,93.0,,,,529.6759999999998,407.343,1413.265,483.38599999999997,,,
434,2221957,992,3.0393227990970657,right,fixation,,125.0,1406.6350481927698,497.875293172691,,,,,0.0,,
435,2221961,988,3.0394104308390024,left,fixation,94.0,,1441.759375,508.363366935485,,,,,0.0,,
436,2222953,60,,left,saccade,94.0,,,,1465.251,513.521,1507.085,426.423,,,
437,2222953,40,,right,saccade,,125.0,,,1403.511,507.134,1436.444,474.216,,,
438,2223077,0,,right,fixation,,126.0,1444.586,474.216,,,,,0.0,,
439,2223077,12,,left,fixation,95.0,,1503.4045,421.595,,,,,0.0,,
440,2223081,16,,right,saccade,,126.0,,,1460.89,474.216,1459.83,402.30199999999996,,,
441,2223093,12,,left,saccade,95.0,,,,1496.957,421.595,1485.9479999999999,485.586,,,
442,2223101,268,2.9973804347826087,right,fixation,,127.0,1440.4411176470599,491.546205882353,,,,,2.0,8.534634408729952,28.68053149908004
443,2223109,260,2.9973804347826087,left,fixation,96.0,,1480.45510606061,510.864166666667,,,,,0.0,,
444,2223373,28,,right,saccade,,127.0,,,1445.23,510.468,1200.644,503.64599999999996,,,
445,2223373,32,,left,saccade,96.0,,,,1474.0610000000001,500.401,1205.356,480.459,,,
446,2223405,544,2.961797794117647,right,fixation,,128.0,1180.86254744526,496.726145985401,,,,,0.0,,
447,2223409,540,2.9614555555555566,left,fixation,97.0,,1206.2740955882302,473.02168382352994,,,,,1.0,6.893667265041982,13.919275843232741
448,2223953,52,,left,saccade,97.0,,,,1219.6580000000001,469.408,510.523,398.673,,,
449,2223953,52,,right,saccade,,128.0,,,1182.2169999999999,517.664,533.512,421.349,,,
450,2224009,544,2.9411654411764703,left,fixation,98.0,,475.79139416058405,373.67500729927,,,,,1.0,6.162648035183848,12.854009957985859
451,2224009,1528,2.988318062827225,right,fixation,,129.0,455.060031331593,453.90471018276804,,,,,5.0,7.80868962909328,19.866325849900672
452,2224557,16,,left,saccade,98.0,,,,454.17199999999997,370.601,456.545,443.765,,,
453,2224577,960,3.0161083333333334,left,fixation,99.0,,466.451248962656,490.315012448133,,,,,2.0,7.546923241303892,18.466548633062
454,2225541,20,,right,saccade,,129.0,,,438.85,519.71,468.454,440.194,,,
455,2225541,24,,left,saccade,99.0,,,,484.56800000000004,511.342,504.26300000000003,391.602,,,
456,2225565,820,3.0122033728957254,right,fixation,,130.0,482.0702427184471,406.382514563107,,,,,1.0,6.529159181021027,20.59579949892696
457,2225569,820,3.012022439410547,left,fixation,100.0,,512.230063106796,383.92077184466,,,,,0.0,,
458,2226389,72,,right,saccade,,130.0,,,465.32099999999997,394.88599999999997,400.36,274.53,,,
459,2226393,44,,left,saccade,100.0,,,,476.385,371.215,428.163,301.981,,,
460,2226517,467,3.0038978386529283,left,fixation,101.0,,452.1664830508471,371.45222881355903,,,,,1.0,8.234384700078621,10.545554987766172
461,2226521,0,,right,fixation,,131.0,418.032,274.53,,,,,0.0,,
462,2226525,0,,right,saccade,,131.0,,,418.60400000000004,274.53,418.60400000000004,274.53,,,
463,2226529,4,,right,fixation,,132.0,422.9815,276.625,,,,,0.0,,
464,2226537,8,,right,saccade,,132.0,,,429.075,315.655,430.316,316.626,,,
465,2226549,431,3.0037621408593944,right,fixation,,133.0,449.462816513762,393.497798165138,,,,,0.0,,
466,2226984,20,,right,saccade,,133.0,,,459.337,385.027,400.87300000000016,386.17400000000004,,,
467,2226988,16,,left,saccade,101.0,,,,453.537,384.598,397.532,380.631,,,
468,2227008,1468,3.028974114441417,right,fixation,,134.0,413.45721467391405,397.454551630434,,,,,2.0,11.162547457190103,32.522712396851055
469,2227008,1681,3.029890012642225,left,fixation,102.0,,423.65911876484597,380.888501187649,,,,,1.0,12.45866264113271,39.34634678086393
470,2228480,0,,right,saccade,,134.0,,,410.315,395.80699999999996,410.315,395.80699999999996,,,
471,2228484,205,3.0404905660377364,right,fixation,,135.0,391.04555769230797,393.938076923077,,,,,1.0,8.404278878774914,10.271085872486916
472,2228693,40,,left,saccade,102.0,,,,439.3,386.461,388.048,330.715,,,
473,2228693,56,,right,saccade,,135.0,,,385.439,395.319,371.583,302.441,,,
474,2228797,319,3.0523697174595505,left,fixation,103.0,,404.6533333333329,391.25325925925904,,,,,0.0,,
475,2228805,295,3.050337004982953,right,fixation,,136.0,368.38248,354.788586666667,,,,,3.0,12.412964118266927,32.12764890303378
476,2229104,20,,right,saccade,,136.0,,,335.80300000000005,385.034,419.213,366.07,,,
477,2229120,4,,left,saccade,103.0,,,,447.62300000000016,383.209,449.54699999999997,382.16,,,
478,2229128,608,3.026661184210526,left,fixation,104.0,,445.731450980392,367.134738562091,,,,,0.0,,
479,2229128,620,3.0264580645161288,right,fixation,,137.0,435.768121794872,375.387705128205,,,,,0.0,,
480,2229740,16,,left,saccade,104.0,,,,437.50699999999995,367.522,505.879,363.971,,,
481,2229752,8,,right,saccade,,137.0,,,470.79900000000004,364.825,475.065,374.845,,,
482,2229760,1576,3.0471783803979515,left,fixation,105.0,,473.501227848102,388.573136708861,,,,,2.0,9.735988572766171,30.434282334190808
483,2229764,1568,3.0473026753105996,right,fixation,,138.0,460.914610687023,383.22159541984803,,,,,2.0,10.72225523842344,32.256654379266244
484,2231336,40,,right,saccade,,138.0,,,446.726,390.885,479.53,314.036,,,
485,2231340,52,,left,saccade,105.0,,,,473.44699999999995,397.343,480.165,333.525,,,
486,2231456,776,3.081059526837367,right,fixation,,139.0,499.529471794872,385.558153846154,,,,,1.0,18.93631757364668,36.33897835658018
487,2231464,776,3.0803880249685984,left,fixation,106.0,,520.3301076923079,370.656394871795,,,,,1.0,6.651218443095808,13.17940491828057
488,2232236,20,,right,saccade,,139.0,,,505.82300000000004,381.315,471.73900000000003,448.792,,,
489,2232244,20,,left,saccade,106.0,,,,514.597,370.19599999999997,496.99199999999996,455.751,,,
490,2232260,564,3.0285496453900707,right,fixation,,140.0,454.10940845070394,479.275112676056,,,,,0.0,,
491,2232268,556,3.0288741007194244,left,fixation,107.0,,484.43538571428496,480.805242857143,,,,,1.0,7.897265103256384,21.825184283299905
492,2232828,64,,left,saccade,107.0,,,,483.728,472.835,1379.777,491.52,,,
493,2232828,64,,right,saccade,,140.0,,,442.079,463.085,1340.4279999999999,490.957,,,
494,2232896,596,3.099208053691275,left,fixation,108.0,,1464.30725333333,498.021373333333,,,,,2.0,10.802128465260363,32.5228371431349
495,2232896,596,3.099208053691275,right,fixation,,141.0,1403.17135333333,517.140566666667,,,,,1.0,7.771637282809559,25.508019542881108
496,2233496,28,,left,saccade,108.0,,,,1477.259,515.923,1234.9360000000001,512.736,,,
497,2233496,28,,right,saccade,,141.0,,,1407.1989999999994,534.663,1218.268,528.935,,,
498,2233528,284,3.0577605633802816,left,fixation,109.0,,1222.2543472222196,495.70394444444395,,,,,3.0,7.699739986227073,21.347932615081266
499,2233528,288,3.0576041666666662,right,fixation,,142.0,1190.2444109589,524.994547945205,,,,,0.0,,
500,2233816,28,,left,saccade,109.0,,,,1213.3319999999999,485.912,979.7669999999999,494.324,,,
501,2233820,24,,right,saccade,,142.0,,,1185.615,520.256,947.926,514.1,,,
502,2233848,144,3.070583333333333,right,fixation,,143.0,932.48845945946,497.794135135135,,,,,0.0,,
503,2233848,148,3.070364864864865,left,fixation,110.0,,965.647763157895,495.525289473684,,,,,2.0,8.046082105440806,24.235756995269377
504,2233996,28,,right,saccade,,143.0,,,931.66,485.478,1149.215,491.283,,,
505,2234000,24,,left,saccade,110.0,,,,953.951,491.077,1176.165,472.545,,,
506,2234028,344,3.0601104651162787,left,fixation,111.0,,1194.21397701149,486.707574712644,,,,,0.0,,
507,2234028,348,3.0607413793103446,right,fixation,,144.0,1161.67732954545,513.366045454546,,,,,0.0,,
508,2234376,28,,left,saccade,111.0,,,,1182.847,520.055,1008.2389999999999,507.681,,,
509,2234380,20,,right,saccade,,144.0,,,1152.247,514.6419999999998,974.2819999999999,495.168,,,
510,2234404,1064,3.157159176029963,right,fixation,,145.0,946.503430711611,501.334456928839,,,,,0.0,,
511,2234408,1060,3.157330827067669,left,fixation,112.0,,971.2349172932339,505.40054887217997,,,,,0.0,,
512,2235472,32,,left,saccade,112.0,,,,964.4639999999999,514.769,726.791,515.837,,,
513,2235472,32,,right,saccade,,145.0,,,934.243,516.693,699.033,506.965,,,
514,2235508,140,3.1797499999999994,left,fixation,113.0,,716.6080000000003,523.0941944444439,,,,,0.0,,
515,2235508,140,3.1797499999999994,right,fixation,,146.0,687.7335,504.037611111111,,,,,0.0,,
516,2235652,28,,left,saccade,113.0,,,,709.143,528.489,477.444,508.63300000000004,,,
517,2235652,28,,right,saccade,,146.0,,,682.8539999999998,508.594,476.13800000000003,512.0840000000002,,,
518,2235684,272,3.1223308823529408,left,fixation,114.0,,467.75065217391295,508.66762318840597,,,,,2.0,8.503667411086019,23.378851282772217
519,2235684,272,3.1223308823529408,right,fixation,,147.0,456.18984057970994,504.069695652174,,,,,0.0,,
520,2235960,48,,left,saccade,114.0,,,,484.93800000000016,513.298,1156.344,525.0419999999998,,,
521,2235960,48,,right,saccade,,147.0,,,463.32300000000004,502.324,1142.975,501.7,,,
522,2236012,1312,3.11874393939394,left,fixation,115.0,,1199.38713677812,527.26994224924,,,,,7.0,8.092811611333458,25.906380186383675
523,2236012,1312,3.11874393939394,right,fixation,,148.0,1168.42980547113,509.807179331307,,,,,0.0,,
524,2237328,52,,left,saccade,115.0,,,,1201.109,554.5740000000002,488.43800000000016,518.721,,,
525,2237328,52,,right,saccade,,148.0,,,1164.692,528.414,465.694,507.754,,,
526,2237384,148,3.1244864864864863,right,fixation,,149.0,456.33502631578904,500.678210526316,,,,,0.0,,
527,2237384,152,3.1246710526315784,left,fixation,116.0,,473.428461538461,534.436769230769,,,,,0.0,,
528,2237536,28,,right,saccade,,149.0,,,454.161,503.911,432.055,672.4169999999998,,,
529,2237540,24,,left,saccade,116.0,,,,487.44,546.95,463.04,650.288,,,
530,2237568,192,3.185916666666666,left,fixation,117.0,,450.935183673469,669.784040816327,,,,,0.0,,
531,2237568,192,3.185916666666666,right,fixation,,150.0,447.36626530612295,722.745775510204,,,,,0.0,,
532,2237764,40,,left,saccade,117.0,,,,473.901,702.41,519.22,190.27599999999998,,,
533,2237764,44,,right,saccade,,150.0,,,473.208,761.939,548.95,144.722,,,
534,2237808,112,3.2117321428571435,left,fixation,118.0,,560.405862068965,205.097551724138,,,,,0.0,,
535,2237812,108,3.211962962962964,right,fixation,,151.0,559.9460357142859,135.45225,,,,,0.0,,
536,2237924,32,,right,saccade,,151.0,,,551.697,126.676,890.077,83.87899999999998,,,
537,2237924,40,,left,saccade,118.0,,,,583.306,228.672,932.703,131.704,,,
538,2237960,236,3.2243474576271187,right,fixation,,152.0,923.1807,75.4187166666666,,,,,0.0,,
539,2237968,228,3.223324561403509,left,fixation,119.0,,957.3477241379312,123.67332758620701,,,,,0.0,,
540,2238200,56,,right,saccade,,152.0,,,921.813,89.189,463.94300000000004,733.4830000000003,,,
541,2238200,64,,left,saccade,119.0,,,,969.5939999999999,138.256,472.332,697.9639999999997,,,
542,2238260,84,3.1070238095238096,right,fixation,,153.0,454.900318181818,765.082590909091,,,,,0.0,,
543,2238268,400,3.0918911564625846,left,fixation,120.0,,465.98583168316804,690.354376237624,,,,,2.0,10.177707609058023,30.269191239653058
544,2238348,4,,right,saccade,,153.0,,,446.414,749.4830000000003,446.414,740.84,,,
545,2238356,148,3.0904189189189184,right,fixation,,154.0,451.501631578947,735.547578947368,,,,,1.0,7.864884801727519,15.798217779230635
546,2238508,20,,right,saccade,,154.0,,,442.345,756.664,454.88,635.442,,,
547,2238532,136,3.072666666666666,right,fixation,,155.0,464.93868571428595,640.335742857143,,,,,0.0,,
548,2238672,43,,left,saccade,120.0,,,,467.031,643.2959999999998,395.67900000000003,515.746,,,
549,2238672,51,,right,saccade,,155.0,,,451.852,632.058,461.11800000000005,508.423,,,
550,2238791,0,,left,fixation,121.0,,400.63300000000004,528.869,,,,,0.0,,
551,2238791,28,,right,fixation,,156.0,460.81775,489.387125,,,,,1.0,5.416535106094631,13.21224924076136
552,2238795,20,,left,saccade,121.0,,,,402.892,539.1569999999998,407.88,606.078,,,
553,2238819,105,2.964875,left,fixation,122.0,,428.238111111111,630.184814814815,,,,,1.0,15.993049021371755,33.088699354915725
554,2238823,20,,right,saccade,,156.0,,,455.458,495.699,428.202,548.36,,,
555,2238847,77,2.964875,right,fixation,,157.0,423.2967,602.82815,,,,,0.0,,
556,2238928,4,,left,saccade,122.0,,,,394.059,639.0169999999998,386.33099999999996,637.669,,,
557,2238928,4,,right,saccade,,157.0,,,383.12199999999996,620.322,382.39300000000003,620.345,,,
558,2238936,1300,3.0540246153846162,right,fixation,,158.0,432.20543865030714,631.7555214723931,,,,,4.0,11.166870109093297,31.97784225944148
559,2238936,1304,3.054157975460123,left,fixation,123.0,,444.2626513761461,637.1463669724781,,,,,2.0,6.731334054641928,15.626092445935988
560,2240240,20,,right,saccade,,158.0,,,492.892,623.325,434.24800000000016,613.694,,,
561,2240244,12,,left,saccade,123.0,,,,495.835,629.644,445.287,630.68,,,
562,2240260,528,3.080625712400264,left,fixation,124.0,,414.14863157894797,635.212195488722,,,,,0.0,,
563,2240264,520,3.0805168675428507,right,fixation,,159.0,415.40785496183196,613.908954198473,,,,,1.0,10.001576132734725,27.387540835204586
564,2240788,72,,right,saccade,,159.0,,,374.24300000000005,623.48,416.60400000000004,504.909,,,
565,2240792,48,,left,saccade,124.0,,,,407.01599999999996,647.089,393.251,568.51,,,
566,2240920,1251,3.096725348897227,left,fixation,125.0,,489.39609554140196,653.9872388535031,,,,,3.0,8.34386911083237,27.63881904875807
567,2240924,20,,right,fixation,,160.0,420.8553333333329,484.28,,,,,0.0,,
568,2240948,20,,right,saccade,,160.0,,,428.923,495.8,428.923,562.3969999999998,,,
569,2240972,1199,3.096725348897227,right,fixation,,161.0,469.307760797342,609.600521594684,,,,,2.0,8.562572625202094,29.344622667910752
570,2242175,16,,right,saccade,,161.0,,,482.046,591.153,414.852,602.621,,,
571,2242175,20,,left,saccade,125.0,,,,523.4209999999998,665.3510000000001,425.835,659.8789999999998,,,
572,2242195,668,3.061811377245509,right,fixation,,162.0,393.839529761905,622.341529761904,,,,,2.0,8.033174024647776,24.30972325382689
573,2242199,664,3.0617921686746983,left,fixation,126.0,,417.80174850299403,643.192,,,,,1.0,7.467892310120392,19.15028576810275
574,2242867,8,,left,saccade,126.0,,,,424.17199999999997,650.755,458.796,650.755,,,
575,2242867,12,,right,saccade,,162.0,,,395.901,634.604,437.72,620.581,,,
576,2242879,1092,3.0655787545787545,left,fixation,127.0,,435.949040145985,637.473554744526,,,,,2.0,5.823500775336576,15.639017149676015
577,2242883,1116,3.0655985663082435,right,fixation,,163.0,414.410521428572,615.256332142858,,,,,2.0,7.849747681047707,21.72765825470428
578,2243975,0,,left,saccade,127.0,,,,394.171,621.007,394.171,621.007,,,
579,2243979,24,3.0619166666666664,left,fixation,128.0,,373.054142857143,612.25,,,,,0.0,,
580,2244003,20,,right,saccade,,163.0,,,345.11699999999996,600.477,433.441,604.3340000000002,,,
581,2244007,12,,left,saccade,128.0,,,,368.842,609.5409999999998,421.167,616.987,,,
582,2244023,160,3.073064708386548,left,fixation,129.0,,438.007780487805,632.024146341464,,,,,0.0,,
583,2244027,152,3.073709885057472,right,fixation,,164.0,444.905871794872,625.918538461538,,,,,0.0,,
584,2244183,56,,right,saccade,,164.0,,,430.48199999999997,627.867,457.779,481.966,,,
585,2244187,48,,left,saccade,129.0,,,,443.202,637.6619999999998,452.085,528.538,,,
586,2244327,20,,left,fixation,130.0,,462.627833333333,557.9325,,,,,0.0,,
587,2244331,0,,right,fixation,,165.0,472.899,485.293,,,,,0.0,,
588,2244335,0,,right,saccade,,165.0,,,486.36,485.293,486.36,485.293,,,
589,2244339,8,,right,fixation,,166.0,490.402333333333,487.67800000000005,,,,,0.0,,
590,2244351,8,,left,saccade,130.0,,,,468.408,583.395,475.11,603.974,,,
591,2244351,16,,right,saccade,,166.0,,,498.087,489.171,497.14300000000003,546.328,,,
592,2244363,852,3.0289209183673464,left,fixation,131.0,,483.77569158878487,643.541495327103,,,,,2.0,9.094529877205456,24.31772447286895
593,2244371,1528,3.0073419618528607,right,fixation,,167.0,432.29542036553596,619.015093994779,,,,,6.0,9.760929955773394,35.0770835845287
594,2245219,4,,left,saccade,131.0,,,,462.091,656.42,459.514,655.15,,,
595,2245227,1284,2.9995934579439254,left,fixation,132.0,,442.296024844721,635.646161490684,,,,,2.0,9.88443907959729,53.706808319676114
596,2245903,20,,right,saccade,,167.0,,,341.9190000000001,596.011,415.329,616.4830000000002,,,
597,2245927,200,3.0192300000000007,right,fixation,,168.0,437.66868627451004,654.134,,,,,0.0,,
598,2246131,20,,right,saccade,,168.0,,,432.42800000000005,666.1110000000001,487.754,635.83,,,
599,2246155,356,3.0181011235955046,right,fixation,,169.0,493.324233333333,615.7467333333329,,,,,0.0,,
600,2246515,20,,left,saccade,132.0,,,,486.866,635.653,399.79400000000004,588.849,,,
601,2246515,20,,right,saccade,,169.0,,,480.352,604.972,408.255,605.379,,,
602,2246539,256,3.0084453125,right,fixation,,170.0,375.036076923077,589.568123076923,,,,,1.0,5.388029829580043,11.09945962648634
603,2246539,260,3.0084846153846163,left,fixation,133.0,,411.035575757576,587.165106060606,,,,,2.0,7.658204037767607,26.434314599145196
604,2246799,20,,right,saccade,,170.0,,,358.94300000000015,587.664,444.214,585.717,,,
605,2246803,20,,left,saccade,133.0,,,,397.083,576.688,474.904,611.367,,,
606,2246823,1500,3.1201316489361703,right,fixation,,171.0,459.794502659574,641.358946808511,,,,,5.0,8.546342903072198,22.05682838457829
607,2246827,1836,3.1261220043572986,left,fixation,134.0,,478.560723913044,662.824023913044,,,,,4.0,9.409285794152652,24.25823082584955
608,2248327,20,,right,saccade,,171.0,,,425.61699999999996,684.806,424.277,761.9110000000003,,,
609,2248351,312,3.150181818181818,right,fixation,,172.0,446.81815189873396,779.5237341772148,,,,,2.0,6.895039251686393,24.01188566280029
610,2248667,24,,left,saccade,134.0,,,,475.309,744.5,661.9739999999998,743.567,,,
611,2248667,24,,right,saccade,,172.0,,,454.963,789.638,664.7610000000002,790.939,,,
612,2248695,104,3.239,right,fixation,,173.0,672.876851851852,770.9921851851849,,,,,0.0,,
613,2248695,112,3.239,left,fixation,135.0,,667.537310344828,751.6204482758618,,,,,0.0,,
614,2248803,52,,right,saccade,,173.0,,,666.4630000000002,767.86,789.5319999999997,664.877,,,
615,2248811,52,,left,saccade,135.0,,,,665.2739999999999,749.868,685.293,693.7739999999999,,,
616,2248907,516,3.1948019415258107,left,fixation,136.0,,717.2818846153841,741.7877923076918,,,,,1.0,9.358208960289604,60.44553677485217
617,2248923,20,,right,fixation,,174.0,787.960833333333,662.7653333333329,,,,,0.0,,
618,2248947,28,,right,saccade,,174.0,,,776.393,667.303,749.035,785.967,,,
619,2248979,440,3.1949775957545,right,fixation,,175.0,704.428702702702,778.82645945946,,,,,0.0,,
620,2249423,36,,right,saccade,,175.0,,,704.2310000000001,756.225,498.205,649.813,,,
621,2249427,36,,left,saccade,136.0,,,,693.198,737.363,489.33099999999996,645.726,,,
622,2249463,1188,3.111757575757576,right,fixation,,176.0,445.7177550335569,624.709983221476,,,,,0.0,,
623,2249467,1604,3.114703241895262,left,fixation,137.0,,437.95935572139297,622.9935497512449,,,,,5.0,8.082824251234575,23.249293051000933
624,2250655,12,,right,saccade,,176.0,,,426.67800000000005,636.528,409.4,667.015,,,
625,2250671,344,3.117633720930232,right,fixation,,177.0,385.948528735632,662.330954022988,,,,,4.0,7.989661968460232,38.450942103318674
626,2251019,8,,right,saccade,,177.0,,,334.0,639.039,329.999,611.015,,,
627,2251031,40,3.165,right,fixation,,178.0,328.837636363636,600.694636363636,,,,,0.0,,
628,2251075,8,,left,saccade,137.0,,,,378.81199999999995,603.964,388.075,619.303,,,
629,2251075,8,,right,saccade,,178.0,,,348.026,614.89,357.05800000000005,634.062,,,
630,2251087,384,3.1145104166666666,right,fixation,,179.0,376.394309278351,625.82793814433,,,,,3.0,8.023379904107635,19.63915867294716
631,2251087,704,3.1274375000000005,left,fixation,138.0,,418.572542372881,622.760892655367,,,,,2.0,8.452631789997058,26.880998900159828
632,2251475,0,,right,saccade,,179.0,,,428.36,645.391,428.36,645.391,,,
633,2251479,312,3.1432884615384618,right,fixation,,180.0,435.876139240506,686.063848101266,,,,,0.0,,
634,2251795,28,,left,saccade,138.0,,,,447.375,621.294,635.3330000000002,679.87,,,
635,2251795,32,,right,saccade,,180.0,,,434.668,662.048,645.493,737.585,,,
636,2251827,524,3.204419847328244,left,fixation,139.0,,691.017303030304,740.249553030303,,,,,0.0,,
637,2251831,520,3.20475,right,fixation,,181.0,666.2570839694661,773.739022900764,,,,,3.0,6.250213993891728,17.9721815571985
638,2252355,32,,left,saccade,139.0,,,,691.315,740.574,494.108,664.318,,,
639,2252355,32,,right,saccade,,181.0,,,660.8710000000002,812.342,469.01800000000003,722.198,,,
640,2252391,1644,3.112473236009732,left,fixation,140.0,,473.599038834952,632.742349514562,,,,,2.0,7.232112514525897,19.190493111656274
641,2252391,1648,3.1125558252427186,right,fixation,,182.0,444.400263922518,640.717506053269,,,,,8.0,9.491779962752195,26.913075328867674
642,2254039,32,,left,saccade,140.0,,,,469.601,638.0930000000002,673.423,710.445,,,
643,2254043,24,,right,saccade,,182.0,,,477.702,666.329,646.107,742.2280000000003,,,
644,2254071,760,3.1937556488809355,right,fixation,,183.0,691.3378952879581,777.739130890052,,,,,1.0,5.243134095070336,10.414171162411378
645,2254075,768,3.194077222104818,left,fixation,141.0,,703.844248704663,741.7732227979269,,,,,0.0,,
646,2254835,52,,right,saccade,,183.0,,,714.9760000000001,748.562,786.2460000000003,664.248,,,
647,2254847,40,,left,saccade,141.0,,,,727.566,705.166,721.515,617.8,,,
648,2254994,597,3.1830158770161288,left,fixation,142.0,,720.194153333333,720.739153333333,,,,,1.0,7.111620117416575,18.962468457455515
649,2255002,589,3.1830158770161288,right,fixation,,184.0,723.5128648648662,753.7806689189191,,,,,1.0,8.94691945277505,43.989625197312066
650,2255595,27,,right,saccade,,184.0,,,704.455,738.561,549.731,644.044,,,
651,2255595,31,,left,saccade,142.0,,,,708.689,731.7289999999997,530.131,654.305,,,
652,2255626,297,3.0254769736842104,right,fixation,,185.0,515.6077333333329,635.7318933333339,,,,,0.0,,
653,2255630,293,3.0246700000000004,left,fixation,143.0,,519.081405405405,650.482243243243,,,,,0.0,,
654,2255927,24,,left,saccade,143.0,,,,505.06199999999995,655.709,714.882,682.5169999999998,,,
655,2255927,40,,right,saccade,,185.0,,,526.9580000000002,649.568,699.7719999999997,697.8960000000003,,,
656,2255955,180,3.0388666666666664,left,fixation,144.0,,723.299586956522,704.397108695652,,,,,0.0,,
657,2255971,160,3.0388625,right,fixation,,186.0,710.7876829268291,712.7560000000003,,,,,2.0,8.902552441949796,28.325440909737807
658,2256135,31,,right,saccade,,186.0,,,713.985,711.921,491.87699999999995,630.341,,,
659,2256138,32,,left,saccade,144.0,,,,711.553,708.9580000000003,506.241,654.156,,,
660,2256170,312,3.0774166666666667,right,fixation,,187.0,451.49699999999996,628.1933037974691,,,,,2.0,7.084429339902639,29.366922165800233
661,2256174,308,3.0777467532467533,left,fixation,145.0,,466.652076923077,629.444128205128,,,,,0.0,,
662,2256486,44,,left,saccade,145.0,,,,457.6,634.19,1034.563,704.8480000000003,,,
663,2256486,52,,right,saccade,,187.0,,,426.50199999999995,627.818,1066.649,716.615,,,
664,2256534,168,3.1180595238095243,left,fixation,146.0,,1075.32797674419,730.013162790698,,,,,0.0,,
665,2256542,152,3.117947368421053,right,fixation,,188.0,1053.39407692308,748.1899743589751,,,,,2.0,7.710977415877298,13.548674624505178
666,2256698,20,,right,saccade,,188.0,,,1047.58,750.293,962.668,748.0889999999997,,,
667,2256706,16,,left,saccade,146.0,,,,1061.938,730.155,998.711,727.91,,,
668,2256722,364,3.1541263736263727,right,fixation,,189.0,943.608173913044,745.64525,,,,,1.0,7.990905003676233,30.755822993377983
669,2256726,360,3.154233333333333,left,fixation,147.0,,977.029956043956,720.503098901099,,,,,0.0,,
670,2257090,24,,right,saccade,,189.0,,,941.306,758.648,720.7819999999997,768.9960000000003,,,
671,2257090,28,,left,saccade,147.0,,,,966.202,732.064,728.454,730.1089999999997,,,
672,2257118,344,3.1185232558139533,right,fixation,,190.0,717.0235517241382,769.966218390805,,,,,0.0,,
673,2257122,340,3.1181235294117635,left,fixation,148.0,,704.853988372093,737.0515697674423,,,,,0.0,,
674,2257466,28,,left,saccade,148.0,,,,709.8589999999997,732.948,957.3,741.46,,,
675,2257466,28,,right,saccade,,190.0,,,686.367,763.678,946.069,770.562,,,
676,2257498,284,3.1242464788732387,left,fixation,149.0,,972.1083472222232,747.915388888889,,,,,0.0,,
677,2257498,284,3.1242464788732387,right,fixation,,191.0,948.097138888889,786.870777777778,,,,,0.0,,
678,2257786,24,,left,saccade,149.0,,,,973.145,746.566,1177.0439999999999,749.21,,,
679,2257786,28,,right,saccade,,191.0,,,954.13,761.512,1153.766,770.3430000000003,,,
680,2257814,528,3.091628787878788,left,fixation,150.0,,1215.0731954887199,763.972556390977,,,,,0.0,,
681,2257818,528,3.0912689393939394,right,fixation,,192.0,1171.77681954887,781.5531654135333,,,,,0.0,,
682,2258346,48,,left,saccade,150.0,,,,1220.046,773.395,648.533,762.79,,,
683,2258350,44,,right,saccade,,192.0,,,1182.103,806.451,640.88,788.2439999999997,,,
684,2258398,332,3.106849397590361,right,fixation,,193.0,662.298238095238,790.837535714285,,,,,1.0,6.191339123234081,18.349055697773746
685,2258398,336,3.1067738095238084,left,fixation,151.0,,663.699976470588,747.1843058823531,,,,,1.0,14.71369322924888,43.01020943915514
686,2258734,36,,right,saccade,,193.0,,,671.028,794.425,1159.198,796.382,,,
687,2258738,36,,left,saccade,151.0,,,,694.705,751.615,1193.77,779.924,,,
688,2258774,240,3.123868852459016,right,fixation,,194.0,1177.71785245902,809.195426229508,,,,,0.0,,
689,2258778,236,3.1239416666666666,left,fixation,152.0,,1218.42521666667,779.595466666666,,,,,0.0,,
690,2259018,24,,left,saccade,152.0,,,,1224.691,773.432,1418.3020000000001,754.62,,,
691,2259018,24,,right,saccade,,194.0,,,1174.846,824.4780000000003,1372.4720000000002,784.6080000000003,,,
692,2259046,1336,3.105718562874252,left,fixation,153.0,,1450.7884925373098,738.039689552238,,,,,0.0,,
693,2259046,1336,3.105718562874252,right,fixation,,195.0,1404.60850149254,772.649388059701,,,,,1.0,16.997782650327597,44.866559094719904
694,2260386,56,,left,saccade,153.0,,,,1464.511,699.8860000000003,675.117,685.2660000000002,,,
695,2260386,56,,right,saccade,,195.0,,,1411.615,742.205,686.285,721.9860000000001,,,
696,2260446,136,3.132235294117647,left,fixation,154.0,,663.386142857143,675.443542857143,,,,,0.0,,
697,2260446,136,3.132235294117647,right,fixation,,196.0,670.020942857143,714.922,,,,,0.0,,
698,2260586,28,,left,saccade,154.0,,,,663.695,671.23,526.529,635.121,,,
699,2260586,32,,right,saccade,,196.0,,,666.4119999999998,718.289,512.266,646.2919999999998,,,
700,2260618,348,3.0829602272727272,left,fixation,155.0,,523.126431818182,634.0324090909089,,,,,0.0,,
701,2260622,1076,3.087046468401488,right,fixation,,197.0,455.138414814815,638.880792592593,,,,,2.0,8.960742309688577,48.4745865304125
702,2260970,8,,left,saccade,155.0,,,,496.37,638.5169999999998,465.968,640.488,,,
703,2260982,720,3.0889722222222216,left,fixation,156.0,,444.1561491712709,630.873624309392,,,,,1.0,6.4683948378077405,11.34759820402539
704,2261702,64,,right,saccade,,197.0,,,416.026,639.937,1321.463,695.7489999999997,,,
705,2261706,56,,left,saccade,156.0,,,,447.649,637.736,1342.7620000000004,715.128,,,
706,2261766,100,3.09708,left,fixation,157.0,,1359.6955769230801,728.8897307692308,,,,,0.0,,
707,2261770,104,3.097115384615385,right,fixation,,198.0,1335.6617777777801,736.267518518519,,,,,0.0,,
708,2261870,16,,left,saccade,157.0,,,,1368.172,734.623,1454.9189999999999,744.1469999999997,,,
709,2261878,8,,right,saccade,,198.0,,,1338.4620000000002,769.502,1378.905,769.502,,,
710,2261890,424,3.151088785046728,left,fixation,158.0,,1455.21934579439,750.00691588785,,,,,0.0,,
711,2261890,424,3.151088785046728,right,fixation,,199.0,1397.8834485981301,770.898065420561,,,,,0.0,,
712,2262318,64,,right,saccade,,199.0,,,1400.356,786.47,454.486,706.317,,,
713,2262318,68,,left,saccade,158.0,,,,1445.309,754.055,413.67900000000003,650.817,,,
714,2262386,140,3.2095714285714285,right,fixation,,200.0,426.318333333333,694.812777777778,,,,,0.0,,
715,2262390,464,3.1512931034482765,left,fixation,159.0,,415.626726495727,630.385376068376,,,,,4.0,8.85037233923841,27.970061972172843
716,2262530,8,,right,saccade,,200.0,,,397.375,671.471,393.586,660.2360000000001,,,
717,2262542,308,3.1235324675324674,right,fixation,,201.0,373.951615384615,618.109294871795,,,,,0.0,,
718,2262854,20,,right,saccade,,201.0,,,382.73699999999997,629.0840000000002,490.92199999999997,628.629,,,
719,2262858,20,,left,saccade,159.0,,,,428.565,614.925,504.24199999999996,623.7669999999998,,,
720,2262878,244,3.1405524193548384,right,fixation,,202.0,485.530387096774,647.4375,,,,,1.0,4.711169143051895,9.392489872233034
721,2262882,240,3.1406844262295084,left,fixation,160.0,,529.087262295082,641.51293442623,,,,,0.0,,
722,2263126,52,,right,saccade,,202.0,,,530.056,669.669,1364.981,731.955,,,
723,2263126,56,,left,saccade,160.0,,,,515.967,632.646,1430.275,725.539,,,
724,2263182,296,3.1330472972972974,right,fixation,,203.0,1387.1766133333301,768.9758400000003,,,,,0.0,,
725,2263186,292,3.1329863013698636,left,fixation,161.0,,1444.2242837837805,742.063445945946,,,,,0.0,,
726,2263482,68,,left,saccade,161.0,,,,1432.912,756.068,531.496,816.567,,,
727,2263482,76,,right,saccade,,203.0,,,1381.122,781.11,488.62,860.312,,,
728,2263554,164,3.149390243902439,left,fixation,162.0,,483.023476190476,818.1974761904761,,,,,1.0,5.40974796342472,9.503060980547275
729,2263562,156,3.1493717948717945,right,fixation,,204.0,475.11195,873.6699,,,,,0.0,,
730,2263722,16,,left,saccade,162.0,,,,475.275,823.6039999999997,412.25699999999995,821.127,,,
731,2263722,16,,right,saccade,,204.0,,,471.839,886.127,416.139,880.7360000000001,,,
732,2263742,468,3.106431623931624,left,fixation,163.0,,379.16092372881286,817.950169491525,,,,,0.0,,
733,2263742,468,3.106431623931624,right,fixation,,205.0,391.94911016949203,866.351677966102,,,,,0.0,,
734,2264214,60,,left,saccade,163.0,,,,375.466,825.1139999999997,1347.109,608.236,,,
735,2264214,60,,right,saccade,,205.0,,,389.457,864.6310000000003,1326.777,595.49,,,
736,2264278,164,3.115719512195122,left,fixation,164.0,,1368.87435714286,587.0933809523809,,,,,0.0,,
737,2264278,164,3.115719512195122,right,fixation,,206.0,1330.4339047619,572.81269047619,,,,,0.0,,
738,2264446,40,,left,saccade,164.0,,,,1376.4720000000002,589.134,1397.749,146.084,,,
739,2264446,44,,right,saccade,,206.0,,,1318.9389999999999,580.9069999999998,1386.245,124.90899999999999,,,
740,2264490,452,3.153283185840708,left,fixation,165.0,,1407.53719298246,127.84700877193,,,,,0.0,,
741,2264494,448,3.1533437500000003,right,fixation,,207.0,1383.71746902655,102.330026548673,,,,,0.0,,
742,2264946,48,,left,saccade,165.0,,,,1411.825,110.04899999999999,1514.0220000000006,737.0,,,
743,2264946,52,,right,saccade,,207.0,,,1380.5710000000001,98.039,1464.809,731.0110000000003,,,
744,2264998,212,3.1420377358490565,left,fixation,166.0,,1505.33492592593,747.810185185185,,,,,0.0,,
745,2265002,208,3.142201923076924,right,fixation,,208.0,1420.11650943396,792.4454716981129,,,,,0.0,,
746,2265214,56,,left,saccade,166.0,,,,1485.519,755.192,584.256,851.7080000000003,,,
747,2265214,56,,right,saccade,,208.0,,,1399.955,810.1389999999999,573.3,895.6489999999999,,,
748,2265274,152,3.23146052631579,left,fixation,167.0,,563.871564102564,865.3227179487178,,,,,0.0,,
749,2265274,156,3.231871794871795,right,fixation,,209.0,545.29715,904.66015,,,,,0.0,,
750,2265430,24,,left,saccade,167.0,,,,568.1,877.4580000000003,420.955,850.3610000000001,,,
751,2265434,20,,right,saccade,,209.0,,,530.226,904.056,416.996,876.012,,,
752,2265458,312,3.2132692307692308,left,fixation,168.0,,397.24622784810094,838.0615316455701,,,,,0.0,,
753,2265458,312,3.2132692307692308,right,fixation,,210.0,387.70343037974715,867.8657848101268,,,,,0.0,,
754,2265774,36,,left,saccade,168.0,,,,406.708,842.755,446.844,378.648,,,
755,2265774,36,,right,saccade,,210.0,,,388.845,876.9019999999997,469.819,427.014,,,
756,2265814,391,3.1614845360824733,right,fixation,,211.0,491.943141414142,380.909161616162,,,,,0.0,,
757,2265814,507,3.155325396825397,left,fixation,169.0,,499.682453125,369.42246875,,,,,2.0,6.8523133108526055,21.56847883921646
758,2266209,20,,right,saccade,,211.0,,,498.77,374.26300000000003,489.07099999999997,436.212,,,
759,2266233,88,3.133,right,fixation,,212.0,476.204695652174,456.7895217391311,,,,,0.0,,
760,2266325,48,,left,saccade,169.0,,,,491.827,396.226,1228.963,479.147,,,
761,2266325,48,,right,saccade,,212.0,,,480.16900000000004,464.224,1198.056,458.086,,,
762,2266377,345,3.1776149425287366,left,fixation,170.0,,1242.3037126436802,481.702482758621,,,,,2.0,7.104414617502727,18.632876307017774
763,2266377,345,3.1776149425287366,right,fixation,,213.0,1213.99609195402,463.283367816092,,,,,1.0,11.088824059735801,45.26222050452221
764,2266726,24,,left,saccade,170.0,,,,1217.319,494.939,1433.558,496.18,,,
765,2266726,24,,right,saccade,,213.0,,,1190.435,459.14,1387.8670000000006,480.212,,,
766,2266754,64,3.156375,left,fixation,171.0,,1446.47794117647,476.570117647059,,,,,0.0,,
767,2266754,64,3.156375,right,fixation,,214.0,1396.62047058824,492.992588235294,,,,,0.0,,
768,2266822,24,,left,saccade,171.0,,,,1453.8139999999999,455.913,1320.765,231.517,,,
769,2266822,24,,right,saccade,,214.0,,,1390.8329999999999,505.866,1310.103,245.262,,,
770,2266850,164,3.194243902439025,right,fixation,,215.0,1307.2434761904801,178.03764285714297,,,,,1.0,7.877448368955246,39.90871865895973
771,2266850,168,3.1940833333333334,left,fixation,172.0,,1314.03848837209,222.35202325581403,,,,,0.0,,
772,2267018,20,,right,saccade,,215.0,,,1302.622,198.18599999999998,1202.729,200.416,,,
773,2267022,20,,left,saccade,172.0,,,,1309.177,231.053,1205.9589999999996,234.928,,,
774,2267042,88,3.188,right,fixation,,216.0,1187.73769565217,217.083608695652,,,,,0.0,,
775,2267046,88,3.187977272727272,left,fixation,173.0,,1204.6776956521699,213.89821739130403,,,,,0.0,,
776,2267134,52,,right,saccade,,216.0,,,1192.565,236.232,546.317,244.39,,,
777,2267138,48,,left,saccade,173.0,,,,1217.785,212.205,532.178,222.52599999999998,,,
778,2267190,232,3.162577586206896,left,fixation,174.0,,532.857474576271,246.275525423729,,,,,0.0,,
779,2267190,232,3.162577586206896,right,fixation,,217.0,530.0761525423729,223.002593220339,,,,,0.0,,
780,2267426,28,,left,saccade,174.0,,,,524.648,260.376,763.505,249.734,,,
781,2267426,28,,right,saccade,,217.0,,,522.341,202.97,740.9780000000003,211.555,,,
782,2267458,188,3.1778297872340424,left,fixation,175.0,,765.3272291666658,229.03770833333303,,,,,0.0,,
783,2267458,188,3.1778297872340424,right,fixation,,218.0,745.874604166667,219.8588125,,,,,0.0,,
784,2267650,20,,right,saccade,,218.0,,,745.591,191.44299999999998,915.862,192.483,,,
785,2267650,24,,left,saccade,175.0,,,,766.971,223.209,944.817,220.09,,,
786,2267674,207,3.1608066239316237,right,fixation,,219.0,924.512641509434,205.11918867924496,,,,,0.0,,
787,2267678,203,3.1606453402366865,left,fixation,176.0,,948.896192307692,211.60840384615398,,,,,0.0,,
788,2267885,69,,left,saccade,176.0,,,,938.99,227.199,395.87199999999996,137.497,,,
789,2267885,81,,right,saccade,,219.0,,,920.828,225.00400000000002,458.45300000000003,25.799,,,
790,2267966,4,,left,fixation,177.0,,401.1255,140.797,,,,,0.0,,
791,2267974,12,,left,saccade,177.0,,,,418.251,140.797,444.57300000000004,160.106,,,
792,2267982,135,,right,fixation,,220.0,433.609857142857,77.446,,,,,1.0,5.7133283863261255,13.012514015362287
793,2267990,131,,left,fixation,178.0,,472.324,210.572911764706,,,,,0.0,,
794,2268121,48,,right,saccade,,220.0,,,399.699,74.256,436.24,336.418,,,
795,2268125,72,,left,saccade,178.0,,,,461.129,207.419,457.01,459.005,,,
796,2268249,12,,right,fixation,,221.0,439.0905,336.418,,,,,0.0,,
797,2268265,28,,right,saccade,,221.0,,,441.788,336.418,438.657,450.983,,,
798,2268277,60,,left,fixation,179.0,,450.6688125,467.317875,,,,,0.0,,
799,2268297,40,,right,fixation,,222.0,439.115363636364,479.13781818181803,,,,,0.0,,
800,2268341,44,,left,saccade,179.0,,,,441.839,462.20099999999996,992.05,156.849,,,
801,2268341,44,,right,saccade,,222.0,,,441.056,495.543,988.8439999999999,144.257,,,
802,2268389,297,3.255013698630137,left,fixation,180.0,,995.021666666667,96.7681066666667,,,,,1.0,8.386529809760418,21.19460237890767
803,2268389,297,3.255013698630137,right,fixation,,223.0,976.6574800000001,93.9482533333333,,,,,2.0,11.93201012150757,28.187253447671647
804,2268690,51,,left,saccade,180.0,,,,975.993,81.721,508.276,756.487,,,
805,2268690,51,,right,saccade,,223.0,,,931.5260000000001,53.988,523.783,802.8760000000003,,,
806,2268745,148,3.180256756756757,right,fixation,,224.0,504.5815,829.047947368421,,,,,0.0,,
807,2268745,152,3.1793026315789485,left,fixation,181.0,,493.838512820513,777.5628205128198,,,,,0.0,,
808,2268897,20,,right,saccade,,224.0,,,502.85699999999997,834.34,393.914,848.084,,,
809,2268901,16,,left,saccade,181.0,,,,501.404,794.829,418.48199999999997,806.5419999999997,,,
810,2268921,229,3.141422413793104,left,fixation,182.0,,391.9832241379309,819.7158448275868,,,,,0.0,,
811,2268921,229,3.141422413793104,right,fixation,,225.0,388.144034482759,863.33124137931,,,,,0.0,,
812,2269154,27,,left,saccade,182.0,,,,371.76099999999997,826.938,629.795,837.28,,,
813,2269154,27,,right,saccade,,225.0,,,397.316,869.067,645.9680000000002,875.52,,,
814,2269185,265,3.1989925373134334,left,fixation,183.0,,666.461447761194,859.4143582089549,,,,,0.0,,
815,2269185,265,3.1989925373134334,right,fixation,,226.0,660.455223880597,906.7152089552239,,,,,0.0,,
816,2269454,32,,right,saccade,,226.0,,,669.28,909.0,419.721,914.432,,,
817,2269454,36,,left,saccade,183.0,,,,659.806,874.3639999999997,399.764,861.11,,,
818,2269490,119,3.1431896551724137,right,fixation,,227.0,402.787,898.908322580645,,,,,0.0,,
819,2269494,115,3.142357142857142,left,fixation,184.0,,388.6665333333329,857.6299333333328,,,,,0.0,,
820,2269613,60,,right,saccade,,227.0,,,399.779,890.179,1406.7939999999999,192.89700000000002,,,
821,2269613,64,,left,saccade,184.0,,,,385.81,865.045,1379.65,189.239,,,
822,2269677,496,3.1609497487437186,right,fixation,,228.0,1395.965952,125.815968,,,,,0.0,,
823,2269681,497,3.16105076142132,left,fixation,185.0,,1406.0653519999994,152.018176,,,,,0.0,,
824,2270178,40,,right,saccade,,228.0,,,1373.4260000000004,82.635,1091.759,292.949,,,
825,2270182,40,,left,saccade,185.0,,,,1388.842,150.86700000000005,1099.287,344.861,,,
826,2270318,183,3.0628,left,fixation,186.0,,1071.8908297872301,367.329,,,,,0.0,,
827,2270333,20,,right,fixation,,229.0,1095.93283333333,305.6645,,,,,0.0,,
828,2270357,4,,right,saccade,,229.0,,,1095.998,336.853,1093.664,342.218,,,
829,2270365,132,3.0627878787878786,right,fixation,,230.0,1060.20238235294,398.8003823529409,,,,,0.0,,
830,2270501,20,,right,saccade,,230.0,,,1041.64,403.75199999999995,962.811,431.44,,,
831,2270505,20,,left,saccade,186.0,,,,1069.934,376.962,981.94,387.585,,,
832,2270525,288,3.063194444444445,right,fixation,,231.0,941.088589041096,473.46597260274,,,,,0.0,,
833,2270529,284,3.0631619718309864,left,fixation,187.0,,953.347833333333,438.186583333333,,,,,2.0,11.160742501258174,29.635692075881764
834,2270817,28,,right,saccade,,231.0,,,925.3689999999999,486.131,1154.513,485.486,,,
835,2270817,32,,left,saccade,187.0,,,,944.945,434.298,1193.688,492.61,,,
836,2270849,236,3.0660593220338983,right,fixation,,232.0,1172.08433333333,496.549583333333,,,,,0.0,,
837,2270853,232,3.0662155172413788,left,fixation,188.0,,1205.76898305085,515.860440677966,,,,,2.0,8.73493189097243,27.66053093699129
838,2271089,56,,left,saccade,188.0,,,,1209.369,503.04699999999997,484.82800000000003,229.78900000000002,,,
839,2271089,56,,right,saccade,,232.0,,,1175.8419999999999,512.924,477.434,214.99400000000003,,,
840,2271149,176,3.107795454545455,left,fixation,189.0,,483.170111111111,235.577555555556,,,,,0.0,,
841,2271149,176,3.107795454545455,right,fixation,,233.0,456.834377777778,181.19588888888904,,,,,0.0,,
842,2271329,40,,left,saccade,189.0,,,,480.233,232.12,881.6289999999997,124.79799999999999,,,
843,2271329,40,,right,saccade,,233.0,,,453.47,158.503,848.1510000000003,71.148,,,
844,2271373,104,3.2004807692307686,right,fixation,,234.0,850.643481481481,13.650037037037,,,,,0.0,,
845,2271373,392,3.2084924181471157,left,fixation,190.0,,953.565383838383,66.5817272727272,,,,,1.0,9.146736081490726,30.12886788447255
846,2271481,20,,right,saccade,,234.0,,,859.008,-33.661,932.678,-27.375,,,
847,2271505,4,3.23,right,fixation,,235.0,937.163,-10.472999999999999,,,,,0.0,,
848,2271513,0,,right,saccade,,235.0,,,939.8919999999999,-1.754,939.8919999999999,-1.754,,,
849,2271517,228,3.2070066585440147,right,fixation,,236.0,946.100724137931,76.9551551724138,,,,,0.0,,
850,2271749,76,,right,saccade,,236.0,,,940.4169999999999,77.551,610.229,547.938,,,
851,2271769,44,,left,saccade,190.0,,,,967.815,64.664,532.352,653.438,,,
852,2271909,128,3.1387959183673466,left,fixation,191.0,,565.516606060606,662.406515151515,,,,,2.0,17.658175074020704,58.98061453431672
853,2271921,16,,right,fixation,,237.0,609.6986,571.6702,,,,,0.0,,
854,2271941,20,,right,saccade,,237.0,,,602.312,588.4830000000002,596.125,688.382,,,
855,2271965,68,3.1406938775510205,right,fixation,,238.0,578.682333333333,715.773111111111,,,,,3.0,9.93150284793272,10.457623244073755
856,2272037,20,,right,saccade,,238.0,,,575.472,748.33,505.064,761.173,,,
857,2272041,20,,left,saccade,191.0,,,,581.2869999999998,701.058,482.658,723.0310000000003,,,
858,2272061,256,3.22492859375,right,fixation,,239.0,461.1496923076929,762.8968,,,,,0.0,,
859,2272065,252,3.225455793650793,left,fixation,192.0,,465.239875,723.17028125,,,,,0.0,,
860,2272321,16,,left,saccade,192.0,,,,467.773,716.935,466.20099999999996,630.1519999999998,,,
861,2272321,20,,right,saccade,,239.0,,,455.202,770.428,460.86699999999996,673.465,,,
862,2272341,1272,3.1787972174657533,left,fixation,193.0,,478.239836990596,642.662147335423,,,,,1.0,6.855027490017023,24.450099386301083
863,2272345,1260,3.178683118556701,right,fixation,,240.0,480.450873417722,644.5533417721521,,,,,4.0,10.557095895940424,30.399019265238962
864,2273609,84,,right,saccade,,240.0,,,433.536,677.007,515.2869999999998,520.547,,,
865,2273617,52,,left,saccade,193.0,,,,460.61800000000005,652.038,472.911,527.336,,,
866,2273765,44,,left,fixation,194.0,,481.18775,535.149083333333,,,,,1.0,9.334379627365603,17.962992206199967
867,2273781,24,,right,fixation,,241.0,533.565142857143,524.892285714286,,,,,0.0,,
868,2273809,8,,right,saccade,,241.0,,,528.7040000000002,549.559,506.284,562.244,,,
869,2273813,4,,left,saccade,194.0,,,,489.467,568.65,490.543,575.61,,,
870,2273821,176,3.173252948679472,left,fixation,195.0,,488.2351333333329,630.372044444444,,,,,0.0,,
871,2273821,176,3.173252948679472,right,fixation,,242.0,485.785822222222,602.876511111111,,,,,0.0,,
872,2274001,44,,left,saccade,195.0,,,,467.42800000000005,646.602,1129.017,703.79,,,
873,2274001,52,,right,saccade,,242.0,,,487.314,587.276,1139.225,724.368,,,
874,2274049,356,3.161544943820224,left,fixation,196.0,,1191.74518888889,748.608777777778,,,,,2.0,7.328233767363905,18.43210036556077
875,2274057,348,3.1610919540229885,right,fixation,,243.0,1171.77565909091,771.045886363636,,,,,1.0,5.711705252277026,11.351895568582282
876,2274409,48,,left,saccade,196.0,,,,1209.361,760.0,525.399,672.688,,,
877,2274409,52,,right,saccade,,243.0,,,1188.762,783.0089999999999,525.893,696.215,,,
878,2274461,1444,3.0577890861173564,left,fixation,197.0,,440.164375690608,638.724878453039,,,,,5.0,8.818313525570726,23.685935413113324
879,2274465,140,3.1554714285714285,right,fixation,,244.0,500.868583333333,684.505111111111,,,,,0.0,,
880,2274609,20,,right,saccade,,244.0,,,494.167,688.992,415.461,649.487,,,
881,2274633,1260,3.0437180350052526,right,fixation,,245.0,401.381721518987,618.410060126582,,,,,4.0,8.619757539078726,27.198590238608748
882,2275897,68,,right,saccade,,245.0,,,422.968,622.328,365.06199999999995,495.565,,,
883,2275909,76,,left,saccade,197.0,,,,431.97,632.815,380.07199999999995,539.856,,,
884,2276049,28,,right,fixation,,246.0,392.1185,485.11225,,,,,1.0,12.264195722599261,27.53349106088804
885,2276057,4,,left,fixation,198.0,,389.1005,539.856,,,,,0.0,,
886,2276065,16,,left,saccade,198.0,,,,400.55699999999996,543.04,406.315,605.393,,,
887,2276081,16,,right,saccade,,246.0,,,401.79699999999997,492.588,397.26,538.126,,,
888,2276085,280,3.0732708333333334,left,fixation,199.0,,405.41511267605597,628.363690140845,,,,,0.0,,
889,2276101,264,3.0732708333333334,right,fixation,,247.0,387.065343283582,609.607805970149,,,,,0.0,,
890,2276369,20,,left,saccade,199.0,,,,405.751,622.862,489.267,629.807,,,
891,2276369,20,,right,saccade,,247.0,,,396.889,620.1,478.075,609.155,,,
892,2276393,732,3.0698214285714283,right,fixation,,248.0,475.13432608695604,626.206505434782,,,,,1.0,8.037446948157411,23.471621013470788
893,2276393,736,3.0698442622950823,left,fixation,200.0,,495.919189189189,635.607918918919,,,,,1.0,13.267119180934186,44.62265399995846
894,2277129,20,,right,saccade,,248.0,,,479.51800000000003,603.754,402.466,614.683,,,
895,2277133,16,,left,saccade,200.0,,,,481.87800000000004,610.206,420.155,609.756,,,
896,2277153,452,3.077811403508772,right,fixation,,249.0,391.30167543859596,638.830868421053,,,,,0.0,,
897,2277153,716,3.086838888888889,left,fixation,201.0,,452.86105555555497,643.832333333334,,,,,2.0,10.591375555232666,29.98974186861744
898,2277609,20,,right,saccade,,249.0,,,403.843,667.529,489.895,667.529,,,
899,2277633,236,3.1031949152542366,right,fixation,,250.0,509.76765,696.118416666667,,,,,2.0,6.976863116885777,20.49567836077321
900,2277873,20,,left,saccade,201.0,,,,520.308,676.643,395.721,622.189,,,
901,2277873,20,,right,saccade,,250.0,,,506.39300000000003,723.5880000000003,373.08,684.529,,,
902,2277897,332,3.0773313253012047,left,fixation,202.0,,378.933047619048,596.005357142857,,,,,1.0,7.978445720258516,31.83003217089175
903,2277897,332,3.0773313253012047,right,fixation,,251.0,360.84430952381007,642.3155357142859,,,,,0.0,,
904,2278233,16,,right,saccade,,251.0,,,345.755,628.365,421.50800000000004,640.131,,,
905,2278233,20,,left,saccade,202.0,,,,394.74199999999996,596.281,462.39099999999996,620.179,,,
906,2278253,68,3.060294117647058,right,fixation,,252.0,434.310944444444,652.657888888889,,,,,0.0,,
907,2278257,1156,3.067399786969643,left,fixation,203.0,,451.157603448276,629.309037931034,,,,,11.0,9.813012792208925,28.95622506864875
908,2278325,12,,right,saccade,,252.0,,,439.82800000000003,665.55,490.29,672.038,,,
909,2278341,344,3.0532000000000004,right,fixation,,253.0,494.59796551724196,651.508655172414,,,,,0.0,,
910,2278689,20,,right,saccade,,253.0,,,506.45099999999996,645.3340000000002,417.661,640.868,,,
911,2278713,692,3.0773472764164196,right,fixation,,254.0,427.813626436782,650.9654425287359,,,,,2.0,7.7364723514466425,25.701355455318406
912,2279409,68,,right,saccade,,254.0,,,468.67800000000005,650.559,493.986,513.364,,,
913,2279417,48,,left,saccade,203.0,,,,462.39099999999996,630.8430000000002,449.23199999999997,574.305,,,
914,2279545,28,,left,fixation,204.0,,461.04675,552.381375,,,,,0.0,,
915,2279569,24,,right,fixation,,255.0,514.379,525.312285714286,,,,,1.0,11.406950762339811,24.909080773886465
916,2279577,4,,left,saccade,204.0,,,,466.902,567.686,468.49699999999996,576.65,,,
917,2279585,344,3.0843880930232563,left,fixation,205.0,,476.07494252873596,643.216045977011,,,,,0.0,,
918,2279597,4,,right,saccade,,255.0,,,509.853,546.134,508.358,552.931,,,
919,2279605,324,3.084388093023256,right,fixation,,256.0,465.103036585366,618.471585365854,,,,,0.0,,
920,2279933,20,,left,saccade,205.0,,,,492.95599999999996,653.1080000000002,593.172,655.488,,,
921,2279933,20,,right,saccade,,256.0,,,478.059,628.371,557.173,621.375,,,
922,2279957,116,3.046448275862069,left,fixation,206.0,,609.4639,665.0995,,,,,0.0,,
923,2279957,116,3.046448275862069,right,fixation,,257.0,577.2836,613.9203666666671,,,,,0.0,,
924,2280077,56,,left,saccade,206.0,,,,624.882,668.9860000000001,1257.139,211.957,,,
925,2280077,60,,right,saccade,,257.0,,,584.0830000000002,607.1519999999998,1288.93,136.701,,,
926,2280137,148,3.0741756756756766,left,fixation,207.0,,1294.0191052631599,160.46313157894699,,,,,0.0,,
927,2280141,148,3.0747027027027025,right,fixation,,258.0,1278.03165789474,144.76471052631598,,,,,0.0,,
928,2280289,40,,left,saccade,207.0,,,,1308.5510000000004,147.77100000000004,1003.712,77.78699999999998,,,
929,2280293,36,,right,saccade,,258.0,,,1271.384,160.47,959.336,101.70100000000001,,,
930,2280333,340,3.0715,left,fixation,208.0,,976.2133837209308,60.7808953488373,,,,,0.0,,
931,2280333,340,3.0715,right,fixation,,259.0,960.682918604651,72.94382558139529,,,,,0.0,,
932,2280677,60,,left,saccade,208.0,,,,956.5110000000001,43.185,431.324,742.732,,,
933,2280677,60,,right,saccade,,259.0,,,958.2719999999999,46.12,433.18,732.372,,,
934,2280741,352,2.9536704301075267,left,fixation,209.0,,406.085842696629,801.867235955056,,,,,0.0,,
935,2280741,352,2.9536704301075267,right,fixation,,260.0,398.69404494382,822.044191011236,,,,,0.0,,
936,2281097,80,,left,saccade,209.0,,,,393.965,830.6089999999997,627.094,662.77,,,
937,2281097,88,,right,saccade,,260.0,,,400.532,854.633,704.086,589.624,,,
938,2281517,16,,right,fixation,,261.0,707.128,595.2988,,,,,0.0,,
939,2281533,172,3.1075263157894737,left,fixation,210.0,,644.943272727273,720.844590909091,,,,,0.0,,
940,2281537,20,,right,saccade,,261.0,,,703.1610000000003,608.646,685.1239999999998,675.553,,,
941,2281561,144,3.1075263157894737,right,fixation,,262.0,667.340108108108,731.6645405405409,,,,,0.0,,
942,2281709,28,,left,saccade,210.0,,,,651.717,760.8480000000003,418.849,780.318,,,
943,2281709,28,,right,saccade,,262.0,,,653.113,757.6260000000003,424.74699999999996,810.818,,,
944,2281741,92,,left,fixation,211.0,,401.361916666667,803.181333333333,,,,,0.0,,
945,2281741,92,,right,fixation,,263.0,415.5157916666671,827.1146666666672,,,,,0.0,,
946,2281837,80,,left,saccade,211.0,,,,396.025,798.217,484.538,771.689,,,
947,2281837,68,,right,saccade,,263.0,,,414.25199999999995,834.176,523.587,792.164,,,
948,2281997,36,,right,fixation,,264.0,524.4983,790.4127,,,,,1.0,11.121290498908444,24.44342293951483
949,2282017,675,3.0302894598430457,left,fixation,212.0,,457.1129705882351,866.7898,,,,,2.0,9.393037223637775,39.25091806592829
950,2282037,0,,right,saccade,,264.0,,,513.264,827.676,513.264,827.676,,,
951,2282041,636,3.0302894598430457,right,fixation,,265.0,457.0089875,895.18780625,,,,,3.0,6.686559753693018,19.247703166759802
952,2282681,51,,right,saccade,,265.0,,,413.675,907.1360000000001,1481.465,51.19,,,
953,2282696,44,,left,saccade,212.0,,,,420.06,884.539,1513.5420000000001,162.556,,,
954,2282936,156,3.1167543023255813,left,fixation,213.0,,1476.059875,167.42925,,,,,1.0,15.483477950526655,37.309063094642404
955,2282960,0,,right,fixation,,266.0,1481.465,54.8,,,,,0.0,,
956,2282964,12,,right,saccade,,266.0,,,1478.29,54.8,1468.3970000000006,96.477,,,
957,2282980,428,3.125818708471761,right,fixation,,267.0,1405.77531481482,97.8658240740741,,,,,2.0,10.474466859874996,26.91311354023486
958,2283096,16,,left,saccade,213.0,,,,1477.3870000000006,151.128,1412.155,153.988,,,
959,2283116,292,3.131609589041096,left,fixation,214.0,,1387.07713513513,149.576445945946,,,,,0.0,,
960,2283412,36,,left,saccade,214.0,,,,1357.681,155.83700000000005,990.5219999999999,90.83,,,
961,2283412,40,,right,saccade,,267.0,,,1365.6629999999998,103.93700000000001,974.993,73.061,,,
962,2283452,1012,3.0977466960352413,left,fixation,215.0,,971.137488188977,83.30100787401571,,,,,0.0,,
963,2283456,1000,3.097683628318584,right,fixation,,268.0,938.175007968127,73.9040239043825,,,,,1.0,9.880968330021556,26.43352000774777
964,2284460,44,,right,saccade,,268.0,,,930.915,67.29899999999999,698.2360000000001,661.8430000000002,,,
965,2284468,40,,left,saccade,215.0,,,,961.4110000000001,68.24,659.7,595.567,,,
966,2284904,0,,right,fixation,,269.0,698.548,661.8430000000002,,,,,0.0,,
967,2284908,20,,right,saccade,,269.0,,,707.623,653.013,728.83,577.001,,,
968,2284932,52,,right,fixation,,270.0,742.872214285714,567.772357142857,,,,,0.0,,
969,2284936,432,3.26528813559322,left,fixation,216.0,,731.0477247706419,683.793311926605,,,,,2.0,7.70758605470966,13.916405967349467
970,2284988,24,,right,saccade,,270.0,,,750.9069999999997,593.861,743.2310000000001,657.2869999999998,,,
971,2285016,740,3.1933514986376017,right,fixation,,271.0,712.279661290322,745.232946236559,,,,,1.0,9.911918214676916,38.05727541482712
972,2285372,8,,left,saccade,216.0,,,,687.078,722.9119999999997,682.163,697.5360000000003,,,
973,2285384,372,3.1269838709677416,left,fixation,217.0,,714.597297872341,738.019617021276,,,,,1.0,9.61134636915026,35.65256212392025
974,2285760,44,,right,saccade,,271.0,,,717.686,782.329,378.907,1105.606,,,
975,2285760,48,,left,saccade,217.0,,,,718.613,743.0010000000003,348.631,1123.203,,,
976,2285808,260,2.990976923076924,right,fixation,,272.0,358.662348484849,1132.51001515151,,,,,0.0,,
977,2285812,256,2.99078125,left,fixation,218.0,,320.565030769231,1152.45086153846,,,,,0.0,,
978,2286072,36,,right,saccade,,272.0,,,347.777,1135.565,475.162,922.3610000000001,,,
979,2286072,40,,left,saccade,218.0,,,,310.309,1150.112,469.98400000000004,880.508,,,
980,2286112,268,3.007522388059702,right,fixation,,273.0,491.213544117647,906.660647058824,,,,,0.0,,
981,2286116,268,3.007574626865672,left,fixation,219.0,,504.198720588235,868.563132352942,,,,,0.0,,
982,2286384,24,,right,saccade,,273.0,,,498.341,908.6469999999999,640.077,908.0,,,
983,2286388,20,,left,saccade,219.0,,,,507.986,877.105,652.566,873.0930000000003,,,
984,2286412,120,3.06015,left,fixation,220.0,,677.595612903226,863.121419354839,,,,,0.0,,
985,2286412,124,3.0608709677419346,right,fixation,,274.0,630.78584375,893.743875,,,,,0.0,,
986,2286536,20,,left,saccade,220.0,,,,688.265,862.238,680.404,761.198,,,
987,2286540,20,,right,saccade,,274.0,,,639.4730000000002,875.0889999999997,664.829,779.206,,,
988,2286560,232,3.0844834676298967,left,fixation,221.0,,697.200762711865,751.391830508474,,,,,0.0,,
989,2286564,216,3.0847201953461654,right,fixation,,275.0,676.1428,764.195218181818,,,,,0.0,,
990,2286784,80,,right,saccade,,275.0,,,675.7739999999999,755.81,488.124,492.94199999999995,,,
991,2286796,84,,left,saccade,221.0,,,,699.4830000000003,730.7539999999997,426.425,552.461,,,
992,2287280,44,,right,fixation,,276.0,501.94475,499.775583333333,,,,,0.0,,
993,2287300,320,3.144366841050213,left,fixation,222.0,,472.248271604938,620.984518518518,,,,,1.0,8.298389244639909,39.36452627683957
994,2287328,16,,right,saccade,,276.0,,,487.785,519.22,470.936,575.6659999999998,,,
995,2287348,272,3.144366841050213,right,fixation,,277.0,446.868623188406,615.264101449275,,,,,0.0,,
996,2287624,28,,left,saccade,222.0,,,,446.18300000000005,639.536,717.966,656.045,,,
997,2287624,28,,right,saccade,,277.0,,,438.324,619.245,705.1669999999997,617.685,,,
998,2287656,332,3.0688253012048192,right,fixation,,278.0,726.0741547619051,631.094226190476,,,,,0.0,,
999,2287656,336,3.0687976190476185,left,fixation,223.0,,753.2608235294119,658.422635294118,,,,,0.0,,
1000,2287992,28,,right,saccade,,278.0,,,719.467,646.443,573.607,688.679,,,
1001,2287996,24,,left,saccade,223.0,,,,763.6619999999997,651.581,577.26,672.571,,,
1002,2288024,12,3.0543333333333336,right,fixation,,279.0,570.30675,692.15825,,,,,0.0,,
1003,2288024,324,3.0431234567901235,left,fixation,224.0,,546.729926829268,711.264621951219,,,,,0.0,,
1004,2288040,8,,right,saccade,,279.0,,,567.814,714.7689999999999,565.925,736.178,,,
1005,2288052,292,3.041931506849316,right,fixation,,280.0,549.251513513514,732.7686621621623,,,,,0.0,,
1006,2288348,56,,right,saccade,,280.0,,,531.362,730.637,504.61699999999996,189.52700000000002,,,
1007,2288352,52,,left,saccade,224.0,,,,541.4119999999998,716.316,481.32800000000003,153.226,,,
1008,2288408,468,3.03238206162876,right,fixation,,281.0,447.84451694915197,166.060449152542,,,,,0.0,,
1009,2288408,472,3.03238206162876,left,fixation,225.0,,485.340142857143,194.942193277311,,,,,0.0,,
1010,2288880,56,,right,saccade,,281.0,,,431.532,112.634,461.23900000000003,156.168,,,
1011,2288884,40,,left,saccade,225.0,,,,440.408,166.304,442.80400000000003,166.082,,,
1012,2289052,0,,left,fixation,226.0,,449.46,168.545,,,,,0.0,,
1013,2289056,28,,left,saccade,226.0,,,,458.64099999999996,172.668,493.31699999999995,245.618,,,
1014,2289060,16,,right,fixation,,282.0,494.9234,160.2832,,,,,0.0,,
1015,2289080,28,,right,saccade,,282.0,,,504.778,176.09900000000005,504.778,267.4,,,
1016,2289088,520,3.0804363218390804,left,fixation,227.0,,478.277984732825,287.32593893129797,,,,,1.0,6.996192164710418,26.92880637904325
1017,2289112,496,3.0804363218390804,right,fixation,,283.0,484.07228,286.036272,,,,,0.0,,
1018,2289612,24,,left,saccade,227.0,,,,491.66900000000004,288.197,678.336,269.644,,,
1019,2289612,24,,right,saccade,,283.0,,,471.55,253.543,673.07,244.36,,,
1020,2289640,184,3.0394673913043486,left,fixation,228.0,,708.8600212765961,269.151021276596,,,,,0.0,,
1021,2289640,188,3.0390319148936173,right,fixation,,284.0,680.9119999999998,247.85083333333301,,,,,0.0,,
1022,2289828,28,,left,saccade,228.0,,,,720.4860000000001,269.123,530.5369999999998,232.088,,,
1023,2289832,28,,right,saccade,,284.0,,,674.863,236.1,502.045,188.72400000000002,,,
1024,2289860,0,,left,fixation,229.0,,517.428,219.395,,,,,0.0,,
1025,2289864,0,,left,saccade,229.0,,,,510.88800000000003,214.812,510.88800000000003,214.812,,,
1026,2289864,820,3.057314033691472,right,fixation,,285.0,440.71117961165,170.245412621359,,,,,2.0,8.612377732364386,24.800996181270637
1027,2289868,828,3.0575118714152327,left,fixation,230.0,,470.039418269231,195.40242788461498,,,,,1.0,9.381346102476146,35.74135224078689
1028,2290688,48,,right,saccade,,285.0,,,381.164,170.581,377.73699999999997,50.007,,,
1029,2290700,48,,left,saccade,230.0,,,,417.45,213.122,413.597,136.963,,,
1030,2290808,764,3.117155609612266,right,fixation,,286.0,394.6175729166671,152.914328125,,,,,2.0,14.020741076914144,32.188286611788996
1031,2290828,968,3.11301749589857,left,fixation,231.0,,434.283279835391,195.351090534979,,,,,0.0,,
1032,2291576,4,,right,saccade,,286.0,,,424.616,159.79,424.809,160.192,,,
1033,2291584,208,3.08913775971093,right,fixation,,287.0,443.27179245282997,150.099716981132,,,,,0.0,,
1034,2291796,48,,right,saccade,,287.0,,,428.089,164.354,429.407,53.085,,,
1035,2291800,40,,left,saccade,231.0,,,,469.976,216.43400000000003,426.83,121.795,,,
1036,2291908,24,,right,fixation,,288.0,441.8461428571431,52.90642857142861,,,,,0.0,,
1037,2291908,1088,3.1515764104123316,left,fixation,232.0,,432.925010989011,166.303205128205,,,,,3.0,10.915977287030103,44.819647708884986
1038,2291936,20,,right,saccade,,288.0,,,447.287,69.876,446.11199999999997,133.533,,,
1039,2291960,1032,3.151576410412332,right,fixation,,289.0,422.58339382239404,163.284003861004,,,,,2.0,9.529774786417564,28.36854563880363
1040,2292996,44,,right,saccade,,289.0,,,421.46,161.185,407.543,74.53699999999998,,,
1041,2293000,40,,left,saccade,232.0,,,,455.416,197.854,424.283,153.335,,,
1042,2293124,408,3.156756201275692,left,fixation,233.0,,431.414126213592,193.61227184466,,,,,1.0,12.389669784183559,46.716368105836324
1043,2293128,24,,right,fixation,,290.0,405.346,78.9584285714286,,,,,1.0,13.348640848415997,40.72238892795952
1044,2293156,4,,right,saccade,,290.0,,,396.631,103.917,394.99199999999996,110.524,,,
1045,2293164,1532,3.1459589114609288,right,fixation,,291.0,439.0839765625,154.105463541667,,,,,5.0,8.843569402661,24.077228708905427
1046,2293536,4,,left,saccade,233.0,,,,437.337,180.143,437.337,173.929,,,
1047,2293544,52,3.1956153846153845,left,fixation,234.0,,433.089071428571,147.428071428571,,,,,0.0,,
1048,2293600,8,,left,saccade,234.0,,,,422.642,117.02799999999999,416.11,91.075,,,
1049,2293612,44,3.221454545454546,left,fixation,235.0,,412.17475,76.49875,,,,,0.0,,
1050,2293660,12,,left,saccade,235.0,,,,419.814,94.19200000000001,428.211,125.13600000000001,,,
1051,2293676,552,3.1316376811594204,left,fixation,236.0,,497.343978417267,177.069381294964,,,,,4.0,8.819764984143465,30.54068350136405
1052,2294232,16,,left,saccade,236.0,,,,457.663,194.30700000000002,437.653,135.719,,,
1053,2294252,28,3.1417857142857137,left,fixation,237.0,,426.960875,132.192125,,,,,0.0,,
1054,2294284,12,,left,saccade,237.0,,,,444.68300000000005,149.204,458.837,181.683,,,
1055,2294300,404,3.135751051051052,left,fixation,238.0,,471.99950980392197,213.24916666666698,,,,,1.0,8.476672997769299,36.844996471705606
1056,2294700,40,,right,saccade,,291.0,,,423.01099999999997,139.827,443.624,59.269,,,
1057,2294708,40,,left,saccade,238.0,,,,437.87800000000004,184.12,455.52099999999996,133.361,,,
1058,2294828,1360,3.113330670926518,left,fixation,239.0,,495.06309090909104,198.00218181818198,,,,,3.0,12.118562008806455,31.819118511742946
1059,2294840,28,,right,fixation,,292.0,465.087375,63.661125,,,,,1.0,7.765259173252221,11.483173995024199
1060,2294872,8,,right,saccade,,292.0,,,467.305,83.374,454.856,101.559,,,
1061,2294884,716,3.129078313253012,right,fixation,,293.0,443.88821666666604,159.304344444444,,,,,0.0,,
1062,2295604,16,,right,saccade,,293.0,,,436.95,155.255,496.028,150.403,,,
1063,2295624,836,3.1151028708133968,right,fixation,,294.0,486.5775333333329,165.609685714286,,,,,1.0,15.49418666342672,44.675839790651935
1064,2296192,4,,left,saccade,239.0,,,,483.12699999999995,192.16299999999998,477.466,191.188,,,
1065,2296200,264,3.1577727272727274,left,fixation,240.0,,455.193164179105,178.658925373134,,,,,1.0,5.732802969655322,14.711218304409714
1066,2296464,20,,right,saccade,,294.0,,,421.096,131.6,507.847,134.72,,,
1067,2296468,12,,left,saccade,240.0,,,,475.543,194.48,522.9,193.86900000000003,,,
1068,2296484,520,3.2002634146341467,left,fixation,241.0,,531.836916030534,200.11557251908403,,,,,0.0,,
1069,2296488,504,3.2003842364532016,right,fixation,,295.0,512.171787401575,134.908275590551,,,,,0.0,,
1070,2296996,44,,right,saccade,,295.0,,,493.417,139.56799999999998,467.19800000000004,47.828,,,
1071,2297008,40,,left,saccade,241.0,,,,539.087,197.408,499.584,189.282,,,
1072,2297096,235,3.2069827586206894,left,fixation,242.0,,510.0521,197.16071666666699,,,,,0.0,,
1073,2297120,4,,right,fixation,,296.0,467.4165,53.6895,,,,,0.0,,
1074,2297128,0,,right,saccade,,296.0,,,467.981,56.278,467.981,56.278,,,
1075,2297132,4,,right,fixation,,297.0,469.095,59.3815,,,,,0.0,,
1076,2297140,20,,right,saccade,,297.0,,,469.54400000000004,99.53399999999999,489.478,144.834,,,
1077,2297164,167,3.2069827586206894,right,fixation,,298.0,490.33411627907003,167.71262790697702,,,,,0.0,,
1078,2297335,48,,left,saccade,242.0,,,,516.566,203.31799999999998,1207.478,269.802,,,
1079,2297335,52,,right,saccade,,298.0,,,493.957,178.548,1145.242,291.08799999999997,,,
1080,2297387,1052,3.1546159695817484,left,fixation,243.0,,1198.74222348485,280.990681818181,,,,,1.0,6.648556411816855,15.020339976178914
1081,2297391,584,3.1814075342465755,right,fixation,,299.0,1152.39485714286,306.63237414966,,,,,2.0,10.50958322860633,33.016985261691914
1082,2297979,12,,right,saccade,,299.0,,,1131.38,311.83299999999997,1135.723,263.665,,,
1083,2297995,444,3.1198603603603603,right,fixation,,300.0,1156.2098571428598,249.587589285714,,,,,1.0,5.660185489697129,12.085615251198327
1084,2298443,44,,left,saccade,243.0,,,,1195.362,260.384,639.239,206.334,,,
1085,2298443,44,,right,saccade,,300.0,,,1158.5510000000004,253.044,615.5509999999998,207.44099999999997,,,
1086,2298491,136,3.169838235294118,right,fixation,,301.0,599.5340285714277,202.071285714286,,,,,0.0,,
1087,2298491,140,3.1695,left,fixation,244.0,,629.3454722222219,195.801694444444,,,,,0.0,,
1088,2298631,20,,right,saccade,,301.0,,,609.61,219.87599999999998,531.071,208.801,,,
1089,2298635,16,,left,saccade,244.0,,,,621.991,199.77900000000002,561.155,198.472,,,
1090,2298655,268,3.1524949425287367,right,fixation,,302.0,508.084367647059,204.270323529412,,,,,0.0,,
1091,2298655,276,3.1524949425287367,left,fixation,245.0,,529.690728571429,197.491571428571,,,,,1.0,7.889147404997432,26.65851768197176
1092,2298927,48,,right,saccade,,302.0,,,499.483,193.87,483.62199999999996,13.112,,,
1093,2298935,40,,left,saccade,245.0,,,,513.751,206.33700000000002,518.239,151.602,,,
1094,2299051,388,3.153300621203214,left,fixation,246.0,,529.765255102041,181.88972448979598,,,,,1.0,8.045739921777795,20.741558114085837
1095,2299059,28,,right,fixation,,303.0,500.261625,35.942625,,,,,1.0,12.897415986890122,39.82302976921768
1096,2299091,0,,right,saccade,,303.0,,,512.739,57.357,512.739,57.357,,,
1097,2299095,340,3.1535796634806847,right,fixation,,304.0,504.8375,149.505,,,,,0.0,,
1098,2299439,28,,right,saccade,,304.0,,,505.134,198.118,726.4689999999997,253.717,,,
1099,2299443,24,,left,saccade,246.0,,,,540.735,187.442,733.55,246.65,,,
1100,2299471,292,3.1241780821917806,right,fixation,,305.0,731.822635135135,293.584027027027,,,,,0.0,,
1101,2299471,296,3.124283783783784,left,fixation,247.0,,747.638146666667,259.86212,,,,,0.0,,
1102,2299767,24,,right,saccade,,305.0,,,714.084,314.7940000000001,897.565,285.95799999999997,,,
1103,2299771,28,,left,saccade,247.0,,,,755.3430000000003,256.295,940.3760000000001,252.65200000000002,,,
1104,2299795,488,3.141844262295081,right,fixation,,306.0,924.677967479675,258.60082113821096,,,,,0.0,,
1105,2299803,484,3.1421074380165286,left,fixation,248.0,,955.414836065574,264.082737704918,,,,,0.0,,
1106,2300287,44,,right,saccade,,306.0,,,946.0260000000001,268.628,528.139,208.135,,,
1107,2300291,40,,left,saccade,248.0,,,,956.123,290.6690000000001,549.033,198.15,,,
1108,2300335,292,3.202257100778456,right,fixation,,307.0,509.30754054054,168.908932432432,,,,,1.0,7.4414868679287265,13.69544584889443
1109,2300335,300,3.202257100778456,left,fixation,249.0,,517.554631578947,198.507644736842,,,,,0.0,,
1110,2300631,44,,right,saccade,,307.0,,,513.9209999999998,195.22299999999998,507.57599999999996,43.196999999999996,,,
1111,2300639,40,,left,saccade,249.0,,,,519.844,197.483,516.6030000000002,151.937,,,
1112,2300779,908,3.1656496896245936,left,fixation,250.0,,528.796671052631,185.003004385965,,,,,0.0,,
1113,2300783,904,3.1656496896245936,right,fixation,,308.0,513.200731277533,153.660629955947,,,,,1.0,18.279792136552203,64.05094803357714
1114,2301691,28,,right,saccade,,308.0,,,512.5459999999998,195.097,739.084,207.148,,,
1115,2301691,32,,left,saccade,250.0,,,,519.821,168.049,754.1560000000003,231.1,,,
1116,2301723,112,3.151339285714286,right,fixation,,309.0,754.1225172413789,217.081517241379,,,,,0.0,,
1117,2301727,276,3.1476121051118398,left,fixation,251.0,,743.6972428571429,232.914785714286,,,,,1.0,7.282652332769987,19.183340715318558
1118,2301839,20,,right,saccade,,309.0,,,754.2360000000001,207.294,706.705,261.86,,,
1119,2301863,136,3.1248252314415503,right,fixation,,310.0,691.1577428571429,315.769542857143,,,,,0.0,,
1120,2302003,52,,right,saccade,,310.0,,,694.632,307.215,681.0830000000002,84.697,,,
1121,2302007,40,,left,saccade,251.0,,,,727.1439999999999,248.09099999999998,685.177,194.472,,,
1122,2302159,524,3.1261614023297484,left,fixation,252.0,,691.807007575758,226.32722727272701,,,,,1.0,10.366616582140527,29.717397598040055
1123,2302171,0,,right,fixation,,311.0,681.0830000000002,93.734,,,,,0.0,,
1124,2302175,0,,right,saccade,,311.0,,,676.66,93.734,676.66,93.734,,,
1125,2302179,8,,right,fixation,,312.0,674.836333333333,99.9833333333333,,,,,0.0,,
1126,2302191,8,,right,saccade,,312.0,,,666.8560000000001,120.649,663.914,134.192,,,
1127,2302203,164,3.151529095509172,right,fixation,,313.0,643.1898095238099,194.946285714286,,,,,0.0,,
1128,2302371,12,,right,saccade,,313.0,,,626.1419999999998,203.753,675.081,215.18900000000002,,,
1129,2302387,296,3.119885135135135,right,fixation,,314.0,707.967186666667,245.77682666666698,,,,,0.0,,
1130,2302687,24,,left,saccade,252.0,,,,719.7610000000003,239.253,894.924,231.678,,,
1131,2302687,28,,right,saccade,,314.0,,,709.1619999999997,241.331,899.2819999999997,222.97099999999998,,,
1132,2302715,548,3.06454347826087,left,fixation,253.0,,942.419246376812,240.131268115942,,,,,1.0,10.26437023153397,24.032885324072215
1133,2302719,544,3.06435401459854,right,fixation,,315.0,931.532766423357,243.532394160584,,,,,0.0,,
1134,2303267,40,,left,saccade,253.0,,,,952.308,276.298,592.101,203.51,,,
1135,2303267,40,,right,saccade,,315.0,,,932.197,243.612,585.681,183.65900000000002,,,
1136,2303311,280,3.1066928571428574,right,fixation,,316.0,551.4747183098599,168.093549295775,,,,,1.0,7.684442006056432,22.678794699013487
1137,2303311,284,3.1071830985915496,left,fixation,254.0,,550.04225,198.158111111111,,,,,0.0,,
1138,2303595,40,,right,saccade,,316.0,,,524.253,162.966,936.204,64.865,,,
1139,2303599,40,,left,saccade,254.0,,,,530.5830000000002,182.327,958.836,97.53200000000001,,,
1140,2303639,768,3.156795731410194,right,fixation,,317.0,955.637683937823,72.0922849740932,,,,,0.0,,
1141,2303643,772,3.156852240415727,left,fixation,255.0,,970.54612371134,98.1759175257733,,,,,0.0,,
1142,2304411,40,,right,saccade,,317.0,,,949.015,62.163000000000004,942.7360000000001,11.773,,,
1143,2304419,40,,left,saccade,255.0,,,,962.0169999999999,91.439,973.307,103.833,,,
1144,2304583,952,3.1647427128327674,left,fixation,256.0,,975.826037656903,84.2622761506276,,,,,1.0,10.052587031594289,44.00103191971753
1145,2304599,4,,right,fixation,,318.0,947.888,33.5945,,,,,0.0,,
1146,2304607,4,,right,saccade,,318.0,,,951.6010000000001,38.622,951.6010000000001,38.622,,,
1147,2304615,908,3.164742712832766,right,fixation,,319.0,947.6210964912281,84.193956140351,,,,,2.0,7.885279932486978,21.114104830695297
1148,2305527,40,,right,saccade,,319.0,,,946.4989999999999,48.458999999999996,961.696,24.815,,,
1149,2305539,40,,left,saccade,256.0,,,,970.3989999999999,87.62200000000001,972.855,94.699,,,
1150,2305659,868,3.1244942906173803,left,fixation,257.0,,974.180197247706,84.53893577981658,,,,,0.0,,
1151,2305679,32,,right,fixation,,320.0,977.473333333333,30.155666666666693,,,,,1.0,21.72549302982302,60.559374980262135
1152,2305715,0,,right,saccade,,320.0,,,986.023,60.713,986.023,60.713,,,
1153,2305719,796,3.1244942906173803,right,fixation,,321.0,954.4956,84.3284449999999,,,,,0.0,,
1154,2306519,44,,right,saccade,,321.0,,,968.805,44.081,975.6139999999999,0.0,,,
1155,2306531,40,,left,saccade,257.0,,,,970.3,71.184,976.446,60.214,,,
1156,2306655,1984,3.181739511485816,left,fixation,258.0,,969.435786720322,90.2685432595573,,,,,0.0,,
1157,2306675,1960,3.1817395114858162,right,fixation,,322.0,949.887264765784,94.3439103869654,,,,,3.0,111.72484628841947,326.69833349358987
1158,2308639,40,,right,saccade,,322.0,,,942.825,64.937,1147.23,51.88800000000001,,,
1159,2308643,40,,left,saccade,258.0,,,,952.717,85.667,1127.71,135.332,,,
1160,2308739,152,3.4190714285714283,left,fixation,259.0,,1107.7459230769198,189.14605128205105,,,,,0.0,,
1161,2308755,24,,right,fixation,,323.0,1143.62842857143,81.4325714285714,,,,,1.0,14.790510844043819,17.112409678359143
1162,2308783,12,,right,saccade,,323.0,,,1133.562,103.897,1130.155,134.207,,,
1163,2308799,0,,right,fixation,,324.0,1127.8210000000001,155.894,,,,,0.0,,
1164,2308803,0,,right,saccade,,324.0,,,1126.851,156.347,1126.851,156.347,,,
1165,2308807,84,3.4190714285714283,right,fixation,,325.0,1108.41681818182,181.34554545454498,,,,,0.0,,
1166,2308895,20,,right,saccade,,325.0,,,1095.7169999999999,174.87900000000005,989.363,135.54399999999998,,,
1167,2308895,24,,left,saccade,259.0,,,,1108.452,194.56,987.357,149.817,,,
1168,2308919,372,3.384169270833333,right,fixation,,326.0,965.551851063831,66.8625744680851,,,,,1.0,7.793412697414575,29.501771743405648
1169,2308923,368,3.3848131578947367,left,fixation,260.0,,981.860430107526,108.149817204301,,,,,0.0,,
