,starttime,duration,meanPupilDiameter,eye,eventType,eventIdxLeft,eventIdxRight,meanX,meanY,startSaccadeX,startSaccadeY,endSaccadeX,endSaccadeY,microsaccadeCount,microsaccadeAmplitude,microsaccadePeakVelocity
0,2604916,220,3.4393616071428568,left,fixation,1.0,,1432.6134642857098,776.2661071428571,,,,,1.0,10.677614378013237,46.603544350188656
1,2604928,20,,right,saccade,,1.0,,,0.0,0.0,1428.941,651.909,,,
2,2604952,0,,right,fixation,,1.0,1435.0520000000001,655.687,,,,,0.0,,
3,2604956,52,,right,saccade,,2.0,,,1435.0520000000001,655.687,1549.4360000000001,630.6709999999998,,,
4,2605040,4,3.412,right,fixation,,2.0,1551.924,621.0455,,,,,0.0,,
5,2605048,12,,right,saccade,,3.0,,,1551.924,619.831,1425.9029999999998,614.342,,,
6,2605064,68,3.4194705882352943,right,fixation,,3.0,1422.51211111111,643.028111111111,,,,,2.0,26.929554236360726,86.5324055354948
7,2605136,59,,right,saccade,,4.0,,,1415.365,648.33,761.814,265.09,,,
8,2605140,51,,left,saccade,1.0,,,,1415.474,735.5360000000003,768.05,366.154,,,
9,2605195,101,3.2810384615384622,left,fixation,2.0,,754.859807692307,355.583076923077,,,,,0.0,,
10,2605199,97,3.2790599999999994,right,fixation,,4.0,739.06508,315.84684,,,,,0.0,,
11,2605300,32,,left,saccade,2.0,,,,756.8839999999999,354.75,523.965,214.877,,,
12,2605300,32,,right,saccade,,5.0,,,724.562,342.7480000000001,506.824,204.588,,,
13,2605336,288,3.2810279753437652,right,fixation,,5.0,472.605835616438,191.45852054794497,,,,,0.0,,
14,2605336,292,3.2810279753437652,left,fixation,3.0,,477.783540540541,172.905594594595,,,,,0.0,,
15,2605628,40,,right,saccade,,6.0,,,456.409,182.108,462.30300000000005,56.922,,,
16,2605632,72,,left,saccade,3.0,,,,462.69699999999995,165.08599999999996,402.829,42.677,,,
17,2605820,12,,left,fixation,4.0,,419.79,42.6795,,,,,0.0,,
18,2605832,980,3.207476432348822,right,fixation,,6.0,420.984894308943,139.14256097561,,,,,2.0,11.700535642244482,37.8886211407737
19,2605836,16,,left,saccade,4.0,,,,430.55400000000003,56.934,438.159,97.3,,,
20,2605856,1168,3.195140302313487,left,fixation,5.0,,434.26627303754304,131.004293515358,,,,,0.0,,
21,2606816,0,,right,saccade,,7.0,,,414.205,115.382,414.205,115.382,,,
22,2606820,2563,3.20128125,right,fixation,,7.0,422.345724299065,151.881771028037,,,,,1.0,8.566562988996482,25.81485297265896
23,2607028,8,,left,saccade,5.0,,,,403.996,131.618,390.403,131.618,,,
24,2607040,2331,3.2065060137457047,left,fixation,6.0,,427.696393835616,120.72019178082199,,,,,3.0,6.783939503165449,19.90055966989885
25,2609375,12,,left,saccade,6.0,,,,493.565,110.81299999999999,449.30400000000003,110.73899999999999,,,
26,2609387,4,,right,saccade,,8.0,,,446.92900000000003,120.18,444.241,128.031,,,
27,2609391,320,3.2161036833536834,left,fixation,7.0,,430.681530864198,122.49519753086399,,,,,0.0,,
28,2609395,312,3.215954696247149,right,fixation,,8.0,426.034607594937,170.213329113924,,,,,0.0,,
29,2609711,40,,right,saccade,,9.0,,,435.527,167.89700000000005,451.46,47.148999999999994,,,
30,2609715,52,,left,saccade,7.0,,,,413.55699999999996,112.03200000000001,361.529,31.522,,,
31,2609855,952,3.258538276719138,left,fixation,8.0,,489.183175732217,97.5168033472804,,,,,3.0,6.932473341602188,24.370665696078426
32,2609903,72,2.994030588235294,right,fixation,,9.0,464.65952631578904,41.8378421052631,,,,,0.0,,
33,2609979,8,,right,saccade,,10.0,,,455.85699999999997,74.73899999999998,451.88800000000003,87.834,,,
34,2609991,28,3.1744999999999988,right,fixation,,10.0,458.54400000000004,122.274625,,,,,1.0,12.573760523186555,30.06020374182453
35,2610023,0,,right,saccade,,11.0,,,491.207,137.487,491.207,137.487,,,
36,2610027,776,3.271226804123712,right,fixation,,11.0,507.733861538461,148.222882051282,,,,,1.0,11.479752729141106,31.553251496478143
37,2610807,16,,right,saccade,,12.0,,,515.563,150.033,453.14300000000003,144.062,,,
38,2610811,16,,left,saccade,8.0,,,,517.09,103.336,461.015,104.007,,,
39,2610827,908,3.2630638766519824,right,fixation,,12.0,430.900824561404,143.740083333333,,,,,0.0,,
40,2610831,1140,3.2679473684210527,left,fixation,9.0,,446.90282167832197,114.077972027972,,,,,1.0,8.264676139719237,26.12547323973289
41,2611739,12,,right,saccade,,13.0,,,433.897,108.49700000000001,473.719,115.795,,,
42,2611755,212,3.285405660377359,right,fixation,,13.0,503.457703703704,145.749796296296,,,,,0.0,,
43,2611971,20,,right,saccade,,14.0,,,514.4730000000002,154.749,434.333,160.174,,,
44,2611975,20,,left,saccade,9.0,,,,489.94300000000004,96.68700000000001,424.074,106.8,,,
45,2611995,720,3.27537987012987,right,fixation,,14.0,419.444,151.12616574585599,,,,,1.0,6.933324601356674,14.72342721651454
46,2611999,716,3.2753464052287584,left,fixation,10.0,,428.287977777778,121.316044444444,,,,,1.0,8.313907686989195,29.64696736598875
47,2612719,40,,right,saccade,,15.0,,,458.276,139.844,452.913,20.046,,,
48,2612719,80,,left,saccade,10.0,,,,453.21,130.694,356.086,26.191,,,
49,2612879,1704,3.2839852046643823,left,fixation,11.0,,471.368733021077,109.62212646370001,,,,,9.0,7.3377889668267535,23.29150057040454
50,2612911,80,3.2190496453900708,right,fixation,,15.0,444.769,16.5207142857143,,,,,0.0,,
51,2612995,20,,right,saccade,,16.0,,,451.684,65.833,463.575,127.604,,,
52,2613019,440,3.2711772727272725,right,fixation,,16.0,445.24594594594595,144.690657657658,,,,,0.0,,
53,2613463,16,,right,saccade,,17.0,,,428.343,166.34799999999996,484.032,165.825,,,
54,2613483,1100,3.2917681159420287,right,fixation,,17.0,490.47663768115996,155.58875724637699,,,,,0.0,,
55,2614587,40,,left,saccade,11.0,,,,520.495,114.74,842.689,165.426,,,
56,2614587,40,,right,saccade,,18.0,,,523.901,155.153,859.238,202.57299999999998,,,
57,2614631,156,3.293705128205129,left,fixation,12.0,,864.79995,191.1625,,,,,0.0,,
58,2614631,328,3.2853086419753086,right,fixation,,18.0,883.4569759036142,240.16365060241,,,,,1.0,13.023216667210571,38.933337398686966
59,2614791,4,,left,saccade,12.0,,,,916.316,199.377,921.0,199.377,,,
60,2614799,160,3.277128205128204,left,fixation,13.0,,940.450365853658,209.042024390244,,,,,0.0,,
61,2614963,24,,left,saccade,13.0,,,,936.502,209.003,780.705,223.77900000000002,,,
62,2614963,28,,right,saccade,,19.0,,,911.6339999999999,268.719,722.702,252.332,,,
63,2614991,284,3.2301597222222225,left,fixation,14.0,,759.913430555556,237.323111111111,,,,,0.0,,
64,2614995,280,3.2294718309859163,right,fixation,,19.0,703.108436619719,262.883225352113,,,,,0.0,,
65,2615279,44,,left,saccade,14.0,,,,727.6669999999997,215.908,1259.1789999999999,217.00599999999997,,,
66,2615279,44,,right,saccade,,20.0,,,699.89,256.35,1224.212,271.189,,,
67,2615327,312,3.2052884615384607,right,fixation,,20.0,1201.7582405063301,279.182746835443,,,,,0.0,,
68,2615327,316,3.2051645569620244,left,fixation,15.0,,1241.696025,242.0135625,,,,,1.0,8.759288435077885,56.59182676853622
69,2615643,32,,right,saccade,,21.0,,,1174.463,270.714,1401.652,269.116,,,
70,2615647,24,,left,saccade,15.0,,,,1219.95,240.87,1420.58,240.863,,,
71,2615675,192,3.2483085106382967,left,fixation,16.0,,1431.7445510204095,238.23583673469398,,,,,0.0,,
72,2615679,188,3.2486847826086964,right,fixation,,21.0,1418.13772916667,256.341645833333,,,,,0.0,,
73,2615871,40,,left,saccade,16.0,,,,1425.194,248.885,1016.8810000000001,250.417,,,
74,2615871,44,,right,saccade,,22.0,,,1421.756,250.11599999999999,978.079,235.12900000000002,,,
75,2615915,224,3.1982946428571424,left,fixation,17.0,,992.2590526315787,226.045280701754,,,,,0.0,,
76,2615919,220,3.1979090909090915,right,fixation,,22.0,957.351446428571,252.981232142857,,,,,0.0,,
77,2616143,44,,left,saccade,17.0,,,,978.887,245.247,493.653,251.222,,,
78,2616143,44,,right,saccade,,23.0,,,962.707,271.809,454.755,260.603,,,
79,2616191,392,3.2512525252525246,left,fixation,18.0,,479.540393939394,226.499787878788,,,,,0.0,,
80,2616191,392,3.2512525252525246,right,fixation,,23.0,455.43128282828314,240.49661616161598,,,,,0.0,,
81,2616587,20,,right,saccade,,24.0,,,485.724,227.928,630.515,226.236,,,
82,2616587,28,,left,saccade,18.0,,,,478.352,204.262,669.678,207.209,,,
83,2616611,384,3.2261458333333337,right,fixation,,24.0,687.178597938144,247.10979381443298,,,,,0.0,,
84,2616619,376,3.2256263157894733,left,fixation,19.0,,713.9444736842099,234.418494736842,,,,,0.0,,
85,2616999,44,,right,saccade,,25.0,,,719.8589999999997,214.877,1199.5639999999999,263.111,,,
86,2616999,48,,left,saccade,19.0,,,,723.038,245.27599999999998,1218.289,218.99400000000003,,,
87,2617047,136,3.229363636363636,right,fixation,,25.0,1213.8020285714301,259.279742857143,,,,,0.0,,
88,2617051,128,3.2298064516129035,left,fixation,20.0,,1245.8726666666698,210.109636363636,,,,,0.0,,
89,2617183,24,,left,saccade,20.0,,,,1249.0330000000001,220.463,1419.761,235.095,,,
90,2617187,20,,right,saccade,,26.0,,,1214.298,261.05,1389.267,261.05,,,
91,2617211,420,3.2235,left,fixation,21.0,,1437.68003773585,229.798773584906,,,,,0.0,,
92,2617211,420,3.2235,right,fixation,,26.0,1412.0052924528302,258.823716981132,,,,,0.0,,
93,2617635,64,,left,saccade,21.0,,,,1432.26,252.301,605.7180000000002,165.662,,,
94,2617635,64,,right,saccade,,27.0,,,1424.151,243.74200000000002,585.674,134.444,,,
95,2617703,372,3.226435483870968,right,fixation,,27.0,505.19412765957395,150.568574468085,,,,,1.0,12.80290507506445,37.21548078421133
96,2617703,776,3.2444717948717954,left,fixation,22.0,,467.427297435897,134.935717948718,,,,,2.0,13.12013056997944,53.79768309806543
97,2618079,8,,right,saccade,,28.0,,,428.776,138.915,415.065,137.002,,,
98,2618091,384,3.2613865979381447,right,fixation,,28.0,394.261701030927,147.92180412371098,,,,,0.0,,
99,2618479,16,,right,saccade,,29.0,,,401.895,139.30100000000002,460.461,132.91299999999998,,,
100,2618483,12,,left,saccade,22.0,,,,415.94800000000004,125.486,461.26099999999997,125.78,,,
101,2618499,212,3.241075471698113,left,fixation,23.0,,481.401425925926,115.058722222222,,,,,1.0,5.971561144290493,14.255191405238993
102,2618499,212,3.241075471698113,right,fixation,,29.0,477.003296296296,128.599611111111,,,,,0.0,,
103,2618715,16,,right,saccade,,30.0,,,475.959,125.92,402.73,131.018,,,
104,2618715,20,,left,saccade,23.0,,,,486.788,107.514,388.70099999999996,110.079,,,
105,2618735,524,3.245700285714286,right,fixation,,30.0,417.37665909090896,154.158856060606,,,,,1.0,11.228720759235637,29.81322421342585
106,2618739,520,3.2457166346153845,left,fixation,24.0,,409.09956488549597,126.45770229007601,,,,,0.0,,
107,2619263,40,,right,saccade,,31.0,,,448.20300000000003,163.783,455.37199999999996,12.61,,,
108,2619263,64,,left,saccade,24.0,,,,430.586,111.67399999999999,367.286,30.206999999999997,,,
109,2619447,1312,3.2592693051594503,left,fixation,25.0,,462.5601854103341,113.69155319148899,,,,,5.0,6.697527594009456,18.570401464239907
110,2619483,48,3.0645368421052632,right,fixation,,31.0,452.720538461538,-4.005,,,,,0.0,,
111,2619535,20,,right,saccade,,32.0,,,437.67900000000003,6.39,428.49800000000016,55.665,,,
112,2619559,764,3.2670104712041885,right,fixation,,32.0,471.796307291667,134.501140625,,,,,0.0,,
113,2620327,12,,right,saccade,,33.0,,,474.80300000000005,104.95700000000001,425.055,104.461,,,
114,2620343,412,3.2516019417475723,right,fixation,,33.0,443.142288461538,116.124028846154,,,,,1.0,9.472834850830617,27.592372949784533
115,2620759,24,,right,saccade,,34.0,,,482.598,156.789,611.6759999999998,244.05200000000002,,,
116,2620763,24,,left,saccade,25.0,,,,496.29900000000004,124.572,597.859,245.06599999999997,,,
117,2620787,292,3.201013698630137,right,fixation,,34.0,661.0884054054061,266.585310810811,,,,,1.0,9.411586713844958,24.987309619084826
118,2620791,292,3.2001986301369865,left,fixation,26.0,,671.971310810811,237.44127027027,,,,,3.0,5.62839521010332,13.746201767626516
119,2621083,32,,right,saccade,,35.0,,,685.4989999999998,265.394,464.483,258.957,,,
120,2621087,28,,left,saccade,26.0,,,,699.9830000000003,249.231,500.55400000000003,231.033,,,
121,2621119,244,3.2046639344262293,right,fixation,,35.0,435.6941612903231,234.478564516129,,,,,0.0,,
122,2621119,248,3.2046532258064513,left,fixation,27.0,,476.57734920635,217.137523809524,,,,,0.0,,
123,2621367,20,,right,saccade,,36.0,,,447.44199999999995,247.46,441.665,171.976,,,
124,2621371,12,,left,saccade,27.0,,,,463.939,199.68,444.452,163.365,,,
125,2621387,472,3.22775,left,fixation,28.0,,430.13293277311004,128.320218487395,,,,,0.0,,
126,2621391,472,3.227906779661017,right,fixation,,36.0,433.774504201681,157.20267226890698,,,,,0.0,,
127,2621863,20,,left,saccade,28.0,,,,434.05199999999996,123.868,454.55699999999996,202.666,,,
128,2621867,16,,right,saccade,,37.0,,,449.66,185.891,455.839,237.111,,,
129,2621887,220,3.2523,left,fixation,29.0,,463.982285714286,210.6435,,,,,0.0,,
130,2621887,220,3.2523,right,fixation,,37.0,443.850267857143,247.41014285714297,,,,,0.0,,
131,2622111,20,,right,saccade,,38.0,,,458.36400000000003,261.628,463.276,120.81700000000001,,,
132,2622111,24,,left,saccade,29.0,,,,460.35699999999997,197.25099999999998,456.061,90.425,,,
133,2622135,516,3.3017713178294583,right,fixation,,38.0,424.04566923076897,124.51973076923099,,,,,2.0,9.131606241325525,28.327155907582217
134,2622139,512,3.3021484375,left,fixation,30.0,,435.068325581395,96.5112945736434,,,,,1.0,5.301761890059678,16.47500012139608
135,2622655,16,,left,saccade,30.0,,,,414.21,96.256,480.726,93.844,,,
136,2622655,16,,right,saccade,,39.0,,,405.702,138.175,475.142,142.523,,,
137,2622675,404,3.311529702970297,left,fixation,31.0,,499.07580392156797,111.76096078431401,,,,,1.0,6.6143325270035875,13.53174497247122
138,2622675,704,3.3025274571151138,right,fixation,,39.0,462.33588700565,156.269197740113,,,,,1.0,12.395924981173811,46.64826738475934
139,2623083,16,,left,saccade,31.0,,,,497.906,136.933,440.895,134.718,,,
140,2623103,276,3.2843024667931693,left,fixation,32.0,,416.97518571428594,117.186214285714,,,,,0.0,,
141,2623383,40,,right,saccade,,40.0,,,426.36800000000005,178.03,436.423,137.079,,,
142,2623383,52,,left,saccade,32.0,,,,405.32099999999997,100.97200000000001,363.759,159.485,,,
143,2623519,4,,left,fixation,33.0,,372.3695,141.8405,,,,,0.0,,
144,2623527,16,,left,saccade,33.0,,,,380.046,138.787,427.344,126.45100000000001,,,
145,2623547,580,3.22357875216402,left,fixation,34.0,,479.91345890411,218.844267123288,,,,,1.0,6.927820584827209,7.992842360512303
146,2623555,568,3.2235994650328066,right,fixation,,40.0,471.361160839161,245.298762237763,,,,,0.0,,
147,2624127,20,,right,saccade,,41.0,,,462.869,231.405,575.81,229.09400000000002,,,
148,2624131,20,,left,saccade,34.0,,,,505.713,225.171,589.53,226.38400000000001,,,
149,2624151,136,3.222882352941176,right,fixation,,41.0,579.471314285714,215.80402857142897,,,,,0.0,,
150,2624155,136,3.222720588235294,left,fixation,35.0,,600.2227714285723,220.213742857143,,,,,0.0,,
151,2624291,16,,right,saccade,,42.0,,,573.889,214.454,510.44699999999995,219.541,,,
152,2624295,16,,left,saccade,35.0,,,,589.557,221.75,527.115,218.88,,,
153,2624311,168,3.2109285714285725,right,fixation,,42.0,490.019790697674,255.63969767441898,,,,,0.0,,
154,2624315,168,3.2107619047619056,left,fixation,36.0,,496.415162790698,218.703860465116,,,,,0.0,,
155,2624483,23,,right,saccade,,43.0,,,478.80800000000005,254.513,432.194,354.418,,,
156,2624487,19,,left,saccade,36.0,,,,491.17199999999997,225.53799999999998,459.58099999999996,331.791,,,
157,2624510,864,3.1930092592592594,right,fixation,,43.0,460.200792626728,382.340142857143,,,,,1.0,6.273146058575572,12.087569813655698
158,2624510,1584,3.189053030303031,left,fixation,37.0,,466.079387909319,364.54549874055397,,,,,3.0,7.706934192653327,27.805423729014503
159,2625378,16,,right,saccade,,44.0,,,477.473,418.267,458.37699999999995,383.915,,,
160,2625398,692,3.184959537572254,right,fixation,,44.0,434.758120689656,355.066775862069,,,,,1.0,9.34456340012142,26.15514161689816
161,2626094,60,,right,saccade,,45.0,,,436.351,346.191,809.183,868.0219999999997,,,
162,2626098,56,,left,saccade,37.0,,,,453.27,331.759,824.148,816.4889999999997,,,
163,2626158,112,3.249285714285714,left,fixation,38.0,,854.7667241379311,835.420827586207,,,,,0.0,,
164,2626158,112,3.249285714285714,right,fixation,,45.0,833.884275862069,887.2893448275861,,,,,0.0,,
165,2626274,44,,right,saccade,,46.0,,,837.6469999999997,888.8960000000003,1648.612,837.817,,,
166,2626274,48,,left,saccade,38.0,,,,857.523,828.35,1472.612,913.368,,,
167,2626322,4,3.3395,right,fixation,,46.0,1649.219,808.762,,,,,0.0,,
168,2626326,276,3.347659420289855,left,fixation,39.0,,1496.50474285714,942.027285714286,,,,,1.0,16.820474841361946,51.172541465125704
169,2626330,24,,right,saccade,,47.0,,,1649.219,808.762,1469.7120000000002,870.665,,,
170,2626358,244,3.3454999999999995,right,fixation,,47.0,1443.2950967741901,898.1078548387102,,,,,1.0,15.38469924596803,38.69063672259737
171,2626606,64,,left,saccade,39.0,,,,1488.994,890.591,465.652,419.439,,,
172,2626606,64,,right,saccade,,48.0,,,1435.977,869.2810000000003,446.07800000000003,387.63,,,
173,2626674,432,3.2189722222222223,left,fixation,40.0,,452.031899082569,372.6277981651371,,,,,1.0,9.481962970702737,35.09703067212383
174,2626674,772,3.2001839378238337,right,fixation,,48.0,462.23249484536103,365.190082474227,,,,,1.0,13.111094845799697,39.11766282640102
175,2627110,12,,left,saccade,40.0,,,,441.10900000000004,344.665,482.892,345.98800000000006,,,
176,2627126,324,3.17316049382716,left,fixation,41.0,,524.964756097561,365.402695121951,,,,,0.0,,
177,2627450,28,,right,saccade,,49.0,,,500.121,329.524,468.93699999999995,499.835,,,
178,2627454,20,,left,saccade,41.0,,,,526.694,366.931,495.39,441.939,,,
179,2627478,180,3.190166666666667,left,fixation,42.0,,481.63965217391296,467.59215217391295,,,,,0.0,,
180,2627482,180,3.1902777777777773,right,fixation,,49.0,465.71645652173896,482.47082608695604,,,,,0.0,,
181,2627662,24,,left,saccade,42.0,,,,492.856,462.13599999999997,587.581,457.51,,,
182,2627666,24,,right,saccade,,50.0,,,469.60699999999997,439.18800000000016,586.0169999999998,434.99199999999996,,,
183,2627690,100,3.1483600000000003,left,fixation,43.0,,607.4511153846161,454.155538461538,,,,,0.0,,
184,2627694,92,3.1474130434782617,right,fixation,,50.0,597.107708333333,458.642,,,,,0.0,,
185,2627790,20,,right,saccade,,51.0,,,600.765,480.26,670.466,479.94599999999997,,,
186,2627794,12,,left,saccade,43.0,,,,625.01,453.032,672.418,454.86,,,
187,2627810,212,3.137782107918855,left,fixation,44.0,,695.602314814815,476.709796296296,,,,,0.0,,
188,2627814,196,3.1376733922356097,right,fixation,,51.0,674.33098,466.29002,,,,,0.0,,
189,2628014,44,,right,saccade,,52.0,,,673.171,457.545,490.31,203.672,,,
190,2628026,64,,left,saccade,44.0,,,,682.758,467.165,431.04699999999997,213.041,,,
191,2628162,288,3.087945002001132,left,fixation,45.0,,492.02539726027396,292.671849315068,,,,,2.0,7.434253437741173,35.03071883578984
192,2628210,240,3.087945002001132,right,fixation,,52.0,516.599754098361,270.02208196721296,,,,,1.0,5.671297387331741,15.570002087347298
193,2628454,32,,right,saccade,,53.0,,,497.476,303.20099999999996,455.402,601.878,,,
194,2628454,36,,left,saccade,45.0,,,,500.621,333.67199999999997,488.276,557.205,,,
195,2628490,808,3.1663638613861385,right,fixation,,53.0,460.44179310344805,611.8396896551719,,,,,1.0,10.761379971401832,40.32509463101113
196,2628494,804,3.1663830845771144,left,fixation,46.0,,499.448732673267,593.039905940594,,,,,0.0,,
197,2629302,4,,right,saccade,,54.0,,,463.287,638.101,441.81800000000004,636.302,,,
198,2629302,16,,left,saccade,46.0,,,,499.892,601.7040000000002,439.115,594.629,,,
199,2629310,332,3.1520120481927707,right,fixation,,54.0,406.435476190476,628.398809523809,,,,,0.0,,
200,2629322,312,3.1525064102564104,left,fixation,47.0,,435.078721518987,581.46535443038,,,,,0.0,,
201,2629638,20,,left,saccade,47.0,,,,456.04,586.36,472.56300000000016,684.89,,,
202,2629646,8,,right,saccade,,55.0,,,421.473,667.597,440.05400000000003,696.2539999999997,,,
203,2629658,180,3.1695289206917114,right,fixation,,55.0,431.452195652174,707.461043478261,,,,,0.0,,
204,2629662,176,3.1710710245128846,left,fixation,48.0,,500.943288888889,694.4854222222231,,,,,0.0,,
205,2629842,68,,right,saccade,,56.0,,,427.827,692.164,510.971,195.18900000000002,,,
206,2629842,72,,left,saccade,48.0,,,,498.65,692.319,425.254,108.09899999999999,,,
207,2629986,12,,left,fixation,49.0,,431.6625,108.09899999999999,,,,,0.0,,
208,2630002,16,,left,saccade,49.0,,,,432.28,118.51299999999999,452.397,167.049,,,
209,2630018,120,3.1677096774193547,right,fixation,,56.0,509.738838709677,239.46919354838693,,,,,0.0,,
210,2630022,936,3.1891662870159454,left,fixation,50.0,,438.402034042554,130.184110638298,,,,,3.0,6.500472116838143,18.13803832410683
211,2630142,28,,right,saccade,,57.0,,,516.1659999999998,287.627,469.815,189.11,,,
212,2630174,776,3.1908134715025898,right,fixation,,57.0,422.638625641026,168.70401025641002,,,,,1.0,7.257773933667423,16.93704605295741
213,2630954,24,,right,saccade,,58.0,,,365.77099999999996,114.706,452.795,222.00099999999998,,,
214,2630962,16,,left,saccade,50.0,,,,423.477,134.761,458.78,198.49,,,
215,2630982,348,3.181397727272727,left,fixation,51.0,,480.513375,207.350795454545,,,,,0.0,,
216,2630982,348,3.181397727272727,right,fixation,,58.0,464.014693181818,232.836147727273,,,,,0.0,,
217,2631334,28,,right,saccade,,59.0,,,462.155,242.84400000000002,698.9889999999997,242.00599999999997,,,
218,2631334,32,,left,saccade,51.0,,,,487.524,222.50900000000001,713.779,224.74,,,
219,2631366,388,3.150422680412371,right,fixation,,59.0,689.2108061224492,237.294091836734,,,,,0.0,,
220,2631370,388,3.149963917525773,left,fixation,52.0,,721.6404081632651,253.08925510204102,,,,,0.0,,
221,2631758,48,,right,saccade,,60.0,,,695.669,265.067,1013.637,166.80900000000003,,,
222,2631762,40,,left,saccade,52.0,,,,735.3489999999997,270.374,1018.7719999999999,145.082,,,
223,2631806,56,3.213071428571429,left,fixation,53.0,,1029.0904,120.459466666667,,,,,0.0,,
224,2631810,52,3.2148076923076925,right,fixation,,60.0,1023.5716428571401,130.1635,,,,,0.0,,
225,2631866,32,,left,saccade,53.0,,,,1035.149,106.06299999999999,1361.918,99.148,,,
226,2631866,32,,right,saccade,,61.0,,,1028.3980000000001,111.49700000000001,1361.86,105.291,,,
227,2631902,160,3.2523750000000007,right,fixation,,61.0,1365.7900487804902,98.7489512195122,,,,,0.0,,
228,2631902,164,3.2529146341463417,left,fixation,54.0,,1372.42857142857,116.18719047619,,,,,0.0,,
229,2632066,44,,right,saccade,,62.0,,,1370.6570000000004,94.29799999999999,939.424,45.25100000000001,,,
230,2632070,40,,left,saccade,54.0,,,,1371.628,94.09700000000001,960.279,67.755,,,
231,2632114,352,3.264892045454546,left,fixation,55.0,,959.113561797752,68.53374157303371,,,,,0.0,,
232,2632114,352,3.264892045454546,right,fixation,,62.0,924.663876404494,75.32750561797751,,,,,0.0,,
233,2632470,36,,left,saccade,55.0,,,,956.51,65.377,1325.382,62.477,,,
234,2632470,36,,right,saccade,,63.0,,,943.3839999999999,78.62899999999998,1314.2479999999996,81.219,,,
235,2632510,84,3.269285714285714,left,fixation,56.0,,1335.29795454545,72.9916818181818,,,,,0.0,,
236,2632510,84,3.269285714285714,right,fixation,,63.0,1327.08709090909,90.5829545454545,,,,,0.0,,
237,2632598,36,,left,saccade,56.0,,,,1335.1470000000004,73.596,1048.0839999999996,66.012,,,
238,2632598,40,,right,saccade,,64.0,,,1328.6689999999999,75.109,1020.096,64.59899999999999,,,
239,2632638,416,3.2972912621359223,left,fixation,57.0,,988.249257142857,38.78044761904761,,,,,1.0,8.730778458992058,22.666146209711112
240,2632642,412,3.297406862745098,right,fixation,,64.0,967.4215769230768,67.58635576923079,,,,,0.0,,
241,2633058,40,,left,saccade,57.0,,,,967.785,69.923,1411.529,97.38799999999999,,,
242,2633058,40,,right,saccade,,65.0,,,953.904,92.85,1423.567,108.834,,,
243,2633102,660,3.28889090909091,left,fixation,58.0,,1417.09575301205,99.63364457831341,,,,,0.0,,
244,2633102,660,3.28889090909091,right,fixation,,65.0,1415.63001807229,85.9946204819277,,,,,0.0,,
245,2633766,68,,left,saccade,58.0,,,,1403.808,87.223,504.295,116.68299999999999,,,
246,2633766,72,,right,saccade,,66.0,,,1392.7279999999994,103.50200000000001,448.467,109.735,,,
247,2633838,404,3.2917920792079207,left,fixation,59.0,,463.894725490196,107.831911764706,,,,,1.0,4.980339819954282,14.442478042219731
248,2633842,396,3.2915555555555565,right,fixation,,66.0,461.82277,155.48488999999995,,,,,0.0,,
249,2634242,20,,right,saccade,,67.0,,,439.29900000000004,150.072,458.648,206.55200000000002,,,
250,2634246,20,,left,saccade,59.0,,,,447.51300000000003,126.116,470.56199999999995,202.292,,,
251,2634266,180,3.3482142857142856,right,fixation,,67.0,458.214586956522,222.330369565217,,,,,0.0,,
252,2634270,188,3.3484,left,fixation,60.0,,497.6895625,213.67579166666698,,,,,0.0,,
253,2634450,44,,right,saccade,,68.0,,,453.225,243.91099999999997,478.20300000000003,108.624,,,
254,2634462,64,,left,saccade,60.0,,,,502.091,220.614,434.19699999999995,134.764,,,
255,2634598,68,,left,fixation,61.0,,458.38800000000003,110.075166666667,,,,,1.0,7.056614605775533,19.285627005622608
256,2634650,452,3.3982131555284107,right,fixation,,68.0,448.325657894737,126.06134210526301,,,,,2.0,11.03785128420506,29.48300378464201
257,2634670,4,,left,saccade,61.0,,,,465.20099999999996,135.091,466.615,146.045,,,
258,2634678,108,3.4404783625730992,left,fixation,62.0,,490.47675,187.253214285714,,,,,0.0,,
259,2634790,20,,left,saccade,62.0,,,,501.526,208.46200000000002,459.086,132.64600000000002,,,
260,2634814,679,3.3778934911242606,left,fixation,63.0,,456.310777777778,128.888140350877,,,,,2.0,8.469217102936074,27.360711917212054
261,2635106,0,,right,saccade,,69.0,,,434.686,98.884,434.686,98.884,,,
262,2635110,379,3.361882978723404,right,fixation,,69.0,454.40534375,148.242802083333,,,,,0.0,,
263,2635493,20,,right,saccade,,70.0,,,410.986,109.529,434.01199999999994,200.03900000000002,,,
264,2635497,20,,left,saccade,63.0,,,,461.162,142.721,479.954,197.863,,,
265,2635517,685,3.3547848837209298,right,fixation,,70.0,438.72287790697686,199.680494186046,,,,,0.0,,
266,2635521,681,3.354713450292398,left,fixation,64.0,,477.18320467836196,192.25967251461998,,,,,1.0,10.293265091796675,37.152874518669464
267,2636206,24,,right,saccade,,71.0,,,414.66,137.64,644.5219999999998,158.981,,,
268,2636206,28,,left,saccade,64.0,,,,453.124,109.061,659.1010000000001,161.805,,,
269,2636234,612,3.324300653594772,right,fixation,,71.0,685.852980519481,218.032714285714,,,,,0.0,,
270,2636238,612,3.3239019607843137,left,fixation,65.0,,715.9431818181821,207.23476623376598,,,,,1.0,5.860111129018314,11.813842093070386
271,2636850,35,,right,saccade,,72.0,,,691.212,213.61,444.295,154.466,,,
272,2636854,35,,left,saccade,65.0,,,,687.977,199.274,428.716,139.394,,,
273,2636889,356,3.317780898876405,right,fixation,,72.0,418.68444444444503,151.25351111111098,,,,,0.0,,
274,2636893,348,3.3177586206896548,left,fixation,66.0,,405.06695454545405,114.448386363636,,,,,0.0,,
275,2637245,16,,left,saccade,66.0,,,,409.342,122.279,466.22,125.01100000000001,,,
276,2637249,16,,right,saccade,,73.0,,,406.64099999999996,154.11700000000005,483.57800000000003,136.386,,,
277,2637265,813,3.3037034313725493,left,fixation,67.0,,504.727642156863,121.98739215686301,,,,,0.0,,
278,2637269,809,3.3036009852216752,right,fixation,,73.0,509.10436453202004,162.367995073892,,,,,0.0,,
279,2638082,24,,left,saccade,67.0,,,,526.4540000000002,121.96,687.326,154.19899999999996,,,
280,2638082,24,,right,saccade,,74.0,,,510.917,142.872,693.6110000000001,178.16400000000004,,,
281,2638110,579,3.2708194444444443,left,fixation,68.0,,724.196643835616,223.08180821917801,,,,,0.0,,
282,2638110,579,3.2708194444444443,right,fixation,,74.0,690.958534246575,215.98629452054797,,,,,0.0,,
283,2638693,32,,left,saccade,68.0,,,,747.0930000000003,245.49599999999998,561.371,427.212,,,
284,2638693,36,,right,saccade,,75.0,,,686.0830000000002,234.578,500.32800000000003,419.848,,,
285,2638729,576,3.2901413793103447,left,fixation,69.0,,514.0782482758619,392.23168965517306,,,,,1.0,14.96174533973596,45.0026579770573
286,2638733,572,3.2904444444444447,right,fixation,,75.0,488.816090277778,371.162659722222,,,,,1.0,18.146192726636148,57.75471915783161
287,2639309,20,,left,saccade,69.0,,,,509.37199999999996,372.478,502.344,454.68199999999996,,,
288,2639309,24,,right,saccade,,76.0,,,499.32199999999995,371.135,477.35900000000004,497.153,,,
289,2639333,301,3.2900789473684218,left,fixation,70.0,,489.634539473684,477.460631578948,,,,,0.0,,
290,2639337,293,3.290277027027027,right,fixation,,76.0,471.619432432432,486.409891891892,,,,,1.0,10.306038467271936,26.342945924858192
291,2639634,28,,right,saccade,,77.0,,,472.50800000000004,493.777,390.309,369.26,,,
292,2639638,24,,left,saccade,70.0,,,,491.88699999999994,482.349,437.736,405.538,,,
293,2639666,319,3.2869549319727893,left,fixation,71.0,,434.159901234568,365.635827160494,,,,,1.0,6.4196519332783675,18.66001953375187
294,2639666,331,3.2869549319727893,right,fixation,,77.0,406.702,334.04719047619,,,,,0.0,,
295,2639989,100,,left,saccade,71.0,,,,455.091,356.01199999999994,1052.655,408.50199999999995,,,
296,2640001,40,,right,saccade,,78.0,,,438.418,310.671,1146.453,402.967,,,
297,2640161,116,3.2452500000000004,right,fixation,,78.0,1086.2352,392.4243,,,,,2.0,195.8162040087856,616.086589523508
298,2640165,124,3.2323,left,fixation,72.0,,1059.38284375,434.94496875,,,,,0.0,,
299,2640281,16,,right,saccade,,79.0,,,1037.825,446.967,980.5989999999999,459.031,,,
300,2640293,4,,left,saccade,72.0,,,,1026.917,449.01199999999994,1016.1339999999999,453.654,,,
301,2640301,180,3.2981333333333334,right,fixation,,79.0,964.742391304348,488.8135,,,,,1.0,12.096892973450279,17.71213823907204
302,2640301,184,3.2988695652173914,left,fixation,73.0,,995.302744680851,465.46987234042604,,,,,1.0,7.801828792020498,22.343141251847285
303,2640485,24,,right,saccade,,80.0,,,952.471,512.497,1154.792,525.3,,,
304,2640489,20,,left,saccade,73.0,,,,998.3860000000001,470.589,1173.267,470.589,,,
305,2640513,304,3.2772597402597405,left,fixation,74.0,,1189.72158441559,464.50259740259696,,,,,0.0,,
306,2640513,304,3.2772597402597405,right,fixation,,80.0,1156.85136363636,516.230844155844,,,,,0.0,,
307,2640821,28,,right,saccade,,81.0,,,1147.178,518.075,1388.526,516.793,,,
308,2640821,32,,left,saccade,74.0,,,,1177.979,468.526,1452.376,454.467,,,
309,2640853,552,3.1703876811594203,right,fixation,,81.0,1401.20743884892,511.798676258993,,,,,0.0,,
310,2640857,548,3.1699927007299267,left,fixation,75.0,,1450.89531884058,469.900304347826,,,,,1.0,6.393175979989239,19.880226608366485
311,2641409,64,,left,saccade,75.0,,,,1431.727,476.284,559.42,395.899,,,
312,2641409,64,,right,saccade,,82.0,,,1389.006,493.72,525.498,382.41900000000004,,,
313,2641477,268,3.1316716417910446,left,fixation,76.0,,545.715867647059,378.01833823529404,,,,,0.0,,
314,2641477,268,3.1316716417910446,right,fixation,,82.0,516.218220588235,398.0441911764711,,,,,0.0,,
315,2641749,24,,right,saccade,,83.0,,,508.48400000000004,369.409,627.519,272.58799999999997,,,
316,2641749,28,,left,saccade,76.0,,,,530.313,354.245,608.655,213.71400000000003,,,
317,2641777,96,3.189916666666667,right,fixation,,83.0,616.0854400000002,256.51676000000003,,,,,0.0,,
318,2641781,96,3.1916458333333337,left,fixation,77.0,,626.26468,223.69812000000002,,,,,0.0,,
319,2641877,20,,right,saccade,,84.0,,,596.234,230.625,685.206,224.50599999999997,,,
320,2641881,16,,left,saccade,77.0,,,,632.132,220.102,697.8789999999997,205.792,,,
321,2641901,92,3.1896521739130432,left,fixation,78.0,,713.431708333333,203.0785,,,,,0.0,,
322,2641901,92,3.1896521739130432,right,fixation,,84.0,697.03875,242.354375,,,,,0.0,,
323,2641997,52,,right,saccade,,85.0,,,710.4060000000003,249.585,1397.6989999999994,455.204,,,
324,2641997,60,,left,saccade,78.0,,,,707.3489999999997,198.295,1427.1879999999999,443.079,,,
325,2642053,384,3.1919375,right,fixation,,85.0,1413.496,467.205422680413,,,,,1.0,7.140861588227407,20.73672809292732
326,2642061,376,3.1920904255319162,left,fixation,79.0,,1445.74392631579,452.291063157895,,,,,0.0,,
327,2642441,24,,right,saccade,,86.0,,,1409.65,472.727,1279.212,446.111,,,
328,2642441,28,,left,saccade,79.0,,,,1448.832,484.52,1286.0710000000001,448.015,,,
329,2642469,204,3.1995686274509816,right,fixation,,86.0,1231.47963461538,453.713230769231,,,,,0.0,,
330,2642473,196,3.1997857142857145,left,fixation,80.0,,1272.579,405.12633999999997,,,,,1.0,7.556585225998441,25.78136802033595
331,2642673,28,,left,saccade,80.0,,,,1258.3039999999999,423.819,1483.753,453.899,,,
332,2642677,24,,right,saccade,,87.0,,,1205.204,473.935,1440.779,493.61199999999997,,,
333,2642705,388,3.2250412371134027,right,fixation,,87.0,1434.88632653061,460.12780612244904,,,,,1.0,10.243675660024405,27.815427697592487
334,2642705,392,3.22495918367347,left,fixation,81.0,,1480.9135151515195,418.08801010100996,,,,,2.0,6.891289083203383,27.90281320756526
335,2643097,60,,right,saccade,,88.0,,,1410.535,440.339,444.43699999999995,658.632,,,
336,2643101,60,,left,saccade,81.0,,,,1448.495,430.55199999999996,487.225,624.599,,,
337,2643161,144,3.2368333333333332,right,fixation,,88.0,439.13927027027,679.974324324324,,,,,0.0,,
338,2643165,124,3.2353225806451613,left,fixation,82.0,,468.23290625,661.9375,,,,,1.0,8.218735513717691,14.3745306010319
339,2643293,12,,left,saccade,82.0,,,,465.32099999999997,654.611,465.31,607.566,,,
340,2643309,0,,right,saccade,,89.0,,,432.793,664.855,432.793,664.855,,,
341,2643309,544,3.273406934306569,left,fixation,83.0,,493.574357664234,599.479182481752,,,,,1.0,5.002104495998572,10.436322197019418
342,2643313,540,3.2735716911764703,right,fixation,,89.0,443.08226470588204,612.2752352941179,,,,,1.0,11.453141011433427,30.643005286688208
343,2643857,20,,right,saccade,,90.0,,,481.528,613.096,660.294,680.737,,,
344,2643857,28,,left,saccade,83.0,,,,550.428,615.005,692.8480000000003,720.581,,,
345,2643881,460,3.259334782608696,right,fixation,,90.0,680.168422413793,717.875275862069,,,,,1.0,6.5507187497929245,14.829707785387981
346,2643889,452,3.2595973451327436,left,fixation,84.0,,737.6050438596492,733.0168859649118,,,,,0.0,,
347,2644345,36,,left,saccade,84.0,,,,735.2280000000003,747.096,515.768,647.3580000000002,,,
348,2644345,40,,right,saccade,,91.0,,,694.318,769.83,462.615,654.357,,,
349,2644385,484,3.2304049586776857,left,fixation,85.0,,509.48205737704905,615.519081967213,,,,,2.0,5.40476359436639,12.058752082583844
350,2644389,488,3.2296680327868854,right,fixation,,91.0,468.073097560976,623.3601219512191,,,,,0.0,,
351,2644873,20,,left,saccade,85.0,,,,522.5459999999998,605.484,445.009,592.555,,,
352,2644881,8,,right,saccade,,92.0,,,456.889,595.12,436.94699999999995,589.9209999999998,,,
353,2644893,240,3.2096864914054604,right,fixation,,92.0,394.399803278689,585.955508196721,,,,,0.0,,
354,2644897,244,3.20985374115268,left,fixation,86.0,,412.466451612903,583.054080645161,,,,,1.0,4.820402395028868,15.531278505004039
355,2645137,40,,right,saccade,,93.0,,,396.42900000000003,571.2719999999998,387.474,532.533,,,
356,2645145,40,,left,saccade,86.0,,,,422.245,582.856,323.195,611.509,,,
357,2645253,0,,left,fixation,87.0,,329.56,611.509,,,,,0.0,,
358,2645257,16,,left,saccade,87.0,,,,334.6869999999999,611.509,346.19800000000015,563.547,,,
359,2645277,4,,left,fixation,88.0,,348.00800000000015,554.2175,,,,,0.0,,
360,2645285,16,,left,saccade,88.0,,,,361.819,546.366,393.03,513.3290000000002,,,
361,2645305,524,3.332719965390439,left,fixation,89.0,,440.643325757576,536.392643939394,,,,,2.0,6.287050724024825,22.666786619996692
362,2645433,1892,3.2659268876268506,right,fixation,,93.0,453.9004704641349,549.511947257384,,,,,1.0,8.630425792573119,22.265195979375548
363,2645833,40,,left,saccade,89.0,,,,503.366,571.016,451.12300000000016,551.852,,,
364,2645885,4,3.3310000000000004,left,fixation,90.0,,450.2605,552.212,,,,,0.0,,
365,2645893,16,,left,saccade,90.0,,,,449.398,556.013,449.398,609.648,,,
366,2645913,4,3.3005,left,fixation,91.0,,464.95,613.1815,,,,,0.0,,
367,2645921,0,,left,saccade,91.0,,,,479.059,617.035,479.059,617.035,,,
368,2645925,1404,3.2439615384615386,left,fixation,92.0,,480.1247982954551,584.367803977272,,,,,2.0,6.766530880200969,16.85364020895318
369,2647329,36,,right,saccade,,94.0,,,469.38,559.366,792.92,615.501,,,
370,2647333,36,,left,saccade,92.0,,,,491.54900000000004,590.065,760.317,695.335,,,
371,2647369,160,3.2228250000000003,right,fixation,,94.0,801.562146341464,658.573121951219,,,,,0.0,,
372,2647373,152,3.222118421052632,left,fixation,93.0,,780.7825641025639,722.242794871795,,,,,0.0,,
373,2647529,24,,left,saccade,93.0,,,,781.1260000000003,718.015,928.355,714.808,,,
374,2647533,20,,right,saccade,,95.0,,,808.551,688.694,955.39,689.302,,,
375,2647557,160,3.2629999999999995,left,fixation,94.0,,949.0282926829268,724.434,,,,,0.0,,
376,2647557,160,3.2629999999999995,right,fixation,,95.0,956.324975609756,686.381853658537,,,,,0.0,,
377,2647721,24,,left,saccade,94.0,,,,947.07,708.96,755.812,693.12,,,
378,2647721,28,,right,saccade,,96.0,,,947.2389999999999,722.4739999999997,723.25,704.7919999999997,,,
379,2647749,324,3.228611111111111,left,fixation,95.0,,728.538353658536,708.374487804878,,,,,0.0,,
380,2647753,324,3.228,right,fixation,,96.0,703.4110487804878,657.2692195121949,,,,,0.0,,
381,2648077,32,,left,saccade,95.0,,,,721.465,712.5239999999999,563.929,620.741,,,
382,2648081,28,,right,saccade,,97.0,,,694.059,654.404,530.126,572.8330000000002,,,
383,2648113,1204,3.248406976744186,right,fixation,,97.0,450.291579470198,565.0919602649,,,,,4.0,11.478536362262993,26.251824801773033
384,2648113,1216,3.248883223684212,left,fixation,96.0,,484.73997704917997,592.6713540983619,,,,,1.0,4.539447598552067,7.492769848327093
385,2649321,4,,right,saccade,,98.0,,,434.152,547.9630000000002,440.215,545.703,,,
386,2649329,128,3.268421875,right,fixation,,98.0,488.954393939394,532.1602727272731,,,,,0.0,,
387,2649333,4,,left,saccade,96.0,,,,491.236,569.493,506.195,569.194,,,
388,2649341,116,3.265758620689656,left,fixation,97.0,,531.3070333333329,580.622533333333,,,,,0.0,,
389,2649461,40,,left,saccade,97.0,,,,527.289,579.383,702.3739999999997,682.5089999999999,,,
390,2649461,48,,right,saccade,,99.0,,,487.837,518.977,729.39,638.085,,,
391,2649505,688,3.2756511627906977,left,fixation,98.0,,744.593942196532,698.010479768786,,,,,1.0,5.8127957750313355,17.25339980989246
392,2649513,675,3.275904761904761,right,fixation,,99.0,710.788188235294,664.6487117647059,,,,,1.0,10.873407285667147,41.65573796009375
393,2650193,32,,right,saccade,,100.0,,,702.8969999999997,646.6569999999998,485.524,626.07,,,
394,2650197,32,,left,saccade,98.0,,,,725.8810000000003,698.22,515.0219999999998,636.6469999999998,,,
395,2650229,407,3.2519240196078427,right,fixation,,100.0,465.125514563107,622.759495145631,,,,,0.0,,
396,2650233,407,3.2521446078431366,left,fixation,99.0,,513.016262135922,629.428106796117,,,,,1.0,6.874024120637864,16.40652763384131
397,2650640,24,,right,saccade,,101.0,,,478.445,632.134,628.845,649.936,,,
398,2650644,20,,left,saccade,99.0,,,,525.523,624.82,639.701,635.955,,,
399,2650668,60,3.2570666666666663,right,fixation,,101.0,621.134625,648.0865,,,,,0.0,,
400,2650668,64,3.25775,left,fixation,100.0,,648.2998823529409,648.051411764706,,,,,0.0,,
401,2650732,20,,right,saccade,,102.0,,,607.306,634.759,744.6410000000003,630.0409999999998,,,
402,2650736,20,,left,saccade,100.0,,,,654.203,650.3530000000002,773.153,660.813,,,
403,2650756,320,3.240975,right,fixation,,102.0,736.529518518519,658.320049382716,,,,,0.0,,
404,2650760,316,3.2408037974683537,left,fixation,101.0,,761.7814375,679.0106875,,,,,1.0,4.987977039286019,9.800416317687743
405,2651080,28,,left,saccade,101.0,,,,747.172,694.574,987.6560000000001,700.541,,,
406,2651080,28,,right,saccade,,103.0,,,709.93,676.447,1000.2410000000001,682.564,,,
407,2651112,72,3.240777777777778,left,fixation,102.0,,1015.96542105263,732.262684210526,,,,,1.0,6.794361545101582,24.377522125925765
408,2651112,72,3.240777777777778,right,fixation,,103.0,1021.9410526315801,728.920315789474,,,,,0.0,,
409,2651188,48,,left,saccade,102.0,,,,1028.4460000000001,737.04,531.109,615.7769999999998,,,
410,2651188,48,,right,saccade,,104.0,,,1018.418,751.669,483.655,625.008,,,
411,2651240,505,3.2542829268292683,right,fixation,,104.0,417.929354330709,632.0884566929129,,,,,1.0,13.64269910265398,45.65884547379618
412,2651240,513,3.2542829268292683,left,fixation,103.0,,471.96719379845,603.664837209303,,,,,1.0,4.4119941982685775,12.59197843867276
413,2651749,39,,right,saccade,,105.0,,,385.727,645.573,342.64599999999996,704.934,,,
414,2651757,87,,left,saccade,103.0,,,,416.79400000000004,594.247,418.403,520.626,,,
415,2651928,36,,right,fixation,,105.0,337.9342,704.3187,,,,,1.0,130.87750490015043,785.3897883376128
416,2651956,508,3.299798307008418,left,fixation,104.0,,436.0709140625,559.857515624999,,,,,1.0,7.774193180717273,21.2010748784112
417,2651968,4,,right,saccade,,106.0,,,333.287,692.5830000000003,333.287,676.012,,,
418,2651976,8,,right,fixation,,106.0,333.287,656.052333333333,,,,,0.0,,
419,2651988,0,,right,saccade,,107.0,,,339.06,647.138,339.06,647.138,,,
420,2651992,8,,right,fixation,,107.0,340.567666666667,634.603666666667,,,,,0.0,,
421,2652004,32,,right,saccade,,108.0,,,343.816,620.127,397.73,509.952,,,
422,2652040,56,3.265787155963304,right,fixation,,108.0,435.4704,511.2524,,,,,0.0,,
423,2652100,25,,right,saccade,,109.0,,,451.905,541.26,351.81,567.486,,,
424,2652129,331,3.3057378048780484,right,fixation,,109.0,355.80278571428596,592.753416666667,,,,,0.0,,
425,2652464,24,,right,saccade,,110.0,,,362.455,567.113,503.963,577.502,,,
426,2652468,16,,left,saccade,104.0,,,,423.486,583.705,498.31199999999995,585.265,,,
427,2652488,837,3.2141547619047617,left,fixation,105.0,,479.852652380952,589.085628571429,,,,,1.0,5.7999844444235835,12.418806102037404
428,2652492,837,3.2137238095238096,right,fixation,,110.0,461.711995238095,602.243271428571,,,,,1.0,6.554271961434338,13.406483692601832
429,2653329,20,,left,saccade,105.0,,,,435.98900000000003,580.441,495.12699999999995,581.467,,,
430,2653333,20,,right,saccade,,111.0,,,436.17800000000005,602.923,506.57300000000004,585.997,,,
431,2653353,367,3.227774725274725,left,fixation,106.0,,514.8799677419361,567.691258064516,,,,,0.0,,
432,2653357,359,3.2278426966292137,right,fixation,,111.0,490.703989010989,559.1091208791211,,,,,0.0,,
433,2653720,20,,right,saccade,,112.0,,,502.32099999999997,573.734,420.711,568.641,,,
434,2653724,16,,left,saccade,106.0,,,,510.311,561.033,442.25699999999995,557.628,,,
435,2653744,256,3.2216875,left,fixation,107.0,,421.40276923076897,544.120184615385,,,,,1.0,4.16846001406861,9.144134568126178
436,2653744,256,3.2216875,right,fixation,,112.0,387.452846153846,559.629492307692,,,,,0.0,,
437,2654004,56,,right,saccade,,113.0,,,403.591,539.371,764.2869999999997,672.32,,,
438,2654004,60,,left,saccade,107.0,,,,434.833,551.466,726.45,682.735,,,
439,2654064,176,3.2059204545454545,right,fixation,,113.0,776.5683333333328,724.266911111111,,,,,0.0,,
440,2654068,320,3.21979375,left,fixation,108.0,,753.3902962962959,724.8157777777783,,,,,0.0,,
441,2654244,12,,right,saccade,,114.0,,,762.24,729.9889999999997,719.368,721.543,,,
442,2654260,128,3.23771875,right,fixation,,114.0,710.7734848484848,731.781515151515,,,,,0.0,,
443,2654392,48,,left,saccade,108.0,,,,736.07,746.39,489.777,774.182,,,
444,2654392,52,,right,saccade,,115.0,,,719.529,745.058,413.832,785.297,,,
445,2654444,504,3.337738738738739,left,fixation,109.0,,444.7976062992129,795.453338582677,,,,,0.0,,
446,2654448,496,3.337634703196347,right,fixation,,115.0,380.231112,816.599512,,,,,0.0,,
447,2654948,120,,right,saccade,,116.0,,,365.017,803.845,1261.08,723.199,,,
448,2654952,60,,left,saccade,109.0,,,,430.352,801.1010000000001,1377.3110000000001,829.988,,,
449,2655016,264,3.514757575757576,left,fixation,110.0,,1383.4406119403,849.8686268656709,,,,,1.0,7.876140823891959,26.80651049651907
450,2655284,24,,left,saccade,110.0,,,,1384.245,859.944,1299.463,717.25,,,
451,2655312,204,3.468095558672277,left,fixation,111.0,,1281.23130769231,714.71875,,,,,0.0,,
452,2655320,196,3.4661581126624936,right,fixation,,116.0,1225.52706,741.2538599999997,,,,,0.0,,
453,2655520,28,,right,saccade,,117.0,,,1204.786,744.067,1028.932,730.419,,,
454,2655520,32,,left,saccade,111.0,,,,1275.32,714.709,1033.9260000000004,702.637,,,
455,2655552,108,3.382553571428572,right,fixation,,117.0,990.226571428571,740.0513214285719,,,,,0.0,,
456,2655556,104,3.3814259259259263,left,fixation,112.0,,1016.09940740741,697.4879629629628,,,,,0.0,,
457,2655664,36,,right,saccade,,118.0,,,976.2710000000001,761.168,1142.518,399.319,,,
458,2655664,40,,left,saccade,112.0,,,,1020.3589999999999,685.868,1162.8319999999999,328.147,,,
459,2655704,164,3.2877375,right,fixation,,118.0,1154.47569047619,367.235928571429,,,,,0.0,,
460,2655708,164,3.2871125000000005,left,fixation,113.0,,1190.23214285714,326.501904761905,,,,,0.0,,
461,2655872,20,,right,saccade,,119.0,,,1170.244,353.624,1149.873,429.962,,,
462,2655876,24,,left,saccade,113.0,,,,1189.489,329.005,1138.358,384.796,,,
463,2655896,164,3.238146341463415,right,fixation,,119.0,1096.18335714286,452.9985,,,,,0.0,,
464,2655904,156,3.236961538461538,left,fixation,114.0,,1120.407,430.232425,,,,,0.0,,
465,2656064,48,,left,saccade,114.0,,,,1121.503,452.16900000000004,551.664,450.29,,,
466,2656064,48,,right,saccade,,120.0,,,1088.421,466.765,521.736,431.85400000000004,,,
467,2656116,180,3.229555555555556,left,fixation,115.0,,550.6789347826091,450.495673913043,,,,,0.0,,
468,2656116,180,3.229555555555556,right,fixation,,120.0,514.739217391304,453.5721304347831,,,,,0.0,,
469,2656300,36,,left,saccade,115.0,,,,550.431,447.67900000000003,794.819,711.4960000000003,,,
470,2656300,40,,right,saccade,,121.0,,,514.889,468.28,792.584,717.5269999999997,,,
471,2656340,444,3.2818468468468467,left,fixation,116.0,,781.7265357142868,708.9836071428571,,,,,2.0,9.405371221707693,35.8024022396075
472,2656344,104,3.2718653846153845,right,fixation,,121.0,786.270111111111,740.024888888889,,,,,0.0,,
473,2656452,12,,right,saccade,,122.0,,,768.638,742.133,748.205,692.452,,,
474,2656468,316,3.2855822784810136,right,fixation,,122.0,716.517225,694.7496,,,,,0.0,,
475,2656788,44,,right,saccade,,123.0,,,711.181,696.671,1454.126,111.478,,,
476,2656788,56,,left,saccade,116.0,,,,751.5830000000003,692.497,1399.305,138.661,,,
477,2656836,180,3.295944444444445,right,fixation,,123.0,1404.6698260869598,137.514413043478,,,,,1.0,11.592032240820535,2.9680030323434283
478,2656848,180,3.2965333333333326,left,fixation,117.0,,1405.9475,154.834652173913,,,,,0.0,,
479,2657020,16,,right,saccade,,124.0,,,1378.6689999999999,171.993,1437.3110000000001,136.987,,,
480,2657032,4,,left,saccade,117.0,,,,1436.734,130.781,1438.2479999999994,125.105,,,
481,2657040,88,3.3013863636363636,left,fixation,118.0,,1451.1092173913,100.828956521739,,,,,0.0,,
482,2657040,88,3.3013863636363636,right,fixation,,124.0,1450.201,110.87360869565201,,,,,0.0,,
483,2657132,20,,right,saccade,,125.0,,,1454.6660000000006,106.465,1442.144,223.83700000000002,,,
484,2657132,24,,left,saccade,118.0,,,,1456.9189999999999,102.95700000000001,1450.513,237.16,,,
485,2657156,276,3.301659420289856,right,fixation,,125.0,1423.8676428571398,242.177614285714,,,,,0.0,,
486,2657160,272,3.3016029411764705,left,fixation,119.0,,1441.97026086956,250.267768115942,,,,,0.0,,
487,2657436,48,,right,saccade,,126.0,,,1421.207,241.265,841.445,238.067,,,
488,2657436,52,,left,saccade,119.0,,,,1441.9029999999998,241.722,842.658,224.187,,,
489,2657488,180,3.262011111111111,right,fixation,,126.0,824.039586956521,260.372673913044,,,,,0.0,,
490,2657492,180,3.261511111111111,left,fixation,120.0,,831.9586521739128,215.195804347826,,,,,0.0,,
491,2657672,16,,right,saccade,,127.0,,,809.255,260.04,744.971,244.06,,,
492,2657676,12,,left,saccade,120.0,,,,830.1489999999999,204.80700000000002,781.321,202.449,,,
493,2657692,152,3.2867702991452994,right,fixation,,127.0,730.9154102564099,201.455205128205,,,,,0.0,,
494,2657692,160,3.2867702991452994,left,fixation,121.0,,756.735097560976,229.07273170731705,,,,,0.0,,
495,2657848,100,,right,saccade,,128.0,,,732.597,197.886,1604.6,600.285,,,
496,2657856,52,,left,saccade,121.0,,,,753.721,232.456,1516.0629999999999,643.214,,,
497,2657952,24,,left,fixation,122.0,,1515.47885714286,659.65,,,,,1.0,9.377921959462995,16.49203104532618
498,2657980,16,,left,saccade,122.0,,,,1512.224,676.79,1501.7420000000006,727.763,,,
499,2658000,552,3.4664858111927654,left,fixation,123.0,,1480.82782014388,757.508705035972,,,,,1.0,9.506585112436511,39.80269926776325
500,2658020,12,,right,fixation,,128.0,1614.055,590.1469999999998,,,,,0.0,,
501,2658036,40,,right,saccade,,129.0,,,1627.989,587.194,1626.29,585.742,,,
502,2658092,48,3.3553333333333333,right,fixation,,129.0,1653.85861538462,591.239692307692,,,,,1.0,309.1978373974339,102.44107752752323
503,2658144,60,,right,saccade,,130.0,,,1677.001,585.332,1457.507,723.448,,,
504,2658208,344,3.49296485136742,right,fixation,,130.0,1427.74783908046,738.0608390804599,,,,,0.0,,
505,2658556,24,,right,saccade,,131.0,,,1401.895,677.903,1446.6329999999994,409.587,,,
506,2658556,28,,left,saccade,123.0,,,,1431.967,710.413,1439.3570000000002,439.32800000000003,,,
507,2658584,312,3.398967948717949,right,fixation,,131.0,1440.7559240506305,427.562443037975,,,,,1.0,7.1415954411073415,17.148628895629187
508,2658588,304,3.398480263157895,left,fixation,124.0,,1445.3449220779196,400.38759740259695,,,,,1.0,13.179064283509991,20.49132482295865
509,2658896,60,,left,saccade,124.0,,,,1450.7920000000001,384.351,684.3530000000002,234.646,,,
510,2658900,60,,right,saccade,,132.0,,,1405.454,436.995,647.894,228.63,,,
511,2658960,536,3.3034481481481484,left,fixation,125.0,,711.9406,214.500244444444,,,,,2.0,5.079171508953697,13.060332488518707
512,2658964,532,3.3032910447761186,right,fixation,,132.0,677.217813432835,225.751156716418,,,,,1.0,7.794246875812363,21.613338589861637
513,2659500,28,,left,saccade,125.0,,,,728.5419999999997,216.135,579.15,184.56,,,
514,2659500,28,,right,saccade,,133.0,,,692.8580000000003,241.94799999999998,520.381,173.155,,,
515,2659532,0,,left,fixation,126.0,,558.467,177.002,,,,,0.0,,
516,2659532,232,3.316701754385965,right,fixation,,133.0,495.12579661016997,144.74606779661002,,,,,0.0,,
517,2659536,0,,left,saccade,126.0,,,,553.675,175.872,553.675,175.872,,,
518,2659540,228,3.3178928571428563,left,fixation,127.0,,513.05425862069,131.648155172414,,,,,1.0,6.9501525203088805,11.39197019834589
519,2659768,60,,right,saccade,,134.0,,,487.62300000000016,122.04299999999999,519.212,866.8580000000003,,,
520,2659772,60,,left,saccade,127.0,,,,518.8480000000002,140.56799999999998,558.597,839.916,,,
521,2659832,148,3.3954729729729727,right,fixation,,134.0,514.2132368421051,877.870078947368,,,,,0.0,,
522,2659836,148,3.3967702702702702,left,fixation,128.0,,573.976736842105,862.271868421053,,,,,0.0,,
523,2659984,20,,right,saccade,,135.0,,,507.504,893.507,407.92,854.42,,,
524,2659988,24,,left,saccade,128.0,,,,581.6569999999998,862.83,474.149,853.6489999999999,,,
525,2660008,328,3.428756097560976,right,fixation,,135.0,383.48130120481903,867.98291566265,,,,,0.0,,
526,2660016,320,3.42930625,left,fixation,129.0,,430.24392592592596,840.236814814815,,,,,0.0,,
527,2660340,44,,left,saccade,129.0,,,,451.35400000000004,848.138,662.574,331.024,,,
528,2660340,48,,right,saccade,,136.0,,,382.72900000000004,840.936,716.375,279.79400000000004,,,
529,2660388,124,3.2948225806451616,left,fixation,130.0,,692.676875,331.87284375,,,,,0.0,,
530,2660392,620,3.276622580645161,right,fixation,,136.0,701.9792692307692,263.045692307692,,,,,0.0,,
531,2660516,20,,left,saccade,130.0,,,,722.173,338.254,743.632,272.579,,,
532,2660540,472,3.271593220338984,left,fixation,131.0,,737.976638655462,226.080176470588,,,,,0.0,,
533,2661016,32,,left,saccade,131.0,,,,722.4580000000003,199.106,916.6610000000001,56.284,,,
534,2661016,36,,right,saccade,,137.0,,,704.143,273.501,916.502,102.696,,,
535,2661052,331,3.2962256097560965,left,fixation,132.0,,947.7088095238099,41.5091666666667,,,,,1.0,4.982690853232711,10.423224501084103
536,2661056,327,3.296549382716049,right,fixation,,137.0,942.66934939759,53.7502409638554,,,,,0.0,,
537,2661387,33,,right,saccade,,138.0,,,937.97,21.909000000000002,1185.204,84.617,,,
538,2661387,37,,left,saccade,132.0,,,,949.1210000000001,37.495,1187.376,64.913,,,
539,2661424,128,3.302890625,right,fixation,,138.0,1210.06381818182,99.7715757575757,,,,,0.0,,
540,2661428,124,3.302709677419355,left,fixation,133.0,,1211.85409375,95.4826875,,,,,0.0,,
541,2661556,24,,left,saccade,133.0,,,,1221.423,106.291,1424.129,101.16,,,
542,2661556,28,,right,saccade,,139.0,,,1211.754,113.945,1427.161,84.014,,,
543,2661584,484,3.3221884816753926,left,fixation,134.0,,1412.92627868852,88.87037704918043,,,,,1.0,6.104804492274043,21.56857834907056
544,2661588,480,3.3222063492063487,right,fixation,,139.0,1430.02019008264,73.1650991735538,,,,,1.0,10.93461509382019,36.51719935865813
545,2662072,48,,right,saccade,,140.0,,,1402.1979999999999,84.928,763.1339999999999,69.05,,,
546,2662072,88,,left,saccade,134.0,,,,1386.683,84.0,703.9119999999997,187.993,,,
547,2662216,20,,right,fixation,,140.0,753.661333333333,78.52199999999998,,,,,0.0,,
548,2662216,532,3.241068093261215,left,fixation,135.0,,740.317208955224,221.540589552239,,,,,0.0,,
549,2662240,20,,right,saccade,,141.0,,,736.5360000000003,91.92200000000001,720.372,156.94,,,
550,2662264,476,3.2410680932612164,right,fixation,,141.0,706.0784666666658,206.86175833333303,,,,,0.0,,
551,2662744,44,,right,saccade,,142.0,,,704.623,242.858,456.656,104.22399999999999,,,
552,2662752,60,,left,saccade,135.0,,,,720.802,225.607,390.82099999999997,125.208,,,
553,2662880,36,,left,fixation,136.0,,412.1129,112.47399999999999,,,,,1.0,5.632563798524113,16.624410485788598
554,2662920,12,,left,saccade,136.0,,,,430.76599999999996,131.09799999999998,443.995,159.85,,,
555,2662920,24,,right,fixation,,142.0,457.152857142857,108.296428571429,,,,,0.0,,
556,2662936,584,3.277611453883879,left,fixation,137.0,,474.184537414966,186.00602040816293,,,,,3.0,8.623008474910543,27.87660536504095
557,2662948,16,,right,saccade,,143.0,,,455.724,127.314,450.23699999999997,177.717,,,
558,2662968,404,3.2747867125110917,right,fixation,,143.0,447.71528431372496,219.407735294118,,,,,1.0,11.562519502686268,34.32569329234299
559,2663376,4,,right,saccade,,144.0,,,443.685,174.733,438.949,171.435,,,
560,2663384,136,3.283794117647058,right,fixation,,144.0,451.6958,147.791828571429,,,,,0.0,,
561,2663524,24,,left,saccade,137.0,,,,477.856,142.216,664.887,148.572,,,
562,2663524,28,,right,saccade,,145.0,,,465.30400000000003,161.835,674.596,183.14700000000002,,,
563,2663552,972,3.2320619834710733,left,fixation,138.0,,718.567393442623,204.07461065573798,,,,,0.0,,
564,2663556,968,3.231914937759336,right,fixation,,145.0,695.1337283950619,224.32582304526798,,,,,0.0,,
565,2664528,32,,left,saccade,138.0,,,,718.9989999999997,217.456,497.036,150.127,,,
566,2664528,40,,right,saccade,,146.0,,,711.341,230.00400000000002,450.772,143.974,,,
567,2664564,1475,3.2930826558265585,left,fixation,139.0,,414.73816486486504,124.047332432432,,,,,1.0,8.07225070156329,23.2895513052528
568,2664572,284,3.2627222222222216,right,fixation,,146.0,428.143111111111,142.449097222222,,,,,0.0,,
569,2664860,16,,right,saccade,,147.0,,,452.279,144.722,394.219,150.366,,,
570,2664880,1155,3.3010503472222217,right,fixation,,147.0,388.34084137931,153.9268,,,,,1.0,9.16081195606833,40.45851411013507
571,2666039,24,,right,saccade,,148.0,,,396.712,140.605,441.233,236.597,,,
572,2666043,20,,left,saccade,139.0,,,,415.13,133.02700000000002,453.82300000000004,203.53900000000002,,,
573,2666067,160,3.3462098831306464,right,fixation,,148.0,434.620512195122,222.274682926829,,,,,0.0,,
574,2666067,164,3.3462098831306464,left,fixation,140.0,,485.089309523809,225.05488095238098,,,,,0.0,,
575,2666231,40,,right,saccade,,149.0,,,428.726,213.233,431.235,17.019000000000002,,,
576,2666235,68,,left,saccade,140.0,,,,480.27099999999996,228.138,345.92,32.463,,,
577,2666399,2856,3.3219997739851785,left,fixation,141.0,,431.223622377622,121.178254545455,,,,,5.0,7.512388262215268,27.126505844819192
578,2666419,40,,right,fixation,,149.0,437.216545454545,20.4338181818182,,,,,0.0,,
579,2666463,16,,right,saccade,,150.0,,,442.676,39.425,440.35400000000004,84.045,,,
580,2666483,2768,3.3219997739851785,right,fixation,,150.0,427.445484848485,149.896660894661,,,,,2.0,10.088027881829056,28.070403665760452
581,2669255,40,,right,saccade,,151.0,,,392.031,146.534,388.004,36.016,,,
582,2669259,68,,left,saccade,141.0,,,,378.713,115.78299999999999,298.24,25.682,,,
583,2669423,8,,left,fixation,142.0,,324.096666666667,22.764,,,,,0.0,,
584,2669435,0,,left,saccade,142.0,,,,341.7580000000001,21.391,341.7580000000001,21.391,,,
585,2669439,300,3.3875054945054948,left,fixation,143.0,,381.226960526316,91.4086578947368,,,,,1.0,8.601055917088837,43.123665892407615
586,2669455,45,,right,fixation,,151.0,380.570583333333,22.6075,,,,,0.0,,
587,2669504,16,,right,saccade,,152.0,,,374.223,22.822,374.36199999999997,79.02199999999998,,,
588,2669524,215,3.3875054945054943,right,fixation,,152.0,380.38910909090896,113.7218,,,,,0.0,,
589,2669743,16,,left,saccade,143.0,,,,385.061,110.34299999999999,458.236,107.788,,,
590,2669743,20,,right,saccade,,153.0,,,409.756,158.825,503.014,157.305,,,
591,2669763,968,3.2952057613168724,left,fixation,144.0,,494.905316872428,105.242119341564,,,,,0.0,,
592,2669767,960,3.2952302904564315,right,fixation,,153.0,476.240526970955,140.39756846473,,,,,0.0,,
593,2670731,32,,right,saccade,,154.0,,,484.851,146.445,704.778,205.364,,,
594,2670735,32,,left,saccade,144.0,,,,492.371,100.488,697.047,204.393,,,
595,2670767,236,3.169745762711864,right,fixation,,154.0,717.78255,253.960233333333,,,,,0.0,,
596,2670771,232,3.1692586206896545,left,fixation,145.0,,737.1399491525418,223.393525423729,,,,,1.0,4.522129838668706,11.683489418833735
597,2671007,28,,left,saccade,145.0,,,,749.623,225.666,746.6360000000003,448.486,,,
598,2671007,28,,right,saccade,,155.0,,,713.617,274.09,736.938,491.81199999999995,,,
599,2671039,232,3.187385964912281,left,fixation,146.0,,753.299338983051,476.19106779660996,,,,,0.0,,
600,2671039,232,3.187385964912281,right,fixation,,155.0,730.2734237288139,505.854677966102,,,,,0.0,,
601,2671275,48,,right,saccade,,156.0,,,721.918,476.961,1366.575,483.62300000000016,,,
602,2671275,52,,left,saccade,146.0,,,,744.084,480.292,1417.85,413.264,,,
603,2671327,196,3.184785714285713,right,fixation,,156.0,1394.90814,461.92134000000004,,,,,0.0,,
604,2671331,192,3.18509375,left,fixation,147.0,,1421.37646938776,420.76706122448996,,,,,2.0,6.566809616599588,34.47729699753654
605,2671527,40,,left,saccade,147.0,,,,1429.366,396.89300000000003,1031.221,650.3290000000002,,,
606,2671527,44,,right,saccade,,157.0,,,1410.2779999999998,458.619,995.8560000000001,724.01,,,
607,2671571,296,3.2829459459459467,left,fixation,148.0,,1008.86721333333,702.5249733333328,,,,,1.0,7.320717604852693,38.31559694171553
608,2671575,292,3.2833150684931507,right,fixation,,157.0,959.655716216217,756.016891891892,,,,,0.0,,
609,2671871,36,,right,saccade,,158.0,,,930.8380000000001,749.837,541.888,688.824,,,
610,2671871,40,,left,saccade,148.0,,,,983.5980000000001,731.191,599.905,663.4689999999998,,,
611,2671911,488,3.224166666666666,right,fixation,,158.0,504.289772357723,662.316959349594,,,,,1.0,10.326653932636836,36.66449799192666
612,2671915,268,3.226522388059702,left,fixation,149.0,,583.704955882352,659.962161764705,,,,,0.0,,
613,2672187,20,,left,saccade,149.0,,,,590.2330000000002,678.01,540.139,632.049,,,
614,2672211,708,3.225997191011236,left,fixation,150.0,,518.058943820225,654.315876404494,,,,,1.0,11.54282697055718,51.785428935174416
615,2672403,20,,right,saccade,,159.0,,,450.74199999999996,619.941,446.593,711.078,,,
616,2672427,492,3.2277845528455287,right,fixation,,159.0,439.176306451613,690.056258064516,,,,,0.0,,
617,2672923,24,,left,saccade,150.0,,,,517.1419999999998,687.073,687.36,692.195,,,
618,2672923,24,,right,saccade,,160.0,,,461.642,680.612,673.007,671.248,,,
619,2672951,264,3.246939393939394,left,fixation,151.0,,728.6794328358211,681.344970149254,,,,,1.0,6.252383947565748,17.384110704893786
620,2672951,264,3.246939393939394,right,fixation,,160.0,689.36623880597,661.95223880597,,,,,0.0,,
621,2673219,24,,right,saccade,,161.0,,,680.9780000000002,700.541,921.313,694.4810000000001,,,
622,2673219,28,,left,saccade,151.0,,,,737.084,693.075,933.422,675.802,,,
623,2673247,144,3.26825,right,fixation,,161.0,924.1391621621608,697.790027027027,,,,,0.0,,
624,2673251,140,3.2685142857142857,left,fixation,152.0,,955.818861111111,688.7772777777783,,,,,2.0,10.388539349403342,50.03017561357669
625,2673395,24,,right,saccade,,162.0,,,916.554,691.732,933.702,425.964,,,
626,2673395,28,,left,saccade,152.0,,,,956.1189999999999,660.53,950.488,403.962,,,
627,2673423,216,3.1696296296296285,right,fixation,,162.0,950.807581818182,445.632927272727,,,,,0.0,,
628,2673427,212,3.1687169811320754,left,fixation,153.0,,944.1065,389.2638333333329,,,,,0.0,,
629,2673643,40,,left,saccade,153.0,,,,940.045,404.44,1405.0770000000002,408.593,,,
630,2673643,44,,right,saccade,,163.0,,,961.793,443.555,1391.01,431.852,,,
631,2673687,360,3.138821656050955,left,fixation,154.0,,1444.50464835165,417.16760439560403,,,,,1.0,9.34513805408994,26.138338604433173
632,2673691,356,3.138387096774194,right,fixation,,163.0,1408.87387777778,445.99735555555606,,,,,0.0,,
633,2674051,64,,right,saccade,,164.0,,,1386.799,480.74,522.472,256.04200000000003,,,
634,2674051,64,,left,saccade,154.0,,,,1428.809,434.76,332.045,330.805,,,
635,2674119,0,,left,fixation,155.0,,332.045,330.805,,,,,0.0,,
636,2674123,20,,left,saccade,155.0,,,,332.045,330.805,408.906,281.017,,,
637,2674147,0,,left,fixation,156.0,,417.274,281.017,,,,,0.0,,
638,2674151,0,,left,saccade,156.0,,,,424.76199999999994,279.626,424.76199999999994,279.626,,,
639,2674155,744,3.1733782437132154,left,fixation,157.0,,499.80871657754005,337.771631016043,,,,,2.0,6.772735450058508,48.692786938216344
640,2674199,60,3.2110666666666665,right,fixation,,164.0,517.8240625,267.2733125,,,,,0.0,,
641,2674263,4,,right,saccade,,165.0,,,510.667,307.738,510.667,314.914,,,
642,2674271,624,3.171721606188985,right,fixation,,165.0,484.844038216561,356.2247707006369,,,,,0.0,,
643,2674899,36,,right,saccade,,166.0,,,452.73800000000006,310.28,446.545,642.198,,,
644,2674903,28,,left,saccade,157.0,,,,504.028,350.895,484.19699999999995,555.989,,,
645,2674935,1548,3.2411097054953952,left,fixation,158.0,,451.506048969072,610.871847938144,,,,,7.0,6.8894348809995805,25.222162563289828
646,2674939,1288,3.2391319875776405,right,fixation,,166.0,406.26333126935,609.2711547987619,,,,,1.0,12.796825294232605,34.61364077932288
647,2676231,0,,right,saccade,,167.0,,,424.616,647.003,424.616,647.003,,,
648,2676235,244,3.2582372201804213,right,fixation,,167.0,451.407,670.463290322581,,,,,0.0,,
649,2676483,36,,right,saccade,,168.0,,,467.541,676.539,188.65,686.5210000000002,,,
650,2676487,44,,left,saccade,158.0,,,,465.4,659.982,298.557,736.505,,,
651,2676623,0,,left,fixation,159.0,,305.501,736.505,,,,,0.0,,
652,2676627,36,,left,saccade,159.0,,,,307.111,736.505,369.144,566.227,,,
653,2676631,4,,right,fixation,,168.0,188.65,686.5210000000002,,,,,0.0,,
654,2676639,36,,right,saccade,,169.0,,,188.65,679.7,342.7480000000001,666.316,,,
655,2676667,656,3.2573607843137253,left,fixation,160.0,,400.447206060606,547.104739393939,,,,,2.0,10.17360023688762,34.975382147244574
656,2676719,16,,right,fixation,,169.0,348.8398,658.1366,,,,,0.0,,
657,2676739,20,,right,saccade,,170.0,,,351.08,644.278,353.606,574.3009999999998,,,
658,2676763,24,3.389,right,fixation,,170.0,358.927142857143,547.520428571429,,,,,0.0,,
659,2676791,0,,right,saccade,,171.0,,,370.483,514.4730000000002,370.483,514.4730000000002,,,
660,2676795,532,3.252209677419355,right,fixation,,171.0,386.237679104477,552.839029850746,,,,,0.0,,
661,2677327,20,,left,saccade,160.0,,,,401.038,573.9540000000002,449.16,653.47,,,
662,2677331,4,,right,saccade,,172.0,,,426.022,623.2280000000002,435.10900000000004,623.444,,,
663,2677339,776,3.26195618556701,right,fixation,,172.0,458.168071794872,693.824769230769,,,,,0.0,,
664,2677351,752,3.261981382978723,left,fixation,161.0,,493.013566137566,685.922185185186,,,,,0.0,,
665,2678107,28,,left,saccade,161.0,,,,482.394,704.926,443.68800000000016,601.549,,,
666,2678119,20,,right,saccade,,173.0,,,454.135,676.7510000000002,393.231,626.507,,,
667,2678139,520,3.282726923076924,left,fixation,162.0,,411.637374045802,576.0051832061071,,,,,0.0,,
668,2678143,512,3.282765625,right,fixation,,173.0,372.695914728682,577.497527131783,,,,,1.0,13.766883639331331,44.5040027413265
669,2678659,20,,right,saccade,,174.0,,,356.60900000000015,563.48,440.811,700.548,,,
670,2678663,24,,left,saccade,162.0,,,,393.264,549.545,489.32800000000003,698.285,,,
671,2678683,276,3.306326086956522,right,fixation,,174.0,457.87411428571403,728.5414142857138,,,,,0.0,,
672,2678691,268,3.3065522388059705,left,fixation,163.0,,494.017,700.8722205882359,,,,,1.0,6.088482352861916,13.209256943522536
673,2678963,24,,left,saccade,163.0,,,,494.064,688.857,658.472,681.68,,,
674,2678963,28,,right,saccade,,175.0,,,462.022,727.6469999999997,662.14,686.447,,,
675,2678991,760,3.2299184210526306,left,fixation,164.0,,711.430078534032,705.246240837697,,,,,1.0,5.32392568714311,12.315104303252886
676,2678995,4,3.298,right,fixation,,175.0,662.8385,670.1045,,,,,0.0,,
677,2679003,0,,right,saccade,,176.0,,,663.5369999999998,651.286,663.5369999999998,651.286,,,
678,2679007,140,3.287185714285714,right,fixation,,176.0,665.488722222222,629.3364444444451,,,,,0.0,,
679,2679151,0,,right,saccade,,177.0,,,673.2719999999998,644.013,673.2719999999998,644.013,,,
680,2679155,596,3.2142852348993287,right,fixation,,177.0,687.63414,655.077133333334,,,,,0.0,,
681,2679755,28,,left,saccade,164.0,,,,714.163,709.568,526.263,684.238,,,
682,2679755,28,,right,saccade,,178.0,,,681.663,678.035,478.327,683.013,,,
683,2679787,323,3.1538812500000004,right,fixation,,178.0,452.763987804878,682.14206097561,,,,,0.0,,
684,2679787,327,3.1540000000000004,left,fixation,165.0,,486.803325301205,652.379192771084,,,,,0.0,,
685,2680114,84,,right,saccade,,179.0,,,442.017,672.337,1465.1229999999994,44.207,,,
686,2680118,72,,left,saccade,165.0,,,,483.772,640.653,1267.687,184.234,,,
687,2680194,84,3.1613571428571428,left,fixation,166.0,,1287.84427272727,177.509590909091,,,,,0.0,,
688,2680202,0,,right,fixation,,179.0,1465.1229999999994,44.207,,,,,0.0,,
689,2680206,28,,right,saccade,,180.0,,,1427.296,44.207,1363.73,164.43099999999995,,,
690,2680238,32,3.1597500000000003,right,fixation,,180.0,1346.4932222222199,181.86366666666697,,,,,0.0,,
691,2680274,16,,right,saccade,,181.0,,,1336.58,190.465,1338.08,132.029,,,
692,2680282,12,,left,saccade,166.0,,,,1310.003,159.92700000000005,1338.6029999999996,134.247,,,
693,2680294,84,3.176809523809524,right,fixation,,181.0,1340.56713636364,137.509545454545,,,,,0.0,,
694,2680298,72,3.177888888888889,left,fixation,167.0,,1359.1862105263199,125.622947368421,,,,,0.0,,
695,2680374,20,,left,saccade,167.0,,,,1354.2979999999998,132.963,1429.7179999999994,111.277,,,
696,2680382,16,,right,saccade,,182.0,,,1347.713,156.762,1395.101,134.136,,,
697,2680398,24,3.17525,left,fixation,168.0,,1433.68528571429,99.1681428571428,,,,,1.0,5.6392760198254,13.782489796839993
698,2680402,24,3.177,right,fixation,,182.0,1400.1337142857099,121.458285714286,,,,,0.0,,
699,2680426,44,,left,saccade,168.0,,,,1433.854,81.107,996.03,37.486999999999995,,,
700,2680430,40,,right,saccade,,183.0,,,1401.4389999999999,111.197,1002.284,56.806000000000004,,,
701,2680474,312,3.2073181509328883,right,fixation,,183.0,963.527430379747,44.1250632911392,,,,,0.0,,
702,2680474,320,3.2073181509328883,left,fixation,169.0,,964.768395061728,36.996407407407396,,,,,0.0,,
703,2680790,40,,right,saccade,,184.0,,,971.568,8.234,1147.732,756.6089999999997,,,
704,2680798,44,,left,saccade,169.0,,,,942.735,22.034000000000002,1109.628,694.571,,,
705,2680910,4,,left,fixation,170.0,,1125.663,703.1139999999997,,,,,0.0,,
706,2680918,24,,left,saccade,170.0,,,,1132.761,703.1139999999997,1155.203,802.086,,,
707,2680946,104,3.1202000000000005,left,fixation,171.0,,1181.91588888889,807.1052962962959,,,,,1.0,8.797622418711859,39.99328299852354
708,2680974,76,3.1202000000000005,right,fixation,,184.0,1131.35435,803.55345,,,,,0.0,,
709,2681054,20,,left,saccade,171.0,,,,1189.41,782.451,1277.687,787.279,,,
710,2681054,24,,right,saccade,,185.0,,,1119.167,828.1030000000003,1239.2830000000001,782.5210000000003,,,
711,2681078,144,3.260083333333333,left,fixation,172.0,,1304.82913513513,768.7502702702701,,,,,2.0,6.922804451906581,20.754169704873217
712,2681082,1256,3.2827519615777065,right,fixation,,185.0,1177.3196793650802,729.996158730159,,,,,4.0,237.42476016109268,447.26964106550986
713,2681226,4,,left,saccade,172.0,,,,1285.344,761.35,1271.893,752.885,,,
714,2681234,1596,3.3122376174834955,left,fixation,173.0,,1224.073685,710.1665425,,,,,2.0,9.177592176975187,30.091869486626074
715,2682342,20,,right,saccade,,186.0,,,1213.173,636.888,1231.688,626.783,,,
716,2682466,0,,right,saccade,,187.0,,,1231.518,626.783,1231.518,626.783,,,
717,2682526,16,,right,saccade,,188.0,,,0.0,0.0,1225.5919999999999,620.474,,,
718,2682546,0,,right,fixation,,186.0,1225.5919999999999,617.745,,,,,0.0,,
719,2682550,36,,right,saccade,,189.0,,,1225.5919999999999,617.745,1224.514,608.86,,,
720,2682642,0,,right,fixation,,187.0,1224.741,611.572,,,,,0.0,,
721,2682646,0,,right,saccade,,190.0,,,1224.741,611.572,1224.741,611.572,,,
722,2682650,16,3.41475,right,fixation,,188.0,979.7928,482.2192,,,,,0.0,,
723,2682670,0,,right,saccade,,191.0,,,1226.33,595.332,1226.33,595.332,,,
724,2682674,32,3.3833333333333337,right,fixation,,189.0,1235.57088888889,588.262555555556,,,,,0.0,,
725,2682710,0,,right,saccade,,192.0,,,1237.142,579.382,1237.142,579.382,,,
726,2682714,4,3.372,right,fixation,,190.0,1237.124,572.0105,,,,,0.0,,
727,2682722,8,,right,saccade,,193.0,,,0.0,0.0,1237.142,570.36,,,
728,2682746,12,,right,saccade,,194.0,,,0.0,0.0,1244.2069999999999,593.702,,,
729,2682762,8,3.4035,right,fixation,,191.0,1242.75533333333,590.06,,,,,0.0,,
730,2682774,8,,right,saccade,,195.0,,,1239.8519999999999,587.2130000000002,1236.132,587.2130000000002,,,
731,2682798,8,3.4,right,fixation,,192.0,824.0880000000003,383.29400000000004,,,,,0.0,,
732,2682834,0,,left,saccade,173.0,,,,1218.387,688.477,1218.387,688.477,,,
733,2682838,12,,right,saccade,,196.0,,,0.0,0.0,1240.5539999999999,588.385,,,
734,2682838,136,3.4247312558575453,left,fixation,174.0,,1217.59614285714,692.4340857142862,,,,,1.0,10.321415614041408,39.914493507997705
735,2682854,4,3.429,right,fixation,,193.0,1240.5539999999999,590.172,,,,,0.0,,
736,2682862,24,,right,saccade,,197.0,,,1240.5539999999999,590.172,1238.7169999999999,555.479,,,
737,2682902,4,3.404,right,fixation,,194.0,1240.893,558.26,,,,,0.0,,
738,2682910,32,,right,saccade,,198.0,,,1243.069,555.479,1216.112,560.7130000000002,,,
739,2682970,0,,right,fixation,,195.0,1213.231,562.766,,,,,0.0,,
740,2682974,40,,right,saccade,,199.0,,,1213.231,565.9119999999998,825.038,613.04,,,
741,2682978,36,,left,saccade,174.0,,,,1209.825,696.5169999999997,844.9839999999997,653.414,,,
742,2683018,336,3.3035059523809527,right,fixation,,196.0,780.0340588235291,629.420305882352,,,,,0.0,,
743,2683018,340,3.3032764705882363,left,fixation,175.0,,819.1977441860471,653.691360465116,,,,,0.0,,
744,2683358,48,,right,saccade,,200.0,,,762.6260000000003,656.003,377.15,835.835,,,
745,2683362,40,,left,saccade,175.0,,,,805.931,660.215,440.846,811.8760000000003,,,
746,2683406,700,3.344608571428571,left,fixation,176.0,,485.084409090909,849.262017045454,,,,,1.0,11.946929760170365,46.44729488355589
747,2683410,252,3.3164603174603173,right,fixation,,197.0,374.59515625,876.073,,,,,0.0,,
748,2683666,4,,right,saccade,,201.0,,,428.64599999999996,854.6,434.711,851.3,,,
749,2683674,428,3.3620046728971964,right,fixation,,198.0,457.541092592592,868.963240740741,,,,,0.0,,
750,2684106,32,,right,saccade,,202.0,,,447.168,910.034,704.8989999999999,850.2439999999997,,,
751,2684110,28,,left,saccade,176.0,,,,527.934,861.834,707.388,827.2810000000003,,,
752,2684142,413,3.3528365384615384,left,fixation,177.0,,737.00310576923,842.2775961538472,,,,,0.0,,
753,2684142,413,3.3528365384615384,right,fixation,,199.0,722.162307692308,831.4185769230769,,,,,0.0,,
754,2684559,28,,left,saccade,177.0,,,,740.957,850.368,846.64,743.52,,,
755,2684559,28,,right,saccade,,203.0,,,714.46,831.703,878.0160000000003,666.534,,,
756,2684591,123,3.3241666666666663,right,fixation,,200.0,881.70571875,661.25578125,,,,,0.0,,
757,2684591,127,3.3240322580645163,left,fixation,178.0,,865.784151515151,729.7627575757581,,,,,0.0,,
758,2684718,16,,right,saccade,,204.0,,,881.6039999999997,650.043,945.554,641.3430000000002,,,
759,2684722,12,,left,saccade,178.0,,,,877.3710000000003,704.961,932.8839999999999,704.961,,,
760,2684738,312,3.3211896746510114,right,fixation,,201.0,949.09517721519,673.058367088607,,,,,0.0,,
761,2684738,320,3.321189674651012,left,fixation,179.0,,959.6629259259261,701.3638518518518,,,,,0.0,,
762,2685054,40,,right,saccade,,205.0,,,961.627,667.247,503.685,539.664,,,
763,2685062,96,,left,saccade,179.0,,,,960.967,702.72,455.61800000000005,522.151,,,
764,2685258,576,3.2590308274743096,left,fixation,180.0,,507.37484827586195,565.832979310345,,,,,0.0,,
765,2685298,532,3.2598245441642097,right,fixation,,202.0,494.9512164179098,552.067141791044,,,,,0.0,,
766,2685834,28,,right,saccade,,206.0,,,488.68800000000016,580.057,694.273,586.121,,,
767,2685838,24,,left,saccade,180.0,,,,536.87,607.0219999999998,668.3330000000002,654.889,,,
768,2685866,340,3.1772823529411767,right,fixation,,203.0,699.198941860465,661.501988372093,,,,,0.0,,
769,2685866,344,3.177418604651163,left,fixation,181.0,,709.2169540229878,692.599068965517,,,,,0.0,,
770,2686210,32,,right,saccade,,207.0,,,717.424,679.258,505.00300000000004,587.7,,,
771,2686214,28,,left,saccade,181.0,,,,714.2280000000003,698.497,531.883,618.73,,,
772,2686246,212,3.207245283018868,right,fixation,,204.0,477.652018518518,577.793555555556,,,,,0.0,,
773,2686246,560,3.187872298325724,left,fixation,182.0,,488.92321276595703,586.3130780141851,,,,,1.0,7.820124057697403,26.290657351994813
774,2686462,12,,right,saccade,,208.0,,,494.63599999999997,601.239,446.125,595.014,,,
775,2686478,308,3.167544012944984,right,fixation,,205.0,434.62714102564087,566.800923076923,,,,,0.0,,
776,2686790,52,,right,saccade,,209.0,,,454.61,543.721,431.55,485.92199999999997,,,
777,2686810,72,,left,saccade,182.0,,,,450.532,544.521,366.87,530.617,,,
778,2686990,0,,left,fixation,183.0,,376.30300000000005,514.261,,,,,0.0,,
779,2686994,0,,left,saccade,183.0,,,,381.67900000000003,508.704,381.67900000000003,508.704,,,
780,2686998,180,3.242408171521036,left,fixation,184.0,,409.011195652174,485.646195652174,,,,,1.0,7.715266049996098,28.146029560135158
781,2687078,96,3.246718005295675,right,fixation,,206.0,441.62784000000005,445.7368,,,,,0.0,,
782,2687178,24,,right,saccade,,210.0,,,441.944,412.202,447.059,588.765,,,
783,2687182,24,,left,saccade,184.0,,,,417.74199999999996,515.4019999999998,448.814,629.319,,,
784,2687206,1736,3.2153494252873562,right,fixation,,207.0,410.245556321839,618.300404597702,,,,,4.0,8.29306043265924,25.62222136546996
785,2687210,3876,3.1983137170444036,left,fixation,185.0,,466.8124938144329,572.777364948454,,,,,6.0,7.970775011188568,31.38773425925941
786,2688946,16,,right,saccade,,211.0,,,386.705,580.62,447.473,564.444,,,
787,2688966,236,3.2033728813559317,right,fixation,,208.0,454.306983333333,581.0866,,,,,1.0,14.214618957647494,37.48647464086215
788,2689206,0,,right,saccade,,212.0,,,486.0,582.552,486.0,582.552,,,
789,2689210,748,3.200232620320856,right,fixation,,209.0,476.526069148936,556.472739361702,,,,,1.0,13.93491283710731,64.07619465917122
790,2689962,12,,right,saccade,,213.0,,,442.94800000000004,591.112,438.783,527.445,,,
791,2689978,364,3.1733461538461536,right,fixation,,210.0,437.450771739131,572.739739130434,,,,,1.0,17.575395112517732,39.17289400848501
792,2690346,0,,right,saccade,,214.0,,,468.68,585.354,468.68,585.354,,,
793,2690350,728,3.1620739871541503,right,fixation,,211.0,479.374513661202,548.1592404371589,,,,,4.0,12.82386985941941,43.91742054242713
794,2691082,40,,right,saccade,,215.0,,,503.37,510.62300000000016,288.776,742.925,,,
795,2691090,44,,left,saccade,185.0,,,,508.695,550.621,373.653,779.867,,,
796,2691226,0,,left,fixation,186.0,,383.51300000000003,779.867,,,,,0.0,,
797,2691230,16,,left,saccade,186.0,,,,383.51300000000003,752.457,378.353,711.133,,,
798,2691238,4,,right,fixation,,212.0,288.776,742.925,,,,,0.0,,
799,2691246,56,,right,saccade,,216.0,,,288.776,742.925,436.214,514.26,,,
800,2691250,4,,left,fixation,187.0,,374.74,701.2465,,,,,0.0,,
801,2691258,0,,left,saccade,187.0,,,,371.12699999999995,693.6389999999999,371.12699999999995,693.6389999999999,,,
802,2691262,0,,left,fixation,188.0,,371.12699999999995,688.5239999999999,,,,,0.0,,
803,2691266,12,,left,saccade,188.0,,,,370.111,684.7919999999998,371.25199999999995,629.719,,,
804,2691282,0,,left,fixation,189.0,,376.05,626.989,,,,,0.0,,
805,2691286,0,,left,saccade,189.0,,,,376.05699999999996,610.99,376.05699999999996,610.99,,,
806,2691290,23,,left,fixation,190.0,,385.5718571428569,594.255,,,,,0.0,,
807,2691317,20,,left,saccade,190.0,,,,398.82199999999995,576.067,429.629,531.759,,,
808,2691341,193,3.371931739130435,left,fixation,191.0,,464.72606122449,498.90710204081597,,,,,1.0,5.538405709728727,11.11238993196336
809,2691413,113,3.409586206896552,right,fixation,,213.0,449.228482758621,501.63262068965486,,,,,1.0,9.390715994475004,20.663884750936834
810,2691530,48,,right,saccade,,217.0,,,485.207,521.7669999999998,794.3589999999997,601.151,,,
811,2691538,32,,left,saccade,191.0,,,,475.525,508.56199999999995,721.174,584.946,,,
812,2691574,628,3.2847929936305733,left,fixation,192.0,,739.058329113924,682.188544303797,,,,,2.0,7.721993715635445,32.528659445732266
813,2691582,612,3.2850686274509804,right,fixation,,214.0,724.6766688311681,646.963019480519,,,,,0.0,,
814,2692198,32,,right,saccade,,218.0,,,710.943,714.6160000000001,491.934,695.164,,,
815,2692206,24,,left,saccade,192.0,,,,725.959,714.143,523.688,705.289,,,
816,2692234,280,3.25895,left,fixation,193.0,,497.007042253521,690.375295774648,,,,,0.0,,
817,2692234,280,3.25895,right,fixation,,215.0,457.978901408451,713.792281690141,,,,,0.0,,
818,2692518,20,,right,saccade,,219.0,,,437.16,738.1569999999997,433.76099999999997,559.716,,,
819,2692518,24,,left,saccade,193.0,,,,493.08,674.06,481.911,540.275,,,
820,2692542,736,3.243195592286502,right,fixation,,216.0,398.055113513514,562.151454054054,,,,,0.0,,
821,2692546,744,3.2447115384615386,left,fixation,194.0,,443.842973262032,564.125502673797,,,,,1.0,15.601507819758954,46.16212163668384
822,2693282,16,,right,saccade,,220.0,,,389.95300000000003,569.192,440.08099999999996,541.461,,,
823,2693294,4,,left,saccade,194.0,,,,447.84,572.494,454.087,572.494,,,
824,2693302,56,3.417785714285714,right,fixation,,217.0,440.0574666666671,538.064466666667,,,,,0.0,,
825,2693302,60,3.417666666666667,left,fixation,195.0,,480.34225,577.5314375,,,,,0.0,,
826,2693362,64,,right,saccade,,221.0,,,436.356,545.24,1274.032,611.989,,,
827,2693366,60,,left,saccade,195.0,,,,489.602,578.497,1184.817,680.819,,,
828,2693430,88,3.4805909090909086,right,fixation,,218.0,1262.55,626.465652173913,,,,,3.0,240.0159061934842,32.494015008119426
829,2693430,400,3.5108517260894168,left,fixation,196.0,,1213.24526732673,716.2802178217821,,,,,1.0,7.9058667526787545,29.62684762170963
830,2693522,8,,right,saccade,,222.0,,,1256.833,664.196,1238.188,673.6419999999998,,,
831,2693534,80,3.4806904761904764,right,fixation,,219.0,1202.24133333333,692.813380952381,,,,,3.0,242.90992728752065,962.3515388172673
832,2693618,12,,right,saccade,,223.0,,,1194.067,683.5,1338.6029999999996,671.4169999999998,,,
833,2693634,4,3.4645,right,fixation,,220.0,1343.9515,663.6935,,,,,0.0,,
834,2693642,4,,right,saccade,,224.0,,,1349.3,657.342,1249.455,653.856,,,
835,2693650,4,3.4695,right,fixation,,221.0,1248.344,652.8755,,,,,0.0,,
836,2693658,12,,right,saccade,,225.0,,,1249.455,651.852,1365.737,653.044,,,
837,2693674,0,,right,fixation,,222.0,1365.737,653.856,,,,,0.0,,
838,2693678,20,,right,saccade,,226.0,,,1365.737,653.856,1253.2730000000001,658.658,,,
839,2693702,128,3.58840625,right,fixation,,223.0,1241.26981818182,663.0229090909089,,,,,3.0,183.2159282015974,503.38546239853235
840,2693834,43,,right,saccade,,227.0,,,1227.73,662.192,1560.4660000000001,641.873,,,
841,2693834,24,,left,saccade,196.0,,,,1227.992,738.177,1429.855,744.118,,,
842,2693862,143,3.5289428571428574,left,fixation,197.0,,1459.9614054054098,751.861675675676,,,,,0.0,,
843,2693905,4,3.569,right,fixation,,224.0,1546.941,637.5830000000002,,,,,0.0,,
844,2693913,24,,right,saccade,,228.0,,,1546.941,637.5830000000002,1598.625,615.435,,,
845,2693953,52,3.4901538461538464,right,fixation,,225.0,1556.594,608.957714285714,,,,,2.0,295.43358476101605,879.1139812212117
846,2694009,64,,left,saccade,197.0,,,,1468.5510000000006,741.015,497.805,592.341,,,
847,2694009,64,,right,saccade,,229.0,,,1532.901,603.5740000000002,484.25699999999995,566.422,,,
848,2694077,1424,3.277397959183673,right,fixation,,226.0,469.522812324931,591.836190476192,,,,,2.0,11.955660988982284,35.60497039632303
849,2694077,1676,3.2742558679922347,left,fixation,198.0,,487.116959523809,593.570695238095,,,,,3.0,6.377810233420284,18.719143301469025
850,2695505,8,,right,saccade,,230.0,,,404.906,584.444,391.17900000000003,575.136,,,
851,2695517,236,3.245535473515248,right,fixation,,227.0,401.54216666666605,579.439866666666,,,,,0.0,,
852,2695757,40,,right,saccade,,231.0,,,412.153,572.899,270.741,748.178,,,
853,2695757,48,,left,saccade,198.0,,,,412.55,570.9830000000002,290.936,707.488,,,
854,2695893,4,,left,fixation,199.0,,293.6025,707.488,,,,,0.0,,
855,2695901,52,,left,saccade,199.0,,,,297.124,698.998,376.814,538.807,,,
856,2695909,12,,right,fixation,,228.0,272.988,752.827,,,,,0.0,,
857,2695925,52,,right,saccade,,232.0,,,273.737,748.178,355.906,599.71,,,
858,2695957,1024,3.244435517970402,left,fixation,200.0,,465.763708171207,546.811560311284,,,,,2.0,5.652427692113268,11.318409468229499
859,2695993,4,,right,fixation,,229.0,358.4255,596.0169999999998,,,,,0.0,,
860,2696001,20,,right,saccade,,233.0,,,369.44800000000004,591.418,393.111,517.2090000000002,,,
861,2696025,952,3.2450792291220565,right,fixation,,230.0,465.350740585774,576.083928870293,,,,,0.0,,
862,2696981,20,,right,saccade,,234.0,,,480.415,608.0,456.895,737.664,,,
863,2696985,16,,left,saccade,200.0,,,,493.00699999999995,602.617,475.621,664.0160000000002,,,
864,2697005,384,3.247755208333333,right,fixation,,231.0,434.542742268041,723.53530927835,,,,,1.0,7.116173285005256,16.917876846696903
865,2697005,468,3.2518632478632474,left,fixation,201.0,,480.78536440678,675.136779661017,,,,,1.0,5.52236645379496,11.161939840368264
866,2697393,12,,right,saccade,,235.0,,,413.621,699.692,390.55400000000003,667.482,,,
867,2697409,52,3.2702692307692303,right,fixation,,232.0,383.73578571428595,661.660428571428,,,,,0.0,,
868,2697465,20,,right,saccade,,236.0,,,383.917,671.799,388.846,591.239,,,
869,2697477,0,,left,saccade,201.0,,,,444.898,598.865,444.898,598.865,,,
870,2697481,1928,3.257181535269709,left,fixation,202.0,,460.092066252588,567.140258799173,,,,,1.0,6.0502267014459,17.20732779951606
871,2697489,652,3.241273006134969,right,fixation,,233.0,392.704542682927,607.201195121951,,,,,0.0,,
872,2698145,16,,right,saccade,,237.0,,,392.249,599.697,462.88300000000004,604.0790000000002,,,
873,2698165,1228,3.2665195439739416,right,fixation,,234.0,462.560811688312,542.8660844155851,,,,,2.0,11.878431950491107,40.75891838323065
874,2699397,16,,right,saccade,,238.0,,,489.311,537.378,447.86800000000005,497.207,,,
875,2699413,0,,left,saccade,202.0,,,,462.644,568.0840000000002,462.644,568.0840000000002,,,
876,2699417,372,3.2365322580645173,right,fixation,,235.0,414.2175744680851,530.559,,,,,1.0,11.117833127208069,23.27722330949292
877,2699417,892,3.2226510703363918,left,fixation,203.0,,450.922424107143,557.157446428571,,,,,2.0,6.051173554063207,20.005070760111728
878,2699793,16,,right,saccade,,239.0,,,398.07199999999995,553.6080000000002,466.05800000000005,553.6080000000002,,,
879,2699813,352,3.2085852272727275,right,fixation,,236.0,485.199730337079,548.273685393258,,,,,1.0,10.721684115743074,32.85546934682261
880,2700169,4,,right,saccade,,240.0,,,479.421,582.391,476.51800000000003,582.391,,,
881,2700177,120,3.232791743119266,right,fixation,,237.0,455.022,571.001741935484,,,,,0.0,,
882,2700301,40,,right,saccade,,241.0,,,459.51599999999996,550.337,381.624,546.9,,,
883,2700313,60,,left,saccade,203.0,,,,439.835,560.475,349.961,608.096,,,
884,2700481,0,,left,fixation,204.0,,369.02099999999996,597.4630000000002,,,,,0.0,,
885,2700485,20,,left,saccade,204.0,,,,370.916,593.545,383.444,544.7769999999998,,,
886,2700509,804,3.194956856552345,left,fixation,205.0,,461.27640099009903,530.903846534653,,,,,2.0,5.4201246642986165,25.54899821691913
887,2700581,732,3.1949568565523445,right,fixation,,238.0,466.810809782609,526.006619565218,,,,,4.0,118.43568368112085,204.70512769733588
888,2701317,24,,right,saccade,,242.0,,,498.10400000000004,531.775,693.153,603.587,,,
889,2701317,28,,left,saccade,205.0,,,,491.115,528.533,669.7639999999999,657.1189999999998,,,
890,2701345,352,3.176298850574712,right,fixation,,239.0,690.317,634.6200449438211,,,,,0.0,,
891,2701349,480,3.1882791666666668,left,fixation,206.0,,680.6833057851239,678.545694214876,,,,,1.0,9.903556809158127,36.199515604493904
892,2701701,8,,right,saccade,,243.0,,,658.3330000000002,616.385,626.508,619.614,,,
893,2701713,116,3.2184166666666654,right,fixation,,240.0,613.6837,643.182666666667,,,,,0.0,,
894,2701833,20,,left,saccade,206.0,,,,630.5269999999998,676.605,537.523,672.302,,,
895,2701833,20,,right,saccade,,244.0,,,613.221,653.284,509.667,669.965,,,
896,2701857,128,3.23365625,right,fixation,,241.0,495.587666666667,677.951454545455,,,,,0.0,,
897,2701857,132,3.233530303030303,left,fixation,207.0,,508.042382352941,683.911176470588,,,,,0.0,,
898,2701989,44,,right,saccade,,245.0,,,488.79,693.845,1077.744,645.644,,,
899,2701993,44,,left,saccade,207.0,,,,504.38300000000004,681.1139999999998,1006.6239999999999,705.2139999999997,,,
900,2702037,144,3.3055112659698023,right,fixation,,242.0,1065.3876756756802,662.077702702703,,,,,5.0,210.486121909646,512.4212250425313
901,2702041,144,3.307474047619047,left,fixation,208.0,,1036.04232432432,722.199189189189,,,,,0.0,,
902,2702185,24,,right,saccade,,246.0,,,1042.1960000000001,704.972,1207.719,669.169,,,
903,2702189,20,,left,saccade,208.0,,,,1031.012,715.8389999999997,1163.271,716.007,,,
904,2702213,4,3.385,right,fixation,,243.0,1214.5065,654.9069999999998,,,,,0.0,,
905,2702213,368,3.3743450180072028,left,fixation,209.0,,1201.1712688172,724.640182795699,,,,,1.0,5.301615230809895,15.72472387674892
906,2702221,20,,right,saccade,,247.0,,,1207.719,645.481,1280.8039999999999,644.884,,,
907,2702245,44,3.3818181818181814,right,fixation,,244.0,1326.12133333333,647.309,,,,,1.0,495.4475853198298,8.088874890860982
908,2702293,20,,right,saccade,,248.0,,,1332.34,650.137,1217.024,647.889,,,
909,2702317,32,3.3939999999999997,right,fixation,,245.0,1192.77433333333,653.275888888889,,,,,1.0,210.95836893580582,1378.2265423133456
910,2702353,40,,right,saccade,,249.0,,,1188.289,679.852,1187.809,697.6160000000001,,,
911,2702405,176,3.364324748490945,right,fixation,,246.0,1188.38017777778,733.676355555556,,,,,2.0,142.50212222675876,91.48343395445768
912,2702585,28,,left,saccade,209.0,,,,1219.015,750.1460000000003,1430.54,757.673,,,
913,2702585,40,,right,saccade,,250.0,,,1178.607,733.0089999999999,1555.485,632.751,,,
914,2702617,348,3.349780975699898,left,fixation,210.0,,1475.51839772727,748.463215909091,,,,,0.0,,
915,2702629,48,3.369958333333333,right,fixation,,247.0,1599.2286923076902,618.055846153846,,,,,1.0,287.2338108538253,29.23631018100582
916,2702681,8,,right,saccade,,251.0,,,1591.576,600.716,1559.6960000000001,600.151,,,
917,2702693,260,3.3453176424050635,right,fixation,,248.0,1571.4518030303,599.417818181818,,,,,7.0,150.839111828223,142.98496634016902
918,2702957,28,,right,saccade,,252.0,,,1621.2060000000001,604.366,1282.9160000000004,613.432,,,
919,2702969,24,,left,saccade,210.0,,,,1462.536,748.8919999999997,1260.626,739.196,,,
920,2702989,4,3.258,right,fixation,,249.0,1272.866,613.432,,,,,0.0,,
921,2702997,24,,right,saccade,,253.0,,,1270.362,628.53,1237.98,692.2230000000003,,,
922,2702997,316,3.3515721012658237,left,fixation,211.0,,1245.8971625,750.0629625,,,,,0.0,,
923,2703025,148,3.318489847046413,right,fixation,,250.0,1219.01247368421,716.238763157895,,,,,3.0,171.1274659111549,95.70958305077379
924,2703177,12,,right,saccade,,254.0,,,1224.095,685.543,1354.642,685.543,,,
925,2703193,4,3.374,right,fixation,,251.0,1330.5929999999996,679.125,,,,,0.0,,
926,2703201,12,,right,saccade,,255.0,,,1306.5439999999999,677.113,1232.519,672.172,,,
927,2703217,24,3.38375,right,fixation,,252.0,1238.30128571429,671.081428571429,,,,,1.0,29.53789167323892,161.5296819565988
928,2703245,20,,right,saccade,,256.0,,,1233.779,667.694,1357.856,659.949,,,
929,2703269,20,3.389,right,fixation,,253.0,1355.8236666666699,657.154166666667,,,,,0.0,,
930,2703293,68,,right,saccade,,257.0,,,1352.3339999999996,653.422,722.128,681.949,,,
931,2703317,44,,left,saccade,211.0,,,,1229.718,749.9939999999997,745.205,732.924,,,
932,2703365,432,3.2772676196808512,left,fixation,212.0,,723.104440366973,721.501899082569,,,,,0.0,,
933,2703365,432,3.2772676196808512,right,fixation,,254.0,709.7507431192661,712.5893761467889,,,,,1.0,7.20154410911684,16.386698081065692
934,2703801,44,,left,saccade,212.0,,,,739.007,735.7860000000003,1160.3,726.31,,,
935,2703801,76,,right,saccade,,258.0,,,707.033,701.6089999999997,1334.525,646.275,,,
936,2703849,788,3.426138981958763,left,fixation,213.0,,1207.6865808080802,714.475303030304,,,,,1.0,9.254750719975574,29.239026283376926
937,2703881,0,,right,fixation,,255.0,1334.997,646.275,,,,,0.0,,
938,2703885,0,,right,saccade,,259.0,,,1334.997,646.275,1334.997,646.275,,,
939,2703889,8,3.387,right,fixation,,256.0,1340.6786666666699,647.885666666667,,,,,0.0,,
940,2703901,20,,right,saccade,,260.0,,,1337.565,648.311,1206.123,646.771,,,
941,2703925,80,3.4056676136363637,right,fixation,,257.0,1188.19942857143,646.272333333333,,,,,2.0,359.5922819315216,1351.8443725158413
942,2704009,0,,right,saccade,,261.0,,,1209.2160000000001,647.003,1209.2160000000001,647.003,,,
943,2704013,16,3.3977916666666665,right,fixation,,258.0,968.4438,517.3380000000002,,,,,0.0,,
944,2704033,0,,right,saccade,,262.0,,,1214.5710000000001,646.342,1214.5710000000001,646.342,,,
945,2704037,212,3.4249247151383613,right,fixation,,259.0,1216.28992592593,652.1114629629631,,,,,6.0,179.07173433863738,275.4265101519123
946,2704253,0,,right,saccade,,263.0,,,1209.491,649.946,1209.491,649.946,,,
947,2704257,16,3.4730000000000003,right,fixation,,260.0,970.9972,515.789,,,,,0.0,,
948,2704277,0,,right,saccade,,264.0,,,1219.448,644.429,1219.448,644.429,,,
949,2704281,48,3.46675,right,fixation,,261.0,1212.49076923077,650.953769230769,,,,,2.0,136.96793241579564,697.5208097420294
950,2704333,44,,right,saccade,,265.0,,,1217.187,660.668,1230.681,650.4069999999998,,,
951,2704381,0,,right,fixation,,262.0,1230.681,651.434,,,,,0.0,,
952,2704385,20,,right,saccade,,266.0,,,1230.681,651.434,1309.072,650.119,,,
953,2704409,8,3.385,right,fixation,,263.0,1309.072,638.5053333333329,,,,,0.0,,
954,2704421,20,,right,saccade,,267.0,,,1309.072,623.95,1217.076,623.207,,,
955,2704445,8,3.4240000000000004,right,fixation,,264.0,1211.93566666667,626.319666666667,,,,,0.0,,
956,2704457,32,,right,saccade,,268.0,,,1209.572,627.876,1197.684,647.5840000000002,,,
957,2704501,4,3.4789999999999996,right,fixation,,265.0,1197.684,652.4755,,,,,0.0,,
958,2704509,40,,right,saccade,,269.0,,,1195.645,655.1419999999998,1248.753,655.034,,,
959,2704573,4,3.429,right,fixation,,266.0,1232.886,656.775,,,,,0.0,,
960,2704581,4,,right,saccade,,270.0,,,1211.473,654.24,1211.473,654.24,,,
961,2704589,12,3.4433333333333334,right,fixation,,267.0,605.7365,328.1655,,,,,0.0,,
962,2704605,4,,right,saccade,,271.0,,,1216.036,658.422,1209.306,658.422,,,
963,2704613,20,3.4692,right,fixation,,268.0,1214.395,664.2239999999998,,,,,0.0,,
964,2704637,44,,right,saccade,,272.0,,,1209.306,664.2239999999998,1494.745,645.464,,,
965,2704641,24,,left,saccade,213.0,,,,1224.038,723.9019999999997,1357.855,724.1489999999999,,,
966,2704669,832,3.393285401449699,left,fixation,214.0,,1451.3523205741599,734.5603301435408,,,,,2.0,7.073467609774705,19.039271885672413
967,2704681,16,3.4465000000000003,right,fixation,,269.0,292.4694,132.1682,,,,,0.0,,
968,2704729,20,3.4184,right,fixation,,270.0,1515.03733333333,641.120333333333,,,,,0.0,,
969,2704753,4,,right,saccade,,273.0,,,1532.625,617.518,1530.355,611.886,,,
970,2704761,4,3.407,right,fixation,,271.0,765.1775,304.176,,,,,0.0,,
971,2704769,4,,right,saccade,,274.0,,,0.0,0.0,1530.355,603.5219999999998,,,
972,2704777,4,3.4,right,fixation,,272.0,765.1775,301.76099999999997,,,,,0.0,,
973,2704789,20,3.3918,right,fixation,,273.0,258.8285,100.15899999999999,,,,,0.0,,
974,2704897,8,3.4194652061855666,right,fixation,,274.0,1581.004,587.471,,,,,0.0,,
975,2705137,16,,right,saccade,,275.0,,,0.0,0.0,1590.4660000000001,594.015,,,
976,2705157,0,,right,fixation,,275.0,1592.065,597.656,,,,,0.0,,
977,2705161,68,,right,saccade,,276.0,,,1592.065,597.656,610.177,529.379,,,
978,2705481,16,3.359,right,fixation,,276.0,322.1258,120.3346,,,,,0.0,,
979,2705505,64,,left,saccade,214.0,,,,1458.1129999999994,764.2560000000003,599.457,604.14,,,
980,2705573,139,3.2917352941176468,left,fixation,215.0,,572.895888888889,592.751555555556,,,,,0.0,,
981,2705577,123,3.293366666666666,right,fixation,,277.0,575.7573125,588.47221875,,,,,0.0,,
982,2705704,20,,right,saccade,,277.0,,,585.53,606.394,450.589,637.238,,,
983,2705716,8,,left,saccade,215.0,,,,536.9830000000002,590.1,519.798,598.469,,,
984,2705728,452,3.2901194690265485,right,fixation,,278.0,445.869692982456,624.3439561403501,,,,,0.0,,
985,2705728,820,3.2770181347150262,left,fixation,216.0,,482.757402912621,589.050776699029,,,,,0.0,,
986,2706184,8,,right,saccade,,278.0,,,446.969,578.203,458.94199999999995,569.65,,,
987,2706196,352,3.2572565789473686,right,fixation,,279.0,493.095179775281,548.422696629214,,,,,0.0,,
988,2706552,60,,left,saccade,216.0,,,,474.796,553.994,1387.2579999999994,542.6469999999998,,,
989,2706552,124,,right,saccade,,279.0,,,488.102,521.124,1485.957,698.6089999999997,,,
990,2706616,24,3.391833333333333,left,fixation,217.0,,1391.6222857142902,554.406285714286,,,,,0.0,,
991,2706644,12,,left,saccade,217.0,,,,1400.932,574.437,1410.645,608.545,,,
992,2706660,96,3.361333333333333,left,fixation,218.0,,1416.6422400000001,647.5750400000003,,,,,1.0,6.966021967777301,35.8678286072631
993,2706680,68,3.3573529411764707,right,fixation,,280.0,1502.07088888889,633.8310555555561,,,,,2.0,277.03623803408453,835.4372226523019
994,2706752,44,,right,saccade,,280.0,,,1531.98,593.499,1545.9170000000001,575.106,,,
995,2706760,0,,left,saccade,218.0,,,,1411.717,697.6389999999999,1411.717,697.6389999999999,,,
996,2706764,0,,left,fixation,219.0,,1431.513,700.8580000000003,,,,,0.0,,
997,2706768,4,,left,saccade,219.0,,,,1453.8670000000006,709.758,1465.1529999999998,713.202,,,
998,2706776,1336,3.359441239638763,left,fixation,220.0,,1470.55362089552,715.691289552239,,,,,3.0,5.506857261575735,19.43252360892377
999,2706800,4,3.35,right,fixation,,281.0,1561.9395,575.106,,,,,0.0,,
1000,2706808,40,,right,saccade,,281.0,,,1570.5439999999999,574.548,1545.4920000000006,561.484,,,
1001,2706928,49,3.3489230769230764,right,fixation,,282.0,1597.37607692308,567.326538461538,,,,,2.0,157.3570719284436,93.60717677216536
1002,2706981,20,,right,saccade,,282.0,,,1602.5610000000001,568.2180000000002,1456.989,569.336,,,
1003,2707005,8,3.4315,right,fixation,,283.0,1455.58633333333,572.165,,,,,0.0,,
1004,2707017,4,,right,saccade,,283.0,,,1458.795,579.643,1458.795,574.433,,,
1005,2707025,0,,right,fixation,,284.0,1458.795,574.433,,,,,0.0,,
1006,2707029,4,,right,saccade,,284.0,,,1549.8770000000006,574.433,1578.213,574.433,,,
1007,2707037,0,,right,fixation,,285.0,1462.4260000000006,579.9830000000002,,,,,0.0,,
1008,2707041,4,,right,saccade,,285.0,,,1578.213,579.9830000000002,1578.213,579.9830000000002,,,
1009,2707049,0,,right,fixation,,286.0,1462.4260000000006,579.9830000000002,,,,,0.0,,
1010,2707053,4,,right,saccade,,286.0,,,1462.4260000000006,579.9830000000002,1458.565,580.95,,,
1011,2707061,116,3.4159395316804413,right,fixation,,287.0,1455.71116666667,608.815166666667,,,,,3.0,181.96312301273602,564.9082103632619
1012,2707181,16,,right,saccade,,287.0,,,1465.401,620.2,1525.793,606.32,,,
1013,2707201,24,3.400166666666667,right,fixation,,288.0,1538.46428571429,603.429857142857,,,,,1.0,261.7852855157363,86.14675719956013
1014,2707229,8,,right,saccade,,288.0,,,1572.74,581.4630000000002,1573.9589999999994,565.665,,,
1015,2707241,96,3.3314583333333334,right,fixation,,289.0,1589.7621199999999,548.6134,,,,,2.0,291.61566245249804,805.1618014668179
1016,2707341,0,,right,saccade,,289.0,,,1598.767,552.961,1598.767,552.961,,,
1017,2707345,4,3.3160000000000003,right,fixation,,290.0,1596.7325,543.8725,,,,,0.0,,
1018,2707353,40,,right,saccade,,290.0,,,1492.73,538.044,1584.315,542.887,,,
1019,2707421,16,3.38425,right,fixation,,291.0,1611.3724,542.887,,,,,0.0,,
1020,2707441,32,,right,saccade,,291.0,,,1607.3870000000006,541.251,1530.882,552.531,,,
1021,2707692,4,3.341,right,fixation,,292.0,1530.882,555.0575,,,,,0.0,,
1022,2707700,32,,right,saccade,,292.0,,,1524.9270000000001,552.531,1633.434,549.13,,,
1023,2707784,24,3.3186666666666667,right,fixation,,293.0,1634.89514285714,549.922857142857,,,,,0.0,,
1024,2707812,20,,right,saccade,,293.0,,,1608.006,549.438,1486.932,550.762,,,
1025,2707836,0,,right,fixation,,294.0,1465.359,550.762,,,,,0.0,,
1026,2707848,8,,right,saccade,,294.0,,,1465.359,559.947,1465.359,561.256,,,
1027,2707860,8,3.27,right,fixation,,295.0,1551.89766666667,561.452,,,,,0.0,,
1028,2707872,4,,right,saccade,,295.0,,,1466.645,561.256,1466.645,564.932,,,
1029,2707880,16,3.27075,right,fixation,,296.0,1464.9834,578.4224,,,,,0.0,,
1030,2707900,0,,right,saccade,,296.0,,,1466.645,582.738,1466.645,582.738,,,
1031,2707904,4,3.2969999999999997,right,fixation,,297.0,1492.828,583.3955,,,,,0.0,,
1032,2707912,0,,right,saccade,,297.0,,,1550.38,584.053,1550.38,584.053,,,
1033,2707916,0,,right,fixation,,298.0,1492.828,588.21,,,,,0.0,,
1034,2707920,0,,right,saccade,,298.0,,,1492.828,588.21,1492.828,588.21,,,
1035,2707924,20,3.3269999999999995,right,fixation,,299.0,1552.74933333333,580.1933333333329,,,,,0.0,,
1036,2707948,20,,right,saccade,,299.0,,,1544.8429999999994,568.3919999999998,1441.67,567.465,,,
1037,2707972,0,,right,fixation,,300.0,1441.67,567.465,,,,,0.0,,
1038,2707976,32,,right,saccade,,300.0,,,1440.996,565.099,1564.6670000000001,539.6619999999998,,,
1039,2708028,0,,right,fixation,,301.0,1564.6670000000001,533.372,,,,,0.0,,
1040,2708032,0,,right,saccade,,301.0,,,1587.4779999999994,539.6619999999998,1587.4779999999994,539.6619999999998,,,
1041,2708036,68,3.302058823529412,right,fixation,,302.0,1589.33233333333,543.340777777778,,,,,2.0,423.07841984286523,1684.8585465244416
1042,2708108,40,,right,saccade,,302.0,,,1579.5629999999999,556.611,1547.464,139.437,,,
1043,2708116,36,,left,saccade,220.0,,,,1452.5179999999998,725.082,1423.497,207.187,,,
1044,2708152,0,,right,fixation,,303.0,1534.106,129.781,,,,,0.0,,
1045,2708156,0,,right,saccade,,303.0,,,1534.106,121.529,1534.106,121.529,,,
1046,2708156,80,,left,fixation,221.0,,1419.7907142857098,212.829761904762,,,,,0.0,,
1047,2708160,72,,right,fixation,,304.0,1539.6823684210501,100.15615789473699,,,,,0.0,,
1048,2708236,84,,right,saccade,,304.0,,,1553.0539999999999,70.683,1326.29,496.402,,,
1049,2708240,44,,left,saccade,221.0,,,,1430.5529999999999,200.977,1408.145,415.74800000000016,,,
1050,2708380,0,,left,fixation,222.0,,1408.145,427.32599999999996,,,,,0.0,,
1051,2708384,20,,left,saccade,222.0,,,,1408.145,433.965,1386.386,506.353,,,
1052,2708408,264,3.3840751967356457,left,fixation,223.0,,1416.9817164179099,523.575298507463,,,,,3.0,8.76985530936933,27.17050763228445
1053,2708432,240,3.3840751967356453,right,fixation,,305.0,1354.03108196721,501.871508196721,,,,,3.0,9.457134717661901,29.884616367250672
1054,2708676,45,,left,saccade,223.0,,,,1434.067,521.241,1072.891,393.399,,,
1055,2708676,45,,right,saccade,,305.0,,,1396.874,480.452,1033.205,433.773,,,
1056,2708725,80,3.321025,left,fixation,224.0,,1056.88319047619,384.256476190476,,,,,0.0,,
1057,2708725,80,3.321025,right,fixation,,306.0,1021.7702380952401,422.323333333333,,,,,0.0,,
1058,2708809,48,,left,saccade,224.0,,,,1051.453,393.532,555.639,349.115,,,
1059,2708809,48,,right,saccade,,306.0,,,1000.115,420.413,483.66,328.4980000000001,,,
1060,2708861,227,3.2650803571428573,left,fixation,225.0,,522.316913793103,320.288344827586,,,,,0.0,,
1061,2708861,768,3.2501796875,right,fixation,,307.0,469.71591709844597,339.553720207254,,,,,3.0,10.432104830825349,29.10137721200893
1062,2709092,8,,left,saccade,225.0,,,,522.183,329.61199999999997,522.776,362.418,,,
1063,2709104,525,3.2446515151515154,left,fixation,226.0,,510.04546969697,368.2429166666671,,,,,0.0,,
1064,2709633,20,,left,saccade,226.0,,,,524.9169999999998,367.445,443.663,356.615,,,
1065,2709633,20,,right,saccade,,307.0,,,473.597,314.79,396.217,314.883,,,
1066,2709657,771,3.1680508316451643,right,fixation,,308.0,397.954015463918,338.017793814433,,,,,1.0,6.957068693462473,21.90634109110873
1067,2709657,775,3.1680508316451643,left,fixation,227.0,,425.470358974359,344.205815384615,,,,,0.0,,
1068,2710432,40,,right,saccade,,308.0,,,421.783,312.3540000000001,435.17,232.13,,,
1069,2710436,76,,left,saccade,227.0,,,,444.835,336.901,400.43199999999996,288.635,,,
1070,2710588,1368,3.1252422258592474,left,fixation,228.0,,469.060720116618,330.262483965014,,,,,3.0,7.947767162709707,31.12681029659597
1071,2710648,1312,3.125058727569331,right,fixation,,309.0,445.609954407294,313.66858662614,,,,,5.0,37.47971183826977,118.15048410475737
1072,2711960,8,,left,saccade,228.0,,,,474.543,358.458,438.35,358.833,,,
1073,2711964,8,,right,saccade,,309.0,,,396.165,353.787,389.91900000000004,354.871,,,
1074,2711972,408,3.097078431372549,left,fixation,229.0,,401.468834951456,348.172922330097,,,,,0.0,,
1075,2711976,404,3.0972574257425736,right,fixation,,310.0,377.317254901961,360.719696078431,,,,,0.0,,
1076,2712384,20,,left,saccade,229.0,,,,393.64099999999996,328.62,486.18800000000016,321.985,,,
1077,2712384,20,,right,saccade,,310.0,,,368.205,324.994,485.62199999999996,321.775,,,
1078,2712408,772,3.1362668393782385,left,fixation,230.0,,527.0203144329901,353.43408762886594,,,,,1.0,4.546197464792861,12.818051724033573
1079,2712408,772,3.1362668393782385,right,fixation,,311.0,482.24172680412397,314.313525773196,,,,,0.0,,
1080,2713184,28,,left,saccade,230.0,,,,529.523,370.44300000000004,701.309,411.038,,,
1081,2713184,32,,right,saccade,,311.0,,,500.51599999999996,377.199,726.435,428.316,,,
1082,2713216,352,3.1607670454545462,left,fixation,231.0,,739.7328202247189,451.7729101123599,,,,,0.0,,
1083,2713220,348,3.160793103448277,right,fixation,,312.0,721.7008181818179,453.63052272727305,,,,,0.0,,
1084,2713572,28,,left,saccade,231.0,,,,727.826,431.483,1000.0089999999999,437.647,,,
1085,2713572,28,,right,saccade,,312.0,,,699.738,450.594,1002.567,454.121,,,
1086,2713604,136,3.1713529411764707,left,fixation,232.0,,1017.1451428571401,442.2828,,,,,0.0,,
1087,2713604,136,3.1713529411764707,right,fixation,,313.0,1007.4292,456.862228571428,,,,,0.0,,
1088,2713744,20,,left,saccade,232.0,,,,1019.185,442.551,1189.536,436.92699999999996,,,
1089,2713744,24,,right,saccade,,313.0,,,1020.627,438.57599999999996,1177.914,470.29400000000004,,,
1090,2713768,192,3.1519583333333334,left,fixation,233.0,,1211.24757142857,438.386428571429,,,,,1.0,6.12978303268376,6.758906420420343
1091,2713772,184,3.15158695652174,right,fixation,,314.0,1171.65634042553,509.323042553192,,,,,0.0,,
1092,2713960,32,,right,saccade,,314.0,,,1177.596,525.286,1410.911,511.411,,,
1093,2713964,24,,left,saccade,233.0,,,,1213.185,450.839,1435.457,449.866,,,
1094,2713992,752,3.226101063829788,left,fixation,234.0,,1451.01556613757,492.238317460318,,,,,0.0,,
1095,2713996,748,3.2263903743315514,right,fixation,,315.0,1434.9869202127695,472.616340425532,,,,,0.0,,
1096,2714748,28,,right,saccade,,315.0,,,1431.844,474.694,1250.04,474.792,,,
1097,2714748,36,,left,saccade,234.0,,,,1454.318,502.14300000000003,1207.17,453.39099999999996,,,
1098,2714780,224,3.1702368421052634,right,fixation,,316.0,1211.26577192982,465.13268421052595,,,,,0.0,,
1099,2714788,216,3.1690363636363634,left,fixation,235.0,,1197.49414545455,419.1708545454551,,,,,0.0,,
1100,2715008,68,,left,saccade,235.0,,,,1204.012,444.815,417.842,350.413,,,
1101,2715008,72,,right,saccade,,316.0,,,1193.225,468.63199999999995,382.18300000000005,258.913,,,
1102,2715080,519,3.218416148954534,left,fixation,236.0,,450.235854961832,361.786351145038,,,,,0.0,,
1103,2715084,4,3.1465,right,fixation,,317.0,380.9455,261.974,,,,,0.0,,
1104,2715092,8,,right,saccade,,317.0,,,377.392,277.54200000000003,372.534,295.774,,,
1105,2715104,491,3.2223898004674516,right,fixation,,318.0,394.515508064516,315.17775,,,,,1.0,8.671951379143103,25.475246416865073
1106,2715599,40,,right,saccade,,318.0,,,408.18,271.661,451.61400000000003,236.138,,,
1107,2715603,53,,left,saccade,236.0,,,,461.996,356.42699999999996,386.656,287.004,,,
1108,2715748,1364,3.1796305015756303,left,fixation,237.0,,450.37788304093596,322.334830409357,,,,,6.0,7.6479391086198305,29.250620559754648
1109,2715836,420,3.192024840943114,right,fixation,,319.0,483.64931132075515,260.74749056603804,,,,,1.0,86.74687881833108,12.413884524998643
1110,2716260,16,,right,saccade,,319.0,,,487.96,301.445,434.645,307.5370000000001,,,
1111,2716280,832,3.1747788461538464,right,fixation,,320.0,407.260942583732,315.994612440191,,,,,1.0,11.021313860979626,37.944387582355255
1112,2717116,20,,left,saccade,237.0,,,,399.235,329.126,491.33,328.765,,,
1113,2717116,20,,right,saccade,,320.0,,,369.11699999999996,354.301,487.155,343.965,,,
1114,2717140,1600,3.165796769851952,right,fixation,,321.0,453.4699351620951,321.778980049876,,,,,5.0,8.595085714911752,20.873696469962013
1115,2717140,1612,3.165796769851952,left,fixation,238.0,,476.22173762376195,342.18620049505,,,,,5.0,10.125854841038477,43.218235339128476
1116,2718744,40,,right,saccade,,321.0,,,453.68699999999995,231.59,1165.755,411.647,,,
1117,2718756,84,,left,saccade,238.0,,,,454.23800000000006,305.664,1020.5310000000001,339.401,,,
1118,2718964,40,,right,fixation,,322.0,1137.72181818182,388.151727272727,,,,,1.0,393.0554336862395,1186.9010257751065
1119,2718968,1012,3.0921469551522427,left,fixation,239.0,,972.709267716535,431.81888188976404,,,,,2.0,7.395268976295793,55.83087758814229
1120,2719008,0,,right,saccade,,322.0,,,1091.665,373.219,1091.665,373.219,,,
1121,2719012,968,3.0921469551522427,right,fixation,,323.0,977.695238683127,456.865325102881,,,,,2.0,7.3546706443517955,25.0963046700036
1122,2719984,32,,left,saccade,239.0,,,,953.0,414.431,758.821,441.723,,,
1123,2719984,32,,right,saccade,,323.0,,,934.446,466.098,752.432,470.21,,,
1124,2720020,380,3.0637421052631586,left,fixation,240.0,,722.75134375,449.98821875,,,,,0.0,,
1125,2720020,380,3.0637421052631586,right,fixation,,324.0,726.2291354166672,478.6926458333329,,,,,1.0,5.958453975468588,13.952018635308733
1126,2720404,24,,left,saccade,240.0,,,,697.303,449.876,508.14099999999996,452.792,,,
1127,2720404,28,,right,saccade,,324.0,,,670.7310000000001,418.369,463.348,418.986,,,
1128,2720432,811,3.1140346534653465,left,fixation,241.0,,480.691926470589,455.534004901961,,,,,1.0,4.658256499068196,12.250845276959444
1129,2720436,807,3.1140746268656714,right,fixation,,325.0,447.1918177339901,429.463118226601,,,,,0.0,,
1130,2721247,16,,right,saccade,,325.0,,,430.121,403.046,432.01300000000003,322.416,,,
1131,2721247,20,,left,saccade,241.0,,,,483.955,467.99300000000005,481.70300000000003,369.80300000000005,,,
1132,2721267,352,3.165096590909091,right,fixation,,326.0,467.371438202247,339.934505617977,,,,,0.0,,
1133,2721271,348,3.1653850574712648,left,fixation,242.0,,498.7872159090911,364.278204545455,,,,,1.0,5.428987715137239,16.44093990622191
1134,2721623,8,,right,saccade,,326.0,,,488.941,343.175,475.13199999999995,367.298,,,
1135,2721623,16,,left,saccade,242.0,,,,510.971,374.82300000000004,491.98,422.599,,,
1136,2721635,200,3.19918,right,fixation,,327.0,461.6301568627449,425.828058823529,,,,,0.0,,
1137,2721643,192,3.2007916666666665,left,fixation,243.0,,489.85159183673403,445.55487755102007,,,,,0.0,,
1138,2721839,61,,left,saccade,243.0,,,,485.05300000000005,449.392,1410.494,411.17,,,
1139,2721839,65,,right,saccade,,327.0,,,471.089,435.73800000000006,1520.654,349.70300000000015,,,
1140,2721904,260,3.2885,left,fixation,244.0,,1422.5972424242402,456.5956515151509,,,,,2.0,8.844038364094779,27.12689071457461
1141,2721908,8,3.2835,right,fixation,,328.0,1535.24966666667,350.291,,,,,0.0,,
1142,2721920,36,,right,saccade,,328.0,,,1532.713,349.70300000000015,1413.328,436.575,,,
1143,2721960,200,3.28968,right,fixation,,329.0,1414.533,456.04805882352997,,,,,1.0,7.109010999350665,17.5089264091204
1144,2722164,28,,right,saccade,,329.0,,,1439.559,454.356,1241.631,461.42900000000003,,,
1145,2722168,28,,left,saccade,244.0,,,,1453.555,467.13699999999994,1225.996,459.48,,,
1146,2722196,295,3.2441013634150297,right,fixation,,330.0,1197.4180533333301,485.104626666667,,,,,0.0,,
1147,2722200,315,3.243557956615334,left,fixation,245.0,,1196.991225,455.0668,,,,,2.0,7.677753029673974,26.82727986867787
1148,2722495,56,,right,saccade,,330.0,,,1179.472,487.536,1348.621,402.79699999999997,,,
1149,2722519,56,,left,saccade,245.0,,,,1189.019,436.656,1194.714,273.82,,,
1150,2722663,224,3.1800519746646803,left,fixation,246.0,,1193.74119298246,378.881140350877,,,,,2.0,6.600229212252343,38.222302064608094
1151,2722731,88,3.165818181818182,right,fixation,,331.0,1383.743,381.895826086957,,,,,3.0,166.1175524782444,958.7537144421284
1152,2722823,0,,right,saccade,,331.0,,,1361.888,362.07,1361.888,362.07,,,
1153,2722827,0,,right,fixation,,332.0,1361.888,361.635,,,,,0.0,,
1154,2722831,4,,right,saccade,,332.0,,,1361.888,361.635,1274.292,361.635,,,
1155,2722839,4,3.1510000000000002,right,fixation,,333.0,1318.09,361.635,,,,,0.0,,
1156,2722847,0,,right,saccade,,333.0,,,1274.292,358.62800000000016,1274.292,358.62800000000016,,,
1157,2722851,0,,right,fixation,,334.0,1367.634,358.62800000000016,,,,,0.0,,
1158,2722855,8,,right,saccade,,334.0,,,1369.217,358.62800000000016,1369.217,354.63,,,
1159,2722867,0,,right,fixation,,335.0,1369.217,354.63,,,,,0.0,,
1160,2722871,72,,right,saccade,,335.0,,,1369.217,354.63,455.20099999999996,262.79900000000004,,,
1161,2722891,52,,left,saccade,246.0,,,,1212.8980000000001,427.791,459.292,371.591,,,
1162,2722947,696,3.1765344827586204,left,fixation,247.0,,486.323731428572,342.472777142857,,,,,1.0,11.825716920950027,48.968260955439284
1163,2722947,708,3.1759067796610174,right,fixation,,336.0,464.08689887640503,317.93747752808997,,,,,0.0,,
1164,2723647,16,,left,saccade,247.0,,,,527.186,352.72,475.086,349.26099999999997,,,
1165,2723659,4,,right,saccade,,336.0,,,451.121,310.224,439.926,324.825,,,
1166,2723667,277,3.1532642857142856,left,fixation,248.0,,440.337642857143,346.989671428571,,,,,1.0,4.4658196025166905,14.693141801534498
1167,2723667,277,3.1532642857142856,right,fixation,,337.0,421.602828571428,340.38064285714296,,,,,0.0,,
1168,2723948,20,,left,saccade,248.0,,,,453.338,357.961,465.25199999999995,458.031,,,
1169,2723948,20,,right,saccade,,337.0,,,396.724,314.003,422.71,442.957,,,
1170,2723972,1343,3.1331880597014923,right,fixation,,338.0,452.621635014836,425.156451038576,,,,,0.0,,
1171,2723972,1347,3.1331607142857134,left,fixation,249.0,,484.756875739645,446.429677514793,,,,,1.0,7.977865401290695,24.468743837802528
1172,2725319,72,,right,saccade,,338.0,,,450.918,408.462,978.57,958.2260000000001,,,
1173,2725323,68,,left,saccade,249.0,,,,476.606,446.814,986.803,909.825,,,
1174,2725395,156,3.285259368191721,right,fixation,,339.0,986.6757,966.3223,,,,,0.0,,
1175,2725395,196,3.3039366013071896,left,fixation,250.0,,1006.85856,964.41634,,,,,1.0,7.54149705334129,50.99892395923657
1176,2725555,4,,right,saccade,,339.0,,,980.957,951.8380000000001,982.852,943.549,,,
1177,2725563,32,3.4160000000000004,right,fixation,,340.0,994.072111111111,913.525,,,,,0.0,,
1178,2725595,40,,left,saccade,250.0,,,,1022.553,930.029,1404.261,931.3589999999999,,,
1179,2725599,72,,right,saccade,,340.0,,,1009.176,901.047,1521.31,745.328,,,
1180,2725639,224,3.47425,left,fixation,251.0,,1419.07280701754,913.5425263157904,,,,,0.0,,
1181,2725719,0,,right,fixation,,341.0,1435.03,745.328,,,,,0.0,,
1182,2725727,0,,right,fixation,,342.0,1435.03,743.4019999999997,,,,,0.0,,
1183,2725731,4,,right,saccade,,341.0,,,1517.49,745.328,1440.5620000000001,745.328,,,
1184,2725739,4,3.468,right,fixation,,343.0,1509.168,746.867,,,,,0.0,,
1185,2725747,0,,right,saccade,,342.0,,,1509.168,749.0419999999997,1509.168,749.0419999999997,,,
1186,2725751,8,3.471,right,fixation,,344.0,1489.07333333333,753.695333333333,,,,,0.0,,
1187,2725763,4,,right,saccade,,343.0,,,1517.49,750.6010000000001,1509.168,758.4739999999997,,,
1188,2725771,4,3.486,right,fixation,,345.0,1565.537,749.3035,,,,,0.0,,
1189,2725779,0,,right,saccade,,344.0,,,1571.743,748.0060000000003,1571.743,748.0060000000003,,,
1190,2725783,80,3.4893684210526317,right,fixation,,346.0,1567.30938095238,745.27480952381,,,,,3.0,215.50428650203025,89.62984172261213
1191,2725867,28,,left,saccade,251.0,,,,1424.935,916.8739999999999,1403.2910000000006,656.7389999999998,,,
1192,2725867,40,,right,saccade,,345.0,,,1571.484,760.03,1410.703,523.659,,,
1193,2725899,168,3.3999761904761905,left,fixation,252.0,,1393.9201627907,653.009813953488,,,,,0.0,,
1194,2725911,92,3.4089565217391318,right,fixation,,347.0,1377.1875416666699,542.022125,,,,,4.0,251.74452874098975,772.2797592343147
1195,2726007,20,,right,saccade,,346.0,,,1362.9479999999999,551.1519999999998,1483.9579999999999,528.512,,,
1196,2726039,20,,right,saccade,,347.0,,,0.0,0.0,1364.1789999999999,528.716,,,
1197,2726063,8,3.3795,right,fixation,,348.0,1362.545,538.7586666666671,,,,,0.0,,
1198,2726071,64,,left,saccade,252.0,,,,1396.609,643.19,749.816,371.714,,,
1199,2726075,60,,right,saccade,,348.0,,,1356.5179999999998,539.387,722.829,342.838,,,
1200,2726139,168,3.2660714285714287,right,fixation,,349.0,693.375465116279,334.402674418605,,,,,0.0,,
1201,2726139,172,3.265755813953489,left,fixation,253.0,,735.162295454545,348.783568181818,,,,,0.0,,
1202,2726311,32,,right,saccade,,349.0,,,684.547,328.858,489.76,437.756,,,
1203,2726315,28,,left,saccade,253.0,,,,735.31,353.46,527.55,383.425,,,
1204,2726347,56,3.2844285714285726,left,fixation,254.0,,512.717266666667,401.9685333333329,,,,,0.0,,
1205,2726347,56,3.2844285714285726,right,fixation,,350.0,485.395333333333,441.181466666667,,,,,0.0,,
1206,2726407,28,,right,saccade,,350.0,,,490.274,428.144,717.4939999999997,266.519,,,
1207,2726407,32,,left,saccade,254.0,,,,513.34,404.709,736.8489999999997,225.602,,,
1208,2726439,140,3.2797428571428577,right,fixation,,351.0,722.049083333333,230.35352777777803,,,,,0.0,,
1209,2726443,140,3.280228571428572,left,fixation,255.0,,753.818944444445,221.652666666667,,,,,0.0,,
1210,2726583,24,,right,saccade,,351.0,,,715.707,224.891,876.579,231.215,,,
1211,2726587,20,,left,saccade,255.0,,,,742.79,212.045,884.2180000000003,199.817,,,
1212,2726611,340,3.2610949775258944,right,fixation,,352.0,904.366348837209,220.95006976744202,,,,,1.0,9.828244029044262,27.07768416981041
1213,2726611,344,3.2610949775258944,left,fixation,256.0,,923.5559885057472,223.486356321839,,,,,1.0,5.374749632411787,17.265034520672017
1214,2726955,40,,right,saccade,,352.0,,,927.044,212.739,760.9860000000001,61.685,,,
1215,2726959,68,,left,saccade,256.0,,,,940.209,239.355,612.734,71.653,,,
1216,2727083,0,,left,fixation,257.0,,633.553,62.74800000000001,,,,,0.0,,
1217,2727087,0,,left,saccade,257.0,,,,635.82,62.74800000000001,635.82,62.74800000000001,,,
1218,2727091,12,,left,fixation,258.0,,649.81375,67.31,,,,,0.0,,
1219,2727107,12,,left,saccade,258.0,,,,657.4169999999998,90.014,665.403,124.79299999999999,,,
1220,2727111,20,,right,fixation,,353.0,753.3075,57.036,,,,,0.0,,
1221,2727123,184,3.2485922592259224,left,fixation,259.0,,684.212744680851,176.595382978723,,,,,1.0,6.092048408011515,12.300372433385945
1222,2727135,0,,right,saccade,,353.0,,,736.2260000000001,52.861000000000004,736.2260000000001,52.861000000000004,,,
1223,2727139,12,,right,fixation,,354.0,705.9815,53.3395,,,,,0.0,,
1224,2727155,24,,right,saccade,,354.0,,,698.7819999999997,62.802,675.637,142.373,,,
1225,2727183,124,3.2485922592259224,right,fixation,,355.0,679.9665625,199.10290625,,,,,0.0,,
1226,2727311,60,,left,saccade,259.0,,,,684.216,193.929,1532.7520000000006,668.08,,,
1227,2727311,60,,right,saccade,,355.0,,,676.559,208.59799999999998,1498.724,652.286,,,
1228,2727375,88,3.26475,left,fixation,260.0,,1542.31882608696,687.038,,,,,1.0,9.003699239756937,46.71273587577591
1229,2727375,88,3.26475,right,fixation,,356.0,1485.6763043478302,674.9720869565219,,,,,0.0,,
1230,2727467,20,,left,saccade,260.0,,,,1537.8270000000002,723.699,1499.389,563.503,,,
1231,2727467,20,,right,saccade,,356.0,,,1466.471,669.65,1457.954,552.3,,,
1232,2727491,60,3.3027,left,fixation,261.0,,1486.1896875,561.459625,,,,,0.0,,
1233,2727491,72,3.3039166666666664,right,fixation,,357.0,1443.2749473684198,543.785263157895,,,,,0.0,,
1234,2727555,20,,left,saccade,261.0,,,,1481.845,559.844,1474.418,445.20599999999996,,,
1235,2727567,8,,right,saccade,,357.0,,,1423.293,512.259,1418.2420000000006,489.958,,,
1236,2727579,460,3.296404347826087,left,fixation,262.0,,1457.28625,444.583267241379,,,,,0.0,,
1237,2727579,460,3.296404347826087,right,fixation,,358.0,1417.30434482759,463.248637931034,,,,,0.0,,
1238,2728043,48,,right,saccade,,358.0,,,1407.888,437.98800000000006,1488.7279999999994,1056.518,,,
1239,2728043,56,,left,saccade,262.0,,,,1449.819,441.06699999999995,1550.787,1110.911,,,
1240,2728095,96,3.3491041666666668,right,fixation,,359.0,1475.2366,1104.66008,,,,,0.0,,
1241,2728103,88,3.3497954545454536,left,fixation,263.0,,1555.10186956522,1141.50260869565,,,,,1.0,8.257345035044683,9.200966253606245
1242,2728195,76,,left,saccade,263.0,,,,1553.53,1149.257,954.138,49.76300000000001,,,
1243,2728195,80,,right,saccade,,359.0,,,1483.4270000000001,1078.388,995.725,5.5920000000000005,,,
1244,2728275,312,3.3445443037974685,left,fixation,264.0,,960.2379873417732,28.743810126582304,,,,,0.0,,
1245,2728279,308,3.3446217948717947,right,fixation,,360.0,971.92517948718,42.0425128205128,,,,,0.0,,
1246,2728591,48,,right,saccade,,360.0,,,970.997,51.915,1350.987,513.835,,,
1247,2728591,52,,left,saccade,264.0,,,,951.465,34.646,1379.2479999999994,500.87800000000004,,,
1248,2728643,1048,3.316417938931297,right,fixation,,361.0,1407.01131939163,458.329631178708,,,,,1.0,14.515153848650725,49.49206683903999
1249,2728647,188,3.349467391304347,left,fixation,265.0,,1421.90597916667,518.85575,,,,,1.0,6.8460977733466875,19.902016229518125
1250,2728839,20,,left,saccade,265.0,,,,1445.736,543.865,1463.516,458.273,,,
1251,2728863,824,3.308671497584541,left,fixation,266.0,,1463.34867149758,436.985062801933,,,,,0.0,,
1252,2729691,44,,left,saccade,266.0,,,,1440.612,437.57599999999996,1043.74,68.064,,,
1253,2729695,40,,right,saccade,,361.0,,,1398.845,429.022,1027.993,54.375,,,
1254,2729739,312,3.3189102564102564,right,fixation,,362.0,996.075063291139,50.65797468354429,,,,,0.0,,
1255,2729739,316,3.3190759493670883,left,fixation,267.0,,1006.6135,43.8969,,,,,1.0,7.298840328359552,27.28482105493812
1256,2730055,32,,right,saccade,,362.0,,,975.428,53.95399999999999,1104.66,241.998,,,
1257,2730059,24,,left,saccade,267.0,,,,985.7860000000001,61.26300000000001,1110.432,191.34400000000002,,,
1258,2730087,364,3.3173097826086955,left,fixation,268.0,,1172.25089130435,215.172097826087,,,,,1.0,4.591680792476729,21.386171092554125
1259,2730091,360,3.3173516483516488,right,fixation,,363.0,1143.388,235.164824175824,,,,,0.0,,
1260,2730455,48,,left,saccade,268.0,,,,1185.391,229.96,637.5169999999998,232.481,,,
1261,2730455,48,,right,saccade,,363.0,,,1157.907,225.77,594.184,227.50900000000001,,,
1262,2730507,112,3.300375,left,fixation,269.0,,629.051620689655,219.84331034482798,,,,,0.0,,
1263,2730507,112,3.300375,right,fixation,,364.0,583.084379310345,221.59651724137902,,,,,0.0,,
1264,2730623,20,,left,saccade,269.0,,,,617.665,220.271,724.171,220.327,,,
1265,2730623,20,,right,saccade,,364.0,,,584.755,230.166,651.41,234.775,,,
1266,2730647,371,3.258782608695652,left,fixation,270.0,,720.786361702128,216.878882978723,,,,,0.0,,
1267,2730647,371,3.258782608695652,right,fixation,,365.0,673.8540106382981,239.59354255319096,,,,,0.0,,
1268,2731022,32,,left,saccade,270.0,,,,743.317,233.59400000000002,529.15,225.42,,,
1269,2731022,36,,right,saccade,,365.0,,,673.2589999999999,272.77,484.288,264.913,,,
1270,2731058,937,3.272942553191489,left,fixation,271.0,,489.850408510638,204.299527659574,,,,,1.0,9.493259181592428,42.35081562378697
1271,2731062,933,3.2731517094017093,right,fixation,,366.0,444.406760683761,193.22945299145303,,,,,1.0,6.1188211396386425,11.345533923090668
1272,2731999,24,,right,saccade,,366.0,,,477.36400000000003,207.06900000000002,644.378,230.593,,,
1273,2731999,32,,left,saccade,271.0,,,,456.635,179.361,680.459,203.267,,,
1274,2732027,388,3.2563920275345337,right,fixation,,367.0,681.591112244898,261.86813265306097,,,,,0.0,,
1275,2732035,388,3.25558045384757,left,fixation,272.0,,708.711224489796,228.939091836735,,,,,0.0,,
1276,2732419,44,,right,saccade,,367.0,,,698.303,238.762,809.023,130.61,,,
1277,2732427,44,,left,saccade,272.0,,,,712.081,231.609,722.385,162.351,,,
1278,2732595,116,,left,fixation,273.0,,755.3826333333328,158.628633333333,,,,,2.0,7.486666594257837,24.49544017009061
1279,2732643,68,,right,fixation,,368.0,815.384777777778,135.445722222222,,,,,0.0,,
1280,2732715,20,,right,saccade,,368.0,,,801.443,152.071,923.817,168.047,,,
1281,2732715,24,,left,saccade,273.0,,,,778.905,196.58599999999998,933.96,203.00900000000001,,,
1282,2732739,576,3.183213793103448,right,fixation,,369.0,938.079634482758,243.272089655172,,,,,0.0,,
1283,2732743,572,3.1828269896193766,left,fixation,274.0,,959.278659722222,207.842638888889,,,,,0.0,,
