,starttime,duration,meanPupilDiameter,eye,eventType,eventIdxLeft,eventIdxRight,meanX,meanY,startSaccadeX,startSaccadeY,endSaccadeX,endSaccadeY,microsaccadeCount,microsaccadeAmplitude,microsaccadePeakVelocity
0,2405901,4,3.024375,left,fixation,1.0,,1397.105,283.14099999999996,,,,,0.0,,
1,2405901,4,3.024375,right,fixation,,1.0,1420.4229999999998,220.736,,,,,0.0,,
2,2405909,24,,right,saccade,,1.0,,,1420.4229999999998,220.736,1359.9370000000001,81.406,,,
3,2405909,28,,left,saccade,1.0,,,,1397.105,283.14099999999996,1324.6070000000002,101.348,,,
4,2405937,152,3.074434210526316,right,fixation,,2.0,1321.5156153846199,92.12712820512822,,,,,2.0,3.735688002797239,18.412733950472266
5,2405941,148,3.0756081081081086,left,fixation,2.0,,1311.61931578947,72.14078947368421,,,,,1.0,4.270702326445975,7.43484344152596
6,2406093,32,,right,saccade,,2.0,,,1313.476,85.23200000000001,1047.511,61.037,,,
7,2406093,36,,left,saccade,2.0,,,,1315.415,40.555,1033.361,12.318,,,
8,2406129,280,3.1236571428571427,right,fixation,,3.0,993.919478873239,53.801507042253505,,,,,6.0,3.7916247842042936,15.452314614340052
9,2406133,276,3.123855072463768,left,fixation,3.0,,991.403685714286,28.039042857142896,,,,,4.0,4.324903181387504,29.689934704622974
10,2406413,40,,right,saccade,,3.0,,,967.552,71.26100000000002,1400.5629999999999,91.07600000000001,,,
11,2406413,44,,left,saccade,3.0,,,,973.939,28.717,1443.967,69.535,,,
12,2406457,444,3.084815315315315,right,fixation,,4.0,1423.9128125,104.650330357143,,,,,2.0,4.69869100617979,35.282872313448074
13,2406461,440,3.084436363636364,left,fixation,4.0,,1438.28108108108,88.73961261261259,,,,,3.0,7.717263648597664,22.55967868702172
14,2406905,56,,left,saccade,4.0,,,,1416.944,72.863,512.492,148.839,,,
15,2406905,60,,right,saccade,,4.0,,,1403.251,105.99,486.663,180.21599999999998,,,
16,2406965,612,3.0492843137254897,left,fixation,5.0,,471.49040909090894,170.590857142857,,,,,2.0,8.080604896552531,34.311100128772885
17,2406969,608,3.0491019736842104,right,fixation,,5.0,438.55007189542505,218.321444444445,,,,,6.0,3.9731932171444218,17.16210802028436
18,2407581,8,,right,saccade,,5.0,,,461.282,230.949,487.353,230.343,,,
19,2407581,12,,left,saccade,5.0,,,,480.965,168.25799999999995,515.868,174.563,,,
20,2407593,124,2.986083333333333,right,fixation,,6.0,516.23703125,232.5883125,,,,,1.0,2.385982356505522,10.189319898796038
21,2407597,124,2.9855,left,fixation,6.0,,537.0141875,185.53746875,,,,,0.0,,
22,2407721,40,,right,saccade,,6.0,,,518.924,240.733,512.784,201.62599999999998,,,
23,2407725,40,,left,saccade,6.0,,,,543.382,178.13099999999997,422.776,152.387,,,
24,2407933,0,,right,fixation,,7.0,512.784,201.62599999999998,,,,,0.0,,
25,2407937,24,,right,saccade,,7.0,,,512.784,201.62599999999998,504.524,102.037,,,
26,2407953,20,,left,fixation,7.0,,427.583666666667,141.4525,,,,,0.0,,
27,2407965,204,2.9535073046523523,right,fixation,,8.0,490.547538461538,153.63653846153798,,,,,2.0,4.901585417925112,63.166655908025405
28,2407977,28,,left,saccade,7.0,,,,424.994,120.05799999999999,413.12199999999996,38.955,,,
29,2408009,64,2.935070175438596,left,fixation,8.0,,420.397,26.8753529411765,,,,,1.0,8.038526571732195,58.13829045474248
30,2408077,16,,left,saccade,8.0,,,,456.39300000000003,64.542,471.838,101.758,,,
31,2408097,72,2.955487664041996,left,fixation,9.0,,478.867947368421,136.46626315789499,,,,,1.0,3.5124858639494105,13.299020791020668
32,2408173,20,,right,saccade,,8.0,,,494.345,197.548,574.744,202.446,,,
33,2408173,24,,left,saccade,9.0,,,,482.602,152.61,595.739,157.572,,,
34,2408197,352,3.0644147727272726,right,fixation,,9.0,601.175325842697,203.039438202247,,,,,2.0,2.4775214282296587,10.8078550569893
35,2408201,344,3.065372093023256,left,fixation,10.0,,618.940137931035,164.296689655172,,,,,1.0,3.1926343920203353,12.126674482313726
36,2408549,16,,left,saccade,10.0,,,,615.856,164.343,556.729,172.514,,,
37,2408553,8,,right,saccade,,9.0,,,565.9159999999998,205.075,547.506,209.588,,,
38,2408565,648,2.986052147239264,right,fixation,,10.0,517.8984907975462,221.94255214723896,,,,,5.0,2.2928011493252947,10.623694294802908
39,2408569,648,2.9857883435582817,left,fixation,11.0,,534.957110429447,179.049,,,,,0.0,,
40,2409217,20,,right,saccade,,10.0,,,518.457,209.45,604.119,205.329,,,
41,2409221,16,,left,saccade,11.0,,,,549.1030000000002,186.363,616.344,184.135,,,
42,2409241,288,2.977112676056338,left,fixation,12.0,,641.6374109589041,170.613931506849,,,,,1.0,2.7163850569787966,12.610640665723475
43,2409241,288,2.977112676056338,right,fixation,,11.0,629.266890410959,200.54301369862998,,,,,1.0,2.884362460849127,11.663728949182616
44,2409533,28,,left,saccade,12.0,,,,637.075,166.187,489.834,175.38,,,
45,2409533,28,,right,saccade,,11.0,,,636.099,196.763,477.884,214.942,,,
46,2409565,664,3.0048765060240963,left,fixation,13.0,,453.277646706587,170.883101796407,,,,,2.0,3.8768911606217777,21.237163529090854
47,2409565,664,3.0048765060240963,right,fixation,,12.0,439.886652694611,197.602275449102,,,,,6.0,2.4267237092530785,11.779626051032416
48,2410233,16,,left,saccade,13.0,,,,451.601,178.94299999999996,514.179,191.395,,,
49,2410233,16,,right,saccade,,12.0,,,446.709,205.766,507.866,210.96200000000002,,,
50,2410253,224,3.0536428571428567,right,fixation,,13.0,531.827877192982,220.708105263158,,,,,1.0,2.696592381547917,11.968888001815364
51,2410253,228,3.0541052631578958,left,fixation,14.0,,537.640862068966,205.13725862069,,,,,1.0,4.127524311793248,13.638055066614205
52,2410481,20,,right,saccade,,13.0,,,536.701,211.886,611.346,202.27599999999998,,,
53,2410485,16,,left,saccade,14.0,,,,542.264,201.326,610.422,188.92,,,
54,2410505,216,3.0860185185185194,right,fixation,,14.0,634.482127272727,206.768709090909,,,,,2.0,2.324307909184017,9.040032654816187
55,2410505,220,3.086218181818182,left,fixation,15.0,,639.6034642857151,186.708285714286,,,,,2.0,3.0123352679317272,10.379337331034057
56,2410725,24,,right,saccade,,14.0,,,634.945,204.917,738.575,191.195,,,
57,2410729,20,,left,saccade,15.0,,,,643.1709999999998,191.392,746.7489999999997,181.076,,,
58,2410753,484,3.1201967213114754,left,fixation,16.0,,764.803245901639,172.87609016393398,,,,,2.0,4.990655328899384,9.424707168913963
59,2410753,1136,3.1241929824561403,right,fixation,,15.0,798.500196491228,212.363185964912,,,,,5.0,3.7533707015472233,18.512298125427016
60,2411241,8,,left,saccade,16.0,,,,798.541,173.91099999999997,816.565,177.85,,,
61,2411253,636,3.1272924528301886,left,fixation,17.0,,842.0454,188.58694375,,,,,2.0,2.637413693861025,6.515038864725318
62,2411893,36,,right,saccade,,15.0,,,839.482,220.89,592.0830000000002,221.36900000000003,,,
63,2411893,40,,left,saccade,17.0,,,,844.4889999999997,188.088,587.4490000000002,191.002,,,
64,2411933,388,3.023335051546392,right,fixation,,16.0,555.878755102041,224.981642857143,,,,,2.0,4.35748818026004,23.615547091671385
65,2411937,384,3.0226354166666667,left,fixation,18.0,,557.799793814433,183.049226804124,,,,,2.0,2.5261844907500874,9.549974628347792
66,2412325,36,,left,saccade,18.0,,,,557.008,200.99099999999999,823.7280000000003,195.774,,,
67,2412325,40,,right,saccade,,16.0,,,544.1080000000002,240.646,825.45,220.542,,,
68,2412365,1140,2.88331403508772,left,fixation,19.0,,807.248062937063,198.542636363636,,,,,4.0,5.0595072792405045,28.766072071082398
69,2412369,1136,2.8830721830985917,right,fixation,,17.0,800.8893192982449,213.317294736842,,,,,4.0,5.0892889101349015,26.464560098938442
70,2413509,16,,left,saccade,19.0,,,,776.62,208.761,847.502,207.19299999999998,,,
71,2413509,20,,right,saccade,,17.0,,,751.86,221.668,836.002,222.208,,,
72,2413529,568,2.8424718309859154,left,fixation,20.0,,863.6150769230769,215.230601398601,,,,,3.0,3.0149348571984134,11.0246758510984
73,2413533,564,2.84254609929078,right,fixation,,18.0,853.180838028169,242.45405633802798,,,,,4.0,2.9964448099956944,14.941521439225767
74,2414101,16,,left,saccade,20.0,,,,854.304,201.66,789.248,200.675,,,
75,2414101,16,,right,saccade,,18.0,,,839.23,237.203,769.696,236.87099999999998,,,
76,2414121,436,2.8798669724770645,right,fixation,,19.0,755.716554545455,232.696818181818,,,,,3.0,2.0611799140443505,7.530571681691973
77,2414121,440,2.8801090909090914,left,fixation,21.0,,768.240189189189,190.641189189189,,,,,1.0,2.5595774173788506,9.054517656949017
78,2414561,20,,right,saccade,,19.0,,,749.199,221.938,650.245,223.34,,,
79,2414565,20,,left,saccade,21.0,,,,764.6439999999999,181.97400000000002,661.444,178.62400000000005,,,
80,2414585,356,2.9345674157303376,right,fixation,,20.0,631.106511111111,219.801077777778,,,,,2.0,1.9314335460778984,4.875769488758871
81,2414589,352,2.934869318181818,left,fixation,22.0,,639.0137415730339,169.780764044944,,,,,1.0,2.3228927009227016,5.029656151269126
82,2414945,20,,right,saccade,,20.0,,,622.8969999999998,196.815,494.48900000000003,200.16400000000002,,,
83,2414945,24,,left,saccade,22.0,,,,640.8430000000002,176.562,515.451,182.28400000000002,,,
84,2414969,392,2.9903877551020406,right,fixation,,21.0,460.737666666667,223.295272727273,,,,,4.0,2.3410752576943428,6.027351581891287
85,2414973,392,2.9906173469387762,left,fixation,23.0,,475.252565656566,166.256454545455,,,,,2.0,3.3269796023378313,16.739678729006798
86,2415365,36,,right,saccade,,21.0,,,454.435,232.03599999999997,679.4910000000001,215.507,,,
87,2415369,36,,left,saccade,23.0,,,,465.96,166.03799999999995,715.7310000000001,161.81,,,
88,2415405,384,2.984809278350516,right,fixation,,22.0,724.663628865979,219.441041237113,,,,,2.0,2.713987311144232,16.764712429244025
89,2415409,384,2.9848247422680414,left,fixation,24.0,,753.366958762886,185.23488659793802,,,,,2.0,2.8244262990093385,7.770346972143513
90,2415793,24,,right,saccade,,22.0,,,746.9630000000003,214.201,621.105,221.627,,,
91,2415797,20,,left,saccade,24.0,,,,750.926,174.635,646.222,178.02,,,
92,2415821,992,3.0301471774193547,left,fixation,25.0,,619.314787148594,169.775746987952,,,,,3.0,2.6912044187164894,9.400113792640324
93,2415821,992,3.0301471774193547,right,fixation,,23.0,606.743835341366,209.943638554217,,,,,5.0,2.404749800251432,7.710425815303992
94,2416817,28,,left,saccade,25.0,,,,631.886,169.69099999999997,809.043,175.167,,,
95,2416817,32,,right,saccade,,23.0,,,634.262,218.56599999999997,815.4580000000003,218.175,,,
96,2416849,376,2.9911755319148936,left,fixation,26.0,,840.7295578947369,184.61634736842097,,,,,2.0,5.282912647010896,14.828078518226091
97,2416853,364,2.9912692307692312,right,fixation,,24.0,839.909608695652,218.90006521739102,,,,,1.0,2.338950381878368,9.907377705528496
98,2417221,16,,right,saccade,,24.0,,,837.302,219.354,775.5210000000003,208.047,,,
99,2417229,0,,left,saccade,26.0,,,,805.2589999999999,181.518,805.2589999999999,181.518,,,
100,2417233,483,3.0127541666666664,left,fixation,27.0,,738.384385245902,170.916278688525,,,,,2.0,2.8660983588788764,9.941941257402384
101,2417241,475,3.0133050847457628,right,fixation,,25.0,735.5014,189.82495,,,,,4.0,2.5614482812912125,8.121535698012059
102,2417720,32,,left,saccade,27.0,,,,733.961,178.312,518.175,180.66099999999997,,,
103,2417720,36,,right,saccade,,25.0,,,727.59,189.99900000000002,488.705,203.68900000000002,,,
104,2417756,445,2.9747366071428574,left,fixation,28.0,,474.994625,172.29744642857102,,,,,2.0,3.256460058719787,19.247451272555203
105,2417760,441,2.9744594594594598,right,fixation,,26.0,466.979288288288,217.895153153153,,,,,2.0,2.834151756196748,17.39255028362571
106,2418205,24,,left,saccade,28.0,,,,452.69800000000004,161.454,581.059,174.935,,,
107,2418205,28,,right,saccade,,26.0,,,452.07300000000004,216.46200000000002,593.305,217.257,,,
108,2418233,188,2.9465319148936167,left,fixation,29.0,,623.032416666667,197.83022916666698,,,,,1.0,3.9504979468135315,22.135012559291678
109,2418237,184,2.946217391304347,right,fixation,,27.0,613.1613191489363,230.585723404255,,,,,1.0,2.9335858698111417,7.566017182111008
110,2418425,16,,left,saccade,29.0,,,,619.377,205.22799999999998,570.594,202.043,,,
111,2418425,16,,right,saccade,,27.0,,,613.0509999999998,239.907,554.881,239.907,,,
112,2418445,340,2.9284823529411765,left,fixation,30.0,,543.937895348837,195.566267441861,,,,,1.0,2.4835716440463647,6.618047219535433
113,2418445,340,2.9284823529411765,right,fixation,,28.0,528.4008720930228,234.17879069767397,,,,,3.0,3.2283377472588977,13.575601499324035
114,2418789,20,,left,saccade,30.0,,,,552.552,198.68,647.006,196.52200000000002,,,
115,2418789,20,,right,saccade,,28.0,,,541.222,230.623,634.11,229.58700000000002,,,
116,2418813,1031,2.9357937743190665,left,fixation,31.0,,639.136424710424,171.47144015444,,,,,8.0,3.2183647930006014,13.11139044650054
117,2418813,1031,2.9357937743190665,right,fixation,,29.0,631.373046332046,224.35856370656398,,,,,8.0,2.5605950006802325,10.850745501710227
118,2419848,28,,left,saccade,31.0,,,,619.701,173.764,777.955,175.63400000000001,,,
119,2419848,28,,right,saccade,,29.0,,,613.631,197.959,761.8839999999999,199.398,,,
120,2419880,921,2.9682987012987008,left,fixation,32.0,,786.470134199134,183.274926406926,,,,,3.0,4.8058110285911155,27.52335115782636
121,2419880,921,2.9682987012987008,right,fixation,,30.0,772.970593073593,220.128645021645,,,,,6.0,2.9961411339642,15.696707305944665
122,2420805,36,,left,saccade,32.0,,,,765.467,191.479,515.855,184.58,,,
123,2420805,40,,right,saccade,,30.0,,,748.985,213.643,488.895,212.62,,,
124,2420845,308,2.900032467532468,left,fixation,33.0,,464.5571410256409,172.37030769230805,,,,,1.0,7.663043846931852,50.140316732146815
125,2420849,304,2.8996644736842105,right,fixation,,31.0,453.58835064935,203.342623376623,,,,,4.0,3.5177798283240587,16.260935875317955
126,2421157,16,,right,saccade,,31.0,,,431.73800000000006,203.144,500.029,206.56599999999997,,,
127,2421157,20,,left,saccade,33.0,,,,437.135,186.30200000000002,503.74300000000005,184.968,,,
128,2421177,276,2.8753188405797103,right,fixation,,32.0,532.7300571428569,220.287757142857,,,,,1.0,2.885291016518093,10.358287165357039
129,2421181,272,2.8751911764705884,left,fixation,34.0,,532.471898550725,182.807144927536,,,,,0.0,,
130,2421457,16,,left,saccade,34.0,,,,542.101,181.178,616.702,181.003,,,
131,2421457,20,,right,saccade,,32.0,,,545.134,223.365,628.0319999999998,219.59900000000002,,,
132,2421477,219,2.8455925925925927,left,fixation,35.0,,655.945339285714,192.689107142857,,,,,1.0,3.388132577263056,20.208506253555665
133,2421481,215,2.845433962264152,right,fixation,,33.0,656.6566,216.368,,,,,1.0,2.0410255728159887,5.941531199951756
134,2421700,20,,left,saccade,35.0,,,,652.393,190.468,775.921,194.378,,,
135,2421700,20,,right,saccade,,33.0,,,662.326,210.718,778.505,211.78099999999998,,,
136,2421724,524,2.854267175572519,right,fixation,,34.0,822.205727272727,221.231568181818,,,,,2.0,2.584819004619274,16.824407270599373
137,2421724,528,2.8543863636363636,left,fixation,36.0,,832.7869022556401,214.226706766917,,,,,2.0,4.238631740169721,27.706871235829073
138,2422252,40,,right,saccade,,34.0,,,843.0169999999997,242.833,583.258,231.638,,,
139,2422256,36,,left,saccade,36.0,,,,845.942,215.40200000000002,596.982,203.953,,,
140,2422296,440,2.8844181818181824,left,fixation,37.0,,555.918387387387,186.706918918919,,,,,2.0,5.121271731282691,29.597531933500143
141,2422296,440,2.8844181818181824,right,fixation,,35.0,542.984792792793,217.394918918919,,,,,4.0,3.215590032715153,16.918465457300044
142,2422740,20,,left,saccade,37.0,,,,534.7330000000002,183.465,591.886,183.38099999999997,,,
143,2422740,20,,right,saccade,,35.0,,,513.7769999999998,221.34,601.227,216.96400000000003,,,
144,2422764,880,2.9174045454545454,left,fixation,38.0,,635.235176470589,187.753538461538,,,,,2.0,6.618882807380593,37.58261053950307
145,2422764,880,2.9174045454545454,right,fixation,,36.0,627.3450135746599,216.28516742081402,,,,,4.0,4.479446606038884,22.227151086764373
146,2423648,60,,right,saccade,,36.0,,,601.136,187.894,1380.1870000000001,174.78599999999997,,,
147,2423648,64,,left,saccade,38.0,,,,610.753,147.123,1397.819,168.13099999999997,,,
148,2423712,1360,3.071047653958944,right,fixation,,37.0,1410.91558944281,162.30682697947202,,,,,15.0,3.145633914209566,15.494912990244432
149,2423716,1356,3.0711198529411763,left,fixation,39.0,,1414.6749176470596,143.384973529412,,,,,5.0,5.996564081618938,28.23152449161537
150,2425076,52,,left,saccade,39.0,,,,1413.0929999999994,153.031,766.637,226.502,,,
151,2425076,52,,right,saccade,,37.0,,,1421.905,154.141,754.98,251.702,,,
152,2425132,188,3.037521276595744,left,fixation,40.0,,748.601583333334,254.7844375,,,,,4.0,2.5297401482724142,9.544531781995397
153,2425132,188,3.037521276595744,right,fixation,,38.0,734.578645833333,284.964125,,,,,1.0,5.509510736495166,18.51485895166361
154,2425324,20,,left,saccade,40.0,,,,749.5260000000003,263.259,649.803,282.472,,,
155,2425324,20,,right,saccade,,38.0,,,726.1260000000003,273.577,633.548,297.381,,,
156,2425348,128,3.03546875,left,fixation,41.0,,632.788212121212,287.27475757575803,,,,,3.0,2.0353886152226206,5.281739141555085
157,2425348,128,3.03546875,right,fixation,,39.0,628.465333333334,329.308333333333,,,,,2.0,2.8906500505738237,6.78675155226637
158,2425480,24,,left,saccade,41.0,,,,625.089,285.626,516.984,287.616,,,
159,2425480,24,,right,saccade,,39.0,,,623.573,332.4240000000001,495.777,347.566,,,
160,2425508,852,2.958166757890896,left,fixation,42.0,,462.979294392524,311.00396261682204,,,,,6.0,3.043252132167638,15.049937885985573
161,2425508,852,2.958166757890896,right,fixation,,40.0,438.22748130841103,355.213308411215,,,,,3.0,3.136751129898377,15.087907106617529
162,2426364,40,,left,saccade,42.0,,,,464.347,301.397,412.899,276.535,,,
163,2426364,40,,right,saccade,,40.0,,,436.055,345.981,444.069,277.25,,,
164,2426592,8,,right,fixation,,41.0,449.61800000000005,258.109666666667,,,,,0.0,,
165,2426596,392,2.9371263631005013,left,fixation,43.0,,419.754717171717,274.74304040404,,,,,3.0,6.177420445721262,53.82920994533434
166,2426604,0,,right,saccade,,41.0,,,452.676,234.09900000000002,452.676,234.09900000000002,,,
167,2426608,376,2.9360013822991,right,fixation,,42.0,431.45689473684195,322.585568421053,,,,,4.0,3.853298240389675,35.51981806010653
168,2426988,20,,right,saccade,,42.0,,,422.255,338.01,490.844,344.92800000000005,,,
169,2426992,20,,left,saccade,43.0,,,,425.80800000000005,289.654,529.867,290.796,,,
170,2427012,336,2.9194588235294123,right,fixation,,43.0,519.093611764706,373.581952941176,,,,,1.0,4.077174106466931,12.807784390752367
171,2427016,332,2.9186785714285715,left,fixation,44.0,,564.884071428572,329.131142857143,,,,,1.0,4.259366808706583,23.098546491067342
172,2427352,16,,right,saccade,,43.0,,,524.616,384.68800000000016,447.566,382.624,,,
173,2427352,20,,left,saccade,44.0,,,,563.247,330.64599999999996,459.77,331.89099999999996,,,
174,2427372,456,2.95553947368421,right,fixation,,44.0,416.969695652174,360.074869565217,,,,,1.0,2.7905815453254785,10.767453041457806
175,2427376,452,2.955986725663717,left,fixation,45.0,,438.44261403508796,315.72958771929797,,,,,1.0,4.092164956081053,29.58483131606466
176,2427832,24,,right,saccade,,44.0,,,411.68800000000016,349.44800000000015,542.014,341.414,,,
177,2427832,28,,left,saccade,45.0,,,,449.901,325.815,580.628,319.465,,,
178,2427860,208,3.0232647058823527,right,fixation,,45.0,557.037698113208,351.691754716981,,,,,1.0,3.953672571869801,20.806029751012048
179,2427864,504,3.060924,left,fixation,46.0,,645.13305511811,316.64855905511797,,,,,2.0,6.068506728540838,38.360655092436936
180,2428072,16,,right,saccade,,45.0,,,559.5409999999998,350.173,613.315,334.653,,,
181,2428092,276,3.0894782608695652,right,fixation,,46.0,632.276271428571,335.431014285714,,,,,1.0,3.173173455356302,5.480684628766737
182,2428372,16,,left,saccade,46.0,,,,672.191,308.394,733.179,311.089,,,
183,2428372,20,,right,saccade,,46.0,,,638.842,333.39300000000014,733.0980000000003,325.539,,,
184,2428392,320,3.084932098765432,left,fixation,47.0,,779.5393209876538,316.30507407407396,,,,,2.0,2.92715044853964,3.7651480528866688
185,2428396,320,3.084234567901235,right,fixation,,47.0,749.049765432099,346.183851851852,,,,,4.0,2.965874792177695,13.253778217340198
186,2428716,16,,left,saccade,47.0,,,,777.9960000000003,317.876,856.4689999999997,317.876,,,
187,2428720,12,,right,saccade,,47.0,,,764.6569999999997,363.50800000000004,825.707,364.226,,,
188,2428736,724,3.0338508287292814,left,fixation,48.0,,862.896483516483,322.015461538462,,,,,2.0,2.43863790323139,10.23875340058548
189,2428736,724,3.0338508287292814,right,fixation,,48.0,836.084796703297,367.06536813186796,,,,,1.0,2.1533243549864287,8.385006857480763
190,2429464,44,,left,saccade,48.0,,,,871.79,338.36,481.06800000000004,327.404,,,
191,2429464,44,,right,saccade,,48.0,,,827.388,366.041,447.73199999999997,363.736,,,
192,2429512,276,2.950615942028985,left,fixation,49.0,,471.586114285714,321.257942857143,,,,,1.0,2.7629082956189466,15.17402942530432
193,2429512,276,2.950615942028985,right,fixation,,49.0,428.84821428571405,359.436171428571,,,,,2.0,2.1671781555293315,10.861162407414275
194,2429792,40,,left,saccade,49.0,,,,454.88800000000003,308.15,816.841,297.379,,,
195,2429792,44,,right,saccade,,49.0,,,448.19800000000004,363.31199999999995,817.72,345.316,,,
196,2429836,1224,2.9377254901960783,left,fixation,50.0,,859.5353322475571,322.62322149837104,,,,,4.0,2.510192087275944,7.8856839169381905
197,2429840,1220,2.9376409836065576,right,fixation,,50.0,841.6279901960789,362.95940849673286,,,,,2.0,1.9454517595710084,8.860844769827949
198,2431064,40,,left,saccade,50.0,,,,866.931,334.772,499.101,325.28,,,
199,2431064,40,,right,saccade,,50.0,,,840.3910000000003,351.352,476.18300000000005,345.845,,,
200,2431108,404,2.9370350000000003,right,fixation,,51.0,441.73276470588206,347.4625,,,,,3.0,4.561969602850297,19.794531000489425
201,2431108,408,2.936673267326733,left,fixation,51.0,,464.624922330097,311.162097087379,,,,,3.0,2.6022422264907554,8.542559456627897
202,2431516,40,,right,saccade,,51.0,,,445.26599999999996,349.154,734.85,260.61,,,
203,2431520,32,,left,saccade,51.0,,,,442.306,311.118,669.441,249.71900000000002,,,
204,2431556,488,2.7972073170731706,left,fixation,52.0,,743.324780487805,313.911430894309,,,,,4.0,4.135949331317538,25.91330542111142
205,2431560,480,2.7966900826446275,right,fixation,,52.0,749.8489669421492,330.004305785124,,,,,8.0,3.3737699447705847,15.187943543466028
206,2432044,16,,right,saccade,,52.0,,,729.0939999999997,344.189,669.3639999999998,341.584,,,
207,2432048,8,,left,saccade,52.0,,,,723.704,325.621,692.648,325.319,,,
208,2432060,272,2.909757352941176,left,fixation,53.0,,667.189855072464,319.663347826087,,,,,1.0,3.2304482188149017,7.176663918562777
209,2432064,268,2.9101343283582093,right,fixation,,53.0,643.668147058824,350.6586176470591,,,,,2.0,2.9082403670684505,10.692974364588355
210,2432336,16,,right,saccade,,53.0,,,639.687,354.57,575.241,355.042,,,
211,2432336,20,,left,saccade,53.0,,,,662.813,314.533,570.809,315.763,,,
212,2432356,263,2.9023615384615384,right,fixation,,54.0,555.661910447761,363.651089552239,,,,,1.0,3.0567631800466417,9.875110125968137
213,2432360,259,2.9020624999999995,left,fixation,54.0,,554.880439393939,304.87103030302995,,,,,3.0,2.775308834849384,12.475759934487131
214,2432623,36,,right,saccade,,54.0,,,555.154,366.99699999999996,834.49,362.316,,,
215,2432623,40,,left,saccade,54.0,,,,555.46,310.82599999999996,842.475,316.33299999999997,,,
216,2432663,317,2.8634812500000004,right,fixation,,55.0,838.5814625,351.9157625,,,,,4.0,2.7053209781690373,17.649250383520414
217,2432667,317,2.8635625,left,fixation,55.0,,841.5835875,323.489325,,,,,3.0,4.3135800444358665,17.86214942120067
218,2432984,60,,right,saccade,,55.0,,,816.495,347.65,1464.156,320.462,,,
219,2432988,52,,left,saccade,55.0,,,,817.2310000000001,330.871,1474.924,308.541,,,
220,2433044,1248,3.0351837060702875,left,fixation,56.0,,1529.41127476038,279.491920127796,,,,,5.0,3.595526131016695,12.554926135064735
221,2433048,1248,3.0358083067092654,right,fixation,,56.0,1518.0140031948902,293.516530351437,,,,,9.0,2.4207830704619044,12.23295296980215
222,2434296,60,,left,saccade,56.0,,,,1541.13,275.702,744.087,389.009,,,
223,2434300,56,,right,saccade,,56.0,,,1526.8010000000006,283.062,709.693,397.145,,,
224,2434360,264,3.0289318181818183,left,fixation,57.0,,733.1747164179111,426.228776119403,,,,,1.0,3.1694816435639708,8.136483822880754
225,2434360,264,3.0289318181818183,right,fixation,,57.0,686.164985074627,422.536671641791,,,,,2.0,2.903180360647422,11.10154223989541
226,2434628,32,,left,saccade,57.0,,,,726.427,430.462,525.1419999999998,449.287,,,
227,2434628,32,,right,saccade,,57.0,,,678.346,425.76199999999994,481.0,462.009,,,
228,2434664,644,2.9588850931677015,left,fixation,58.0,,449.430302469135,454.03508641975304,,,,,3.0,4.306675612294788,19.523381522440427
229,2434664,644,2.9588850931677015,right,fixation,,58.0,439.793444444445,487.42520987654297,,,,,6.0,3.862925331901201,13.925091089982464
230,2435312,8,,left,saccade,58.0,,,,458.212,463.295,480.779,461.097,,,
231,2435312,8,,right,saccade,,58.0,,,459.385,488.639,483.591,490.754,,,
232,2435324,484,2.9303526315789474,left,fixation,59.0,,533.822401639344,462.868114754098,,,,,1.0,3.2818547770700897,11.605705579584534
233,2435324,484,2.9303526315789474,right,fixation,,59.0,514.9670081967209,486.71462295082,,,,,3.0,2.1751024783485846,7.123460545965438
234,2435812,40,,left,saccade,59.0,,,,535.3290000000002,453.032,283.272,490.37800000000004,,,
235,2435812,40,,right,saccade,,59.0,,,516.544,481.45099999999996,441.10900000000004,421.917,,,
236,2436036,44,,left,fixation,60.0,,300.974,483.7451666666671,,,,,1.0,97.23998977586905,32.76885321460002
237,2436080,8,,right,fixation,,60.0,439.248666666667,417.524,,,,,0.0,,
238,2436084,8,,left,saccade,60.0,,,,324.157,448.707,330.0680000000001,445.68300000000005,,,
239,2436092,4,,right,saccade,,60.0,,,434.967,407.532,433.88599999999997,394.921,,,
240,2436096,24,2.6338401360544217,left,fixation,61.0,,343.74199999999996,404.642857142857,,,,,1.0,9.657742000879669,17.157721818469923
241,2436100,276,2.7541545454545453,right,fixation,,61.0,423.255871428571,398.64368571428594,,,,,3.0,5.642918377576773,45.766485602197506
242,2436124,4,,left,saccade,61.0,,,,353.436,379.124,363.129,370.16900000000004,,,
243,2436132,248,2.7648557692307687,left,fixation,62.0,,402.77171428571404,370.93160317460297,,,,,4.0,4.186401687596944,26.662409549192773
244,2436380,20,,right,saccade,,61.0,,,426.464,451.548,520.7719999999998,452.064,,,
245,2436384,20,,left,saccade,62.0,,,,401.902,419.675,527.93,427.417,,,
246,2436404,176,2.862045454545455,right,fixation,,62.0,532.2312,461.944488888889,,,,,0.0,,
247,2436408,803,2.8613750000000007,left,fixation,63.0,,620.335504950495,443.204910891089,,,,,3.0,5.963218523573223,35.70636950078147
248,2436584,20,,right,saccade,,62.0,,,539.9780000000002,473.13300000000004,612.6519999999998,467.324,,,
249,2436608,603,2.8614466666666667,right,fixation,,63.0,642.2965789473681,456.92398026315806,,,,,1.0,2.5891243157141526,7.574301419933008
250,2437215,20,,left,saccade,63.0,,,,652.379,445.93199999999996,741.305,451.86800000000005,,,
251,2437215,20,,right,saccade,,63.0,,,645.257,444.25,731.9830000000003,458.42900000000003,,,
252,2437239,1508,2.9196883289124664,right,fixation,,64.0,827.7904153439149,474.96235449735497,,,,,11.0,3.1484524317708886,15.600655497385453
253,2437239,1512,2.919791005291005,left,fixation,64.0,,842.109860158311,448.54679419525,,,,,8.0,4.562292644440274,21.691728889364672
254,2438751,20,,right,saccade,,64.0,,,862.095,468.434,759.8489999999997,473.031,,,
255,2438755,12,,left,saccade,64.0,,,,849.113,429.788,794.9,431.871,,,
256,2438771,1204,2.9365116279069765,left,fixation,65.0,,759.829314569536,432.110645695364,,,,,3.0,2.9258913432108344,6.101599434821818
257,2438775,1200,2.9364266666666667,right,fixation,,65.0,747.621631229236,462.164747508306,,,,,6.0,2.19911904881174,11.731068338499885
258,2439979,16,,left,saccade,65.0,,,,741.4739999999997,433.35400000000004,656.1510000000002,433.35400000000004,,,
259,2439979,20,,right,saccade,,65.0,,,726.587,452.534,637.295,457.58,,,
260,2439999,136,2.8824210526315794,left,fixation,66.0,,637.367228571429,435.326742857143,,,,,1.0,2.05472913191873,5.083850705911778
261,2440003,128,2.881647058823529,right,fixation,,66.0,628.597090909091,466.93803030303,,,,,1.0,2.3148770185716514,7.4994581804287295
262,2440135,40,,right,saccade,,66.0,,,625.169,467.606,643.401,341.181,,,
263,2440139,40,,left,saccade,66.0,,,,631.4590000000002,434.566,589.703,407.167,,,
264,2440459,24,,left,fixation,67.0,,585.654,391.8658571428569,,,,,1.0,7.645430479850183,12.303102738740327
265,2440475,1036,2.8136469696589543,right,fixation,,67.0,632.195219230769,425.081446153846,,,,,11.0,2.7564857038061774,10.653039448508373
266,2440487,8,,left,saccade,67.0,,,,581.443,364.792,579.5740000000002,345.55800000000005,,,
267,2440499,0,,left,fixation,68.0,,578.751,329.486,,,,,0.0,,
268,2440503,0,,left,saccade,68.0,,,,577.844,320.595,577.844,320.595,,,
269,2440507,1008,2.8139997889119317,left,fixation,69.0,,619.5037114624511,395.956845849803,,,,,7.0,3.5033542439969225,22.776730696088876
270,2441515,28,,right,saccade,,67.0,,,612.646,460.907,447.75199999999995,466.651,,,
271,2441519,24,,left,saccade,69.0,,,,614.049,423.99300000000005,472.841,444.39300000000003,,,
272,2441547,928,2.9981745689655175,right,fixation,,68.0,484.07754077253196,455.937231759657,,,,,10.0,3.0853312014777066,18.99616843232661
273,2441547,932,2.9984656652360515,left,fixation,70.0,,501.600773504273,458.847273504273,,,,,9.0,3.665324891758412,19.21618695337472
274,2442479,24,,right,saccade,,68.0,,,504.92,438.63800000000003,404.81800000000004,439.13699999999994,,,
275,2442483,20,,left,saccade,70.0,,,,536.874,446.99199999999996,448.31300000000016,448.19599999999997,,,
276,2442507,1048,3.175990458015267,left,fixation,71.0,,431.6529543726229,447.712730038023,,,,,13.0,3.1613018699469335,14.18579131578856
277,2442507,1048,3.175990458015267,right,fixation,,69.0,404.78583650190086,440.73995057034205,,,,,11.0,3.0342848455656517,17.36775891475531
278,2443559,20,,left,saccade,71.0,,,,438.454,454.343,537.689,452.69699999999995,,,
279,2443559,20,,right,saccade,,69.0,,,432.64599999999996,458.75699999999995,519.9209999999998,448.851,,,
280,2443583,504,3.204011904761905,left,fixation,72.0,,539.2410472440952,461.41526771653605,,,,,7.0,2.9873086784328384,12.831459828410518
281,2443583,504,3.204011904761905,right,fixation,,70.0,516.968614173228,447.94262204724487,,,,,6.0,2.4616103487607384,8.446405792524942
282,2444091,36,,left,saccade,72.0,,,,533.513,456.845,764.3789999999997,442.925,,,
283,2444091,36,,right,saccade,,70.0,,,515.033,453.62,773.291,454.319,,,
284,2444131,480,3.0415875000000003,left,fixation,73.0,,766.7686694214882,441.543603305785,,,,,8.0,3.605104814605074,18.244718648390233
285,2444131,484,3.041450413223141,right,fixation,,71.0,767.78193442623,440.978155737705,,,,,6.0,4.390417491432098,22.64433367396968
286,2444615,20,,left,saccade,73.0,,,,742.426,434.54,839.046,444.23199999999997,,,
287,2444619,20,,right,saccade,,71.0,,,750.8560000000001,447.906,844.8660000000001,452.14300000000003,,,
288,2444639,312,2.9935961538461537,left,fixation,74.0,,858.895202531645,451.493987341772,,,,,3.0,2.292784579396156,9.635834273119283
289,2444643,308,2.99337012987013,right,fixation,,72.0,859.8565,442.670025641026,,,,,5.0,2.970728035335158,13.67689222583158
290,2444955,40,,left,saccade,74.0,,,,841.7710000000003,448.74300000000005,574.43,452.134,,,
291,2444955,40,,right,saccade,,72.0,,,861.3539999999997,447.37199999999996,579.099,442.005,,,
292,2444999,324,2.9915812500000003,right,fixation,,73.0,559.984682926829,453.86453658536595,,,,,6.0,2.6516857488654004,7.1291497710565235
293,2444999,720,2.970899441340781,left,fixation,75.0,,606.413668508288,447.451082872928,,,,,3.0,6.942737080028539,35.67565271898203
294,2445327,4,,right,saccade,,73.0,,,587.2719999999998,454.227,600.154,455.228,,,
295,2445335,384,2.9535104166666666,right,fixation,,74.0,642.361237113402,468.355742268041,,,,,3.0,2.657512694107406,12.869722490251863
296,2445723,20,,left,saccade,75.0,,,,655.224,437.705,734.628,438.885,,,
297,2445723,20,,right,saccade,,74.0,,,635.7919999999998,459.98800000000006,738.834,458.20099999999996,,,
298,2445747,452,2.9220309734513275,left,fixation,76.0,,766.866114035088,449.9730263157901,,,,,1.0,2.491847830649219,10.33952900281242
299,2445747,452,2.9220309734513275,right,fixation,,75.0,757.586684210526,464.737403508772,,,,,4.0,2.1379753764549188,9.414385226177306
300,2446203,48,,left,saccade,76.0,,,,759.421,442.017,1333.0810000000001,395.99300000000005,,,
301,2446203,52,,right,saccade,,75.0,,,750.5260000000003,453.195,1333.612,429.17900000000003,,,
302,2446255,232,2.9639310344827585,left,fixation,77.0,,1366.16454237288,395.488016949153,,,,,1.0,5.425276831134455,15.050657992260886
303,2446259,228,2.9642017543859662,right,fixation,,76.0,1356.11893103448,406.119862068965,,,,,1.0,2.7170253546438685,15.2243889860972
304,2446491,48,,right,saccade,,76.0,,,1365.318,422.159,760.4689999999997,418.93699999999995,,,
305,2446491,52,,left,saccade,77.0,,,,1382.7879999999998,407.026,768.1410000000003,430.07800000000003,,,
306,2446543,544,2.909470802919708,right,fixation,,77.0,733.3078102189778,436.60656934306604,,,,,3.0,3.4750260715951002,16.13905060404326
307,2446547,540,2.909169117647058,left,fixation,78.0,,743.638727941176,434.096794117647,,,,,2.0,5.220521728789815,28.695817666995897
308,2447091,52,,right,saccade,,77.0,,,717.451,430.05400000000003,1353.168,419.006,,,
309,2447091,56,,left,saccade,78.0,,,,721.547,420.11199999999997,1389.368,401.923,,,
310,2447147,1012,2.9492214566929134,right,fixation,,78.0,1438.7592519685004,420.11031496063,,,,,12.0,2.4380716966210256,17.364486478681034
311,2447151,1008,2.949370553359684,left,fixation,79.0,,1452.7858656126502,416.74726086956497,,,,,7.0,2.9683032266790867,12.887407595300768
312,2448163,52,,left,saccade,79.0,,,,1476.854,404.17800000000005,849.2860000000003,404.98199999999997,,,
313,2448163,52,,right,saccade,,78.0,,,1464.915,421.966,834.6560000000003,412.316,,,
314,2448219,344,2.9677034883720936,left,fixation,80.0,,823.2077471264371,407.8779655172409,,,,,2.0,3.7833073758785662,15.829183811280824
315,2448219,344,2.9677034883720936,right,fixation,,79.0,798.055494252874,409.31843678160897,,,,,4.0,2.2893841636238843,10.318520414400766
316,2448567,28,,left,saccade,80.0,,,,804.81,413.829,596.206,550.595,,,
317,2448567,28,,right,saccade,,79.0,,,776.0369999999997,413.157,579.941,537.984,,,
318,2448599,196,2.9597346938775506,right,fixation,,80.0,569.8770400000002,559.70186,,,,,1.0,3.2779353639143065,6.590999013806659
319,2448599,200,2.9597600000000006,left,fixation,81.0,,580.121156862745,583.600274509804,,,,,2.0,4.506203816667087,34.910368727248674
320,2448799,20,,right,saccade,,80.0,,,568.8290000000002,567.095,466.665,578.818,,,
321,2448803,20,,left,saccade,81.0,,,,574.518,580.486,494.602,591.063,,,
322,2448823,452,2.9491283185840707,right,fixation,,81.0,427.443228070175,590.162789473684,,,,,6.0,2.580498581338352,10.551607289716284
323,2448827,452,2.9492433628318584,left,fixation,82.0,,452.252061403509,602.593280701754,,,,,2.0,3.4172775404458213,20.49661040071589
324,2449279,20,,right,saccade,,81.0,,,405.333,579.995,499.591,584.139,,,
325,2449283,16,,left,saccade,82.0,,,,444.658,597.884,495.07199999999995,600.558,,,
326,2449303,468,2.9336452991452986,right,fixation,,82.0,521.3633305084751,583.3740847457631,,,,,4.0,1.9732436308503936,5.904256563513807
327,2449303,472,2.9337457627118644,left,fixation,83.0,,549.276731092437,598.899378151261,,,,,1.0,2.8489985472481782,17.716724358639258
328,2449775,20,,right,saccade,,82.0,,,523.217,581.763,616.362,580.306,,,
329,2449779,16,,left,saccade,83.0,,,,561.7080000000002,599.67,624.5830000000002,594.244,,,
330,2449799,396,2.947111111111111,right,fixation,,83.0,630.8254900000002,576.4854799999998,,,,,3.0,1.6080451412483994,4.506813167935871
331,2449799,400,2.94698,left,fixation,84.0,,662.270861386138,585.534861386138,,,,,1.0,2.976475119816887,11.100922889561918
332,2450199,24,,right,saccade,,83.0,,,638.126,579.009,752.7260000000001,584.355,,,
333,2450203,16,,left,saccade,84.0,,,,660.388,588.062,732.5169999999997,582.493,,,
334,2450223,476,2.870987394957984,left,fixation,85.0,,763.708966666667,596.0013,,,,,2.0,2.6295242341521736,19.108177921862193
335,2450227,476,2.870970588235294,right,fixation,,84.0,761.286458333333,601.743575,,,,,2.0,3.603479782250805,21.45147398720929
336,2450703,24,,left,saccade,85.0,,,,722.45,566.312,833.2239999999997,560.771,,,
337,2450707,20,,right,saccade,,84.0,,,743.8539999999997,583.15,838.877,587.464,,,
338,2450731,1064,2.8523872180451133,left,fixation,86.0,,849.438621722846,559.58106741573,,,,,6.0,3.623992437407205,13.50558580331105
339,2450731,1068,2.852288389513108,right,fixation,,85.0,854.02970522388,608.0387835820901,,,,,5.0,3.290008858759653,19.29485673574377
340,2451799,48,,left,saccade,86.0,,,,850.505,577.6,471.115,584.104,,,
341,2451803,48,,right,saccade,,85.0,,,838.2339999999997,588.17,436.593,588.538,,,
342,2451851,679,2.7989416405915213,left,fixation,87.0,,434.01982456140297,585.684093567251,,,,,3.0,2.3722297522364553,12.821129314809493
343,2451855,675,2.7988144690463908,right,fixation,,86.0,426.134841176471,599.760023529411,,,,,4.0,2.218217796483532,6.66471075916153
344,2452534,48,,left,saccade,87.0,,,,407.67400000000004,593.013,367.185,601.38,,,
345,2452534,68,,right,saccade,,86.0,,,402.718,608.3340000000002,444.3,516.239,,,
346,2452806,36,,left,fixation,88.0,,372.9215,585.9448,,,,,1.0,116.41798003613722,681.2691878090483
347,2452818,24,,right,fixation,,87.0,464.01471428571404,522.275,,,,,1.0,5.252875535255779,7.5812949421586335
348,2452846,36,,left,saccade,88.0,,,,381.50300000000004,562.9630000000002,821.2280000000003,486.899,,,
349,2452846,40,,right,saccade,,87.0,,,474.336,522.261,963.052,362.20099999999996,,,
350,2452886,496,2.8630508474576275,left,fixation,89.0,,836.741368,498.43741600000004,,,,,5.0,3.1658517602870613,13.753567547827856
351,2452890,12,2.722666666666667,right,fixation,,88.0,968.547,373.0605,,,,,0.0,,
352,2452906,16,,right,saccade,,88.0,,,969.937,376.94599999999997,965.617,445.5,,,
353,2452926,452,2.8683348214285718,right,fixation,,89.0,890.1378421052631,511.04482456140295,,,,,3.0,6.281482350398039,35.96960474660711
354,2453382,24,,right,saccade,,89.0,,,880.533,549.304,747.163,557.515,,,
355,2453386,20,,left,saccade,89.0,,,,854.8839999999999,584.092,734.89,581.9580000000002,,,
356,2453410,460,2.8832478260869565,right,fixation,,90.0,733.7346465517239,575.972094827586,,,,,2.0,1.9714459648619087,5.891347277269797
357,2453410,464,2.8836939655172418,left,fixation,90.0,,727.7822564102562,567.285957264957,,,,,1.0,4.104334582013394,27.35562737354054
358,2453874,20,,right,saccade,,90.0,,,751.408,585.331,626.7180000000002,592.606,,,
359,2453878,20,,left,saccade,90.0,,,,723.635,558.9780000000002,631.7919999999998,570.759,,,
360,2453898,844,2.9764715639810437,right,fixation,,91.0,618.8862783018869,597.206037735849,,,,,11.0,3.0575669143524427,10.43485897930441
361,2453902,844,2.9766919431279626,left,fixation,91.0,,624.337641509434,578.180636792453,,,,,3.0,2.30911894445668,7.074547892963303
362,2454746,20,,right,saccade,,91.0,,,607.785,596.712,522.7769999999998,601.028,,,
363,2454750,20,,left,saccade,91.0,,,,617.039,563.3330000000002,526.97,576.154,,,
364,2454770,468,3.002247863247863,right,fixation,,92.0,514.245186440678,604.66563559322,,,,,3.0,2.273555753642474,7.431482595047977
365,2454774,837,2.981114285714286,left,fixation,92.0,,506.130128571429,595.725776190476,,,,,5.0,4.219178407586,26.482017585036957
366,2455242,16,,right,saccade,,92.0,,,522.7230000000002,610.775,459.686,606.981,,,
367,2455262,345,2.952172413793104,right,fixation,,93.0,432.50655172413803,596.036149425287,,,,,2.0,2.3572300980767746,7.4313751562372765
368,2455611,32,,right,saccade,,93.0,,,431.93699999999995,602.44,646.067,603.596,,,
369,2455615,28,,left,saccade,92.0,,,,466.42699999999996,603.025,652.711,596.988,,,
370,2455647,800,2.8811725,right,fixation,,94.0,656.201328358209,597.651313432836,,,,,6.0,3.340446288561538,16.898179407565618
371,2455647,804,2.880997512437811,left,fixation,93.0,,663.185846534654,601.168633663366,,,,,4.0,3.7573700222964335,19.556353803306422
372,2456451,20,,right,saccade,,94.0,,,634.7230000000002,593.651,543.4580000000002,599.4780000000002,,,
373,2456455,20,,left,saccade,93.0,,,,642.385,618.4490000000002,564.033,615.84,,,
374,2456475,164,2.852987804878049,right,fixation,,95.0,535.937904761905,596.938904761904,,,,,2.0,2.229469531025484,4.851421688026829
375,2456479,164,2.853353658536585,left,fixation,94.0,,552.335952380952,609.7197380952381,,,,,2.0,3.937284653054393,15.53930578181954
376,2456643,36,,right,saccade,,95.0,,,533.418,609.481,750.562,608.865,,,
377,2456647,36,,left,saccade,94.0,,,,560.53,618.515,753.566,584.794,,,
378,2456683,259,2.8397421875000006,right,fixation,,96.0,765.570181818182,602.344560606061,,,,,2.0,2.6050454688017504,9.386228054538387
379,2456687,383,2.8397736842105266,left,fixation,95.0,,796.430701030928,584.133659793814,,,,,3.0,5.454022202393037,31.887005217127637
380,2456946,8,,right,saccade,,96.0,,,793.686,588.082,819.543,592.48,,,
381,2456958,116,2.8396379310344826,right,fixation,,97.0,838.977666666667,597.4556,,,,,1.0,4.256580265372143,7.990091989457903
382,2457074,44,,left,saccade,95.0,,,,865.2769999999997,581.405,487.0,593.471,,,
383,2457078,40,,right,saccade,,97.0,,,836.98,600.034,451.37199999999996,601.9209999999998,,,
384,2457122,344,2.860752873563219,right,fixation,,98.0,432.410103448276,605.348356321839,,,,,6.0,2.4405749655960083,11.320113865207873
385,2457122,352,2.8615730337078653,left,fixation,96.0,,461.044764044944,584.534719101124,,,,,2.0,2.2470507269796047,6.373993564916292
386,2457470,20,,right,saccade,,98.0,,,422.092,586.485,526.8969999999998,582.265,,,
387,2457478,20,,left,saccade,96.0,,,,486.991,608.69,545.81,597.1669999999998,,,
388,2457494,372,2.9322258064516133,right,fixation,,99.0,523.4900957446811,573.1123723404261,,,,,4.0,4.27520170032232,18.55064188751092
389,2457502,140,2.9212142857142855,left,fixation,97.0,,581.145388888889,590.510722222222,,,,,2.0,4.974981235022724,12.590450879103889
390,2457646,8,,left,saccade,97.0,,,,555.899,588.962,537.4159999999998,585.648,,,
391,2457658,212,2.940811320754717,left,fixation,98.0,,516.499740740741,565.315481481481,,,,,2.0,2.875639293068084,15.943952397105413
392,2457870,64,,right,saccade,,99.0,,,498.801,576.677,1282.28,526.67,,,
393,2457874,60,,left,saccade,98.0,,,,521.939,573.379,1320.0079999999996,494.275,,,
394,2457938,940,2.954431623931624,left,fixation,99.0,,1375.57919915254,536.244508474576,,,,,15.0,4.256390877048437,17.22027976949066
395,2457938,944,2.954563829787234,right,fixation,,100.0,1348.10795780591,552.914544303798,,,,,9.0,4.044329102237998,21.65278178536318
396,2458882,56,,left,saccade,99.0,,,,1388.4,561.158,720.197,554.126,,,
397,2458886,48,,right,saccade,,100.0,,,1359.8239999999996,558.304,709.049,542.689,,,
398,2458938,236,2.9585762711864403,right,fixation,,101.0,698.4695833333328,549.061133333333,,,,,2.0,2.314222620925096,7.930456800684358
399,2458942,232,2.9584310344827585,left,fixation,100.0,,701.849254237288,550.973915254237,,,,,0.0,,
400,2459178,48,,right,saccade,,101.0,,,702.3860000000003,552.411,1304.626,552.177,,,
401,2459178,52,,left,saccade,100.0,,,,698.34,549.418,1356.499,534.236,,,
402,2459230,208,2.9671826923076923,right,fixation,,102.0,1334.6925283018902,584.154113207547,,,,,3.0,2.668866828349675,16.499535644886773
403,2459234,204,2.967049019607843,left,fixation,101.0,,1384.8111923076901,549.303634615385,,,,,2.0,3.647431544567744,8.073571954891454
404,2459442,44,,left,saccade,101.0,,,,1390.8029999999999,551.361,918.097,556.217,,,
405,2459442,44,,right,saccade,,102.0,,,1335.8929999999998,600.284,906.961,594.856,,,
406,2459490,128,2.9144545454545456,left,fixation,102.0,,891.8610000000001,548.916848484849,,,,,2.0,3.9268279066643856,8.23116751802977
407,2459490,132,2.9143235294117646,right,fixation,,103.0,877.244911764706,595.75755882353,,,,,1.0,4.480979881057796,45.37111261584842
408,2459622,24,,left,saccade,102.0,,,,895.4780000000003,548.011,752.952,566.3969999999998,,,
409,2459626,20,,right,saccade,,103.0,,,866.0880000000003,611.486,751.622,592.405,,,
410,2459650,256,2.931420634920636,right,fixation,,104.0,728.486538461539,580.3981076923079,,,,,3.0,3.207432160858358,18.695248892452213
411,2459650,260,2.9313125000000007,left,fixation,103.0,,736.7690303030299,565.173212121212,,,,,0.0,,
412,2459910,20,,right,saccade,,104.0,,,729.033,592.4780000000002,795.0419999999997,585.739,,,
413,2459914,20,,left,saccade,103.0,,,,738.4960000000003,557.7080000000002,822.1160000000001,561.045,,,
414,2459934,356,2.8793820224719098,right,fixation,,105.0,844.080988888889,589.211077777778,,,,,2.0,3.5027954374638277,19.707362102629997
415,2459938,356,2.878471910112359,left,fixation,104.0,,842.3469,565.6769111111107,,,,,2.0,2.6936775293442494,12.827300863972257
416,2460294,32,,right,saccade,,105.0,,,852.67,592.4490000000002,646.814,600.146,,,
417,2460298,28,,left,saccade,104.0,,,,842.1510000000003,575.169,662.5219999999998,585.362,,,
418,2460330,268,2.854134328358209,left,fixation,105.0,,637.498661764706,592.34005882353,,,,,1.0,2.4803820774227217,13.221582999020894
419,2460330,268,2.854134328358209,right,fixation,,106.0,627.970588235294,590.977220588235,,,,,6.0,2.646205622630554,8.534354769220679
420,2460602,20,,left,saccade,105.0,,,,627.127,599.601,546.124,600.757,,,
421,2460602,20,,right,saccade,,106.0,,,605.63,579.339,507.309,585.335,,,
422,2460626,628,2.9083025477707007,right,fixation,,107.0,517.206164556962,596.683063291139,,,,,10.0,3.1370713316305263,13.419834343675788
423,2460626,640,2.908478125,left,fixation,106.0,,535.103124223603,602.9161987577639,,,,,4.0,3.0259742199118467,14.563165307506814
424,2461258,20,,right,saccade,,107.0,,,528.133,590.1,610.034,586.2,,,
425,2461270,12,,left,saccade,106.0,,,,586.627,598.234,623.612,597.759,,,
426,2461282,380,2.8776052631578946,right,fixation,,108.0,658.6489999999999,595.99903125,,,,,7.0,3.565363336398621,18.836000105720696
427,2461286,376,2.8772606382978725,left,fixation,107.0,,664.7719999999998,591.610378947369,,,,,2.0,3.2479608039806718,14.150877996961707
428,2461666,16,,right,saccade,,108.0,,,665.5360000000003,597.856,737.2860000000003,587.489,,,
429,2461666,20,,left,saccade,107.0,,,,671.206,574.896,751.122,577.904,,,
430,2461686,484,2.8494918032786885,right,fixation,,109.0,755.299065573771,599.317491803278,,,,,6.0,3.716676390650648,18.264532281445447
431,2461690,480,2.84952479338843,left,fixation,108.0,,761.7754380165289,577.721685950413,,,,,6.0,2.9357456901242123,13.894409564022725
432,2462174,32,,right,saccade,,109.0,,,736.051,611.911,452.838,604.442,,,
433,2462174,36,,left,saccade,108.0,,,,743.2360000000001,571.364,471.972,592.884,,,
434,2462210,536,2.9716828358208947,right,fixation,,110.0,422.10976296296303,599.701229629629,,,,,5.0,2.677429590781309,12.179582803406243
435,2462214,540,2.9727407407407416,left,fixation,109.0,,448.181272058824,602.1375588235289,,,,,2.0,2.2176290602192825,5.058422008647212
436,2462750,20,,right,saccade,,110.0,,,404.79699999999997,591.188,476.38699999999994,589.126,,,
437,2462758,12,,left,saccade,109.0,,,,451.542,599.925,504.14099999999996,599.925,,,
438,2462774,172,3.01329069767442,right,fixation,,111.0,513.898068181818,587.2591136363627,,,,,3.0,2.3491430438488865,7.282185978757682
439,2462774,176,3.0130681818181815,left,fixation,110.0,,529.337422222222,591.8143555555561,,,,,2.0,2.5799283483137403,9.245084812503842
440,2462950,36,,right,saccade,,111.0,,,514.251,596.639,784.4730000000003,586.5740000000002,,,
441,2462954,32,,left,saccade,110.0,,,,552.028,594.913,785.262,594.6030000000002,,,
442,2462990,312,3.00225,left,fixation,111.0,,839.601417721519,604.122746835443,,,,,5.0,3.664352247247867,18.037270307011422
443,2462990,312,3.00225,right,fixation,,112.0,817.293670886076,583.7097721518991,,,,,5.0,1.9878519431892496,6.334291215767225
444,2463306,48,,left,saccade,111.0,,,,852.0830000000003,619.711,438.76300000000003,710.977,,,
445,2463306,48,,right,saccade,,112.0,,,829.4060000000003,590.236,410.11800000000005,684.623,,,
446,2463358,496,2.9676732264334307,left,fixation,112.0,,404.382888,701.583992,,,,,3.0,3.324025798786113,17.058457249492072
447,2463358,496,2.9676732264334307,right,fixation,,113.0,397.45007200000003,698.61608,,,,,5.0,3.7161584036949664,15.68247405737224
448,2463858,48,,left,saccade,112.0,,,,393.24,689.6519999999997,299.356,899.163,,,
449,2463858,44,,right,saccade,,113.0,,,355.256,691.903,284.926,583.602,,,
450,2464118,80,,left,fixation,113.0,,302.321761904762,862.568428571429,,,,,1.0,8.746085225846956,96.8568727401417
451,2464126,12,,right,fixation,,114.0,281.1535,571.79925,,,,,0.0,,
452,2464142,28,,right,saccade,,114.0,,,281.406,567.865,315.361,679.9110000000003,,,
453,2464174,560,3.0644374397532284,right,fixation,,115.0,470.296787234042,681.364673758865,,,,,13.0,5.5289640138045515,23.004309235267787
454,2464202,20,,left,saccade,113.0,,,,311.532,799.83,317.202,742.796,,,
455,2464226,276,3.055107233733188,left,fixation,114.0,,381.8611,678.3999428571431,,,,,3.0,8.206973453893703,58.80383034138915
456,2464506,4,,left,saccade,114.0,,,,472.965,656.8639999999998,482.934,655.995,,,
457,2464514,220,3.0723545454545462,left,fixation,115.0,,507.138678571428,657.6832321428569,,,,,5.0,2.9975330648641605,9.642356222530127
458,2464738,20,,left,saccade,115.0,,,,518.725,694.725,607.394,706.312,,,
459,2464738,20,,right,saccade,,115.0,,,541.007,726.709,609.181,726.6510000000003,,,
460,2464762,524,2.9882290076335876,right,fixation,,116.0,615.963128787879,758.2570984848489,,,,,6.0,2.8452235592833666,12.884936635485294
461,2464762,824,2.9778956310679616,left,fixation,116.0,,664.076526570048,762.524647342994,,,,,5.0,3.9603022070451916,18.86401729287869
462,2465290,8,,right,saccade,,116.0,,,642.3919999999998,773.495,666.2810000000002,773.383,,,
463,2465302,284,2.9609154929577466,right,fixation,,117.0,703.071208333333,747.929194444445,,,,,2.0,3.7468100338019967,19.835198920137366
464,2465590,24,,left,saccade,116.0,,,,706.637,757.11,826.4680000000003,760.347,,,
465,2465590,24,,right,saccade,,117.0,,,705.18,716.8960000000003,831.2439999999997,718.903,,,
466,2465618,236,3.0284827586206897,right,fixation,,118.0,850.2894,714.820483333333,,,,,1.0,3.31477091968664,14.74705140019514
467,2465618,240,3.028957627118644,left,fixation,117.0,,844.9920819672127,757.4406229508189,,,,,1.0,2.157900690228564,4.951441507278469
468,2465858,40,,right,saccade,,118.0,,,849.326,725.86,522.814,740.742,,,
469,2465862,36,,left,saccade,117.0,,,,846.328,759.14,550.781,747.9019999999997,,,
470,2465902,236,3.0389416666666667,right,fixation,,119.0,505.17905,751.5556,,,,,1.0,4.193348834099588,17.587227325533647
471,2465902,240,3.0396229508196715,left,fixation,118.0,,531.668524590164,743.15562295082,,,,,1.0,4.675427897826858,18.668321670680506
472,2466142,20,,right,saccade,,119.0,,,498.914,755.29,415.284,767.299,,,
473,2466146,16,,left,saccade,118.0,,,,523.383,751.196,464.202,758.8330000000003,,,
474,2466166,280,3.1057,left,fixation,119.0,,451.58677464788695,769.796605633803,,,,,2.0,2.409982932448816,4.5776967658624255
475,2466166,280,3.1057,right,fixation,,120.0,416.40505633802803,766.743563380282,,,,,1.0,3.273352791863416,6.5986786556097226
476,2466450,28,,right,saccade,,120.0,,,430.42800000000005,762.0269999999997,609.253,752.8889999999999,,,
477,2466450,32,,left,saccade,119.0,,,,441.51300000000003,772.395,644.512,766.048,,,
478,2466482,440,3.137627272727273,right,fixation,,121.0,630.520585585586,733.6837657657651,,,,,1.0,2.560706505157436,10.446753610572092
479,2466486,440,3.13755,left,fixation,120.0,,669.56617117117,776.360693693694,,,,,1.0,2.2461022102497807,5.348627487496242
480,2466926,20,,right,saccade,,121.0,,,639.101,725.4730000000003,723.084,727.7439999999997,,,
481,2466930,16,,left,saccade,120.0,,,,675.796,771.544,741.919,771.618,,,
482,2466950,344,3.130139534883721,right,fixation,,122.0,754.2861839080458,734.7771034482761,,,,,2.0,5.29078866953588,32.48540671503212
483,2466950,348,3.1306436781609195,left,fixation,121.0,,767.3660000000001,774.108636363636,,,,,3.0,4.478525848420892,24.150815477358588
484,2467298,20,,right,saccade,,122.0,,,738.081,754.055,841.1469999999997,760.243,,,
485,2467302,20,,left,saccade,121.0,,,,745.498,760.618,844.0989999999997,763.919,,,
486,2467322,276,3.2312608695652174,right,fixation,,123.0,843.110485714286,759.584428571428,,,,,2.0,1.8857808867481105,5.099887074701792
487,2467326,272,3.231963235294118,left,fixation,122.0,,858.969826086956,762.418507246377,,,,,1.0,1.7729304210198635,4.969840440094634
488,2467602,36,,left,saccade,122.0,,,,862.0089999999999,766.5060000000003,589.016,761.6010000000001,,,
489,2467602,36,,right,saccade,,123.0,,,843.388,762.985,543.172,770.4680000000003,,,
490,2467642,464,3.162267241379311,left,fixation,123.0,,554.019307692308,763.762811965812,,,,,2.0,3.1400998746385067,16.750847069626687
491,2467642,464,3.162267241379311,right,fixation,,124.0,510.066495726496,777.5231025641029,,,,,8.0,2.8750079116224674,11.217403148251588
492,2468110,20,,left,saccade,123.0,,,,525.976,763.48,452.92699999999996,753.923,,,
493,2468110,20,,right,saccade,,124.0,,,485.94599999999997,774.6669999999997,403.834,771.8969999999997,,,
494,2468134,104,,right,fixation,,125.0,393.069222222222,769.546111111111,,,,,1.0,4.413002181055448,7.263928689077297
495,2468134,108,,left,fixation,124.0,,445.698357142857,740.4971071428571,,,,,0.0,,
496,2468242,48,,right,saccade,,125.0,,,391.347,762.5010000000003,391.964,689.056,,,
497,2468246,44,,left,saccade,124.0,,,,434.111,731.503,326.3590000000001,868.238,,,
498,2468473,44,,left,fixation,125.0,,332.73199999999997,855.328166666667,,,,,2.0,6.177501418950116,15.236002062780006
499,2468481,193,3.041714870689655,right,fixation,,126.0,409.685040816327,666.924489795918,,,,,4.0,4.615252158419086,21.83434638656468
500,2468521,20,,left,saccade,125.0,,,,332.14099999999996,830.283,327.954,761.758,,,
501,2468545,24,,left,fixation,126.0,,323.609714285714,741.3371428571429,,,,,0.0,,
502,2468573,12,,left,saccade,126.0,,,,321.1,720.0939999999997,322.091,689.138,,,
503,2468589,85,3.041714870689656,left,fixation,127.0,,351.679772727273,665.233181818182,,,,,1.0,4.89829551420129,58.88967665049624
504,2468678,24,,left,saccade,127.0,,,,393.772,670.1339999999999,565.489,684.798,,,
505,2468678,24,,right,saccade,,126.0,,,441.26,631.0369999999998,601.953,660.551,,,
506,2468706,515,3.088609375,right,fixation,,127.0,646.839092307692,647.225061538462,,,,,7.0,4.894298933812335,17.85768755798379
507,2468706,519,3.08856976744186,left,fixation,128.0,,610.236847328244,670.975473282443,,,,,7.0,5.3399749955330815,25.77825675610449
508,2469225,65,,right,saccade,,127.0,,,613.5740000000002,668.927,1392.142,602.4780000000002,,,
509,2469229,61,,left,saccade,128.0,,,,568.4159999999998,671.1160000000001,1436.0179999999998,682.3960000000002,,,
510,2469294,836,3.0337631578947377,left,fixation,129.0,,1460.47117619048,694.150295238096,,,,,4.0,2.757168578467416,6.390423026739173
511,2469294,840,3.034,right,fixation,,128.0,1434.38509478673,670.9800805687213,,,,,12.0,3.858983115037058,19.59708147431612
512,2470134,56,,left,saccade,129.0,,,,1461.112,710.133,564.6659999999998,792.7669999999997,,,
513,2470138,56,,right,saccade,,128.0,,,1430.954,691.556,552.453,761.72,,,
514,2470194,152,3.226839743589744,left,fixation,130.0,,528.726974358974,748.5920769230769,,,,,2.0,5.009913416469344,36.08751570946549
515,2470198,144,3.227587837837838,right,fixation,,129.0,551.497567567568,762.679,,,,,1.0,3.017028799626828,7.08672060970367
516,2470346,59,,right,saccade,,129.0,,,546.241,777.485,1377.141,628.409,,,
517,2470350,59,,left,saccade,130.0,,,,532.405,742.819,1401.251,632.221,,,
518,2470409,228,3.1817894736842103,right,fixation,,130.0,1407.08739655172,633.678120689655,,,,,5.0,3.050790025333584,11.142907951530214
519,2470413,224,3.181303571428572,left,fixation,131.0,,1424.3651403508802,672.4104210526319,,,,,4.0,4.0533135460002985,16.518339081080445
520,2470641,52,,left,saccade,131.0,,,,1422.283,675.253,874.449,42.714,,,
521,2470641,56,,right,saccade,,130.0,,,1414.609,659.457,907.202,59.665,,,
522,2470697,137,3.286171428571428,left,fixation,132.0,,870.9857714285713,50.327771428571396,,,,,2.0,4.414289694758286,40.163748173369314
523,2470701,137,3.2891999999999992,right,fixation,,131.0,878.226742857143,57.7062,,,,,4.0,2.9682702467774997,13.351325422173078
524,2470838,16,,left,saccade,132.0,,,,879.1360000000003,7.0520000000000005,939.318,-9.448,,,
525,2470842,8,,right,saccade,,131.0,,,907.345,60.363,929.324,53.923,,,
526,2470854,155,3.317184210526316,right,fixation,,132.0,955.91665,46.16285,,,,,1.0,3.362372777436288,9.490189671444881
527,2470858,151,3.3167297297297296,left,fixation,133.0,,961.3657948717952,18.46479487179489,,,,,1.0,5.100212032629414,25.37980539720509
528,2471013,52,,left,saccade,133.0,,,,959.8889999999999,24.239,805.117,720.253,,,
529,2471013,52,,right,saccade,,132.0,,,959.918,41.559,799.6489999999999,698.6139999999997,,,
530,2471069,688,3.135581395348837,right,fixation,,133.0,772.8756184971097,761.231578034683,,,,,6.0,4.049843521750787,27.430559508009683
531,2471069,692,3.1353988439306355,left,fixation,134.0,,776.900264367816,759.4053448275861,,,,,4.0,2.811108794092431,10.90372886161249
532,2471761,24,,right,saccade,,133.0,,,745.485,758.3610000000001,561.056,774.0219999999997,,,
533,2471765,28,,left,saccade,134.0,,,,745.388,758.553,584.878,752.638,,,
534,2471789,504,3.111015873015873,right,fixation,,134.0,516.755787401575,760.354842519686,,,,,8.0,3.3752423135932377,14.26676251544312
535,2471797,492,3.1110691056910573,left,fixation,135.0,,540.908806451612,745.440838709677,,,,,5.0,2.553299188394848,13.076225889375678
536,2472293,28,,left,saccade,135.0,,,,524.571,744.552,730.4119999999997,750.6110000000001,,,
537,2472297,24,,right,saccade,,134.0,,,525.825,780.998,721.113,773.934,,,
538,2472325,488,3.089790983606558,right,fixation,,135.0,740.519910569105,746.749829268293,,,,,7.0,3.027889148597589,11.377492328324378
539,2472325,492,3.0896788617886184,left,fixation,136.0,,759.468008064516,761.6135887096782,,,,,4.0,2.230693802859797,9.08194069366686
540,2472817,20,,right,saccade,,135.0,,,743.702,751.3610000000001,813.6619999999997,761.202,,,
541,2472821,16,,left,saccade,136.0,,,,773.6489999999999,770.242,826.857,770.242,,,
542,2472841,1028,3.0863774319066155,left,fixation,137.0,,829.496437984496,758.205096899225,,,,,2.0,5.931121317277473,32.00799501820361
543,2472841,1028,3.0863774319066155,right,fixation,,136.0,820.1238178294569,745.163,,,,,15.0,4.147460815699371,18.219160353310247
544,2473873,28,,right,saccade,,136.0,,,811.52,719.637,580.457,729.13,,,
545,2473873,32,,left,saccade,137.0,,,,815.685,742.107,579.5319999999998,748.8710000000003,,,
546,2473905,248,3.040508064516129,right,fixation,,137.0,546.812904761905,733.877095238095,,,,,3.0,2.2652789684364936,12.216903404526045
547,2473909,244,3.0406557377049177,left,fixation,138.0,,557.70464516129,747.610725806452,,,,,1.0,2.2050404128319734,21.436450825638023
548,2474157,16,,right,saccade,,137.0,,,538.205,735.488,609.443,740.569,,,
549,2474157,20,,left,saccade,138.0,,,,532.153,737.2330000000003,626.97,742.829,,,
550,2474177,320,3.05265625,right,fixation,,138.0,632.50424691358,728.635222222222,,,,,1.0,2.9280562475623704,8.833288175985274
551,2474181,320,3.0530875,left,fixation,139.0,,644.541938271605,756.7291728395061,,,,,1.0,1.8973101500691867,3.5238520116486503
552,2474501,24,,right,saccade,,138.0,,,632.0740000000002,723.175,791.03,727.346,,,
553,2474505,20,,left,saccade,139.0,,,,652.654,750.862,774.7310000000001,752.1560000000003,,,
554,2474529,192,3.10259375,left,fixation,140.0,,791.16206122449,749.2609183673468,,,,,1.0,2.7238242927505074,13.015387239725133
555,2474529,580,3.1347068965517244,right,fixation,,139.0,828.876979452055,744.876650684932,,,,,3.0,4.826946658519706,22.062460955325488
556,2474725,16,,left,saccade,140.0,,,,782.818,746.8860000000003,839.318,748.798,,,
557,2474745,368,3.1521684782608697,left,fixation,141.0,,859.933139784946,761.628365591398,,,,,1.0,3.135838595088194,8.006763703269701
558,2475113,20,,right,saccade,,139.0,,,853.633,750.039,751.709,739.804,,,
559,2475117,16,,left,saccade,141.0,,,,844.779,753.382,754.562,750.67,,,
560,2475137,144,3.1736621621621626,right,fixation,,140.0,729.626621621622,734.977189189189,,,,,2.0,2.0398421807719838,5.23880530602192
561,2475137,148,3.1734210526315803,left,fixation,142.0,,740.794868421053,747.637105263158,,,,,0.0,,
562,2475285,20,,right,saccade,,140.0,,,725.8810000000003,733.319,633.997,736.7310000000001,,,
563,2475289,20,,left,saccade,142.0,,,,731.301,748.877,639.8290000000002,748.005,,,
564,2475309,232,3.154396551724138,right,fixation,,141.0,622.153423728814,747.7305932203391,,,,,4.0,2.323385094096285,7.156544266844152
565,2475313,232,3.1539396551724144,left,fixation,143.0,,629.025559322034,749.6524237288139,,,,,1.0,2.3274367636713342,5.986108752770805
566,2475545,32,,right,saccade,,141.0,,,629.688,746.8610000000001,437.694,766.2280000000003,,,
567,2475549,28,,left,saccade,143.0,,,,627.605,755.437,474.18699999999995,757.2460000000003,,,
568,2475581,256,3.1253984375000003,right,fixation,,142.0,411.218292307692,768.513169230769,,,,,2.0,2.658384966646299,18.055478073359577
569,2475581,260,3.1250230769230773,left,fixation,144.0,,443.660075757576,750.334075757576,,,,,3.0,2.19823451935337,5.936040921809282
570,2475841,20,,right,saccade,,142.0,,,404.009,769.687,506.23199999999997,771.6189999999997,,,
571,2475845,12,,left,saccade,144.0,,,,457.407,752.9839999999997,505.611,753.7710000000003,,,
572,2475861,412,3.072266990291262,left,fixation,145.0,,520.421528846154,739.6980769230769,,,,,3.0,5.5150563312671315,27.94460139448369
573,2475865,408,3.071906862745098,right,fixation,,143.0,499.66806796116487,746.99618446602,,,,,5.0,4.3636102144359,25.57644084677205
574,2476277,60,,right,saccade,,143.0,,,489.526,721.296,1359.5839999999996,660.587,,,
575,2476277,64,,left,saccade,145.0,,,,496.769,725.841,1388.299,683.683,,,
576,2476341,1588,3.031341708542713,right,fixation,,144.0,1378.8073241206,714.2846859296492,,,,,13.0,2.9246670340931,12.985018855090365
577,2476345,1584,3.031323677581864,left,fixation,146.0,,1399.18280856423,715.963942065491,,,,,7.0,3.513732115476709,13.040154811389954
578,2477933,56,,left,saccade,146.0,,,,1396.662,715.6160000000001,645.802,698.824,,,
579,2477933,56,,right,saccade,,144.0,,,1382.34,694.443,658.5369999999998,648.309,,,
580,2477993,140,3.070857142857143,right,fixation,,145.0,642.0860555555561,649.20875,,,,,2.0,4.3335067837237755,14.355239809627795
581,2477993,144,3.0705972222222213,left,fixation,147.0,,630.712972972973,707.712837837838,,,,,2.0,2.8955006437036563,9.104326531473514
582,2478137,20,,right,saccade,,145.0,,,652.88,655.114,540.4,677.826,,,
583,2478141,16,,left,saccade,147.0,,,,637.972,726.222,544.413,727.664,,,
584,2478161,704,3.119689265536723,left,fixation,148.0,,530.701807909604,745.6583502824858,,,,,4.0,2.80283334596935,12.089704855163555
585,2478161,704,3.119689265536723,right,fixation,,146.0,516.508581920904,718.519960451978,,,,,9.0,3.8720238452210216,18.955169784776622
586,2478869,16,,left,saccade,148.0,,,,532.342,761.436,470.57800000000003,761.96,,,
587,2478869,20,,right,saccade,,146.0,,,520.658,745.6289999999997,401.45599999999996,749.507,,,
588,2478889,192,3.1177021276595758,left,fixation,149.0,,448.71893877550997,770.4563877551019,,,,,0.0,,
589,2478893,188,3.1174891304347825,right,fixation,,147.0,391.4044791666671,745.0591875,,,,,2.0,2.8471795589147915,8.000602397441
590,2479085,60,,right,saccade,,147.0,,,400.849,746.1560000000003,948.145,73.57300000000002,,,
591,2479085,64,,left,saccade,149.0,,,,451.852,768.582,920.1669999999999,57.211999999999996,,,
592,2479149,296,3.17732,right,fixation,,148.0,967.977773333333,71.5780533333333,,,,,2.0,3.1497840920406306,12.026931120989616
593,2479153,292,3.1776554054054045,left,fixation,150.0,,954.809256756757,43.023432432432394,,,,,2.0,5.8127485298031605,46.356676116033675
594,2479449,40,,left,saccade,150.0,,,,935.539,-2.728,649.559,191.24200000000002,,,
595,2479449,40,,right,saccade,,148.0,,,962.3710000000001,57.14,656.9939999999998,237.701,,,
596,2479493,172,3.1178255813953486,left,fixation,151.0,,643.869727272727,206.090522727273,,,,,0.0,,
597,2479493,172,3.1178255813953486,right,fixation,,149.0,637.882477272727,270.464704545455,,,,,2.0,3.2587209483307005,12.022499439414515
598,2479669,16,,left,saccade,151.0,,,,643.644,215.55900000000003,627.602,284.072,,,
599,2479669,20,,right,saccade,,149.0,,,630.044,281.165,608.344,355.64099999999996,,,
600,2479689,216,2.994083333333333,left,fixation,152.0,,611.611745454545,309.31956363636397,,,,,1.0,3.782098565023839,9.432959503782511
601,2479693,208,2.993740384615384,right,fixation,,150.0,598.776,385.740037735849,,,,,1.0,2.995407025764629,4.8204684419670665
602,2479905,24,,right,saccade,,150.0,,,601.952,390.474,495.82099999999997,385.597,,,
603,2479909,24,,left,saccade,152.0,,,,616.0980000000002,321.297,504.523,320.904,,,
604,2479933,176,2.9193409090909097,right,fixation,,151.0,458.647111111111,371.3834,,,,,2.0,2.2641508238697705,12.162677160894592
605,2479937,172,2.918627906976744,left,fixation,153.0,,484.798272727273,312.533568181818,,,,,1.0,2.160938903450179,5.9356378764207225
606,2480113,28,,left,saccade,153.0,,,,482.421,311.905,459.365,476.596,,,
607,2480113,28,,right,saccade,,151.0,,,459.684,373.876,426.784,506.034,,,
608,2480145,424,2.803620055379747,left,fixation,154.0,,434.491018691589,479.768168224299,,,,,1.0,2.153933507691359,6.2636444662831785
609,2480145,424,2.803620055379747,right,fixation,,152.0,424.76409345794406,521.329654205608,,,,,3.0,3.0573411835772446,30.55877552835588
610,2480573,40,,left,saccade,154.0,,,,429.471,471.824,420.07300000000004,405.95599999999996,,,
611,2480573,56,,right,saccade,,152.0,,,413.73199999999997,501.76099999999997,460.635,402.895,,,
612,2480841,0,,right,fixation,,153.0,462.147,389.705,,,,,0.0,,
613,2480841,868,2.8848210382513666,left,fixation,155.0,,522.1460229357799,424.225582568807,,,,,6.0,4.649086781569628,25.19601394647779
614,2480845,0,,right,saccade,,153.0,,,467.57199999999995,389.705,467.57199999999995,389.705,,,
615,2480849,856,2.8847788461538464,right,fixation,,154.0,516.551506976744,449.545706976744,,,,,6.0,4.416852362013527,26.296959564185066
616,2481709,20,,right,saccade,,154.0,,,520.023,488.721,410.25199999999995,488.833,,,
617,2481713,20,,left,saccade,155.0,,,,531.931,449.259,438.76199999999994,453.48699999999997,,,
618,2481733,916,2.9594323144104804,right,fixation,,155.0,417.71985652173896,467.416186956522,,,,,15.0,2.8013915580179605,18.091668825683012
619,2481737,912,2.959736842105264,left,fixation,156.0,,432.368441048035,458.963288209607,,,,,5.0,3.1384534821610366,17.588217051304444
620,2482653,56,,left,saccade,156.0,,,,426.474,465.051,888.247,451.92199999999997,,,
621,2482653,60,,right,saccade,,155.0,,,441.666,481.106,904.279,449.025,,,
622,2482713,152,2.987763157894737,left,fixation,157.0,,884.5099487179491,456.081974358974,,,,,1.0,2.7184359269419582,16.55903091971269
623,2482717,148,2.987378378378379,right,fixation,,156.0,912.268263157895,464.013552631579,,,,,0.0,,
624,2482869,44,,left,saccade,157.0,,,,884.1310000000003,456.283,1387.969,448.73199999999997,,,
625,2482869,52,,right,saccade,,156.0,,,912.584,477.585,1381.763,459.56300000000016,,,
626,2482917,324,3.0575061728395063,left,fixation,158.0,,1402.0842439024402,436.113207317073,,,,,2.0,4.566074347866857,22.06337584845288
627,2482925,316,3.058962025316456,right,fixation,,157.0,1391.8330375,455.444525,,,,,5.0,3.912347547493016,19.710765521118518
628,2483245,12,,left,saccade,158.0,,,,1403.64,433.077,1446.78,433.077,,,
629,2483245,12,,right,saccade,,157.0,,,1388.9089999999999,457.225,1430.756,454.05,,,
630,2483261,124,3.0708709677419357,left,fixation,159.0,,1482.2924375,415.253875,,,,,1.0,4.182430755885595,20.90295302104477
631,2483261,124,3.0708709677419357,right,fixation,,158.0,1461.26684375,431.04403125,,,,,1.0,3.5288255049583355,15.672540381189112
632,2483389,52,,right,saccade,,158.0,,,1463.4979999999994,426.941,778.559,421.18199999999996,,,
633,2483389,56,,left,saccade,159.0,,,,1486.9520000000002,408.776,766.568,386.87199999999996,,,
634,2483445,355,3.0013512949039263,right,fixation,,159.0,752.004288888889,439.775988888889,,,,,2.0,3.3898166309585376,22.192071629650354
635,2483449,355,3.000881154499151,left,fixation,160.0,,750.702888888889,421.061711111111,,,,,1.0,5.447729318002347,44.62846227465151
636,2483804,44,,right,saccade,,159.0,,,734.194,447.478,716.8889999999999,364.194,,,
637,2483808,40,,left,saccade,160.0,,,,753.61,456.686,607.068,446.973,,,
638,2484129,292,2.9528397402493285,left,fixation,161.0,,623.946351351351,385.711851351351,,,,,3.0,5.115268897772805,42.2751388215379
639,2484129,292,2.9528397402493285,right,fixation,,160.0,648.7184054054061,367.269040540541,,,,,3.0,43.76448162080158,32.89010445526306
640,2484425,28,,left,saccade,161.0,,,,639.866,408.881,862.0930000000003,409.796,,,
641,2484425,28,,right,saccade,,160.0,,,644.748,412.92900000000003,880.622,413.551,,,
642,2484457,192,2.9820625,left,fixation,162.0,,889.5185918367349,419.199346938776,,,,,1.0,3.0700076185211085,20.84024340068994
643,2484457,628,2.942837579617834,right,fixation,,161.0,818.555449367088,452.360835443038,,,,,7.0,5.3493733595676956,27.69159269375978
644,2484653,8,,left,saccade,162.0,,,,889.69,423.85400000000004,860.07,423.668,,,
645,2484665,148,2.9330135135135134,left,fixation,163.0,,833.0270789473683,431.587421052631,,,,,2.0,7.2940872092745765,18.721540579332984
646,2484817,0,,left,saccade,163.0,,,,794.735,440.57800000000003,794.735,440.57800000000003,,,
647,2484821,264,2.9200378787878787,left,fixation,164.0,,765.164373134329,443.319507462686,,,,,1.0,2.1063080984404268,3.1669696872562203
648,2485089,20,,left,saccade,164.0,,,,767.2280000000003,438.837,854.0310000000003,445.436,,,
649,2485089,20,,right,saccade,,161.0,,,764.2,471.97900000000004,844.6460000000003,472.035,,,
650,2485113,352,2.9054545454545457,left,fixation,165.0,,870.418258426967,460.812179775281,,,,,1.0,2.4015285872867147,5.038231931937958
651,2485113,352,2.9054545454545457,right,fixation,,162.0,860.751921348315,458.54699999999997,,,,,3.0,2.359080774645693,5.666184792254912
652,2485469,28,,left,saccade,165.0,,,,870.8,459.899,673.34,458.91900000000004,,,
653,2485469,28,,right,saccade,,162.0,,,859.346,472.061,658.278,461.76800000000003,,,
654,2485501,380,2.8889052631578944,left,fixation,166.0,,659.2614791666671,459.4923541666671,,,,,2.0,2.731253241145395,5.1280166930022695
655,2485501,380,2.8889052631578944,right,fixation,,163.0,652.01521875,455.501875,,,,,0.0,,
656,2485885,20,,left,saccade,166.0,,,,659.025,465.006,740.6510000000003,456.436,,,
657,2485885,20,,right,saccade,,163.0,,,656.6110000000001,453.668,742.7919999999997,458.52099999999996,,,
658,2485909,552,2.892177536231884,left,fixation,167.0,,760.505345323741,448.75918705035895,,,,,2.0,4.12700979703718,26.075387510842575
659,2485909,552,2.892177536231884,right,fixation,,164.0,754.971705035971,464.412309352518,,,,,2.0,3.5858060474442848,23.662047210918256
660,2486465,56,,left,saccade,167.0,,,,743.7230000000003,432.64099999999996,1473.405,443.35699999999997,,,
661,2486465,56,,right,saccade,,164.0,,,732.954,446.655,1447.016,457.36,,,
662,2486525,168,2.9716547619047624,right,fixation,,165.0,1483.5280697674402,467.749720930233,,,,,1.0,5.876769922518853,23.58967242248207
663,2486525,296,2.979189189189189,left,fixation,168.0,,1499.78936,438.2562666666671,,,,,4.0,5.074269404309051,18.061204187568308
664,2486697,4,,right,saccade,,165.0,,,1492.1470000000006,436.959,1490.9620000000002,419.07,,,
665,2486705,116,2.9887068965517245,right,fixation,,166.0,1483.0529999999999,403.6791333333329,,,,,1.0,2.64959126826932,4.845469017546241
666,2486825,56,,left,saccade,168.0,,,,1487.9,400.255,755.1089999999997,430.42400000000004,,,
667,2486825,56,,right,saccade,,166.0,,,1478.3429999999994,411.51300000000003,727.548,417.031,,,
668,2486885,444,2.9243018018018025,left,fixation,169.0,,741.859375,434.972348214285,,,,,4.0,4.1089490408596285,19.924644414820413
669,2486885,444,2.9243018018018025,right,fixation,,167.0,732.4273035714281,440.03796428571405,,,,,3.0,3.3478641900508457,10.549883236390883
670,2487333,28,,left,saccade,169.0,,,,765.2389999999997,439.505,564.073,443.329,,,
671,2487333,28,,right,saccade,,167.0,,,756.0360000000003,460.69699999999995,549.2230000000002,463.075,,,
672,2487365,588,2.9210986394557827,left,fixation,170.0,,541.084243243243,453.260628378378,,,,,1.0,2.394166950922389,7.153902501432327
673,2487365,588,2.9210986394557827,right,fixation,,168.0,530.188378378378,470.42983783783797,,,,,3.0,2.7447186841191185,10.138751957580682
674,2487957,20,,left,saccade,170.0,,,,540.115,468.38199999999995,654.347,465.842,,,
675,2487957,20,,right,saccade,,168.0,,,537.1659999999998,503.912,636.882,495.218,,,
676,2487981,199,2.9065204081632645,right,fixation,,169.0,664.190137254902,496.44682352941203,,,,,1.0,2.4143689134016024,9.377799795261163
677,2487981,203,2.90666,left,fixation,171.0,,672.468153846154,456.001634615385,,,,,1.0,2.0915159042612763,4.3069233798617415
678,2488184,20,,right,saccade,,169.0,,,666.446,488.869,735.315,488.869,,,
679,2488188,16,,left,saccade,171.0,,,,684.2639999999999,456.033,749.682,453.091,,,
680,2488208,512,2.97426953125,left,fixation,172.0,,772.868031007753,446.269620155039,,,,,4.0,3.2242131996416155,11.272911665646093
681,2488208,512,2.97426953125,right,fixation,,170.0,759.649790697674,446.793054263566,,,,,3.0,2.535116264877883,7.090950708314726
682,2488724,24,,left,saccade,172.0,,,,773.078,458.024,648.9590000000002,673.6310000000002,,,
683,2488724,32,,right,saccade,,170.0,,,752.875,443.305,610.789,684.453,,,
684,2488752,296,3.0926148648648657,left,fixation,173.0,,639.9430133333329,693.968786666667,,,,,1.0,2.691314528049252,9.488048060586648
685,2488760,288,3.0937916666666667,right,fixation,,171.0,603.5695890410959,696.22901369863,,,,,2.0,4.100635171313811,5.370603514061098
686,2489052,20,,left,saccade,173.0,,,,635.842,694.5089999999999,574.617,748.067,,,
687,2489052,20,,right,saccade,,171.0,,,600.8340000000002,692.92,539.286,758.546,,,
688,2489076,176,3.118965909090909,left,fixation,174.0,,555.621822222222,758.300444444444,,,,,1.0,3.476112727522601,5.161857127042661
689,2489076,176,3.118965909090909,right,fixation,,172.0,535.439044444444,770.828955555556,,,,,3.0,2.8171858477835445,15.935327623746181
690,2489256,20,,right,saccade,,172.0,,,523.455,757.919,387.18699999999995,833.2239999999997,,,
691,2489256,24,,left,saccade,174.0,,,,546.1759999999998,754.8589999999997,448.20599999999996,809.1419999999997,,,
692,2489280,140,3.138542857142857,right,fixation,,173.0,385.937222222222,848.038361111111,,,,,0.0,,
693,2489284,140,3.1385,left,fixation,175.0,,426.29469444444396,835.897388888889,,,,,1.0,3.981889727950214,9.803389005848926
694,2489424,72,,right,saccade,,173.0,,,385.974,849.448,1313.5620000000001,124.67299999999999,,,
695,2489428,72,,left,saccade,175.0,,,,422.811,835.145,1302.839,154.308,,,
696,2489500,192,3.1721354166666664,right,fixation,,174.0,1346.82514285714,130.02512244898,,,,,3.0,4.066236284230986,14.65138169280648
697,2489504,184,3.172902173913043,left,fixation,176.0,,1329.8497872340401,114.89044680851102,,,,,2.0,4.239161406695201,18.111645386835228
698,2489692,16,,left,saccade,176.0,,,,1338.604,120.93,1406.0079999999994,119.956,,,
699,2489696,12,,right,saccade,,174.0,,,1367.703,129.019,1422.005,119.57700000000001,,,
700,2489712,516,3.1588413461538463,right,fixation,,175.0,1431.33710769231,87.230423076923,,,,,2.0,2.989044677270108,22.81012603123225
701,2489712,520,3.1588413461538463,left,fixation,177.0,,1416.25590076336,81.00297709923659,,,,,3.0,4.837595906326516,29.99809532161514
702,2490232,40,,right,saccade,,175.0,,,1430.785,77.715,1467.4370000000001,76.26899999999998,,,
703,2490236,40,,left,saccade,177.0,,,,1402.711,78.649,1400.985,69.758,,,
704,2490468,1248,2.9610486789520425,left,fixation,178.0,,1402.66600638978,92.7174472843451,,,,,6.0,4.0944846358775715,19.3722722680302
705,2490524,1192,2.9610486789520425,right,fixation,,176.0,1431.71253511706,109.100996655518,,,,,5.0,2.4987819413819503,16.991234692862502
706,2491720,60,,right,saccade,,176.0,,,1425.389,127.588,734.992,721.988,,,
707,2491720,64,,left,saccade,178.0,,,,1424.4089999999999,123.12700000000001,715.9630000000003,817.685,,,
708,2491784,180,2.858088888888889,right,fixation,,177.0,720.82552173913,734.6597173913043,,,,,2.0,5.4662862341755005,30.852155609654428
709,2491788,172,2.8576395348837207,left,fixation,179.0,,709.3910000000003,828.0241818181821,,,,,1.0,2.8336554179677003,2.977529177019028
710,2491964,16,,left,saccade,179.0,,,,714.41,835.712,664.078,807.4169999999997,,,
711,2491968,12,,right,saccade,,177.0,,,701.8610000000001,759.3689999999997,653.648,749.4939999999997,,,
712,2491984,1980,2.9181414141414144,left,fixation,180.0,,640.174860887097,785.315651209677,,,,,1.0,3.7341166774902685,11.630185725086205
713,2491984,1980,2.9181414141414144,right,fixation,,178.0,615.197747983871,765.387074596774,,,,,13.0,2.5876200525696076,11.820396044826026
714,2493968,24,,left,saccade,180.0,,,,635.227,782.454,522.661,820.575,,,
715,2493968,24,,right,saccade,,178.0,,,609.735,741.4830000000003,476.569,816.7919999999997,,,
716,2493996,156,3.0410641025641016,right,fixation,,179.0,466.115325,838.37785,,,,,2.0,2.9255529425436717,9.003135696290151
717,2493996,160,3.0415625,left,fixation,181.0,,505.019512195122,838.846463414634,,,,,1.0,2.029341197148559,4.278655162548085
718,2494156,24,,right,saccade,,179.0,,,469.101,836.2,363.408,868.9639999999997,,,
719,2494160,20,,left,saccade,181.0,,,,499.767,840.447,410.61400000000003,861.209,,,
720,2494184,1032,3.0847589849462365,right,fixation,,180.0,382.67551351351403,915.435335907337,,,,,11.0,2.9882285629188483,14.68268327123328
721,2494184,1048,3.0847589849462365,left,fixation,182.0,,420.346684410646,890.568452471483,,,,,6.0,5.412858312206267,17.350210275961057
722,2495220,72,,right,saccade,,180.0,,,415.295,907.5189999999999,493.194,245.261,,,
723,2495236,40,,left,saccade,182.0,,,,412.335,872.895,423.244,260.693,,,
724,2495480,972,3.0851008610304236,left,fixation,183.0,,485.129331967213,271.607221311475,,,,,3.0,5.5109823731077805,74.33560919666486
725,2495500,952,3.0851008610304236,right,fixation,,181.0,488.052765690377,330.465506276151,,,,,5.0,4.1654971107991985,22.31120244436328
726,2496456,44,,right,saccade,,181.0,,,501.449,366.0,508.01599999999996,755.0889999999997,,,
727,2496456,48,,left,saccade,183.0,,,,512.956,291.339,541.1669999999998,760.5939999999997,,,
728,2496504,596,2.877596666666667,right,fixation,,182.0,525.6437133333329,786.4169399999989,,,,,7.0,3.4257390917731327,18.591685755371795
729,2496508,592,2.8774496644295304,left,fixation,184.0,,550.656798657718,779.955953020134,,,,,4.0,3.0942121373220126,13.712318042572734
730,2497104,68,,left,saccade,184.0,,,,547.371,767.755,1428.5520000000001,736.19,,,
731,2497104,68,,right,saccade,,182.0,,,530.638,780.89,1396.096,731.72,,,
732,2497176,188,2.8810531914893627,left,fixation,185.0,,1452.555875,750.908479166666,,,,,3.0,5.0036835432967735,11.286432680129625
733,2497176,188,2.8810531914893627,right,fixation,,183.0,1414.22152083333,746.3334583333328,,,,,3.0,6.183416354123462,18.061702402345237
734,2497368,4,,right,saccade,,183.0,,,1442.879,736.7310000000001,1445.014,735.975,,,
735,2497368,12,,left,saccade,185.0,,,,1478.128,726.887,1511.776,704.669,,,
736,2497376,208,2.8932403846153845,right,fixation,,184.0,1483.0278490566,702.8335660377361,,,,,2.0,2.682556542152955,12.865033822770426
737,2497384,200,2.89394,left,fixation,186.0,,1537.08060784314,684.222823529412,,,,,2.0,4.029579754706506,10.723850214742463
738,2497588,20,,left,saccade,186.0,,,,1526.759,705.342,1444.64,719.555,,,
739,2497588,20,,right,saccade,,184.0,,,1485.779,686.653,1398.7379999999994,702.49,,,
740,2497612,264,2.9054307692307693,left,fixation,187.0,,1420.45365671642,735.125313432836,,,,,2.0,2.5194210596772546,8.252995576124485
741,2497612,264,2.9054307692307693,right,fixation,,185.0,1368.39047761194,730.441925373134,,,,,1.0,2.9482947425400265,17.404224803190704
742,2497880,52,,left,saccade,187.0,,,,1414.618,735.7810000000003,752.334,746.635,,,
743,2497880,52,,right,saccade,,185.0,,,1366.6470000000004,736.804,730.008,735.98,,,
744,2497936,448,2.9467678571428566,left,fixation,188.0,,730.43428318584,756.742247787611,,,,,1.0,1.863936522822368,5.616082086294802
745,2497936,448,2.9467678571428566,right,fixation,,186.0,706.5648318584067,736.867858407079,,,,,3.0,2.473642178811039,7.520284074474791
746,2498388,24,,left,saccade,188.0,,,,735.204,761.706,587.908,833.67,,,
747,2498388,24,,right,saccade,,186.0,,,703.565,743.186,541.13,851.253,,,
748,2498416,228,2.949614035087719,right,fixation,,187.0,528.2871896551719,875.7037241379311,,,,,2.0,2.8390674202258652,8.811322959034724
749,2498416,236,2.9490169491525418,left,fixation,189.0,,573.622616666667,857.549666666667,,,,,2.0,5.830597028010538,11.545283459771664
750,2498648,16,,right,saccade,,187.0,,,537.29,880.942,488.603,923.297,,,
751,2498656,4,,left,saccade,189.0,,,,559.538,890.2769999999997,553.874,893.331,,,
752,2498664,708,2.9363841807909603,left,fixation,190.0,,465.586258426966,911.1885449438199,,,,,3.0,6.761891325013339,40.25841167029435
753,2498668,700,2.9363628571428566,right,fixation,,188.0,421.370488636364,942.274221590908,,,,,7.0,5.154583699342899,24.45395114087184
754,2499372,68,,right,saccade,,188.0,,,369.496,947.211,643.2180000000002,214.465,,,
755,2499376,64,,left,saccade,190.0,,,,406.03,909.008,611.783,150.495,,,
756,2499444,504,2.9949682539682536,left,fixation,191.0,,642.474196850394,154.48365354330699,,,,,1.0,4.847986254335106,12.214229816079314
757,2499444,504,2.9949682539682536,right,fixation,,189.0,638.8922204724411,181.977039370079,,,,,9.0,3.487821153936008,13.54242077964324
758,2499952,40,,left,saccade,191.0,,,,660.321,160.387,906.755,48.722,,,
759,2499952,40,,right,saccade,,189.0,,,651.113,184.35,896.0980000000003,97.81700000000001,,,
760,2499996,1447,3.0479778393351804,left,fixation,192.0,,962.678644628098,31.1261542699725,,,,,4.0,4.041260555796832,18.53521954632345
761,2499996,1451,3.048229281767956,right,fixation,,190.0,952.166645604394,57.231181318681294,,,,,9.0,2.609840604975128,10.895209299417708
762,2501447,89,,left,saccade,192.0,,,,962.948,8.299,485.221,676.424,,,
763,2501451,81,,right,saccade,,190.0,,,952.805,58.115,505.25699999999995,665.927,,,
764,2501536,284,3.083077464788732,right,fixation,,191.0,499.570055555555,716.235180555556,,,,,2.0,5.209669069125783,29.95169700157837
765,2501540,280,3.083857142857143,left,fixation,193.0,,489.04356338028197,695.965352112676,,,,,2.0,2.912848934616104,9.561061157658026
766,2501824,44,,left,saccade,193.0,,,,485.449,722.935,790.808,708.066,,,
767,2501824,44,,right,saccade,,191.0,,,482.54699999999997,745.618,797.034,653.8340000000002,,,
768,2501872,252,3.1573095238095235,left,fixation,194.0,,830.3965625,715.713859375,,,,,1.0,2.267281546502581,9.491919194767654
769,2501872,252,3.1573095238095235,right,fixation,,192.0,824.311734375,686.561421875,,,,,2.0,3.2747941455585488,15.408218309133268
770,2502128,20,,left,saccade,194.0,,,,837.2689999999999,733.5989999999997,729.753,730.5980000000003,,,
771,2502128,20,,right,saccade,,192.0,,,815.97,704.699,714.079,709.648,,,
772,2502152,260,3.159669230769232,right,fixation,,193.0,698.412590909091,718.567575757576,,,,,1.0,2.037171330000928,7.705917531352138
773,2502152,264,3.1593636363636364,left,fixation,195.0,,712.1261492537309,720.464059701492,,,,,1.0,3.4491103603360918,10.00362264382265
774,2502416,28,,right,saccade,,193.0,,,691.346,726.5210000000003,503.115,713.6339999999999,,,
775,2502420,28,,left,saccade,195.0,,,,714.2739999999999,733.5060000000003,544.581,697.955,,,
776,2502448,144,3.1333472222222216,right,fixation,,194.0,488.645648648649,696.885810810811,,,,,4.0,4.184373053975963,11.424425784891516
777,2502452,144,3.132763888888889,left,fixation,196.0,,531.488351351351,670.560351351351,,,,,2.0,5.96748645747466,14.386828428796866
778,2502596,16,,right,saccade,,194.0,,,468.837,666.888,439.36,622.187,,,
779,2502600,4,,left,saccade,196.0,,,,513.0880000000002,635.365,508.476,630.6080000000002,,,
780,2502608,752,3.057311170212766,left,fixation,197.0,,442.88939682539706,587.264481481482,,,,,4.0,3.451901608309113,14.19054057668002
781,2502616,740,3.0571054054054048,right,fixation,,195.0,409.45444623655885,605.116134408602,,,,,7.0,2.2656863658309416,12.696235409874728
782,2503360,28,,right,saccade,,195.0,,,411.631,597.194,576.814,600.842,,,
783,2503364,24,,left,saccade,197.0,,,,440.006,586.83,609.169,590.148,,,
784,2503392,403,2.9405,left,fixation,198.0,,636.694921568628,597.412431372549,,,,,1.0,2.8369243371024866,14.322755949886188
785,2503392,403,2.9405,right,fixation,,196.0,635.4778333333339,613.2068627450981,,,,,1.0,3.322229238193989,19.92709803257869
786,2503799,24,,right,saccade,,196.0,,,638.721,606.1519999999998,455.30199999999996,607.221,,,
787,2503799,28,,left,saccade,198.0,,,,632.967,595.872,479.843,604.9680000000002,,,
788,2503827,700,2.9359371428571426,right,fixation,,197.0,413.18464772727305,600.207960227272,,,,,6.0,2.7324645109009618,14.920604993884114
789,2503831,704,2.9356306818181817,left,fixation,199.0,,440.959423728814,601.820802259887,,,,,3.0,3.3327756609499035,15.084739376960792
790,2504531,16,,right,saccade,,197.0,,,440.473,602.432,495.486,593.109,,,
791,2504539,12,,left,saccade,199.0,,,,481.25300000000004,610.214,518.906,612.13,,,
792,2504551,269,2.8685206301575388,right,fixation,,198.0,530.930897058824,604.198132352941,,,,,4.0,3.286556869589865,14.619911652690682
793,2504555,269,2.8678306451612903,left,fixation,200.0,,543.67919117647,613.469205882353,,,,,1.0,1.8939987753721088,6.199823626523546
794,2504824,40,,right,saccade,,198.0,,,526.633,604.52,560.447,481.93,,,
795,2504828,40,,left,saccade,200.0,,,,533.566,608.2919999999998,522.571,558.2819999999998,,,
796,2505088,8,,right,fixation,,199.0,527.787333333333,399.369,,,,,0.0,,
797,2505112,4,,right,fixation,,200.0,269.2805,216.037,,,,,0.0,,
798,2505120,399,2.709695833333333,left,fixation,201.0,,581.860267326733,488.668851485148,,,,,6.0,25.01706059824994,24.12082772839747
799,2505144,371,2.7087503246753246,right,fixation,,201.0,606.992446808511,452.70614893617005,,,,,4.0,4.75233814688393,25.44778717667932
800,2505519,24,,right,saccade,,199.0,,,617.5509999999998,441.589,734.555,438.059,,,
801,2505523,20,,left,saccade,201.0,,,,615.765,498.005,682.185,493.44800000000004,,,
802,2505547,404,2.74508910891089,left,fixation,202.0,,735.3720882352942,550.05931372549,,,,,5.0,3.4468175170511253,13.774377244405803
803,2505547,404,2.74508910891089,right,fixation,,202.0,760.133245098039,497.83437254902003,,,,,6.0,3.2218274102860063,21.442182332570308
804,2505955,36,,right,saccade,,200.0,,,748.337,545.266,460.89,554.543,,,
805,2505955,40,,left,saccade,202.0,,,,740.807,568.731,455.38599999999997,568.816,,,
806,2505995,392,2.776857142857144,right,fixation,,203.0,432.91095959596,577.034252525253,,,,,5.0,2.725592831171872,14.459523551986425
807,2505999,392,2.7776683673469384,left,fixation,203.0,,435.058535353535,555.93793939394,,,,,5.0,4.08105305748388,13.711451635847919
808,2506391,20,,right,saccade,,201.0,,,423.459,592.673,493.93300000000005,598.2819999999998,,,
809,2506395,16,,left,saccade,203.0,,,,440.635,585.726,504.589,582.515,,,
810,2506415,300,2.8229466666666667,right,fixation,,204.0,520.049315789474,592.128828947368,,,,,1.0,2.2943042639448987,9.624848050748717
811,2506415,304,2.8232763157894736,left,fixation,204.0,,532.59038961039,590.958116883117,,,,,2.0,2.5368974931664097,8.799649845926483
812,2506719,20,,right,saccade,,202.0,,,512.451,599.374,599.607,597.695,,,
813,2506723,20,,left,saccade,204.0,,,,534.698,601.132,618.116,590.252,,,
814,2506743,252,2.849301587301588,right,fixation,,205.0,628.830296875,590.291390625,,,,,3.0,2.0430969623556305,6.2878603128241535
815,2506747,248,2.8494274193548392,left,fixation,205.0,,640.785365079365,591.393063492063,,,,,1.0,2.5596408656510845,11.854184282353506
816,2506999,20,,right,saccade,,203.0,,,632.16,591.552,720.404,589.739,,,
817,2506999,24,,left,saccade,205.0,,,,640.7769999999998,593.231,745.8439999999997,575.323,,,
818,2507023,192,2.8706041666666664,right,fixation,,206.0,756.719020408163,581.1986734693879,,,,,1.0,2.4173966253894816,16.06374153178516
819,2507027,180,2.870133333333333,left,fixation,206.0,,767.5738043478259,558.64,,,,,1.0,2.5453581498702498,7.514871921729483
820,2507211,8,,left,saccade,206.0,,,,766.552,557.8969999999998,727.867,563.044,,,
821,2507219,0,,right,saccade,,204.0,,,723.703,572.6519999999998,723.703,572.6519999999998,,,
822,2507223,24,2.884583333333333,left,fixation,207.0,,716.658428571429,568.5790000000002,,,,,1.0,2.373402819675634,6.0667956121827045
823,2507223,24,2.884583333333333,right,fixation,,207.0,708.0105714285719,572.571,,,,,1.0,2.4659129760710523,5.27258589308894
824,2507251,36,,left,saccade,207.0,,,,709.909,572.566,444.832,583.908,,,
825,2507251,40,,right,saccade,,205.0,,,697.664,576.242,408.29900000000004,584.975,,,
826,2507291,389,2.906051020408164,left,fixation,208.0,,432.570530612245,589.470336734694,,,,,1.0,2.165665954799524,3.1424100623565114
827,2507295,381,2.906453125,right,fixation,,208.0,397.99425,582.526020833333,,,,,3.0,2.5476465518570466,9.594040381101113
828,2507680,16,,right,saccade,,206.0,,,426.412,598.4580000000002,481.603,597.819,,,
829,2507684,12,,left,saccade,208.0,,,,443.647,597.385,495.42699999999996,593.663,,,
830,2507700,483,2.9127685950413222,left,fixation,209.0,,519.067139344262,603.928844262295,,,,,2.0,2.304126129672304,5.714136741480075
831,2507700,483,2.9127685950413222,right,fixation,,209.0,514.766532786885,579.230926229508,,,,,2.0,2.4523139173687842,14.2347761702531
832,2508187,20,,left,saccade,209.0,,,,516.9259999999998,599.113,606.453,593.5269999999998,,,
833,2508187,20,,right,saccade,,207.0,,,504.82300000000004,572.41,609.026,566.587,,,
834,2508211,388,2.9162031250000005,left,fixation,210.0,,652.023765306122,597.43506122449,,,,,1.0,3.060758094183716,11.012798599811044
835,2508211,388,2.9162031250000005,right,fixation,,210.0,638.417663265306,580.672091836735,,,,,2.0,2.2514838686260106,13.382273503226006
836,2508603,12,,right,saccade,,208.0,,,662.2819999999998,581.271,709.605,583.229,,,
837,2508603,24,,left,saccade,210.0,,,,675.929,606.308,749.8939999999999,591.052,,,
838,2508619,476,2.8952184873949585,right,fixation,,211.0,750.344975,576.613675,,,,,3.0,2.112837816098371,6.0142433179205375
839,2508631,464,2.8948318965517243,left,fixation,211.0,,766.845982905982,584.425256410257,,,,,1.0,3.3811214855428986,11.840851025158653
840,2509099,32,,left,saccade,211.0,,,,758.409,577.797,557.6619999999998,599.08,,,
841,2509099,32,,right,saccade,,209.0,,,762.183,583.633,531.366,583.87,,,
842,2509135,468,2.9155128205128205,right,fixation,,212.0,510.7212118644069,578.978601694915,,,,,2.0,2.346313758644777,10.632132419253026
843,2509135,472,2.9155593220338982,left,fixation,212.0,,538.354344537816,586.702848739496,,,,,1.0,2.531993691847489,5.035506826527002
844,2509607,24,,right,saccade,,210.0,,,510.599,567.822,616.4780000000002,567.687,,,
845,2509611,16,,left,saccade,212.0,,,,542.571,584.158,615.174,589.609,,,
846,2509631,708,2.876087570621469,left,fixation,213.0,,638.221376404494,606.059393258426,,,,,2.0,3.2739882470886643,12.511092172234594
847,2509635,700,2.8760885714285718,right,fixation,,213.0,614.6743295454551,565.0322897727269,,,,,6.0,2.6145182898166044,10.106541379980387
848,2510339,24,,right,saccade,,211.0,,,615.075,570.724,736.6339999999999,574.009,,,
849,2510343,20,,left,saccade,213.0,,,,640.408,618.094,748.809,604.231,,,
850,2510367,476,2.8386974789915964,left,fixation,214.0,,765.335208333333,586.681625000001,,,,,2.0,2.7517233807795587,8.778806527238574
851,2510367,476,2.8386974789915964,right,fixation,,214.0,747.028416666667,570.6335833333329,,,,,1.0,1.6679482489306976,7.464607156441627
852,2510847,32,,right,saccade,,212.0,,,745.4730000000003,574.5830000000002,454.945,585.255,,,
853,2510847,36,,left,saccade,214.0,,,,756.877,576.35,485.44199999999995,597.0369999999998,,,
854,2510883,612,2.83218954248366,right,fixation,,215.0,471.29996753246695,588.81448051948,,,,,2.0,5.411813426564504,34.50518118609489
855,2510887,324,2.8138580246913576,left,fixation,215.0,,459.293268292683,600.023170731707,,,,,1.0,3.01871836307323,10.883755969333453
856,2511215,20,,left,saccade,215.0,,,,455.61400000000003,594.369,528.835,598.1619999999998,,,
857,2511239,252,2.857031746031745,left,fixation,216.0,,538.210453125,603.957890625,,,,,0.0,,
858,2511495,16,,left,saccade,216.0,,,,536.994,603.3240000000002,465.046,602.4259999999998,,,
859,2511499,12,,right,saccade,,213.0,,,489.18800000000016,580.2280000000002,444.10699999999997,578.832,,,
860,2511515,256,2.880671875,right,fixation,,216.0,413.36309230769206,573.718353846153,,,,,1.0,2.8038856471372475,11.775664949377573
861,2511515,260,2.8805846153846155,left,fixation,217.0,,443.716818181818,597.4546818181817,,,,,1.0,2.3232118631564957,6.672108212551726
862,2511775,40,,right,saccade,,214.0,,,409.85400000000004,578.661,732.2639999999999,570.241,,,
863,2511779,36,,left,saccade,217.0,,,,443.389,601.02,735.471,577.749,,,
864,2511819,348,2.8463390804597704,right,fixation,,217.0,756.5928977272722,573.641534090909,,,,,1.0,2.7311523463345786,15.142529676378384
865,2511819,360,2.84615,left,fixation,218.0,,759.9210659340663,576.46945054945,,,,,2.0,2.3946412089172253,8.872969782184764
866,2512171,20,,right,saccade,,215.0,,,758.18,578.882,833.8689999999997,577.875,,,
867,2512183,4,,left,saccade,218.0,,,,804.466,591.768,813.993,591.768,,,
868,2512191,120,2.8355666666666672,left,fixation,219.0,,837.322225806452,584.1583870967739,,,,,1.0,3.3627992349298017,12.554708160686188
869,2512195,116,2.835724137931035,right,fixation,,218.0,849.702266666667,575.0035333333329,,,,,1.0,2.1298234146937585,8.360138276368403
870,2512315,36,,left,saccade,219.0,,,,847.824,587.51,585.836,577.284,,,
871,2512315,36,,right,saccade,,216.0,,,847.5189999999999,575.395,585.2909999999998,572.244,,,
872,2512355,1256,2.9187539682539683,left,fixation,220.0,,535.337631746032,586.4616380952381,,,,,5.0,3.647755148590533,21.339070854747654
873,2512355,1256,2.9187539682539683,right,fixation,,219.0,524.666015873016,577.161647619047,,,,,11.0,3.2048326799409934,15.456378250998387
874,2513615,12,,left,saccade,220.0,,,,556.76,596.539,608.8330000000002,596.336,,,
875,2513615,16,,right,saccade,,217.0,,,542.378,576.115,626.302,574.085,,,
876,2513631,340,2.9220647058823537,left,fixation,221.0,,632.658279069767,602.184220930233,,,,,1.0,2.9553114989042566,3.542144548151519
877,2513635,332,2.9219759036144577,right,fixation,,220.0,639.757261904762,582.99175,,,,,2.0,2.4815559652595534,16.824104818390058
878,2513971,28,,right,saccade,,218.0,,,621.189,565.72,740.128,561.854,,,
879,2513975,20,,left,saccade,221.0,,,,643.374,596.877,728.2360000000001,596.883,,,
880,2513999,336,2.86775,left,fixation,222.0,,762.0698,584.038188235294,,,,,1.0,2.7517522700191517,9.019773001578317
881,2514003,332,2.867361445783132,right,fixation,,221.0,768.834333333334,572.599261904762,,,,,2.0,2.360102483321535,7.315240923822966
882,2514339,28,,right,saccade,,219.0,,,773.065,597.236,573.326,593.82,,,
883,2514339,32,,left,saccade,222.0,,,,767.773,588.4830000000002,575.965,598.74,,,
884,2514371,252,2.8564761904761906,right,fixation,,222.0,546.23921875,574.2711875,,,,,2.0,1.7649515287426465,5.914222010399176
885,2514375,252,2.857238095238095,left,fixation,223.0,,549.798921875,578.852390625,,,,,1.0,3.4580881840821958,14.945693861443884
886,2514627,20,,right,saccade,,220.0,,,524.906,566.952,425.83099999999996,572.786,,,
887,2514631,20,,left,saccade,223.0,,,,546.26,593.997,457.526,610.649,,,
888,2514651,224,2.888427272727272,right,fixation,,223.0,419.351719298246,594.3277368421051,,,,,4.0,2.8264940781319448,9.644117407951905
889,2514655,224,2.888509090909092,left,fixation,224.0,,447.762210526316,621.231280701754,,,,,1.0,2.2749683270078465,6.706125036114375
890,2514879,32,,right,saccade,,221.0,,,414.14099999999996,593.129,589.548,575.065,,,
891,2514883,28,,left,saccade,224.0,,,,444.02,619.989,593.0840000000002,607.867,,,
892,2514915,384,2.842355670103093,left,fixation,225.0,,627.153546391753,601.835092783505,,,,,1.0,3.0598927450339244,13.896047243730907
893,2514915,384,2.842355670103093,right,fixation,,224.0,623.342082474227,586.729144329897,,,,,2.0,3.1402774163435465,19.675667350466963
894,2515303,32,,left,saccade,225.0,,,,630.74,602.386,810.5210000000003,596.163,,,
895,2515303,32,,right,saccade,,222.0,,,624.866,593.24,824.4110000000003,592.434,,,
896,2515339,288,2.7910000000000004,left,fixation,226.0,,847.1305753424658,583.725821917808,,,,,1.0,3.3805410480835683,22.416129371503967
897,2515339,288,2.7910000000000004,right,fixation,,225.0,853.3663287671228,595.053506849315,,,,,2.0,2.1793920476621587,7.479280243695317
898,2515631,20,,left,saccade,226.0,,,,851.122,582.477,763.1489999999999,580.274,,,
899,2515631,20,,right,saccade,,223.0,,,870.295,601.43,766.893,594.646,,,
900,2515655,228,2.7925350877192976,left,fixation,227.0,,748.6403448275861,583.115793103448,,,,,1.0,2.1981497901644484,4.991461609588867
901,2515655,228,2.7925350877192976,right,fixation,,226.0,757.056034482759,586.63625862069,,,,,1.0,2.3053362251765286,4.914848115659302
902,2515887,32,,left,saccade,227.0,,,,749.068,591.955,555.77,601.0269999999998,,,
903,2515887,32,,right,saccade,,224.0,,,752.039,582.293,520.9119999999998,601.178,,,
904,2515923,216,2.8062129629629617,left,fixation,228.0,,536.083272727273,603.5027272727269,,,,,2.0,2.3977801524230613,8.768547858972456
905,2515923,216,2.8062129629629617,right,fixation,,227.0,526.0436545454551,596.798072727273,,,,,4.0,3.4944695153544534,23.41068287297871
906,2516143,60,,left,saccade,228.0,,,,536.836,614.356,1400.4270000000001,556.016,,,
907,2516143,64,,right,saccade,,225.0,,,531.1469999999998,591.335,1374.1429999999998,564.994,,,
908,2516207,592,2.8320738255033566,left,fixation,229.0,,1413.32994630873,558.110657718121,,,,,8.0,3.803484110825504,18.64772561861897
909,2516211,588,2.83239527027027,right,fixation,,228.0,1386.1790945945902,588.830810810811,,,,,7.0,2.1911119383613493,9.493120838325236
910,2516803,56,,right,saccade,,226.0,,,1384.921,589.535,576.547,581.275,,,
911,2516803,60,,left,saccade,229.0,,,,1408.0379999999998,545.257,583.877,545.685,,,
912,2516863,1048,2.8728530534351147,right,fixation,,229.0,544.1917262357409,592.932821292775,,,,,8.0,2.8390304896482776,17.668497334740746
913,2516867,1052,2.873425855513308,left,fixation,230.0,,566.979859848485,601.899484848485,,,,,8.0,4.537936356096856,18.616162512155302
914,2517915,8,,right,saccade,,227.0,,,604.641,607.106,622.389,607.106,,,
915,2517923,0,,left,saccade,230.0,,,,633.49,603.335,633.49,603.335,,,
916,2517927,752,2.9033936170212766,left,fixation,231.0,,663.0309047619049,599.513772486773,,,,,0.0,,
917,2517927,752,2.9033936170212766,right,fixation,,230.0,660.4848835978839,601.204634920635,,,,,6.0,2.5405513297437863,8.060956058962761
918,2518683,20,,left,saccade,231.0,,,,663.8560000000001,603.429,554.283,609.132,,,
919,2518683,20,,right,saccade,,228.0,,,656.493,574.271,528.227,578.806,,,
920,2518707,480,2.9250708333333337,right,fixation,,231.0,521.8743553719011,586.202066115702,,,,,1.0,2.133506477348728,7.0583392522604225
921,2518707,484,2.9251900826446278,left,fixation,232.0,,540.356360655738,603.660139344263,,,,,0.0,,
922,2519191,20,,right,saccade,,229.0,,,523.236,582.79,593.693,580.59,,,
923,2519195,16,,left,saccade,232.0,,,,543.66,606.832,610.313,599.351,,,
924,2519215,420,2.8894380952380962,left,fixation,233.0,,646.16983018868,594.769566037736,,,,,1.0,2.9841617844137613,8.132708097552737
925,2519215,420,2.8894380952380962,right,fixation,,232.0,640.827537735849,574.713867924528,,,,,2.0,3.0000090072310006,15.911734244800712
926,2519639,20,,right,saccade,,230.0,,,637.111,578.97,534.906,583.126,,,
927,2519639,24,,left,saccade,233.0,,,,647.735,600.092,545.1419999999998,612.372,,,
928,2519663,456,2.87375,right,fixation,,233.0,523.212791304348,585.051773913044,,,,,2.0,2.6190809869686698,17.615634257605507
929,2519667,452,2.8737699115044246,left,fixation,234.0,,532.649070175439,612.930754385965,,,,,2.0,3.5246488665572326,26.47485064443403
930,2520123,16,,right,saccade,,231.0,,,542.3,585.119,467.665,588.156,,,
931,2520123,20,,left,saccade,234.0,,,,546.284,614.134,474.7,614.485,,,
932,2520143,272,2.859036764705882,right,fixation,,234.0,449.722565217391,586.023898550725,,,,,3.0,2.57216745796427,12.732378546236268
933,2520147,272,2.8589779411764704,left,fixation,235.0,,457.743231884058,610.00931884058,,,,,1.0,2.8346692585830082,8.1303788964599
934,2520419,56,,right,saccade,,232.0,,,436.35900000000004,572.089,765.1389999999999,567.113,,,
935,2520423,56,,left,saccade,235.0,,,,451.04699999999997,604.947,767.1,589.363,,,
936,2520479,976,2.762272540983606,right,fixation,,235.0,755.7764938775522,584.704555102041,,,,,7.0,3.398054765338533,14.582217292522873
937,2520483,984,2.7618760162601625,left,fixation,236.0,,756.088862348177,599.8581133603241,,,,,4.0,4.499352276846206,17.834015304854233
938,2521459,20,,right,saccade,,233.0,,,750.3939999999999,579.18,656.137,580.977,,,
939,2521471,4,,left,saccade,236.0,,,,709.035,592.49,703.003,594.615,,,
940,2521479,200,2.7404300000000013,left,fixation,237.0,,663.766058823529,601.372529411765,,,,,2.0,2.1465879522589244,6.378278121302888
941,2521483,192,2.7403229166666665,right,fixation,,236.0,649.8052653061229,591.770734693878,,,,,1.0,3.075605270150534,9.992226678773916
942,2521679,28,,right,saccade,,234.0,,,657.86,583.764,834.1139999999997,578.1669999999998,,,
943,2521683,24,,left,saccade,237.0,,,,663.808,602.96,837.638,590.8919999999998,,,
944,2521711,615,2.75318954248366,left,fixation,238.0,,846.632935483871,581.082612903226,,,,,5.0,3.1372470643349417,12.750768521809375
945,2521711,615,2.75318954248366,right,fixation,,237.0,848.446135483871,578.815470967742,,,,,7.0,3.241295609275592,13.501859751601858
946,2522330,40,,right,saccade,,235.0,,,816.72,588.113,444.89599999999996,583.4069999999998,,,
947,2522330,44,,left,saccade,238.0,,,,831.923,579.597,470.01800000000003,593.403,,,
948,2522374,369,2.8317956989247315,right,fixation,,238.0,426.055505376344,575.046451612903,,,,,3.0,2.15191766154244,9.085971999724173
949,2522378,365,2.8322826086956523,left,fixation,239.0,,455.74568478260903,589.44402173913,,,,,1.0,1.9519760429426944,4.606580076368973
950,2522747,12,,left,saccade,239.0,,,,459.686,581.512,505.784,582.293,,,
951,2522747,12,,right,saccade,,236.0,,,455.949,595.188,497.471,596.06,,,
952,2522763,891,2.889265765765766,left,fixation,240.0,,536.392084821429,599.247955357142,,,,,1.0,3.323264827110716,13.910881963412717
953,2522763,891,2.889265765765766,right,fixation,,239.0,528.417370535714,590.354977678571,,,,,5.0,2.607228432820313,10.681846227979484
954,2523658,4,,left,saccade,240.0,,,,561.05,588.7719999999998,573.797,588.433,,,
955,2523658,4,,right,saccade,,237.0,,,552.9780000000002,587.424,566.974,587.4540000000002,,,
956,2523666,252,2.9285079365079367,left,fixation,241.0,,620.981109375,583.117265625,,,,,2.0,3.147798209584729,9.25141022151242
957,2523666,252,2.9285079365079367,right,fixation,,240.0,619.181,585.006984375001,,,,,3.0,3.901060661332284,18.342373215711103
958,2523922,24,,left,saccade,241.0,,,,619.053,582.8290000000002,735.209,563.7669999999998,,,
959,2523922,24,,right,saccade,,238.0,,,621.196,581.5409999999998,724.924,575.31,,,
960,2523950,512,2.87558984375,right,fixation,,241.0,741.323201550387,574.8909612403099,,,,,2.0,2.790450409708996,9.580287296835557
961,2523950,516,2.8754767441860465,left,fixation,242.0,,750.1173769230769,565.324584615385,,,,,4.0,2.38547383478228,8.577249585437738
962,2524466,24,,right,saccade,,239.0,,,742.454,575.077,605.01,575.85,,,
963,2524470,20,,left,saccade,242.0,,,,745.66,576.455,635.72,583.898,,,
964,2524494,1152,2.874967013888889,right,fixation,,242.0,550.614432525951,578.888470588235,,,,,4.0,5.749619930766394,35.17373934765564
965,2524494,1160,2.8751137931034485,left,fixation,243.0,,570.620154639175,602.041910652921,,,,,2.0,6.298908214919711,33.00265793629796
966,2525650,20,,right,saccade,,240.0,,,521.806,589.1709999999998,601.246,589.849,,,
967,2525658,12,,left,saccade,243.0,,,,560.618,607.686,601.2280000000002,606.328,,,
968,2525674,256,2.86178125,left,fixation,244.0,,636.201969230769,614.707646153846,,,,,1.0,2.9950550078420957,12.15777549554183
969,2525674,260,2.8618923076923077,right,fixation,,243.0,619.475560606061,580.872363636364,,,,,1.0,2.6499215606839592,10.512764479431654
970,2525934,36,,left,saccade,244.0,,,,633.63,617.869,439.778,621.688,,,
971,2525938,32,,right,saccade,,241.0,,,603.045,563.275,391.13199999999995,584.691,,,
972,2525974,413,2.9091057692307687,left,fixation,245.0,,413.877721153846,611.559701923077,,,,,1.0,2.9012918051945253,14.622716744845988
973,2525974,413,2.9091057692307687,right,fixation,,244.0,379.55790384615403,589.1673173076921,,,,,3.0,2.634081605248753,7.26410021222729
974,2526391,44,,left,saccade,245.0,,,,410.723,610.3430000000002,760.442,600.21,,,
975,2526391,44,,right,saccade,,242.0,,,380.87300000000016,596.707,769.855,588.953,,,
976,2526439,491,2.782102459016394,right,fixation,,245.0,773.484685483871,592.688120967742,,,,,2.0,6.220023772167554,35.52776676061204
977,2526439,495,2.7817560975609763,left,fixation,246.0,,760.467664,593.826272,,,,,2.0,4.663538186447914,29.76201153804613
978,2526934,36,,right,saccade,,243.0,,,765.747,592.28,509.606,588.547,,,
979,2526938,28,,left,saccade,246.0,,,,741.154,590.668,547.51,604.737,,,
980,2526970,536,2.790496268656716,left,fixation,247.0,,535.320540740741,618.69525925926,,,,,1.0,2.134273341079928,5.674452660829897
981,2526974,524,2.790324427480916,right,fixation,,246.0,516.873477272727,591.137969696969,,,,,3.0,2.474820109900117,10.517171716629981
982,2527502,20,,right,saccade,,244.0,,,532.942,595.058,599.356,594.498,,,
983,2527510,8,,left,saccade,247.0,,,,565.607,617.493,597.77,615.284,,,
984,2527522,496,2.820584677419355,left,fixation,248.0,,624.824288,591.24208,,,,,1.0,4.016603944876833,13.460786195464168
985,2527526,492,2.820682926829268,right,fixation,,247.0,625.3938870967739,582.030790322581,,,,,3.0,2.7917881462941523,8.241234933484245
986,2528022,16,,left,saccade,248.0,,,,626.283,598.266,553.313,601.778,,,
987,2528022,16,,right,saccade,,245.0,,,615.322,591.569,555.721,599.776,,,
988,2528042,332,2.900732142857142,left,fixation,249.0,,552.222369047619,599.415976190476,,,,,1.0,2.2706024225106063,3.2286357800159937
989,2528042,332,2.900732142857142,right,fixation,,248.0,534.162190476191,599.985571428572,,,,,1.0,3.133193015475153,11.28975199019
990,2528378,20,,left,saccade,249.0,,,,558.681,601.941,465.42199999999997,605.931,,,
991,2528378,20,,right,saccade,,246.0,,,530.105,594.832,428.30199999999996,598.345,,,
992,2528402,248,2.933629032258064,left,fixation,250.0,,437.51753968253996,594.777396825397,,,,,1.0,2.9454316510676413,7.391117709791882
993,2528402,248,2.933629032258064,right,fixation,,249.0,424.583682539683,599.449761904762,,,,,2.0,2.491696373862206,4.2366860629362115
994,2528654,44,,left,saccade,250.0,,,,433.85699999999997,594.981,790.898,581.391,,,
995,2528654,44,,right,saccade,,247.0,,,421.069,596.837,800.55,587.1759999999998,,,
996,2528702,656,2.8975674846625767,left,fixation,251.0,,786.9110909090912,576.37363030303,,,,,3.0,4.549506057178914,24.180533884833675
997,2528702,656,2.8975674846625767,right,fixation,,250.0,774.5984,593.913206060605,,,,,2.0,7.152630780544376,34.567117972834765
998,2529362,12,,left,saccade,251.0,,,,771.799,577.31,823.534,574.737,,,
999,2529362,12,,right,saccade,,248.0,,,767.3639999999997,595.879,823.941,594.285,,,
1000,2529378,336,2.8619821428571437,left,fixation,252.0,,847.2223058823531,578.463611764706,,,,,3.0,3.2870739023861066,10.90308488527092
1001,2529378,336,2.8619821428571437,right,fixation,,251.0,847.457211764706,602.266976470588,,,,,4.0,3.439055440824013,15.854679574552133
1002,2529718,32,,right,saccade,,249.0,,,850.2289999999997,595.4,613.346,588.4630000000002,,,
1003,2529718,36,,left,saccade,252.0,,,,855.158,573.558,617.3580000000002,587.479,,,
1004,2529754,472,2.845076271186441,right,fixation,,252.0,601.924369747899,593.6403697478991,,,,,9.0,3.3935480656184165,16.640044288163132
1005,2529758,468,2.8449829059829064,left,fixation,253.0,,614.234059322034,587.657686440678,,,,,2.0,3.4489249588451583,21.89990604671085
1006,2530230,16,,right,saccade,,250.0,,,613.659,596.37,537.7280000000002,590.17,,,
1007,2530230,20,,left,saccade,253.0,,,,635.684,583.371,544.0169999999998,584.069,,,
1008,2530250,324,2.8359012345679013,right,fixation,,253.0,507.144463414634,584.837036585366,,,,,3.0,2.968120181182208,15.687913617159415
1009,2530254,324,2.8362654320987657,left,fixation,254.0,,527.693304878049,596.421158536585,,,,,0.0,,
1010,2530578,20,,right,saccade,,251.0,,,501.126,581.39,426.971,590.564,,,
1011,2530582,12,,left,saccade,254.0,,,,513.7280000000002,600.048,464.55800000000005,601.631,,,
1012,2530598,320,2.83810625,left,fixation,255.0,,438.398172839506,618.7066790123449,,,,,3.0,2.84712904276502,9.514074720391957
1013,2530602,312,2.837647435897436,right,fixation,,254.0,417.54755696202596,596.0012405063289,,,,,4.0,2.448567231328835,7.948077643248924
1014,2530918,24,,right,saccade,,252.0,,,412.842,586.016,514.415,577.1519999999998,,,
1015,2530922,20,,left,saccade,255.0,,,,442.036,614.395,516.8340000000002,608.5840000000002,,,
1016,2530946,296,2.800323717948718,left,fixation,256.0,,551.4164933333329,606.907826666667,,,,,1.0,2.6639089907710956,12.165463945119448
1017,2530946,296,2.800323717948718,right,fixation,,255.0,529.09188,575.945946666666,,,,,3.0,2.1544333924681283,7.727880752700635
