,starttime,duration,meanPupilDiameter,eye,eventType,eventIdxLeft,eventIdxRight,meanX,meanY,startSaccadeX,startSaccadeY,endSaccadeX,endSaccadeY,microsaccadeCount,microsaccadeAmplitude,microsaccadePeakVelocity
0,11033219,60,3.912359375,left,fixation,1.0,,1585.9250625,809.939625,,,,,1.0,1.5689559249527438,3.5376219413609804
1,11033219,64,3.9121911764705892,right,fixation,,1.0,1521.63247058824,828.664529411765,,,,,0.0,,
2,11033283,64,,left,saccade,1.0,,,,1586.2320000000002,806.7339999999997,765.883,572.232,,,
3,11033287,60,,right,saccade,,1.0,,,1516.18,819.9889999999997,731.8330000000003,616.32,,,
4,11033351,161,3.892243902439024,left,fixation,2.0,,767.393195121951,580.087170731707,,,,,1.0,2.316296133437535,7.237050573265318
5,11033351,165,3.8915357142857134,right,fixation,,2.0,725.7846428571429,610.372047619048,,,,,4.0,3.156374477034505,16.72570381629121
6,11033516,40,,left,saccade,2.0,,,,763.066,581.587,607.741,271.218,,,
7,11033520,36,,right,saccade,,2.0,,,717.2310000000001,624.373,619.955,317.9290000000001,,,
8,11033560,88,,left,fixation,3.0,,583.846043478261,255.680913043478,,,,,1.0,2.937971304980517,12.619666952816127
9,11033560,96,,right,fixation,,3.0,601.31828,317.5225200000001,,,,,2.0,4.416947737637472,14.164287648565328
10,11033652,32,,left,saccade,3.0,,,,574.832,246.055,508.205,239.64,,,
11,11033660,32,,right,saccade,,3.0,,,594.814,330.81699999999995,506.155,354.534,,,
12,11033808,728,3.8173377545552,right,fixation,,4.0,537.1236174863379,301.639071038251,,,,,5.0,3.7033115081958736,14.419794751040607
13,11033820,724,3.817009656084656,left,fixation,4.0,,507.98171978022003,180.765543956044,,,,,9.0,5.03837815488425,33.86006475382323
14,11034540,24,,right,saccade,,4.0,,,564.1759999999998,284.08,659.591,274.738,,,
15,11034548,16,,left,saccade,4.0,,,,595.365,224.27900000000002,657.321,224.59,,,
16,11034568,291,3.7614375,left,fixation,5.0,,665.345135135136,219.904472972973,,,,,1.0,2.2604708580293678,8.671628451450225
17,11034568,291,3.7614375,right,fixation,,5.0,673.534891891892,251.715594594595,,,,,1.0,2.1407593733169668,9.259740925101402
18,11034863,12,,right,saccade,,5.0,,,688.433,243.22799999999998,740.867,247.105,,,
19,11034863,16,,left,saccade,5.0,,,,660.775,208.955,732.605,210.865,,,
20,11034879,244,3.7334016393442617,right,fixation,,6.0,781.708161290322,244.544241935484,,,,,1.0,5.172303143238565,39.47304945149292
21,11034883,244,3.7334344262295085,left,fixation,6.0,,763.174532258065,210.118387096774,,,,,3.0,3.0525665540400277,22.904582754443965
22,11035127,8,,right,saccade,,6.0,,,829.8610000000001,247.68,862.18,247.68,,,
23,11035131,4,,left,saccade,6.0,,,,800.797,208.593,811.2560000000003,208.593,,,
24,11035139,220,3.718645454545455,left,fixation,7.0,,859.786571428572,233.166589285714,,,,,3.0,2.770581386906904,16.11813868685977
25,11035139,224,3.718651785714286,right,fixation,,7.0,878.219210526315,257.946631578947,,,,,2.0,2.3249448563646937,10.01023876443294
26,11035363,12,,left,saccade,7.0,,,,845.73,241.39700000000002,805.6110000000001,237.451,,,
27,11035367,8,,right,saccade,,7.0,,,856.0210000000003,251.00599999999997,827.921,250.55599999999998,,,
28,11035379,152,3.7288289473684215,right,fixation,,8.0,807.773666666667,244.958128205128,,,,,1.0,2.136481147692275,3.501698445040585
29,11035379,156,3.729294871794872,left,fixation,8.0,,789.247675,232.68015,,,,,2.0,2.8444219052431916,8.931868834388776
30,11035535,12,,right,saccade,,8.0,,,810.332,234.84099999999998,862.562,237.49,,,
31,11035539,8,,left,saccade,8.0,,,,806.971,236.63299999999998,833.314,239.398,,,
32,11035551,192,3.766125,left,fixation,9.0,,859.7907959183681,222.216183673469,,,,,3.0,2.810976344279163,13.979590920161623
33,11035551,192,3.766125,right,fixation,,9.0,883.0734693877548,259.786775510204,,,,,1.0,3.1796269609989025,16.029341876695966
34,11035747,28,,left,saccade,9.0,,,,854.915,237.47400000000002,684.173,227.007,,,
35,11035747,28,,right,saccade,,9.0,,,883.317,263.173,705.934,260.173,,,
36,11035779,245,3.7850161290322575,left,fixation,10.0,,667.8927258064521,209.713822580645,,,,,3.0,3.930930535582115,11.629442644314326
37,11035779,537,3.782818518518519,right,fixation,,10.0,648.1648518518521,269.499518518518,,,,,3.0,5.370288874822414,31.334416764335362
38,11036028,8,,left,saccade,10.0,,,,634.415,206.688,612.184,206.688,,,
39,11036040,276,3.7804637681159416,left,fixation,11.0,,573.112628571428,224.67424285714299,,,,,2.0,2.9133929919172794,19.27655209396778
40,11036320,16,,right,saccade,,10.0,,,616.134,280.025,679.76,276.737,,,
41,11036320,24,,left,saccade,11.0,,,,563.635,225.035,654.634,218.84400000000002,,,
42,11036340,223,3.7778545454545465,right,fixation,,11.0,692.347789473684,271.897298245614,,,,,0.0,,
43,11036348,215,3.7780188679245286,left,fixation,12.0,,655.268781818182,212.34792727272702,,,,,1.0,2.924109741062695,25.49965588003099
44,11036567,12,,left,saccade,12.0,,,,648.922,224.799,603.643,224.799,,,
45,11036567,12,,right,saccade,,11.0,,,684.37,270.439,631.677,271.813,,,
46,11036583,260,3.8157384615384617,left,fixation,13.0,,569.6507727272731,202.406196969697,,,,,1.0,3.1258598505939945,20.267018651000463
47,11036583,260,3.8157384615384617,right,fixation,,12.0,611.732712121212,270.506121212121,,,,,2.0,2.0468926627246247,9.524343524904287
48,11036847,12,,left,saccade,13.0,,,,549.514,198.642,506.45599999999996,198.475,,,
49,11036847,16,,right,saccade,,12.0,,,586.451,267.995,525.126,266.405,,,
50,11036863,393,3.748363636363636,left,fixation,14.0,,484.334616161616,201.65429292929298,,,,,3.0,1.971482267628282,8.10982829199798
51,11036867,385,3.748273195876288,right,fixation,,13.0,510.608505154639,252.34724742268003,,,,,1.0,1.8758731448463049,4.377872771107056
52,11037256,31,,right,saccade,,13.0,,,512.825,254.58900000000003,679.429,247.11900000000003,,,
53,11037259,28,,left,saccade,14.0,,,,500.89,206.83900000000003,628.9540000000002,201.123,,,
54,11037291,128,3.689828125,left,fixation,15.0,,650.084181818182,194.784818181818,,,,,2.0,2.2830463683188933,9.635478797051068
55,11037291,128,3.689828125,right,fixation,,14.0,687.869939393939,255.028818181818,,,,,1.0,2.2569710897572186,5.214722427895982
56,11037423,16,,left,saccade,15.0,,,,642.729,198.44299999999998,562.487,204.49900000000002,,,
57,11037423,16,,right,saccade,,14.0,,,681.2810000000002,262.892,592.18,262.716,,,
58,11037443,208,3.6824615384615385,right,fixation,,15.0,584.300132075472,263.95837735849,,,,,0.0,,
59,11037443,528,3.711045454545455,left,fixation,16.0,,517.122135338346,212.16575187969897,,,,,3.0,5.099598590634905,29.486263970065483
60,11037655,12,,right,saccade,,15.0,,,569.2919999999998,269.923,521.128,264.01099999999997,,,
61,11037671,296,3.7323581081081088,right,fixation,,16.0,508.56156,240.17524,,,,,1.0,2.9161928853291594,7.897178356856282
62,11037971,20,,right,saccade,,16.0,,,504.76800000000003,231.114,642.861,237.297,,,
63,11037975,20,,left,saccade,16.0,,,,497.356,205.15200000000002,611.036,201.208,,,
64,11037995,144,3.769527777777777,right,fixation,,17.0,674.906432432432,257.28700000000003,,,,,2.0,2.4715399923900065,8.141964411955978
65,11037999,144,3.769000000000001,left,fixation,17.0,,649.942135135135,193.79756756756802,,,,,1.0,2.826746780507817,17.76011514602308
66,11038143,16,,right,saccade,,17.0,,,693.8380000000003,258.17900000000003,776.5980000000003,257.149,,,
67,11038147,12,,left,saccade,17.0,,,,670.823,185.28900000000002,729.305,183.202,,,
68,11038163,396,3.7561313131313128,left,fixation,18.0,,765.9217,196.675,,,,,2.0,3.3783144960079614,21.62319069910129
69,11038163,400,3.756215,right,fixation,,18.0,785.765811881188,234.93529702970298,,,,,0.0,,
70,11038563,28,,left,saccade,18.0,,,,779.2710000000003,204.66299999999998,595.104,214.421,,,
71,11038567,24,,right,saccade,,18.0,,,782.645,227.766,611.952,240.764,,,
72,11038595,320,3.7321875,left,fixation,19.0,,575.004456790123,213.38692592592602,,,,,1.0,1.9460319884318265,6.0677854279793975
73,11038595,320,3.7321875,right,fixation,,19.0,606.989222222222,266.19935802469104,,,,,0.0,,
74,11038919,8,,left,saccade,19.0,,,,534.205,202.227,503.69800000000004,203.643,,,
75,11038919,16,,right,saccade,,19.0,,,590.6669999999998,277.04400000000004,534.964,273.205,,,
76,11038931,184,3.730641304347827,left,fixation,20.0,,489.434595744681,222.69485106383,,,,,1.0,1.8556937307169556,6.294839156007054
77,11038939,176,3.7308068181818186,right,fixation,,20.0,501.51,241.08415555555598,,,,,1.0,3.774175954945528,19.25996430422449
78,11039119,32,,left,saccade,20.0,,,,484.54,222.658,714.688,204.81799999999998,,,
79,11039119,32,,right,saccade,,20.0,,,494.542,232.05,725.113,240.396,,,
80,11039155,264,3.756257575757576,right,fixation,,21.0,747.785820895522,239.634597014925,,,,,2.0,3.5574016001048334,13.414675971971675
81,11039155,272,3.756433823529412,left,fixation,21.0,,741.4431739130431,190.783086956522,,,,,4.0,3.3833656474532092,16.754020215822912
82,11039423,16,,right,saccade,,21.0,,,774.1110000000001,227.525,844.732,227.79,,,
83,11039431,12,,left,saccade,21.0,,,,790.352,208.662,834.01,211.86700000000002,,,
84,11039443,144,3.790625,right,fixation,,22.0,858.270108108108,234.410189189189,,,,,0.0,,
85,11039447,140,3.7912428571428567,left,fixation,22.0,,855.605472222222,214.525694444444,,,,,1.0,2.273476645042879,7.72015194150999
86,11039591,32,,left,saccade,22.0,,,,854.196,219.977,614.122,209.61700000000002,,,
87,11039591,32,,right,saccade,,22.0,,,856.855,240.356,638.17,245.09799999999998,,,
88,11039627,392,3.8408520408163267,right,fixation,,23.0,616.816474747475,254.76758585858602,,,,,3.0,2.6883836163717385,14.057829205178182
89,11039627,396,3.840883838383839,left,fixation,23.0,,598.78126,194.90176,,,,,1.0,6.120385066408076,40.45981405048729
90,11040023,16,,right,saccade,,23.0,,,594.863,260.112,678.857,259.758,,,
91,11040027,16,,left,saccade,23.0,,,,588.215,224.358,640.622,210.074,,,
92,11040043,1028,3.843313229571984,right,fixation,,24.0,682.4333837209299,245.347748062016,,,,,3.0,4.013888093809991,26.709037344344786
93,11040047,1024,3.84325,left,fixation,24.0,,648.054498054474,175.048813229572,,,,,8.0,3.423106806929424,25.34542458015441
94,11041075,56,,right,saccade,,24.0,,,654.64,223.63400000000001,1397.0520000000001,254.968,,,
95,11041075,60,,left,saccade,24.0,,,,626.155,181.18400000000003,1399.76,196.31900000000002,,,
96,11041135,540,3.8651530874785593,right,fixation,,25.0,1422.59763235294,186.957683823529,,,,,4.0,4.5595625047323285,17.7541469117333
97,11041139,532,3.8654974025974025,left,fixation,25.0,,1406.55342537314,157.95571641791,,,,,9.0,3.653398632511983,18.20421427851834
98,11041675,32,,left,saccade,25.0,,,,1430.7910000000006,145.216,1436.888,177.625,,,
99,11041679,32,,right,saccade,,25.0,,,1439.51,192.957,1450.37,229.64,,,
100,11041759,432,3.901810896420652,right,fixation,,26.0,1426.41719266055,169.074,,,,,3.0,5.666762527415818,31.46432402322761
101,11041767,920,3.9435035918188084,left,fixation,26.0,,1422.59838961039,164.848926406926,,,,,20.0,2.781079051510281,11.907177321573535
102,11042195,16,,right,saccade,,26.0,,,1412.155,137.297,1431.102,193.011,,,
103,11042215,476,3.974422916666666,right,fixation,,27.0,1441.53616666667,207.42598333333302,,,,,2.0,3.4496358144106654,9.65690558058212
104,11042691,56,,left,saccade,26.0,,,,1407.789,173.015,616.502,292.44599999999997,,,
105,11042695,52,,right,saccade,,27.0,,,1425.737,201.34,613.544,417.215,,,
106,11042751,104,4.026814814814815,left,fixation,27.0,,614.594518518518,309.703518518519,,,,,2.0,2.6103230808088487,6.9788102168284025
107,11042751,104,4.026814814814815,right,fixation,,28.0,618.67462962963,438.88214814814796,,,,,2.0,2.3188664169829707,11.310850534856892
108,11042859,16,,left,saccade,27.0,,,,618.145,312.857,519.257,312.857,,,
109,11042859,20,,right,saccade,,28.0,,,612.4019999999998,446.162,488.991,436.901,,,
110,11042879,284,3.971196496212121,left,fixation,28.0,,502.3553333333329,334.61820833333303,,,,,6.0,3.3407164062533865,13.78199306443532
111,11042883,288,3.9704336240310085,right,fixation,,29.0,485.662287671233,417.172643835616,,,,,3.0,2.921192471320872,13.686724228563671
112,11043167,36,,left,saccade,28.0,,,,487.333,323.302,505.663,361.335,,,
113,11043175,32,,right,saccade,,29.0,,,464.125,415.608,477.61699999999996,446.991,,,
114,11043295,0,,right,fixation,,30.0,495.546,446.991,,,,,0.0,,
115,11043299,16,,right,saccade,,30.0,,,495.546,441.00800000000004,524.946,411.346,,,
116,11043315,4,,left,fixation,29.0,,509.3275,361.335,,,,,0.0,,
117,11043319,364,3.906717487373738,right,fixation,,31.0,545.358369565217,396.163054347826,,,,,5.0,2.8138426145269078,11.351921471885722
118,11043323,16,,left,saccade,29.0,,,,517.48,356.181,537.5409999999998,293.59,,,
119,11043343,352,3.9074036835748793,left,fixation,30.0,,558.375191011236,267.067617977528,,,,,6.0,3.1359627737349047,13.531798349583935
120,11043687,16,,right,saccade,,31.0,,,564.123,413.327,622.682,412.091,,,
121,11043699,0,,left,saccade,30.0,,,,603.872,262.14799999999997,603.872,262.14799999999997,,,
122,11043703,424,3.874259433962264,left,fixation,31.0,,660.601271028038,297.47385046729,,,,,7.0,4.755086260034899,22.98715536063727
123,11043707,416,3.874274038461538,right,fixation,,32.0,646.655523809524,387.34580952381003,,,,,4.0,5.422197633320933,19.928586122541002
124,11044127,8,,right,saccade,,32.0,,,703.784,379.165,718.0060000000003,380.772,,,
125,11044131,4,,left,saccade,31.0,,,,707.37,323.039,715.222,323.039,,,
126,11044139,616,3.7753279220779214,right,fixation,,33.0,775.3687548387102,371.882090322581,,,,,2.0,4.385163409360708,27.231520998997283
127,11044139,1552,3.737672680412371,left,fixation,32.0,,829.892444730077,337.754488431877,,,,,12.0,3.587083690274358,19.328903849629565
128,11044759,8,,right,saccade,,33.0,,,821.612,374.69699999999995,854.1610000000003,370.755,,,
129,11044771,924,3.7119783549783554,right,fixation,,34.0,885.09414224138,383.401612068965,,,,,5.0,2.8320886511323686,12.271543883801195
130,11045695,20,,left,saccade,32.0,,,,863.52,328.211,765.6289999999997,327.45099999999996,,,
131,11045699,20,,right,saccade,,34.0,,,883.322,393.848,785.2869999999997,393.95,,,
132,11045719,64,3.69471875,left,fixation,33.0,,741.077823529412,318.718411764706,,,,,1.0,1.9845229625501704,5.324142090515495
133,11045723,60,3.695033333333334,right,fixation,,35.0,762.3493125,391.3605625,,,,,1.0,2.250225945445373,9.106010762128447
134,11045787,32,,left,saccade,33.0,,,,732.245,321.77099999999996,460.091,348.81199999999984,,,
135,11045787,36,,right,saccade,,35.0,,,754.069,391.56800000000004,462.912,429.587,,,
136,11045823,948,3.703867088607595,left,fixation,34.0,,469.526277310924,339.02339495798304,,,,,9.0,3.0211729305581616,17.96158938781268
137,11045827,940,3.704059574468085,right,fixation,,36.0,480.144279661017,407.899152542373,,,,,4.0,4.046022333477811,22.93835873549714
138,11046771,16,,right,saccade,,36.0,,,516.004,404.311,593.043,411.15,,,
139,11046775,16,,left,saccade,34.0,,,,493.92199999999997,317.3590000000001,568.9540000000002,317.39099999999996,,,
140,11046791,544,3.585948529411765,right,fixation,,37.0,627.12900729927,431.24302189780997,,,,,1.0,4.2568680747182635,26.48243072302845
141,11046795,544,3.5855330882352945,left,fixation,35.0,,583.662430656934,312.221459854015,,,,,2.0,2.1676601249436267,11.770564775427086
142,11047339,16,,right,saccade,,37.0,,,620.143,435.121,695.1260000000003,428.361,,,
143,11047343,16,,left,saccade,35.0,,,,584.0419999999998,301.733,661.3760000000002,304.95099999999996,,,
144,11047359,364,3.5402967032967037,right,fixation,,38.0,715.9108369565221,422.8728152173909,,,,,2.0,3.726508643074257,14.519831956133585
145,11047363,360,3.539966666666667,left,fixation,36.0,,679.0783186813189,308.884681318681,,,,,2.0,2.8609966494823045,13.526645925213716
146,11047727,16,,left,saccade,36.0,,,,693.0210000000003,306.507,763.735,305.019,,,
147,11047727,16,,right,saccade,,38.0,,,734.1489999999999,424.923,809.2769999999997,420.01599999999996,,,
148,11047747,503,3.579192,right,fixation,,39.0,826.9187874015739,400.626141732284,,,,,5.0,4.089934171342592,16.26987777880244
149,11047747,635,3.5800727848101266,left,fixation,37.0,,793.3064375,303.1316375,,,,,5.0,5.311357784071181,28.2299564502806
150,11048254,4,,right,saccade,,39.0,,,827.919,400.32300000000004,815.426,400.32300000000004,,,
151,11048262,104,3.5828269230769227,right,fixation,,40.0,783.755888888889,402.19637037037,,,,,1.0,2.8165673601823187,8.525117535846674
152,11048370,20,,right,saccade,,40.0,,,788.875,397.61300000000006,858.3639999999997,396.26599999999996,,,
153,11048386,4,,left,saccade,37.0,,,,820.057,306.731,827.248,306.6690000000001,,,
154,11048394,805,3.6298762376237614,left,fixation,38.0,,855.7493316831682,292.03933663366297,,,,,10.0,3.089522260433487,16.705883990327653
155,11048394,805,3.6298762376237614,right,fixation,,41.0,865.3641534653467,371.3577574257431,,,,,7.0,3.384665930539515,14.83341862394238
156,11049203,48,,right,saccade,,41.0,,,843.166,363.648,1444.132,373.76199999999994,,,
157,11049203,52,,left,saccade,38.0,,,,824.7510000000003,266.961,1473.0220000000006,292.993,,,
158,11049255,796,3.82896625,right,fixation,,42.0,1512.31098,340.109445,,,,,3.0,4.7454889458647855,31.68447269234551
159,11049259,788,3.8291275252525248,left,fixation,39.0,,1530.37790909091,244.832439393939,,,,,9.0,2.834986006298773,15.56504038601377
160,11050051,28,,left,saccade,39.0,,,,1523.068,256.007,1430.469,146.166,,,
161,11050055,24,,right,saccade,,42.0,,,1535.5539999999999,322.948,1493.5710000000001,203.729,,,
162,11050083,232,3.872991379310344,left,fixation,40.0,,1438.65433898305,119.824966101695,,,,,1.0,3.5136374986930847,21.485083779217575
163,11050083,232,3.872991379310344,right,fixation,,43.0,1469.29794915254,197.112220338983,,,,,3.0,3.2033697381772073,18.767492928747032
164,11050319,68,,right,saccade,,43.0,,,1488.3339999999994,183.368,699.835,384.616,,,
165,11050319,76,,left,saccade,40.0,,,,1448.201,131.549,708.8489999999997,303.629,,,
166,11050391,116,3.8451896551724136,right,fixation,,44.0,683.2168,412.227466666667,,,,,2.0,3.2889927921232185,17.340059923169008
167,11050399,108,3.8449259259259274,left,fixation,41.0,,691.9561428571429,323.22707142857104,,,,,1.0,3.497698457557473,7.444471774410771
168,11050511,40,,left,saccade,41.0,,,,682.706,320.688,599.129,110.211,,,
169,11050511,40,,right,saccade,,44.0,,,688.492,431.525,644.7090000000002,128.518,,,
170,11050555,68,3.8736764705882365,left,fixation,42.0,,608.709833333333,93.03761111111106,,,,,1.0,2.7702530369785534,9.782989829290443
171,11050555,68,3.8736764705882365,right,fixation,,45.0,651.0695,99.29794444444452,,,,,1.0,3.2590235841770427,15.195499761442536
172,11050627,19,,right,saccade,,45.0,,,651.664,87.204,813.9910000000001,84.191,,,
173,11050627,23,,left,saccade,42.0,,,,612.235,86.65700000000002,777.885,75.862,,,
174,11050650,36,3.9213888888888886,right,fixation,,46.0,823.791,80.8173,,,,,0.0,,
175,11050654,36,3.922333333333333,left,fixation,43.0,,790.0069,67.2389,,,,,1.0,2.9218107874703265,4.5885426880438205
176,11050690,20,,right,saccade,,46.0,,,829.0060000000003,81.27600000000002,999.627,136.012,,,
177,11050694,20,,left,saccade,43.0,,,,798.6089999999997,63.473,948.827,75.848,,,
178,11050714,156,3.9203717948717953,right,fixation,,47.0,1006.601025,155.2547,,,,,3.0,2.484174854007712,8.333025676661384
179,11050718,144,3.9204722222222217,left,fixation,44.0,,963.592,90.5527567567568,,,,,2.0,1.9210653230703436,5.037119904550523
180,11050866,64,,left,saccade,44.0,,,,974.209,102.314,625.931,406.95599999999996,,,
181,11050874,56,,right,saccade,,47.0,,,987.847,159.17,632.3380000000002,479.60400000000004,,,
182,11050934,104,3.948538461538462,left,fixation,45.0,,617.257,419.926592592593,,,,,0.0,,
183,11050934,104,3.948538461538462,right,fixation,,48.0,627.145925925926,489.488888888889,,,,,2.0,3.124770748432048,19.54711428476764
184,11051042,20,,right,saccade,,48.0,,,641.352,499.457,486.972,508.99,,,
185,11051042,24,,left,saccade,45.0,,,,611.903,415.01,486.52099999999996,447.958,,,
186,11051066,101,,right,fixation,,49.0,471.9139230769229,523.319076923077,,,,,0.0,,
187,11051070,89,,left,fixation,46.0,,483.620521739131,474.291304347826,,,,,1.0,4.00784791932584,11.561159500672893
188,11051163,67,,left,saccade,46.0,,,,484.671,485.035,398.97900000000004,399.923,,,
189,11051171,32,,right,saccade,,49.0,,,459.86400000000003,532.857,413.01,551.632,,,
190,11051291,4,,right,fixation,,50.0,416.545,551.632,,,,,0.0,,
191,11051298,16,,right,saccade,,50.0,,,418.702,538.523,425.033,471.337,,,
192,11051318,332,3.9637313082965138,right,fixation,,51.0,453.0186190476191,491.438630952381,,,,,4.0,3.394973084248047,25.79923177548252
193,11051338,316,3.964034267800084,left,fixation,47.0,,444.4390625,403.113625,,,,,4.0,3.714507313733712,22.66662700495225
194,11051654,12,,right,saccade,,51.0,,,468.224,509.707,518.011,498.809,,,
195,11051658,8,,left,saccade,47.0,,,,489.816,425.575,508.914,431.163,,,
196,11051670,128,4.007916666666667,left,fixation,48.0,,538.361575757576,441.339757575758,,,,,2.0,2.519600983179349,7.714773191287756
197,11051670,136,4.007916666666668,right,fixation,,52.0,517.2092571428569,482.46751428571406,,,,,2.0,4.427990380638669,16.946831315141026
198,11051802,32,,left,saccade,48.0,,,,553.548,451.861,547.771,479.73,,,
199,11051810,36,,right,saccade,,52.0,,,516.722,487.523,584.778,559.6519999999998,,,
200,11051922,112,3.9701767068273095,right,fixation,,53.0,583.419724137931,522.758689655172,,,,,2.0,9.941996149271002,6.947178865796795
201,11051926,28,,left,fixation,49.0,,550.745125,481.725125,,,,,1.0,6.342651139091785,13.071034427312904
202,11051958,4,,left,saccade,49.0,,,,558.615,459.202,564.19,451.89,,,
203,11051966,64,3.969765060240964,left,fixation,50.0,,586.1180588235289,433.04035294117597,,,,,1.0,2.9983093615865837,13.677387213938182
204,11052034,16,,left,saccade,50.0,,,,590.15,429.55699999999996,657.0930000000002,407.70099999999996,,,
205,11052038,12,,right,saccade,,53.0,,,606.073,530.403,644.099,524.2819999999998,,,
206,11052054,308,4.000896103896103,right,fixation,,54.0,669.580871794872,521.134461538462,,,,,4.0,3.2313469737196705,12.96061707691011
207,11052054,312,4.000467948717949,left,fixation,51.0,,666.1343797468351,370.68848101265803,,,,,4.0,3.754243365582989,23.397704771620308
208,11052366,20,,right,saccade,,54.0,,,671.721,504.37199999999996,798.613,505.222,,,
209,11052370,20,,left,saccade,51.0,,,,673.002,414.246,777.4110000000003,411.142,,,
210,11052390,192,3.9653541666666654,right,fixation,,55.0,807.498673469388,506.915591836735,,,,,4.0,2.78470927376096,9.135040701901524
211,11052394,188,3.965106382978724,left,fixation,52.0,,774.9835625,421.054708333333,,,,,1.0,4.0087676860989445,18.196857338562594
212,11052586,12,,right,saccade,,55.0,,,819.709,525.1569999999998,873.591,514.967,,,
213,11052586,16,,left,saccade,52.0,,,,778.076,430.603,835.7280000000003,423.709,,,
214,11052602,1040,3.944215025272205,right,fixation,,56.0,861.8004482758611,492.402743295019,,,,,7.0,4.178167603484519,15.029571206657913
215,11052606,876,3.948728310502283,left,fixation,53.0,,842.876036363638,439.61306363636396,,,,,11.0,3.291668201548323,15.028400377692568
216,11053486,8,,left,saccade,53.0,,,,791.044,464.82,762.0169999999997,464.847,,,
217,11053498,132,3.8552371134020618,left,fixation,54.0,,764.562852941176,468.259676470588,,,,,3.0,3.1441065646429593,12.819721994622604
218,11053634,32,,left,saccade,54.0,,,,775.092,470.149,591.839,496.589,,,
219,11053646,76,,right,saccade,,56.0,,,779.071,510.63199999999995,640.366,511.35400000000004,,,
220,11053778,352,3.8321313027179014,left,fixation,55.0,,646.178011235955,477.2499775280901,,,,,5.0,4.12298482760034,15.880681781428079
221,11053814,308,3.830787200933672,right,fixation,,57.0,639.793884615385,516.34273076923,,,,,2.0,3.741528021755787,11.497446179458661
222,11054126,20,,right,saccade,,57.0,,,631.16,530.609,538.1669999999998,515.369,,,
223,11054134,12,,left,saccade,55.0,,,,633.798,467.186,597.067,467.075,,,
224,11054150,872,3.9186242102658833,left,fixation,56.0,,570.5500913242009,466.19549315068497,,,,,4.0,2.7586791378400286,17.213102033180107
225,11054150,876,3.9186242102658833,right,fixation,,58.0,499.307513636364,488.951231818182,,,,,16.0,4.05373828975421,20.38335795746329
226,11055026,36,,left,saccade,56.0,,,,580.4680000000002,459.957,490.415,541.504,,,
227,11055030,32,,right,saccade,,58.0,,,491.015,492.528,499.635,564.77,,,
228,11055166,4,,left,fixation,57.0,,499.7605,532.0005,,,,,0.0,,
229,11055170,4,,right,fixation,,59.0,500.7255,564.77,,,,,0.0,,
230,11055174,28,,left,saccade,57.0,,,,509.663,521.214,550.495,445.86400000000003,,,
231,11055178,12,,right,saccade,,59.0,,,502.74699999999996,548.845,501.651,499.421,,,
232,11055194,196,4.1274468484848486,right,fixation,,60.0,512.3372,504.31804000000005,,,,,7.0,7.613924035960933,13.675582895899744
233,11055206,180,4.1274468484848486,left,fixation,58.0,,562.753760869565,451.23565217391297,,,,,3.0,6.944040431609152,9.91810112124922
234,11055390,32,,left,saccade,58.0,,,,556.487,455.406,483.869,281.348,,,
235,11055394,32,,right,saccade,,60.0,,,487.849,502.282,491.769,497.273,,,
236,11055666,168,4.068866666666667,right,fixation,,61.0,507.361627906977,471.5039767441861,,,,,3.0,3.1097772971975446,11.859585307203885
237,11055778,20,4.064399999999999,left,fixation,59.0,,484.736833333333,280.545333333333,,,,,0.0,,
238,11055802,16,,left,saccade,59.0,,,,486.336,280.144,490.619,398.94599999999997,,,
239,11055822,628,4.093659297335063,left,fixation,60.0,,470.419120253165,427.323474683545,,,,,7.0,18.065279348571245,22.134569087610945
240,11055838,12,,right,saccade,,61.0,,,486.80699999999996,496.147,457.69599999999997,496.147,,,
241,11055854,608,4.09425,right,fixation,,62.0,426.855111111111,485.391594771242,,,,,5.0,2.4539567970795733,7.7657169885384825
242,11056454,32,,left,saccade,60.0,,,,466.43300000000005,430.405,468.184,494.246,,,
243,11056466,36,,right,saccade,,62.0,,,400.935,489.98699999999997,431.969,514.256,,,
244,11056574,748,3.977456666417408,right,fixation,,63.0,425.786,475.786324468085,,,,,4.0,6.023285099870678,25.195105390036893
245,11056594,4,,left,fixation,61.0,,474.824,494.246,,,,,0.0,,
246,11056602,12,,left,saccade,61.0,,,,478.36400000000003,482.98699999999997,483.86300000000006,434.341,,,
247,11056618,712,3.9779397563676637,left,fixation,62.0,,478.710709497207,436.01504469273806,,,,,5.0,3.598171707165451,18.996624845867213
248,11057326,20,,right,saccade,,63.0,,,408.64,474.96,507.855,478.545,,,
249,11057334,12,,left,saccade,62.0,,,,482.642,456.52099999999996,523.0830000000002,448.76599999999996,,,
250,11057350,484,3.945582644628099,right,fixation,,64.0,534.8386885245901,502.99799180327796,,,,,2.0,3.5134780316634866,26.205936790973407
251,11057350,488,3.9452786885245903,left,fixation,63.0,,566.866105691057,445.10478861788596,,,,,6.0,3.0534674096211565,14.172639598442359
252,11057838,16,,right,saccade,,64.0,,,530.645,506.401,459.635,502.459,,,
253,11057842,12,,left,saccade,63.0,,,,561.623,466.029,524.269,460.894,,,
254,11057858,660,3.8685878787878787,left,fixation,64.0,,482.11977108433797,439.13058433734886,,,,,5.0,2.7723498509003006,16.116509855325866
255,11057858,660,3.8685878787878787,right,fixation,,65.0,439.408367469879,497.138451807228,,,,,2.0,7.023286418444929,35.88574770101933
256,11058522,20,,right,saccade,,65.0,,,445.74800000000016,514.2280000000002,534.0840000000002,501.527,,,
257,11058522,24,,left,saccade,64.0,,,,473.334,433.157,574.722,434.07300000000004,,,
258,11058546,372,3.785311827956989,right,fixation,,66.0,548.075510638298,486.835989361702,,,,,1.0,6.540481992517399,42.55997797226868
259,11058550,372,3.7849247311827954,left,fixation,65.0,,586.92029787234,452.749840425532,,,,,2.0,2.455795358205896,8.143693999551544
260,11058922,20,,right,saccade,,66.0,,,563.29,494.06300000000016,661.013,496.38300000000004,,,
261,11058926,16,,left,saccade,65.0,,,,600.819,464.61400000000003,667.2330000000002,462.105,,,
262,11058946,444,3.794540540540541,right,fixation,,67.0,655.624294642857,506.268276785714,,,,,3.0,2.7740944002282943,11.237658279024458
263,11058946,448,3.7943794642857145,left,fixation,66.0,,697.3854778761058,461.602309734513,,,,,3.0,3.114855790209905,21.276591952689586
264,11059394,16,,right,saccade,,67.0,,,666.409,511.564,753.689,515.2230000000002,,,
265,11059398,16,,left,saccade,66.0,,,,713.918,462.149,779.3639999999997,463.465,,,
266,11059414,1272,3.753479559748429,right,fixation,,68.0,774.864884012539,510.014222570533,,,,,8.0,4.358794976375342,24.743188679618417
267,11059418,1276,3.753531347962383,left,fixation,67.0,,797.013809375,449.04919375,,,,,14.0,3.230267183131214,14.690634941577148
268,11060690,16,,right,saccade,,68.0,,,807.7230000000003,525.385,868.4960000000003,514.4680000000002,,,
269,11060698,8,,left,saccade,67.0,,,,855.355,453.9,877.645,451.705,,,
270,11060710,320,3.785325,left,fixation,68.0,,894.159851851852,446.176518518519,,,,,0.0,,
271,11060710,324,3.78575925925926,right,fixation,,69.0,867.803024390244,518.11374390244,,,,,1.0,3.9207119712000313,13.997819723085449
272,11061034,20,,left,saccade,68.0,,,,890.035,440.56800000000004,798.0360000000003,440.85,,,
273,11061038,16,,right,saccade,,69.0,,,843.1260000000003,499.832,781.2280000000003,489.57300000000004,,,
274,11061058,480,3.7999416666666663,left,fixation,69.0,,777.460297520661,450.795950413223,,,,,3.0,3.8721941419206463,23.80011745118141
275,11061058,480,3.7999416666666663,right,fixation,,70.0,740.645685950413,500.146239669421,,,,,6.0,3.1712618081934147,13.754050146488547
276,11061542,52,,left,saccade,69.0,,,,755.4789999999997,436.00300000000004,1489.296,441.465,,,
277,11061542,52,,right,saccade,,70.0,,,716.2180000000003,492.29,1423.2,482.339,,,
278,11061598,452,3.797769911504425,left,fixation,70.0,,1493.79335087719,410.07167543859595,,,,,7.0,3.0821174846422457,19.46000406647108
279,11061598,604,3.804519867549669,right,fixation,,71.0,1461.89430921053,430.3671973684211,,,,,5.0,5.010429802041523,33.123867982416556
280,11062054,16,,left,saccade,70.0,,,,1521.165,342.597,1521.404,279.355,,,
281,11062074,128,3.83046875,left,fixation,71.0,,1528.8389696969696,275.751151515152,,,,,1.0,5.2014962056871585,31.273820009714303
282,11062206,16,,right,saccade,,71.0,,,1497.392,338.417,1495.025,426.95599999999996,,,
283,11062206,20,,left,saccade,71.0,,,,1509.995,314.625,1503.144,399.064,,,
284,11062226,224,3.85925,right,fixation,,72.0,1484.4600526315805,450.143105263158,,,,,2.0,2.5924314266683792,16.022926563074982
285,11062230,220,3.859681818181819,left,fixation,72.0,,1514.85039285714,384.83975,,,,,4.0,2.6807298181335644,16.404244059201865
286,11062454,56,,left,saccade,72.0,,,,1539.471,383.74300000000005,763.5369999999997,495.865,,,
287,11062454,56,,right,saccade,,72.0,,,1484.546,454.935,733.2239999999997,551.35,,,
288,11062514,112,3.9694285714285713,left,fixation,73.0,,763.808689655172,533.042551724138,,,,,1.0,5.461827901698964,13.96992176069715
289,11062514,112,3.9694285714285713,right,fixation,,73.0,731.5345172413789,570.494793103448,,,,,1.0,2.8577632910683572,4.136234035931686
290,11062630,32,,right,saccade,,73.0,,,733.325,571.408,455.61699999999996,592.5740000000002,,,
291,11062630,36,,left,saccade,73.0,,,,760.93,547.094,494.85,565.993,,,
292,11062666,211,4.002783979328166,right,fixation,,74.0,457.143277777778,588.690111111111,,,,,4.0,4.381287780187326,20.014639776110613
293,11062670,199,4.002704164413196,left,fixation,74.0,,486.025725490196,566.786352941177,,,,,3.0,3.186832202260002,11.362747157868672
294,11062873,64,,left,saccade,74.0,,,,497.652,564.106,457.944,542.545,,,
295,11062881,32,,right,saccade,,74.0,,,435.49699999999996,589.99,399.474,664.05,,,
296,11062981,261,3.8798358208955226,right,fixation,,75.0,423.39698484848503,625.288484848485,,,,,2.0,8.585609996296279,20.552402901522232
297,11063025,221,3.8797391304347832,left,fixation,75.0,,472.419196428571,542.780196428571,,,,,2.0,4.0307401365677515,14.769989375895294
298,11063246,16,,right,saccade,,75.0,,,420.194,618.548,505.42400000000004,618.678,,,
299,11063250,16,,left,saccade,75.0,,,,486.565,550.346,539.138,547.7769999999998,,,
300,11063266,435,3.873106481481481,right,fixation,,76.0,514.185363636364,603.321536363636,,,,,2.0,2.205266589651643,8.257187927700304
301,11063270,435,3.872972222222221,left,fixation,76.0,,568.932272727273,566.704563636364,,,,,5.0,2.7080573504586685,14.17228909057431
302,11063705,16,,right,saccade,,76.0,,,511.029,606.2,446.00300000000004,605.489,,,
303,11063709,12,,left,saccade,76.0,,,,552.945,574.336,513.2,574.16,,,
304,11063725,829,3.9038753462603877,left,fixation,77.0,,487.197567307693,569.737682692308,,,,,1.0,3.5042499990091516,26.267316669199424
305,11063725,837,3.9038753462603877,right,fixation,,77.0,435.62450952381005,606.9978523809517,,,,,3.0,7.287493498664019,7.8884190364557085
306,11064558,32,,left,saccade,77.0,,,,483.773,574.4490000000002,428.184,622.197,,,
307,11064566,68,,right,saccade,,77.0,,,423.866,607.641,410.721,632.719,,,
308,11064689,24,,left,fixation,78.0,,437.78328571428597,620.800571428572,,,,,1.0,6.426196235375604,10.106715490207408
309,11064709,984,3.9016250313518936,right,fixation,,78.0,430.034417004049,616.514400809716,,,,,3.0,3.2993029850739326,12.98755299007262
310,11064717,12,,left,saccade,78.0,,,,447.649,602.59,464.48800000000006,559.161,,,
311,11064733,968,3.901652995277156,left,fixation,79.0,,487.2783374485591,545.148711934156,,,,,4.0,3.0131887130944333,12.933206845343282
312,11065697,16,,right,saccade,,78.0,,,440.02099999999996,605.384,544.898,611.9209999999998,,,
313,11065705,16,,left,saccade,79.0,,,,518.857,543.779,569.847,547.19,,,
314,11065717,320,3.90954375,right,fixation,,79.0,542.055222222222,607.742222222222,,,,,0.0,,
315,11065725,316,3.9095696202531647,left,fixation,80.0,,583.0463375,550.7932125,,,,,2.0,2.45335193899738,9.50039030985458
316,11066041,16,,right,saccade,,79.0,,,547.906,608.756,633.783,609.415,,,
317,11066045,16,,left,saccade,80.0,,,,596.435,560.349,658.909,557.81,,,
318,11066061,409,3.8760776699029127,right,fixation,,80.0,641.027796116505,603.9021262135917,,,,,0.0,,
319,11066065,409,3.875538834951456,left,fixation,81.0,,680.36640776699,564.0435922330099,,,,,0.0,,
320,11066474,15,,right,saccade,,80.0,,,632.38,592.244,740.36,597.641,,,
321,11066477,16,,left,saccade,81.0,,,,689.295,573.073,768.7869999999997,573.073,,,
322,11066493,532,3.867488721804511,right,fixation,,81.0,768.216186567164,611.598276119403,,,,,0.0,,
323,11066497,532,3.86737969924812,left,fixation,82.0,,786.267597014925,575.891753731343,,,,,2.0,1.7661278930119082,8.655031717939039
324,11067029,16,,right,saccade,,81.0,,,780.4739999999997,613.0790000000002,840.065,617.055,,,
325,11067033,12,,left,saccade,82.0,,,,793.4780000000003,571.214,837.7669999999997,571.0880000000002,,,
326,11067049,420,3.8486761904761915,left,fixation,83.0,,881.233820754716,565.0465660377359,,,,,4.0,3.4195968901825267,25.009524741798927
327,11067049,424,3.84911320754717,right,fixation,,82.0,860.27291588785,622.0232336448597,,,,,1.0,3.0273822804895354,21.269108679020892
328,11067473,44,,left,saccade,83.0,,,,892.576,548.764,553.686,666.825,,,
329,11067477,44,,right,saccade,,82.0,,,870.7239999999997,611.7869999999998,483.226,730.679,,,
330,11067521,120,3.86755,left,fixation,84.0,,551.6759354838712,687.455258064516,,,,,0.0,,
331,11067525,116,3.8674827586206897,right,fixation,,83.0,483.7616333333329,740.215633333333,,,,,0.0,,
332,11067645,12,,left,saccade,84.0,,,,541.063,698.17,501.784,701.8939999999999,,,
333,11067645,12,,right,saccade,,83.0,,,469.18,747.2339999999997,423.709,744.426,,,
334,11067661,268,3.861671641791045,right,fixation,,84.0,405.6095588235289,723.2677058823531,,,,,1.0,2.622443861278166,21.495051942249397
335,11067661,276,3.8618478260869566,left,fixation,85.0,,481.78508571428597,706.245671428571,,,,,1.0,1.4653756154803526,3.8067063191162247
336,11067933,20,,right,saccade,,84.0,,,380.648,721.535,513.871,742.303,,,
337,11067941,20,,left,saccade,85.0,,,,496.214,717.27,569.452,716.908,,,
338,11067957,252,3.859198412698413,right,fixation,,85.0,525.992421875,744.708656249999,,,,,0.0,,
339,11067965,252,3.858507936507937,left,fixation,86.0,,579.555328125,722.0899375,,,,,1.0,2.1785094037488344,8.63857007843311
340,11068213,24,,right,saccade,,85.0,,,525.582,743.61,412.292,746.1510000000003,,,
341,11068221,20,,left,saccade,86.0,,,,555.22,717.1460000000003,480.30300000000005,720.05,,,
342,11068241,236,3.8435593220338986,right,fixation,,86.0,417.37465,762.7409,,,,,1.0,2.534625657216913,8.777419210679229
343,11068245,556,3.8418956834532376,left,fixation,87.0,,524.819157142857,715.531750000001,,,,,4.0,4.557353310937621,32.474828416526215
344,11068481,0,,right,saccade,,86.0,,,435.48400000000004,759.6339999999999,435.48400000000004,759.6339999999999,,,
345,11068485,144,3.8343055555555554,right,fixation,,87.0,463.229864864865,739.9890810810809,,,,,1.0,2.9290931711974593,12.705413728013658
346,11068633,16,,right,saccade,,87.0,,,468.82800000000003,739.677,540.242,746.285,,,
347,11068653,148,3.8473783783783775,right,fixation,,88.0,543.6715,757.698921052631,,,,,1.0,2.2132936366922102,5.491917333682228
348,11068805,16,,right,saccade,,88.0,,,566.158,753.965,650.988,752.439,,,
349,11068805,20,,left,saccade,87.0,,,,606.409,713.799,678.6080000000002,711.597,,,
350,11068825,256,3.8796640625000007,right,fixation,,89.0,664.015215384615,760.092861538461,,,,,1.0,2.1788694826038197,8.356631019735106
351,11068829,256,3.8801640625000013,left,fixation,88.0,,692.256830769231,706.931169230769,,,,,2.0,1.7020379490574091,4.366742305718933
352,11069085,20,,right,saccade,,89.0,,,666.074,763.819,750.7310000000001,744.2539999999997,,,
353,11069089,20,,left,saccade,88.0,,,,706.462,705.9639999999997,816.816,704.067,,,
354,11069109,204,3.973872549019608,right,fixation,,90.0,756.5660769230769,735.4085192307698,,,,,0.0,,
355,11069113,224,3.9795178571428567,left,fixation,89.0,,825.8288421052631,666.191192982456,,,,,3.0,7.353208175898093,16.39316943114339
356,11069317,20,,right,saccade,,90.0,,,748.825,731.2610000000003,843.842,741.77,,,
357,11069341,4,,left,saccade,89.0,,,,858.135,673.424,868.0239999999999,675.9,,,
358,11069341,64,3.9859375,right,fixation,,91.0,857.498764705882,752.7085882352942,,,,,0.0,,
359,11069349,56,3.982857142857142,left,fixation,90.0,,878.3115333333328,694.8903333333328,,,,,1.0,2.6579613323832603,9.625097298209539
360,11069409,24,,left,saccade,90.0,,,,875.4580000000003,704.929,724.543,703.197,,,
361,11069409,28,,right,saccade,,91.0,,,860.574,751.14,669.2819999999998,744.697,,,
362,11069437,176,3.9086363636363632,left,fixation,91.0,,716.6250666666658,693.143688888889,,,,,1.0,1.61845132594233,3.1940108014846937
363,11069441,172,3.9079186046511625,right,fixation,,92.0,672.798886363636,743.6971590909088,,,,,0.0,,
364,11069617,32,,left,saccade,91.0,,,,713.936,682.6,498.91,708.882,,,
365,11069617,32,,right,saccade,,92.0,,,673.7710000000002,746.8839999999999,435.215,764.3560000000001,,,
366,11069653,228,3.8664473684210527,right,fixation,,93.0,415.781551724138,762.5501034482761,,,,,0.0,,
367,11069653,236,3.8665169491525417,left,fixation,92.0,,493.42795,713.9013666666672,,,,,0.0,,
368,11069885,28,,right,saccade,,93.0,,,408.945,762.507,591.246,742.051,,,
369,11069893,24,,left,saccade,92.0,,,,496.173,716.076,642.332,713.155,,,
370,11069917,276,3.8472971014492754,right,fixation,,94.0,594.0626,739.2485285714281,,,,,3.0,3.5892999228403037,20.652108422904558
371,11069921,368,3.8431413043478257,left,fixation,93.0,,651.488806451613,714.168870967742,,,,,3.0,5.222591891523249,33.477361793484675
372,11070197,12,,right,saccade,,94.0,,,573.183,733.6560000000003,615.643,730.575,,,
373,11070213,76,3.8296842105263154,right,fixation,,95.0,640.72545,740.88145,,,,,1.0,4.195796580441462,16.738775492848838
374,11070293,24,,right,saccade,,95.0,,,647.556,747.72,489.135,748.61,,,
375,11070293,28,,left,saccade,93.0,,,,684.584,707.837,529.42,721.4810000000001,,,
376,11070321,704,3.810329545454545,right,fixation,,96.0,435.88524293785287,765.269163841808,,,,,6.0,3.773961500102968,26.933220762546934
377,11070325,700,3.8103400000000014,left,fixation,94.0,,489.74458522727286,730.371659090909,,,,,4.0,3.465673585201728,29.88561508341866
378,11071029,24,,right,saccade,,96.0,,,449.606,756.347,624.955,745.779,,,
379,11071029,28,,left,saccade,94.0,,,,506.409,737.444,657.227,724.449,,,
380,11071057,552,3.794934782608696,right,fixation,,97.0,650.190258992806,737.686589928058,,,,,2.0,2.8543817940244582,16.073816029801538
381,11071061,544,3.7946066176470574,left,fixation,95.0,,682.618868613139,706.1796204379559,,,,,2.0,3.081792505491665,18.81441708356848
382,11071609,20,,left,saccade,95.0,,,,702.6519999999997,689.921,625.265,694.2289999999997,,,
383,11071613,16,,right,saccade,,97.0,,,653.9209999999998,730.4939999999997,567.106,733.051,,,
384,11071633,856,3.8185906976744186,right,fixation,,98.0,555.584483720931,740.893358139536,,,,,3.0,2.7757025447051302,12.893802845597286
385,11071633,864,3.818317972350232,left,fixation,96.0,,607.599488479262,712.16904608295,,,,,3.0,2.762871833487793,14.820702545884314
386,11072493,28,,right,saccade,,98.0,,,571.127,759.314,721.0319999999997,743.682,,,
387,11072501,20,,left,saccade,96.0,,,,645.877,717.7310000000001,753.0239999999999,707.804,,,
388,11072525,416,3.8191730769230765,left,fixation,97.0,,783.640761904761,714.020323809523,,,,,2.0,7.529456996442736,30.77738782823959
389,11072525,416,3.8191730769230765,right,fixation,,99.0,746.589019047619,707.957533333333,,,,,5.0,4.942910704967329,20.4499419818035
390,11072945,8,,left,saccade,97.0,,,,838.643,716.69,854.495,713.449,,,
391,11072945,8,,right,saccade,,99.0,,,807.712,735.967,832.549,735.967,,,
392,11072957,584,3.9231965517241374,left,fixation,98.0,,886.636551020408,704.395156462585,,,,,4.0,2.0439556340177782,7.882587957857363
393,11072957,584,3.9231965517241374,right,fixation,,100.0,856.936850340137,739.7676870748303,,,,,5.0,2.1832263262669303,6.615071661597301
394,11073545,16,,left,saccade,98.0,,,,882.533,707.7139999999997,815.122,704.308,,,
395,11073545,16,,right,saccade,,100.0,,,844.14,733.846,783.242,735.248,,,
396,11073565,196,3.9645330077330083,left,fixation,99.0,,805.90066,708.7251200000003,,,,,0.0,,
397,11073565,200,3.9645330077330083,right,fixation,,101.0,775.2183921568629,748.616568627451,,,,,2.0,2.644227767183871,7.3235142588079105
398,11073765,36,,left,saccade,99.0,,,,810.921,713.071,737.7360000000001,760.169,,,
399,11073769,60,,right,saccade,,101.0,,,772.693,759.453,805.595,818.5260000000003,,,
400,11073845,0,,right,fixation,,102.0,805.595,806.217,,,,,0.0,,
401,11073849,12,,right,saccade,,102.0,,,805.595,805.7669999999997,797.993,760.318,,,
402,11073865,356,3.964652892561983,right,fixation,,103.0,819.348222222222,767.969444444445,,,,,2.0,5.1171604718445804,37.70026246564456
403,11073869,0,,left,fixation,100.0,,738.2510000000003,760.169,,,,,0.0,,
404,11073873,20,,left,saccade,100.0,,,,738.317,758.352,812.552,732.206,,,
405,11073897,4,,left,fixation,101.0,,816.8515,715.5395,,,,,0.0,,
406,11073905,0,,left,saccade,101.0,,,,819.3330000000003,706.66,819.3330000000003,706.66,,,
407,11073909,532,3.943311688311688,left,fixation,102.0,,840.069850746268,685.497701492537,,,,,3.0,6.440954974929457,42.856134522696294
408,11074225,12,,right,saccade,,103.0,,,824.1260000000003,768.84,779.75,761.836,,,
409,11074241,200,3.9154899999999992,right,fixation,,104.0,765.494882352941,761.4490392156862,,,,,1.0,1.6981375418708384,5.017691301784186
410,11074445,16,,left,saccade,102.0,,,,820.529,697.1239999999997,896.6139999999997,697.308,,,
411,11074445,16,,right,saccade,,104.0,,,784.0889999999997,765.2,855.6110000000001,769.543,,,
412,11074465,196,3.916581632653062,left,fixation,103.0,,897.6917199999997,690.93588,,,,,4.0,2.440609985308265,8.02331104034112
413,11074465,200,3.91658,right,fixation,,105.0,850.244098039216,760.3775882352942,,,,,0.0,,
414,11074665,12,,left,saccade,103.0,,,,888.262,695.668,829.687,696.575,,,
415,11074669,12,,right,saccade,,105.0,,,834.645,756.653,795.029,759.701,,,
416,11074681,132,3.8818333333333337,left,fixation,104.0,,820.4791176470593,696.1965,,,,,1.0,3.506798864745188,4.881036979986997
417,11074685,128,3.881328125,right,fixation,,106.0,774.013878787879,762.319848484848,,,,,1.0,2.1663943995598625,3.5587842025050143
418,11074817,20,,left,saccade,104.0,,,,807.1389999999999,692.9939999999997,706.0139999999999,692.074,,,
419,11074817,20,,right,saccade,,106.0,,,767.465,765.692,658.802,761.8610000000001,,,
420,11074841,284,3.8545140845070422,left,fixation,105.0,,688.009319444445,696.348444444445,,,,,1.0,1.7895707896339403,3.1363220497901665
421,11074841,284,3.8545140845070422,right,fixation,,107.0,638.327263888889,773.8018194444438,,,,,1.0,2.979257033594497,12.075186002708216
422,11075129,20,,left,saccade,105.0,,,,681.278,695.538,591.055,700.3610000000001,,,
423,11075129,20,,right,saccade,,107.0,,,634.375,768.672,516.414,757.034,,,
424,11075153,392,3.850453608247423,right,fixation,,108.0,514.414595959596,726.021363636363,,,,,1.0,4.061513032246865,45.177178940256866
425,11075153,396,3.850209183673469,left,fixation,106.0,,589.96277,706.57545,,,,,2.0,2.535269855804985,12.525472079923412
426,11075549,20,,right,saccade,,108.0,,,540.565,746.365,689.2280000000003,751.6389999999999,,,
427,11075553,16,,left,saccade,106.0,,,,608.7230000000002,706.14,715.466,709.085,,,
428,11075573,124,3.829078125,left,fixation,107.0,,732.65271875,719.11425,,,,,3.0,3.8362247708524095,22.715414352237172
429,11075573,360,3.857186813186813,right,fixation,,109.0,668.90378021978,749.9946703296698,,,,,1.0,9.4524236310059,55.296873039982955
430,11075701,16,,left,saccade,107.0,,,,766.107,694.444,693.988,690.2560000000003,,,
431,11075721,212,3.8730660377358497,left,fixation,108.0,,696.6872037037041,704.523462962963,,,,,1.0,1.5983631384082115,5.846498524758169
432,11075937,24,,left,saccade,108.0,,,,689.539,711.427,542.7230000000002,703.082,,,
433,11075937,28,,right,saccade,,109.0,,,628.975,738.806,465.466,739.916,,,
434,11075965,352,3.8480113636363638,left,fixation,109.0,,504.32711235955003,714.821314606741,,,,,2.0,2.722973447684781,17.658407797340637
435,11075969,348,3.847712643678161,right,fixation,,110.0,428.778386363636,752.9602727272729,,,,,2.0,3.9293811246336365,29.187948677503737
436,11076321,28,,right,saccade,,110.0,,,401.094,746.773,619.985,746.4680000000003,,,
437,11076321,36,,left,saccade,109.0,,,,495.339,720.428,676.3610000000001,713.372,,,
438,11076353,444,3.863117117117117,right,fixation,,111.0,633.858892857143,755.211955357143,,,,,2.0,2.669807709764385,13.21248286249766
439,11076361,440,3.862768181818182,left,fixation,110.0,,690.938234234234,703.342810810811,,,,,2.0,2.774548684329797,15.47706837003949
440,11076801,32,,right,saccade,,111.0,,,641.4209999999998,755.153,486.281,757.6389999999999,,,
441,11076805,20,,left,saccade,110.0,,,,689.34,716.8969999999997,585.469,717.1310000000003,,,
442,11076829,220,3.812345454545456,left,fixation,111.0,,572.002125,716.7021785714287,,,,,1.0,1.4983464960489783,2.581093760404781
443,11076837,212,3.811283018867925,right,fixation,,112.0,481.938314814815,750.8091481481482,,,,,2.0,3.35651857139712,9.917294422601387
444,11077053,16,,left,saccade,111.0,,,,560.698,717.95,493.291,718.159,,,
445,11077053,16,,right,saccade,,112.0,,,465.208,742.2669999999997,381.31199999999995,742.2669999999997,,,
446,11077073,144,3.7931388888888886,right,fixation,,113.0,383.26183783783796,752.2860540540538,,,,,2.0,1.8611072590368185,5.653205295170145
447,11077073,148,3.7931621621621625,left,fixation,112.0,,480.559052631579,719.302684210526,,,,,1.0,2.0687921126965643,6.775560788598896
448,11077221,16,,right,saccade,,113.0,,,399.29400000000004,755.919,492.332,751.677,,,
449,11077225,16,,left,saccade,112.0,,,,492.913,718.18,563.738,717.3530000000003,,,
450,11077241,316,3.8134746835443036,right,fixation,,114.0,507.641025,744.80745,,,,,2.0,5.9379089261969416,28.188317097848447
451,11077245,316,3.813424050632911,left,fixation,113.0,,583.4413875,713.7933125,,,,,4.0,4.3630245790604105,20.16569024734788
452,11077561,16,,right,saccade,,114.0,,,476.401,743.931,409.975,748.033,,,
453,11077565,8,,left,saccade,113.0,,,,547.315,713.22,514.876,713.22,,,
454,11077577,531,3.8650795454545452,left,fixation,114.0,,486.351955223881,703.1832537313429,,,,,1.0,2.881300656339472,11.841993286605039
455,11077581,523,3.865311538461538,right,fixation,,115.0,407.0585,757.736204545455,,,,,0.0,,
456,11078108,16,,right,saccade,,115.0,,,406.275,754.187,503.272,754.304,,,
457,11078112,16,,left,saccade,114.0,,,,483.66,696.314,558.56,698.534,,,
458,11078128,273,3.899702898550725,right,fixation,,116.0,515.7924492753621,753.6798840579712,,,,,0.0,,
459,11078132,273,3.8994855072463763,left,fixation,115.0,,584.223275362319,719.1288550724631,,,,,1.0,2.4884109275689577,13.650782981206612
460,11078405,20,,right,saccade,,116.0,,,518.069,760.948,408.414,764.939,,,
461,11078409,20,,left,saccade,115.0,,,,566.905,726.747,466.81699999999995,732.6139999999997,,,
462,11078429,152,3.8925263157894743,right,fixation,,117.0,395.6796153846151,760.790923076923,,,,,1.0,2.361039842715244,5.644603263294956
463,11078433,152,3.8927631578947386,left,fixation,116.0,,457.3796666666671,727.149461538461,,,,,1.0,1.8846295023455288,4.326941182868164
464,11078585,32,,right,saccade,,117.0,,,393.11400000000003,762.315,678.3560000000001,768.47,,,
465,11078589,28,,left,saccade,116.0,,,,467.358,724.39,675.003,714.538,,,
466,11078621,235,3.9164224137931036,right,fixation,,118.0,679.838083333333,771.467316666667,,,,,3.0,1.90964621946628,4.217478748309003
467,11078621,239,3.9164152542372888,left,fixation,117.0,,690.3388852459019,698.4329672131149,,,,,1.0,2.1780455178388216,5.660274286640315
468,11078860,16,,right,saccade,,118.0,,,695.758,771.262,762.3989999999999,761.118,,,
469,11078864,16,,left,saccade,117.0,,,,718.2130000000003,679.5060000000002,773.691,680.924,,,
470,11078880,117,3.934366666666667,right,fixation,,119.0,780.7487,754.3178,,,,,2.0,1.9012504614139318,5.350356209111518
471,11078884,113,3.9344655172413794,left,fixation,118.0,,797.2007931034482,688.9804827586211,,,,,2.0,2.7618069142056747,9.077482668116161
472,11079001,12,,right,saccade,,119.0,,,802.2719999999997,752.562,855.565,745.375,,,
473,11079001,16,,left,saccade,118.0,,,,806.962,709.1060000000001,898.502,711.444,,,
474,11079017,292,3.971890410958904,right,fixation,,120.0,866.3166216216209,754.944310810811,,,,,0.0,,
475,11079021,288,3.972104166666666,left,fixation,119.0,,899.382410958904,704.7626027397258,,,,,1.0,2.4801577570791777,7.0098054894554656
476,11079313,20,,left,saccade,119.0,,,,882.803,707.86,766.367,705.845,,,
477,11079313,20,,right,saccade,,120.0,,,858.9910000000001,766.9989999999997,741.36,767.77,,,
478,11079337,140,3.932557142857143,left,fixation,120.0,,752.148222222222,714.775,,,,,2.0,2.1595284441143194,5.0393427867202645
479,11079337,140,3.932557142857143,right,fixation,,121.0,726.819166666667,765.527138888889,,,,,0.0,,
480,11079481,16,,left,saccade,120.0,,,,753.0010000000003,727.345,642.015,723.6360000000003,,,
481,11079481,16,,right,saccade,,121.0,,,716.987,764.07,586.72,758.6310000000003,,,
482,11079501,147,3.854444444444445,right,fixation,,122.0,581.352210526316,738.8762105263161,,,,,0.0,,
483,11079501,291,3.826895833333333,left,fixation,121.0,,611.997351351351,720.941,,,,,2.0,6.9985573345377405,25.01536841142674
484,11079652,8,,right,saccade,,122.0,,,559.898,736.2660000000003,530.886,736.461,,,
485,11079664,132,3.7957575757575763,right,fixation,,123.0,527.038176470588,738.2798235294119,,,,,1.0,1.7851118001091417,4.756532035002002
486,11079796,24,,left,saccade,121.0,,,,588.435,734.183,555.487,604.264,,,
487,11079800,20,,right,saccade,,123.0,,,518.27,730.518,483.615,619.705,,,
488,11079824,164,3.767109756097561,right,fixation,,124.0,477.57599999999996,610.489,,,,,3.0,2.7201391345284893,7.276425201046351
489,11079824,336,3.786976190476192,left,fixation,122.0,,514.028882352941,572.871788235294,,,,,1.0,8.854142704281296,59.020052355110685
490,11079992,4,,right,saccade,,124.0,,,442.86699999999996,606.648,435.269,605.0980000000002,,,
491,11080000,156,3.8075897435897432,right,fixation,,125.0,422.655675,590.1848,,,,,1.0,3.1051357100419623,8.526931042291771
492,11080160,60,,right,saccade,,125.0,,,435.27099999999996,582.5409999999998,1340.8210000000001,583.0880000000002,,,
493,11080164,60,,left,saccade,122.0,,,,498.176,559.878,1396.4479999999999,555.695,,,
494,11080224,164,3.85869512195122,right,fixation,,126.0,1344.69252380952,581.409,,,,,1.0,2.5392853434688623,21.525691812343812
495,11080228,160,3.8594875,left,fixation,123.0,,1405.26741463415,524.735170731707,,,,,2.0,4.709734198982503,21.56849981832685
496,11080392,20,,right,saccade,,126.0,,,1365.7120000000002,575.602,1461.861,546.596,,,
497,11080392,24,,left,saccade,123.0,,,,1415.392,528.269,1527.011,505.00300000000004,,,
498,11080416,173,3.875964717741936,right,fixation,,127.0,1476.2608636363598,520.2656590909089,,,,,2.0,7.087016984287366,14.913513881515133
499,11080420,165,3.8766290322580645,left,fixation,124.0,,1548.8903095238095,483.57745238095197,,,,,3.0,3.1865220339235325,9.726331706722739
500,11080589,32,,left,saccade,124.0,,,,1548.565,470.91,1567.1470000000006,479.892,,,
501,11080593,32,,right,saccade,,127.0,,,1474.25,520.694,1484.55,608.851,,,
502,11080733,96,,right,fixation,,128.0,1476.84736,573.86536,,,,,2.0,2.8978335183536186,10.690930488849958
503,11080737,88,,left,fixation,125.0,,1590.1436956521698,466.6035652173909,,,,,2.0,3.2685919431930883,10.711042518189037
504,11080829,52,,left,saccade,125.0,,,,1578.036,466.006,844.067,93.615,,,
505,11080833,48,,right,saccade,,128.0,,,1454.0539999999999,567.039,850.451,194.011,,,
506,11080885,99,3.958520833333333,right,fixation,,129.0,848.011730769231,205.844769230769,,,,,1.0,3.858139195979783,28.887393963457487
507,11080885,107,3.958288461538461,left,fixation,126.0,,851.505178571428,102.47642857142901,,,,,1.0,3.0108963274155607,8.708135965865406
508,11080988,24,,right,saccade,,129.0,,,851.443,224.49099999999999,950.6560000000001,143.851,,,
509,11080996,20,,left,saccade,126.0,,,,865.85,107.21700000000001,951.428,91.943,,,
510,11081016,192,3.971895833333333,right,fixation,,130.0,959.403326530612,145.580285714286,,,,,0.0,,
511,11081020,196,3.973561224489796,left,fixation,127.0,,972.6795,106.71188000000001,,,,,1.0,3.1902639432776962,12.015890229192419
512,11081212,40,,right,saccade,,130.0,,,951.171,145.283,1148.0919999999999,337.04699999999997,,,
513,11081220,40,,left,saccade,127.0,,,,975.19,111.929,1164.117,327.969,,,
514,11081256,28,4.114642857142857,right,fixation,,131.0,1154.923375,339.034,,,,,0.0,,
515,11081264,20,4.1223,left,fixation,128.0,,1166.9295,328.51816666666696,,,,,0.0,,
516,11081288,28,,left,saccade,128.0,,,,1169.6889999999999,330.536,1472.576,446.702,,,
517,11081288,28,,right,saccade,,131.0,,,1161.576,339.49699999999996,1447.139,453.461,,,
518,11081320,192,4.185947916666667,left,fixation,129.0,,1482.3247551020402,443.871387755102,,,,,4.0,3.0815891364285104,10.924497026728533
519,11081320,204,4.188529411764707,right,fixation,,132.0,1435.7928269230802,474.717403846154,,,,,3.0,3.730968192245753,7.339977263257022
520,11081516,12,,left,saccade,129.0,,,,1482.796,441.217,1416.899,444.50199999999995,,,
521,11081528,0,,right,saccade,,132.0,,,1395.715,477.056,1395.715,477.056,,,
522,11081532,160,4.272625,right,fixation,,133.0,1379.02473170732,474.656634146341,,,,,0.0,,
523,11081532,164,4.273512195121951,left,fixation,130.0,,1405.5808095238099,464.009476190476,,,,,0.0,,
524,11081696,12,,right,saccade,,133.0,,,1394.479,474.185,1447.226,477.223,,,
525,11081700,16,,left,saccade,130.0,,,,1414.906,477.001,1471.588,474.449,,,
526,11081712,137,4.319542857142858,right,fixation,,134.0,1439.57405714286,494.115457142857,,,,,1.0,3.4761327250584384,21.02540544198859
527,11081720,129,4.319893939393939,left,fixation,131.0,,1483.84527272727,455.812909090909,,,,,3.0,2.7384757069729964,13.06617762222518
528,11081853,56,,left,saccade,131.0,,,,1477.305,438.144,647.599,764.071,,,
529,11081853,56,,right,saccade,,134.0,,,1433.299,490.355,630.308,877.9760000000001,,,
530,11081913,120,4.399916666666667,right,fixation,,135.0,632.051193548387,872.9170967741942,,,,,1.0,1.8798058114839231,4.449396026428702
531,11081913,272,4.416551470588236,left,fixation,132.0,,682.958826086956,808.383811594203,,,,,3.0,5.6053840256937,36.47970105936739
532,11082037,16,,right,saccade,,135.0,,,628.095,869.877,657.345,940.09,,,
533,11082057,124,4.432225806451612,right,fixation,,136.0,656.693,923.525625,,,,,1.0,4.275889423396155,28.13382165650456
534,11082185,64,,right,saccade,,136.0,,,653.826,922.5089999999999,1453.96,110.03399999999999,,,
535,11082189,60,,left,saccade,132.0,,,,709.6289999999997,855.587,1450.2820000000006,109.344,,,
536,11082253,223,4.335172727272727,left,fixation,133.0,,1452.47354385965,107.571456140351,,,,,5.0,2.761872313067596,7.967188358639825
537,11082253,223,4.335172727272727,right,fixation,,137.0,1460.4909649122799,109.847350877193,,,,,0.0,,
538,11082480,72,,left,saccade,133.0,,,,1444.995,121.86200000000001,460.23199999999997,789.066,,,
539,11082480,72,,right,saccade,,137.0,,,1456.8729999999994,125.705,422.87199999999996,853.128,,,
540,11082556,128,4.343343750000002,right,fixation,,138.0,425.816636363636,859.348030303031,,,,,0.0,,
541,11082556,136,4.343382352941176,left,fixation,134.0,,468.1814571428569,794.682571428571,,,,,1.0,1.6948962029837908,3.3417098916572265
542,11082688,16,,right,saccade,,138.0,,,419.45099999999996,851.585,417.345,763.312,,,
543,11082696,12,,left,saccade,134.0,,,,467.899,780.466,464.806,734.913,,,
544,11082708,188,4.3671702127659575,right,fixation,,139.0,420.539520833333,749.013604166667,,,,,0.0,,
545,11082712,188,4.36745744680851,left,fixation,135.0,,472.800083333334,726.4604375,,,,,1.0,2.2191075283145376,6.746576168694827
546,11082900,20,,right,saccade,,139.0,,,413.96,749.084,380.416,868.346,,,
547,11082904,16,,left,saccade,135.0,,,,483.222,743.133,456.62300000000016,835.5980000000003,,,
548,11082924,192,4.36415625,left,fixation,136.0,,441.545448979592,840.381591836735,,,,,1.0,2.4273735806422456,6.997833950587867
549,11082924,192,4.36415625,right,fixation,,140.0,366.06246938775496,866.322469387755,,,,,1.0,2.731722879226377,3.192228375288962
550,11083120,28,,left,saccade,136.0,,,,442.12199999999996,842.62,477.69599999999997,628.842,,,
551,11083120,28,,right,saccade,,140.0,,,364.529,866.475,439.389,657.6310000000002,,,
552,11083152,132,4.2891969696969685,right,fixation,,141.0,467.342676470588,668.2336470588231,,,,,1.0,4.5657073718708165,19.493346198126133
553,11083152,416,4.2719301764543705,left,fixation,137.0,,504.722304761905,603.312266666667,,,,,4.0,4.798358684928961,24.558680008241467
554,11083288,12,,right,saccade,,141.0,,,472.574,664.837,472.574,623.367,,,
555,11083304,272,4.258051344086022,right,fixation,,142.0,492.04257971014505,624.370260869565,,,,,2.0,5.796098118186783,28.72808617575529
556,11083572,76,,left,saccade,137.0,,,,560.895,579.231,637.809,574.82,,,
557,11083580,36,,right,saccade,,142.0,,,526.7330000000002,626.435,606.682,643.6519999999998,,,
558,11083712,92,,right,fixation,,143.0,610.6915,619.260541666667,,,,,2.0,6.745896728987918,18.11481194035267
559,11083764,40,,left,fixation,138.0,,649.818,564.1032727272731,,,,,1.0,2.174596220502146,9.736438209119427
560,11083808,44,,right,saccade,,143.0,,,617.938,621.0,833.975,163.049,,,
561,11083808,48,,left,saccade,138.0,,,,654.312,557.369,829.528,110.536,,,
562,11083856,104,4.178980978799286,right,fixation,,144.0,846.8599259259261,165.928814814815,,,,,0.0,,
563,11083860,104,4.1771413592233,left,fixation,139.0,,845.3563333333328,108.977037037037,,,,,1.0,2.897773033823638,11.971975317381752
564,11083964,20,,right,saccade,,144.0,,,852.3910000000003,174.22099999999998,943.2739999999999,165.985,,,
565,11083968,20,,left,saccade,139.0,,,,859.427,110.368,946.029,93.398,,,
566,11083988,216,4.208592592592591,right,fixation,,145.0,961.623763636363,149.712181818182,,,,,2.0,2.376299394587689,9.872055392352005
567,11083992,212,4.209075471698114,left,fixation,140.0,,953.7127962962959,89.3606666666667,,,,,1.0,2.5999729272094765,7.859423961080105
568,11084208,52,,right,saccade,,145.0,,,971.439,145.55700000000004,540.534,602.67,,,
569,11084208,56,,left,saccade,140.0,,,,956.45,87.35700000000001,548.413,546.812,,,
570,11084264,116,4.3389655172413795,right,fixation,,146.0,532.947733333333,597.3439,,,,,1.0,2.3054284007773984,7.227835429781115
571,11084268,112,4.340071428571428,left,fixation,141.0,,547.8157241379309,554.9672068965519,,,,,0.0,,
572,11084384,16,,left,saccade,141.0,,,,546.865,556.367,467.551,554.422,,,
573,11084384,16,,right,saccade,,146.0,,,533.894,592.875,444.351,594.607,,,
574,11084404,552,4.353605072463768,right,fixation,,147.0,456.16880575539597,614.3718057553959,,,,,1.0,2.093512266768728,11.467693970454553
575,11084404,564,4.351918439716313,left,fixation,142.0,,471.4098943661969,553.821429577465,,,,,10.0,2.214881135621132,6.274493810854454
576,11084960,16,,right,saccade,,147.0,,,465.745,613.2769999999998,519.374,596.972,,,
577,11084972,8,,left,saccade,142.0,,,,503.01,553.648,526.681,551.4159999999998,,,
578,11084980,816,4.0881936274509805,right,fixation,,148.0,507.901521951219,621.574609756098,,,,,5.0,4.285168167372904,22.908306809366692
579,11084984,440,4.129346846846848,left,fixation,143.0,,573.339972972973,547.182036036036,,,,,4.0,3.6172331311987436,20.97633108927145
580,11085428,16,,left,saccade,143.0,,,,583.04,555.855,522.661,553.526,,,
581,11085448,352,4.036586206896551,left,fixation,144.0,,506.171853932584,558.46291011236,,,,,3.0,3.348080772495848,14.220565672205035
582,11085800,16,,right,saccade,,148.0,,,462.61,601.119,550.164,600.981,,,
583,11085804,12,,left,saccade,144.0,,,,519.815,578.564,570.694,578.564,,,
584,11085820,472,3.976940677966102,right,fixation,,149.0,565.535621848739,614.792462184873,,,,,0.0,,
585,11085820,480,3.9763125,left,fixation,145.0,,587.139008264463,570.168851239669,,,,,4.0,2.7949130102590507,6.593074153809981
586,11086296,16,,right,saccade,,149.0,,,583.258,625.9169999999998,639.832,620.95,,,
587,11086304,12,,left,saccade,145.0,,,,623.241,580.526,657.336,581.9830000000002,,,
588,11086316,1068,3.884860074626866,right,fixation,,150.0,665.657399253731,612.658328358208,,,,,3.0,3.0530006095957134,9.511426062294598
589,11086320,1064,3.8846591760299622,left,fixation,146.0,,692.1016217228461,575.592397003745,,,,,8.0,2.928362146974981,13.334022010198336
590,11087388,12,,left,saccade,146.0,,,,683.4760000000001,590.06,639.2669999999998,589.247,,,
591,11087388,12,,right,saccade,,150.0,,,662.705,616.234,622.5419999999998,613.315,,,
592,11087404,568,3.8385633802816894,left,fixation,147.0,,657.911489510489,582.037692307692,,,,,3.0,3.784479711110048,21.824157498566265
593,11087404,980,3.8230819672131138,right,fixation,,151.0,615.218065040651,620.675508130081,,,,,3.0,9.550302483770157,50.662410661276645
594,11087976,16,,left,saccade,147.0,,,,673.3610000000001,585.1,615.364,579.48,,,
595,11087996,396,3.799897959183674,left,fixation,148.0,,595.8793400000002,571.6934200000002,,,,,2.0,2.5687023988243727,8.649745716640926
596,11088388,16,,right,saccade,,151.0,,,560.91,615.155,651.614,615.44,,,
597,11088396,16,,left,saccade,148.0,,,,617.261,579.555,668.23,577.953,,,
598,11088408,372,3.8042234042553194,right,fixation,,152.0,652.422244680851,618.606138297873,,,,,3.0,3.708064191436093,14.627777371980036
599,11088416,356,3.804166666666666,left,fixation,149.0,,674.2482,581.555911111111,,,,,2.0,3.1363648889572984,16.263932700442098
600,11088776,16,,left,saccade,149.0,,,,663.377,572.6519999999998,594.2090000000002,565.698,,,
601,11088784,8,,right,saccade,,152.0,,,618.913,617.499,598.0369999999998,617.232,,,
602,11088796,400,3.7981199999999995,left,fixation,150.0,,584.017118811881,559.8274752475251,,,,,0.0,,
603,11088796,400,3.7981199999999995,right,fixation,,153.0,572.54392079208,612.410108910891,,,,,2.0,2.922833152879546,16.035868483817865
604,11089200,16,,right,saccade,,153.0,,,551.942,610.976,477.157,611.125,,,
605,11089200,20,,left,saccade,150.0,,,,575.736,555.65,496.041,566.548,,,
606,11089220,1184,3.705309121621622,right,fixation,,154.0,474.691222222222,615.7875420875421,,,,,3.0,2.7092342486712373,11.005057847849834
607,11089224,1184,3.7051013513513524,left,fixation,151.0,,481.96913804713796,577.431168350168,,,,,4.0,2.7549620881865104,22.18963501800259
608,11090408,32,,right,saccade,,154.0,,,468.836,606.486,701.0269999999997,611.064,,,
609,11090412,40,,left,saccade,151.0,,,,466.574,556.5740000000002,723.078,560.556,,,
610,11090444,860,3.728727906976745,right,fixation,,155.0,764.028726851853,616.418949074074,,,,,3.0,3.8219777201870953,19.203357503843016
611,11090456,856,3.7292383177570088,left,fixation,152.0,,783.0221441860471,587.664627906977,,,,,2.0,4.191259139458819,26.89327942375781
612,11091308,20,,right,saccade,,155.0,,,772.329,616.566,864.4860000000001,608.1709999999998,,,
613,11091316,16,,left,saccade,152.0,,,,806.258,583.813,888.7719999999997,582.1669999999998,,,
614,11091332,736,3.8051484268125857,right,fixation,,156.0,863.096389189189,586.452881081081,,,,,6.0,14.970595182822054,40.80806249635185
615,11091336,716,3.8053566401468792,left,fixation,153.0,,892.843155555555,577.108961111111,,,,,6.0,6.745655681348874,16.390587301946727
616,11092056,40,,left,saccade,153.0,,,,881.9119999999997,593.273,867.544,606.344,,,
617,11092072,36,,right,saccade,,156.0,,,864.0939999999997,598.535,861.862,705.453,,,
618,11092136,4,,right,fixation,,157.0,861.862,700.56,,,,,0.0,,
619,11092144,16,,right,saccade,,157.0,,,860.8939999999999,688.125,858.24,628.936,,,
620,11092164,372,3.6845416522040964,right,fixation,,158.0,863.303340425532,630.344170212766,,,,,1.0,3.1066953548389464,10.43704848125186
621,11092172,8,,left,fixation,154.0,,871.051333333333,598.523,,,,,0.0,,
622,11092184,4,,left,saccade,154.0,,,,872.825,570.1759999999998,874.5210000000003,568.312,,,
623,11092192,340,3.6842922832980975,left,fixation,155.0,,889.393313953488,581.2955581395349,,,,,4.0,2.7157429400642377,10.805003945555017
624,11092536,20,,left,saccade,155.0,,,,889.932,584.249,792.5369999999997,567.997,,,
625,11092540,24,,right,saccade,,158.0,,,861.96,634.7230000000002,735.576,639.944,,,
626,11092560,587,3.6915445205479447,left,fixation,156.0,,784.9285,566.508641891891,,,,,10.0,3.0642310257236636,10.827714424584503
627,11092568,567,3.6916843971631206,right,fixation,,159.0,756.1727762237759,647.455377622377,,,,,5.0,3.2996702046107544,15.42557978937376
628,11093139,16,,right,saccade,,159.0,,,783.181,624.669,869.3560000000001,615.937,,,
629,11093151,12,,left,saccade,156.0,,,,837.2919999999997,571.526,872.695,581.62,,,
630,11093159,269,3.6866985294117653,right,fixation,,160.0,881.4744411764709,590.47375,,,,,1.0,2.7882494010081222,8.445457773264943
631,11093167,261,3.686840909090909,left,fixation,157.0,,889.928242424242,580.740272727273,,,,,2.0,1.6703089229784678,5.7739307268649736
632,11093432,16,,left,saccade,157.0,,,,876.076,585.259,815.557,574.572,,,
633,11093432,20,,right,saccade,,160.0,,,871.189,588.881,760.195,601.491,,,
634,11093452,420,3.7389666666666654,left,fixation,158.0,,795.166207547171,555.362509433962,,,,,4.0,3.0014042272494037,16.701883563663095
635,11093456,412,3.739014563106797,right,fixation,,161.0,760.8857307692308,621.7186153846151,,,,,2.0,6.671092143895256,24.905751732165804
636,11093872,24,,right,saccade,,161.0,,,788.265,606.243,662.793,614.378,,,
637,11093876,20,,left,saccade,158.0,,,,799.023,546.32,704.06,561.165,,,
638,11093900,480,3.761908333333333,left,fixation,159.0,,683.26432231405,575.211826446281,,,,,1.0,5.885322480072287,12.905696455441658
639,11093900,480,3.761908333333333,right,fixation,,162.0,645.81288429752,623.97294214876,,,,,2.0,4.32264874572643,10.101250436352217
640,11094384,12,,left,saccade,159.0,,,,662.176,584.888,622.898,585.615,,,
641,11094384,12,,right,saccade,,162.0,,,634.661,634.443,594.6080000000002,627.276,,,
642,11094400,547,3.7985514705882366,left,fixation,160.0,,612.901007246376,590.1902753623191,,,,,1.0,1.598126698495612,2.792990690997776
643,11094400,555,3.799039855072464,right,fixation,,163.0,554.818521428571,602.45025,,,,,2.0,3.095982317426813,11.160120911499671
644,11094951,12,,left,saccade,160.0,,,,586.064,598.117,555.238,589.252,,,
645,11094959,0,,right,saccade,,163.0,,,507.534,598.715,507.534,598.715,,,
646,11094963,316,3.798822784810127,right,fixation,,164.0,477.799425,601.0863375,,,,,1.0,3.0060215909995507,16.203924524632946
647,11094967,320,3.79828125,left,fixation,161.0,,529.806716049382,576.350469135803,,,,,1.0,2.6525230965587983,12.100037190025516
648,11095283,44,,right,saccade,,164.0,,,469.598,600.221,798.717,599.509,,,
649,11095291,40,,left,saccade,161.0,,,,538.559,585.58,831.193,576.8240000000002,,,
650,11095331,372,3.841634408602151,right,fixation,,165.0,839.1644148936169,593.827936170213,,,,,1.0,9.023892091122413,57.15084322212578
651,11095335,372,3.841870967741935,left,fixation,162.0,,860.143234042553,566.478127659575,,,,,1.0,7.0545986774585225,53.37542248076353
652,11095707,16,,right,saccade,,165.0,,,870.3580000000003,596.944,799.451,597.653,,,
653,11095711,16,,left,saccade,162.0,,,,867.222,566.9540000000002,804.627,562.22,,,
654,11095727,341,3.803872093023256,right,fixation,,166.0,793.6502790697681,605.420058139535,,,,,1.0,2.297736881755105,2.451671470650059
655,11095731,337,3.8035823529411767,left,fixation,163.0,,793.252764705883,572.6474352941169,,,,,2.0,3.8714840304935034,11.086311708528328
656,11096072,16,,left,saccade,163.0,,,,813.557,579.445,888.8330000000003,577.238,,,
657,11096072,16,,right,saccade,,166.0,,,820.6260000000003,602.28,877.757,590.797,,,
658,11096092,447,3.817599099099098,left,fixation,164.0,,905.3626194690261,567.743646017699,,,,,3.0,2.2808258467300013,5.966192663706268
659,11096092,447,3.817599099099098,right,fixation,,167.0,891.513584070796,580.731823008849,,,,,1.0,2.7119358604346098,22.90561671293748
660,11096543,28,,left,saccade,164.0,,,,917.576,572.747,736.492,577.091,,,
661,11096543,28,,right,saccade,,167.0,,,902.7389999999999,592.02,728.2810000000003,623.612,,,
662,11096575,148,3.8037432432432414,left,fixation,165.0,,741.158421052632,587.1011578947371,,,,,1.0,2.405770522214361,9.12734528765074
663,11096575,152,3.803684210526314,right,fixation,,168.0,710.201666666667,622.231743589744,,,,,1.0,2.952582339617668,4.6672925770728515
664,11096727,16,,left,saccade,165.0,,,,734.4639999999997,595.302,682.15,590.057,,,
665,11096731,12,,right,saccade,,168.0,,,691.722,613.48,648.009,612.9630000000002,,,
666,11096747,317,3.82028125,left,fixation,166.0,,656.3442125,570.3222375,,,,,2.0,2.492256695316767,6.077051679358196
667,11096747,317,3.82028125,right,fixation,,169.0,649.0578625,600.206849999999,,,,,0.0,,
668,11097068,12,,left,saccade,166.0,,,,643.669,552.649,599.648,553.163,,,
669,11097068,16,,right,saccade,,169.0,,,647.9830000000002,594.553,586.237,600.133,,,
670,11097084,328,3.806256097560976,left,fixation,167.0,,587.688445783132,576.165662650602,,,,,3.0,5.058745782007953,14.76657540261889
671,11097088,316,3.8065949367088607,right,fixation,,170.0,569.12695,596.527125,,,,,3.0,3.8164581241720144,7.870051927389188
672,11097408,12,,right,saccade,,170.0,,,532.6709999999998,590.1519999999998,493.211,592.488,,,
673,11097416,0,,left,saccade,167.0,,,,553.444,578.649,553.444,578.649,,,
674,11097420,987,3.7169756097560964,left,fixation,168.0,,520.575612903225,587.772681451613,,,,,5.0,4.150413749730428,28.33514127665005
675,11097424,639,3.72601875,right,fixation,,171.0,461.154372670808,602.69197515528,,,,,2.0,3.5623151622105014,16.81750572228311
676,11098067,12,,right,saccade,,171.0,,,459.31300000000016,604.7869999999998,502.565,602.623,,,
677,11098083,148,3.703,right,fixation,,172.0,509.79118421052596,598.691789473684,,,,,1.0,2.750301417824739,7.894196919256567
678,11098235,4,,right,saccade,,172.0,,,477.85900000000004,606.187,468.779,606.187,,,
679,11098243,164,3.6956707317073167,right,fixation,,173.0,452.698166666667,608.792047619047,,,,,1.0,2.244086995738902,7.273528579719707
680,11098411,16,,right,saccade,,173.0,,,460.171,614.76,561.899,609.043,,,
681,11098411,20,,left,saccade,168.0,,,,501.389,588.538,580.393,585.5880000000002,,,
682,11098431,520,3.778238461538462,right,fixation,,174.0,571.177992366412,589.70154961832,,,,,4.0,2.66213277728858,9.536988703493384
683,11098435,528,3.7793295454545457,left,fixation,169.0,,589.064714285715,577.599744360902,,,,,3.0,3.5316519021383344,14.116111602943208
684,11098955,16,,right,saccade,,174.0,,,561.0409999999998,603.545,623.172,600.2330000000002,,,
685,11098967,4,,left,saccade,169.0,,,,625.466,582.8,629.865,580.632,,,
686,11098975,280,3.8274571428571433,left,fixation,170.0,,656.1656901408451,559.015591549296,,,,,1.0,2.6358583095033525,9.695166321420103
687,11098975,280,3.8274571428571433,right,fixation,,175.0,638.604802816902,608.77723943662,,,,,0.0,,
688,11099259,16,,left,saccade,170.0,,,,652.425,539.633,728.673,550.257,,,
689,11099259,16,,right,saccade,,175.0,,,647.03,619.0509999999998,704.064,615.512,,,
690,11099279,168,3.855571428571429,right,fixation,,176.0,709.9283023255811,601.883395348837,,,,,1.0,8.344679544143327,16.482731933754106
691,11099279,1808,3.839298672566372,left,fixation,171.0,,780.974713024281,569.1994304635759,,,,,8.0,2.9897769109455115,18.985680933270164
692,11099451,0,,right,saccade,,176.0,,,743.9780000000003,592.456,743.9780000000003,592.456,,,
693,11099455,1628,3.837512285012285,right,fixation,,177.0,773.686269607841,590.938509803921,,,,,4.0,2.7441390488495334,11.669327706277507
694,11101087,56,,right,saccade,,177.0,,,774.7410000000001,577.684,1507.5739999999994,563.188,,,
695,11101091,56,,left,saccade,171.0,,,,824.279,573.6709999999998,1596.72,548.5840000000002,,,
696,11101147,672,3.8902056213017753,right,fixation,,178.0,1510.8475443787,507.39001775147995,,,,,4.0,6.346203994550728,31.8413446640942
697,11101151,1052,3.8819818355640536,left,fixation,172.0,,1560.90363636364,484.20347348484887,,,,,11.0,3.8255384464068456,25.890109067869016
698,11101823,8,,right,saccade,,178.0,,,1503.03,471.54699999999997,1507.295,448.58099999999996,,,
699,11101835,368,3.866916201117319,right,fixation,,179.0,1513.23947311828,456.58652688172003,,,,,4.0,3.673503511170137,22.21231196408187
700,11102207,60,,right,saccade,,179.0,,,1503.565,505.12,679.497,726.811,,,
701,11102207,76,,left,saccade,172.0,,,,1566.6529999999998,491.14099999999996,716.1289999999997,767.949,,,
702,11102271,32,,right,fixation,,180.0,679.7539999999998,736.216555555556,,,,,0.0,,
703,11102287,4,,left,fixation,173.0,,708.1445,772.206,,,,,0.0,,
704,11102295,36,,left,saccade,173.0,,,,702.77,772.206,491.87199999999996,801.0269999999997,,,
705,11102307,40,,right,saccade,,180.0,,,668.8530000000002,736.8710000000003,555.589,838.308,,,
706,11102475,4,,right,fixation,,181.0,555.589,838.308,,,,,0.0,,
707,11102483,8,,left,fixation,174.0,,502.126333333333,798.7536666666672,,,,,0.0,,
708,11102483,12,,right,saccade,,181.0,,,555.589,816.628,543.618,772.4019999999997,,,
709,11102495,24,,left,saccade,174.0,,,,509.3,779.914,581.589,733.245,,,
710,11102499,100,,right,fixation,,182.0,524.671423076923,773.964961538462,,,,,2.0,4.4982557440749105,8.12986212144729
711,11102523,76,,left,fixation,175.0,,599.66935,724.54435,,,,,2.0,3.3559200639904567,11.856152646912827
712,11102603,20,,left,saccade,175.0,,,,603.512,734.307,493.48400000000004,724.316,,,
713,11102603,20,,right,saccade,,182.0,,,522.123,781.336,413.586,775.847,,,
714,11102627,696,3.962465753424657,left,fixation,176.0,,489.745651428572,730.3896400000011,,,,,6.0,7.0329063226036785,9.164477647413994
715,11102627,700,3.962465753424657,right,fixation,,183.0,404.49022159091004,774.9714829545461,,,,,3.0,13.701041492878554,24.34061796024307
716,11103327,32,,left,saccade,176.0,,,,490.164,723.4019999999997,463.86,852.326,,,
717,11103331,72,,right,saccade,,183.0,,,415.228,781.3580000000003,500.92400000000004,706.94,,,
718,11103451,0,,left,fixation,177.0,,469.533,852.326,,,,,0.0,,
719,11103455,36,,left,saccade,177.0,,,,473.94300000000004,852.326,543.757,733.7180000000003,,,
720,11103495,388,3.871739628153002,left,fixation,178.0,,562.271744897959,716.531673469388,,,,,1.0,2.682791834596569,7.937547291197816
721,11103503,380,3.8717396281530014,right,fixation,,184.0,500.6145416666671,741.484822916666,,,,,4.0,4.444069056407733,12.338118488423722
722,11103887,20,,left,saccade,178.0,,,,561.9,718.2810000000003,456.824,807.163,,,
723,11103887,24,,right,saccade,,184.0,,,509.44199999999995,753.828,387.48900000000003,847.9010000000003,,,
724,11103911,276,3.932710144927536,left,fixation,179.0,,442.58138571428594,820.307885714286,,,,,1.0,2.615900062863429,10.13817034775014
725,11103915,272,3.9327352941176468,right,fixation,,185.0,379.38928985507204,865.3608405797099,,,,,2.0,2.135277137108793,4.7872502168663695
726,11104191,20,,right,saccade,,185.0,,,384.82300000000004,871.307,431.912,787.944,,,
727,11104191,24,,left,saccade,179.0,,,,447.095,817.293,480.341,727.5889999999997,,,
728,11104215,1280,4.068663212435234,right,fixation,,186.0,414.89281931464205,765.544794392523,,,,,8.0,8.791642390748457,24.30853157549979
729,11104219,1260,4.06909705372617,left,fixation,180.0,,478.258721518987,704.52464556962,,,,,5.0,2.8534485923621324,12.408895127259276
730,11105483,88,,left,saccade,180.0,,,,476.80800000000005,702.868,469.51599999999996,699.64,,,
731,11105499,76,,right,saccade,,186.0,,,415.059,782.84,450.68199999999996,707.808,,,
732,11105651,1096,4.108686256702994,right,fixation,,187.0,434.466083636364,738.828214545454,,,,,9.0,3.3123027740394777,13.240106106448414
733,11105675,1076,4.108495219226461,left,fixation,181.0,,482.346492592593,702.2898703703702,,,,,11.0,3.2174773910039534,10.812271044354825
734,11106751,20,,right,saccade,,187.0,,,455.916,778.2919999999997,548.371,779.738,,,
735,11106755,16,,left,saccade,181.0,,,,492.716,717.966,564.419,718.472,,,
736,11106775,308,4.097893068617206,left,fixation,182.0,,576.6291282051291,706.737653846154,,,,,2.0,2.964890592546314,13.86287700803658
737,11106775,316,4.097893068617206,right,fixation,,188.0,557.4969,766.4768875,,,,,6.0,9.028653908748591,15.309835301093562
738,11107087,76,,left,saccade,182.0,,,,574.6030000000002,699.72,577.91,695.242,,,
739,11107095,56,,right,saccade,,188.0,,,527.009,737.932,583.715,703.773,,,
740,11107235,332,4.171806747638327,right,fixation,,189.0,579.621035714286,726.116809523809,,,,,1.0,1.8829703558768829,3.9068469383891267
741,11107251,316,4.1718067476383265,left,fixation,183.0,,601.7349375,692.139025,,,,,2.0,2.630569745298021,10.749063158432918
742,11107571,16,,right,saccade,,189.0,,,579.706,732.5989999999997,488.142,736.23,,,
743,11107571,20,,left,saccade,183.0,,,,602.0419999999998,694.807,513.15,705.8580000000003,,,
744,11107591,1160,4.1885931034482775,right,fixation,,190.0,436.75852920962194,745.262828178694,,,,,9.0,2.7911245368109387,12.866896950461044
745,11107595,1164,4.188048109965636,left,fixation,184.0,,477.300311643836,708.651982876712,,,,,7.0,2.9637621758131307,14.787309857181368
746,11108755,16,,right,saccade,,190.0,,,447.62300000000016,747.6110000000001,528.342,752.02,,,
747,11108763,12,,left,saccade,184.0,,,,511.36199999999997,717.956,555.518,718.33,,,
748,11108775,580,4.078531034482759,right,fixation,,191.0,543.4377328767121,753.6003219178081,,,,,3.0,2.842334819565852,7.735860503233344
749,11108779,580,4.077858620689656,left,fixation,185.0,,582.828993150684,715.9995479452049,,,,,8.0,2.617619989120625,7.713045580906002
750,11109359,20,,right,saccade,,191.0,,,557.2869999999998,756.529,674.5930000000002,758.6419999999997,,,
751,11109363,16,,left,saccade,185.0,,,,608.62,712.289,681.663,715.372,,,
752,11109383,219,4.0045,right,fixation,,192.0,684.225321428572,763.701214285714,,,,,0.0,,
753,11109383,223,4.004036363636365,left,fixation,186.0,,698.546368421052,717.795649122807,,,,,1.0,1.7671762236844497,5.862271317501374
754,11109606,12,,right,saccade,,192.0,,,696.5089999999999,763.554,736.6389999999999,760.2589999999999,,,
755,11109610,12,,left,saccade,186.0,,,,722.302,718.5980000000003,771.3910000000003,716.548,,,
756,11109622,540,3.971881481481481,right,fixation,,193.0,752.7554264705881,743.894213235294,,,,,6.0,2.433959940433469,8.740429496721115
757,11109626,532,3.9720977443609016,left,fixation,187.0,,788.56476119403,708.277888059702,,,,,2.0,2.0546228119894563,5.298515011358719
758,11110162,29,,left,saccade,187.0,,,,787.204,704.676,608.5880000000002,704.82,,,
759,11110167,28,,right,saccade,,193.0,,,749.275,748.1010000000001,563.943,759.199,,,
760,11110195,236,3.8809406779661013,left,fixation,188.0,,597.3381,714.324783333333,,,,,1.0,2.1152709899942117,4.146521071934947
761,11110199,228,3.8806228070175437,right,fixation,,194.0,546.538913793104,766.9130344827589,,,,,0.0,,
762,11110431,36,,right,saccade,,194.0,,,546.018,772.552,836.315,757.4689999999997,,,
763,11110435,28,,left,saccade,188.0,,,,600.039,722.183,850.602,719.207,,,
764,11110467,744,3.9230913978494626,left,fixation,189.0,,900.8997540106959,701.583529411765,,,,,6.0,2.754201188823181,11.431687848936589
765,11110471,744,3.923206989247312,right,fixation,,195.0,865.135245989304,773.1202887700522,,,,,4.0,2.4405533115412665,8.612871547486144
766,11111215,28,,left,saccade,189.0,,,,923.9689999999999,699.562,780.067,705.9689999999997,,,
767,11111219,24,,right,saccade,,195.0,,,870.513,768.66,741.6510000000003,761.32,,,
768,11111247,139,3.8896176470588237,left,fixation,190.0,,776.588333333333,712.499305555556,,,,,2.0,1.9155780226510133,3.397347153162501
769,11111247,147,3.8881666666666663,right,fixation,,196.0,720.690605263158,743.015131578947,,,,,0.0,,
770,11111390,12,,left,saccade,190.0,,,,758.1339999999999,719.81,714.982,719.673,,,
771,11111398,8,,right,saccade,,196.0,,,689.818,732.717,662.7539999999998,737.6469999999997,,,
772,11111406,556,3.7938381294964025,left,fixation,191.0,,684.470514285714,720.0521,,,,,3.0,2.94587437440169,14.80493669938327
773,11111410,556,3.7935683453237417,right,fixation,,197.0,645.258064285714,760.962314285714,,,,,3.0,3.9351652584239134,15.866264593729847
774,11111966,12,,left,saccade,191.0,,,,660.442,705.186,620.116,704.997,,,
775,11111970,12,,right,saccade,,197.0,,,622.614,767.164,582.563,769.242,,,
776,11111982,1040,3.791615384615384,left,fixation,192.0,,596.55875862069,722.101762452109,,,,,4.0,3.1395690851154656,19.629785898821854
777,11111986,1028,3.7916245136186766,right,fixation,,198.0,548.728468992248,755.886178294573,,,,,7.0,2.7696520978048143,15.379623626375356
778,11113018,32,,right,saccade,,198.0,,,530.969,752.689,748.658,748.715,,,
779,11113026,24,,left,saccade,192.0,,,,590.077,720.3539999999997,733.457,719.895,,,
780,11113054,304,3.8035129870129865,left,fixation,193.0,,790.996064935065,711.3846883116879,,,,,4.0,4.136377479313364,21.612732257850247
781,11113054,308,3.803461538461538,right,fixation,,199.0,772.3364230769231,758.070615384616,,,,,2.0,4.468634285023672,22.7384610974978
782,11113362,16,,left,saccade,193.0,,,,827.2239999999997,704.7539999999997,887.42,707.263,,,
783,11113366,8,,right,saccade,,199.0,,,826.933,768.785,853.985,764.202,,,
784,11113378,96,3.8300217391304345,right,fixation,,200.0,869.5046800000001,754.53164,,,,,1.0,2.70867292229976,8.166520066711309
785,11113382,92,3.830749999999999,left,fixation,194.0,,898.349458333333,698.62275,,,,,1.0,2.2444163433334623,4.580245954094684
786,11113478,28,,right,saccade,,200.0,,,870.965,761.137,646.235,773.654,,,
787,11113478,32,,left,saccade,194.0,,,,893.9810000000001,696.2130000000003,643.415,703.4010000000003,,,
788,11113510,320,3.85636875,right,fixation,,201.0,591.863296296296,749.61475308642,,,,,2.0,7.180530634113603,34.54912981202528
789,11113514,328,3.8574085365853663,left,fixation,195.0,,618.166240963855,702.169024096385,,,,,3.0,3.1544083363837587,16.133430688576755
790,11113834,16,,right,saccade,,201.0,,,550.326,738.832,631.242,741.597,,,
791,11113846,12,,left,saccade,195.0,,,,620.6990000000002,704.745,663.837,708.4680000000003,,,
792,11113854,208,3.841826923076924,right,fixation,,202.0,660.495396226416,752.422396226415,,,,,1.0,1.805415841603038,6.05744508848422
793,11113862,204,3.840196078431372,left,fixation,196.0,,685.534057692308,723.246057692308,,,,,1.0,2.5889287789010598,11.120145053010788
794,11114066,32,,right,saccade,,202.0,,,666.3539999999998,753.823,412.37300000000016,764.9689999999997,,,
795,11114070,28,,left,saccade,196.0,,,,679.422,731.434,493.159,717.1519999999997,,,
796,11114102,1188,3.835717171717172,right,fixation,,203.0,426.746191275168,754.9611208053682,,,,,9.0,2.657816798426861,12.439915605914491
797,11114102,1196,3.835530100334448,left,fixation,197.0,,486.75910999999996,708.887153333333,,,,,5.0,2.6558978675815483,15.284995410219333
798,11115294,24,,right,saccade,,203.0,,,446.344,759.26,615.9259999999998,745.4110000000003,,,
799,11115302,20,,left,saccade,197.0,,,,510.86199999999997,705.0939999999997,631.903,702.93,,,
800,11115322,432,3.753467592592593,right,fixation,,204.0,652.059467889908,753.9116146788989,,,,,2.0,3.1770102860180978,19.531580856824093
801,11115326,432,3.7529814814814815,left,fixation,198.0,,682.8748715596321,704.7093669724768,,,,,4.0,2.5352120150725503,12.035656709679904
802,11115758,16,,right,saccade,,204.0,,,669.645,760.0169999999997,767.727,753.683,,,
803,11115762,20,,left,saccade,198.0,,,,703.4739999999997,709.7769999999997,786.046,710.872,,,
804,11115778,244,3.771647540983607,right,fixation,,205.0,784.069983870968,748.405467741936,,,,,0.0,,
805,11115786,232,3.771655172413793,left,fixation,199.0,,819.203338983051,707.540661016949,,,,,1.0,2.4831996049004714,13.57295859420485
806,11116022,28,,left,saccade,199.0,,,,816.658,712.535,655.405,707.066,,,
807,11116026,28,,right,saccade,,205.0,,,785.6210000000003,745.95,628.6469999999998,756.091,,,
808,11116054,316,3.793170886075949,left,fixation,200.0,,632.731,705.9307125,,,,,1.0,3.4964534134208174,20.237250850844372
809,11116058,304,3.793447368421053,right,fixation,,206.0,591.182714285714,748.0871688311688,,,,,1.0,8.175586185236003,56.1581638766796
810,11116366,16,,right,saccade,,206.0,,,578.185,744.452,669.988,751.684,,,
811,11116374,12,,left,saccade,200.0,,,,639.174,721.6010000000001,692.937,721.7280000000003,,,
812,11116386,136,3.7927941176470585,right,fixation,,207.0,677.8573428571431,763.182828571429,,,,,1.0,1.720735251442124,2.162254610354757
813,11116390,132,3.7928333333333337,left,fixation,201.0,,700.210470588235,718.53605882353,,,,,1.0,2.0538631959742943,6.459922677555831
814,11116526,16,,left,saccade,201.0,,,,684.816,717.7389999999997,626.64,712.6010000000001,,,
815,11116526,16,,right,saccade,,207.0,,,666.791,768.197,585.0269999999998,767.207,,,
816,11116546,456,3.81625652173913,left,fixation,202.0,,606.441713043478,712.474565217391,,,,,2.0,3.9715292252859187,34.48230737946262
817,11116546,456,3.81625652173913,right,fixation,,208.0,568.182539130435,757.2330608695662,,,,,3.0,3.3253693229778145,20.32001409325311
818,11117006,20,,right,saccade,,208.0,,,561.815,756.725,727.543,756.0,,,
819,11117006,28,,left,saccade,202.0,,,,577.43,698.836,743.827,707.2639999999999,,,
820,11117030,372,3.953266304347826,right,fixation,,209.0,780.14505319149,754.240574468085,,,,,2.0,5.330279827197986,20.631989742276357
821,11117038,160,3.9542179487179454,left,fixation,203.0,,772.611609756097,708.056853658537,,,,,1.0,2.2646827101776656,12.846152575771587
822,11117202,12,,left,saccade,203.0,,,,788.554,711.158,824.785,703.012,,,
823,11117218,180,3.9526444444444446,left,fixation,204.0,,849.159608695652,706.4779565217392,,,,,1.0,2.160683154570397,7.7963576752224375
824,11117402,24,,left,saccade,204.0,,,,846.062,711.2439999999997,698.441,706.206,,,
825,11117406,20,,right,saccade,,209.0,,,793.819,757.065,681.69,762.5260000000003,,,
826,11117430,148,3.928026315789475,left,fixation,205.0,,684.0180526315789,696.2622631578951,,,,,0.0,,
827,11117430,148,3.928026315789475,right,fixation,,210.0,678.007289473684,763.5139210526311,,,,,0.0,,
828,11117582,24,,left,saccade,205.0,,,,675.444,694.404,535.924,697.666,,,
829,11117582,32,,right,saccade,,210.0,,,679.3710000000002,768.431,492.713,760.357,,,
830,11117610,1792,3.853401785714286,left,fixation,206.0,,504.44699554565597,705.02288195991,,,,,7.0,3.1503700357192077,19.29430655703386
831,11117618,1784,3.853140134529148,right,fixation,,211.0,468.538991051454,765.626156599553,,,,,22.0,4.043328571030177,20.186059887412373
832,11119406,8,,left,saccade,206.0,,,,527.967,718.334,559.351,715.7710000000003,,,
833,11119406,8,,right,saccade,,211.0,,,536.9159999999998,752.454,563.184,753.8960000000003,,,
834,11119418,164,3.757682926829269,right,fixation,,212.0,580.1933571428569,754.618142857143,,,,,0.0,,
835,11119418,168,3.7575833333333337,left,fixation,207.0,,577.267534883721,713.771604651163,,,,,1.0,2.225355314950349,2.7174350038224464
836,11119586,20,,right,saccade,,212.0,,,586.569,751.587,675.9989999999998,750.855,,,
837,11119590,20,,left,saccade,207.0,,,,598.894,715.635,679.258,713.3639999999997,,,
838,11119610,528,3.782977272727273,right,fixation,,213.0,668.258157894737,750.0250601503751,,,,,4.0,3.966031280589788,18.463892674253323
839,11119614,528,3.7831742424242414,left,fixation,208.0,,680.825511278195,706.834864661654,,,,,3.0,3.2235849110000783,16.932907104075085
840,11120142,80,,right,saccade,,213.0,,,652.126,755.834,1372.604,647.3480000000002,,,
841,11120146,76,,left,saccade,208.0,,,,665.6160000000001,697.201,1422.369,638.599,,,
842,11120226,240,3.9018333333333337,left,fixation,209.0,,1423.38144262295,613.316803278688,,,,,3.0,4.879068224206167,20.017959711478078
843,11120226,1256,3.977849087893864,right,fixation,,214.0,1450.4076571428602,620.126444444444,,,,,18.0,3.6813706795069936,18.036030827271517
844,11120470,0,,left,saccade,209.0,,,,1458.379,610.8290000000002,1458.379,610.8290000000002,,,
845,11120474,1008,3.9973862212943634,left,fixation,210.0,,1524.7492569170001,607.280486166008,,,,,9.0,2.68029639031308,13.622561287174742
846,11121486,136,,left,saccade,210.0,,,,1523.276,620.6990000000002,1092.8339999999996,583.123,,,
847,11121486,120,,right,saccade,,214.0,,,1467.1879999999999,622.806,1096.973,746.835,,,
848,11122730,144,4.3217333333333325,left,fixation,211.0,,1104.70542857143,530.555057142857,,,,,1.0,3.87578855775758,26.846792303737143
849,11122730,144,4.3217333333333325,right,fixation,,215.0,1080.75714285714,664.100571428571,,,,,3.0,6.9210569281577605,42.10874364570852
850,11122878,39,,left,saccade,211.0,,,,1112.846,518.701,706.952,661.946,,,
851,11122878,39,,right,saccade,,215.0,,,1060.548,655.94,668.495,751.933,,,
852,11122921,93,4.441090909090909,left,fixation,212.0,,712.949130434783,658.750391304348,,,,,1.0,1.7809793342115965,4.078770893296224
853,11122921,93,4.441090909090909,right,fixation,,216.0,667.036434782609,741.008652173913,,,,,0.0,,
854,11123018,53,,left,saccade,212.0,,,,721.51,665.207,1490.991,450.615,,,
855,11123018,57,,right,saccade,,216.0,,,667.928,729.2139999999997,1456.807,476.017,,,
856,11123075,115,4.508310344827587,left,fixation,213.0,,1497.49303448276,438.872551724138,,,,,1.0,2.7527405536220755,8.80026391649712
857,11123080,110,4.508814814814816,right,fixation,,217.0,1465.3654642857098,461.68503571428596,,,,,1.0,1.9984876782207237,5.826712709581687
858,11123194,60,,left,saccade,213.0,,,,1501.515,442.905,566.77,797.3589999999997,,,
859,11123194,60,,right,saccade,,217.0,,,1460.7679999999998,476.14,543.687,874.21,,,
860,11123258,199,4.548760204081633,left,fixation,214.0,,574.391196078431,821.0962352941182,,,,,2.0,85.2270737603442,510.65322743061193
861,11123258,199,4.548760204081633,right,fixation,,218.0,531.5326078431369,877.793313725491,,,,,3.0,58.509018421698116,346.0340889690924
862,11123461,24,,left,saccade,214.0,,,,576.047,838.655,465.12300000000016,846.0269999999997,,,
863,11123461,24,,right,saccade,,218.0,,,524.506,885.556,416.30199999999996,901.243,,,
864,11123489,376,4.5121703296703295,right,fixation,,219.0,423.1086,904.0624105263161,,,,,3.0,6.395354831178447,26.977927996385034
865,11123489,500,4.508918918918919,left,fixation,215.0,,476.34442063492105,854.1827142857152,,,,,4.0,3.285570059753212,15.33928131695652
866,11123869,16,,right,saccade,,219.0,,,463.88800000000003,879.184,500.233,732.67,,,
867,11123889,4,,right,fixation,,220.0,501.06199999999995,730.304,,,,,0.0,,
868,11123897,32,,right,saccade,,220.0,,,501.06199999999995,728.9830000000003,507.548,780.159,,,
869,11123961,12,,right,fixation,,221.0,506.8085,804.1675,,,,,0.0,,
870,11123977,32,,right,saccade,,221.0,,,501.785,807.2589999999999,481.64300000000003,912.9939999999999,,,
871,11123993,32,,left,saccade,215.0,,,,522.118,859.1030000000003,481.583,954.6519999999999,,,
872,11124121,4,,left,fixation,216.0,,481.583,954.6519999999999,,,,,0.0,,
873,11124129,20,,left,saccade,216.0,,,,478.075,940.659,478.075,868.676,,,
874,11124153,0,,left,fixation,217.0,,484.976,858.949,,,,,0.0,,
875,11124157,4,,left,saccade,217.0,,,,485.532,855.7819999999997,486.24300000000005,845.5139999999999,,,
876,11124165,149,4.413239999999999,left,fixation,218.0,,497.472052631579,818.9843947368422,,,,,1.0,2.0450302497083443,4.589537013686603
877,11124185,129,4.413239999999999,right,fixation,,222.0,461.469333333333,892.282545454545,,,,,3.0,8.44447620467376,46.48725098112289
878,11124318,76,,left,saccade,218.0,,,,497.38599999999997,821.5139999999999,1469.862,160.963,,,
879,11124318,80,,right,saccade,,222.0,,,440.279,920.7669999999999,1435.3570000000002,171.99900000000005,,,
880,11124398,128,4.395078125,left,fixation,219.0,,1476.84293939394,153.571151515151,,,,,0.0,,
881,11124402,120,4.394566666666666,right,fixation,,223.0,1423.6294193548401,169.830064516129,,,,,1.0,4.042389437091779,25.69463512097418
882,11124526,71,,right,saccade,,223.0,,,1409.69,183.015,649.211,957.164,,,
883,11124530,67,,left,saccade,219.0,,,,1475.479,154.19799999999995,688.828,829.94,,,
884,11124601,197,4.57568,right,fixation,,224.0,652.58642,932.44624,,,,,0.0,,
885,11124601,201,4.576156862745097,left,fixation,220.0,,703.911470588235,838.576039215686,,,,,1.0,2.408917991316601,8.74003026310541
886,11124802,16,,right,saccade,,224.0,,,659.541,931.173,586.592,931.1310000000001,,,
887,11124806,16,,left,saccade,220.0,,,,705.793,837.1039999999997,631.9209999999998,836.46,,,
888,11124822,143,4.5898,right,fixation,,225.0,574.213810810811,925.384297297297,,,,,1.0,2.737545438486411,3.135146727028816
889,11124826,139,4.589676470588237,left,fixation,221.0,,627.61,843.656944444444,,,,,1.0,2.520164814936626,4.738871173602439
890,11124969,20,,right,saccade,,225.0,,,574.247,925.637,731.745,928.814,,,
891,11124969,28,,left,saccade,221.0,,,,630.805,851.311,803.997,851.174,,,
892,11124993,408,4.538490196078431,right,fixation,,226.0,745.31127184466,928.7852135922328,,,,,4.0,100.12803367824354,303.9099535997525
893,11125001,396,4.538005050505051,left,fixation,222.0,,811.1894599999997,843.03887,,,,,3.0,130.5232887644854,391.2276771843248
894,11125401,12,,left,saccade,222.0,,,,786.311,846.2339999999997,742.1110000000001,844.712,,,
895,11125405,0,,right,saccade,,226.0,,,710.935,916.827,710.935,916.827,,,
896,11125409,0,,right,fixation,,227.0,703.007,916.699,,,,,0.0,,
897,11125413,0,,right,saccade,,227.0,,,696.289,916.5010000000001,696.289,916.5010000000001,,,
898,11125417,176,4.444600169779287,left,fixation,223.0,,737.806688888889,843.686111111111,,,,,1.0,2.348819514375498,9.123638802583118
899,11125417,180,4.443527151211362,right,fixation,,228.0,680.840782608696,915.343086956522,,,,,1.0,4.2054156387263815,5.722236363520888
900,11125597,52,,left,saccade,223.0,,,,732.841,847.6289999999997,372.39,1148.642,,,
901,11125601,48,,right,saccade,,228.0,,,653.7719999999998,938.69,360.966,1170.428,,,
902,11125817,144,4.303311938382542,left,fixation,224.0,,378.473621621622,1110.8882432432401,,,,,1.0,5.328929413535589,50.97399530152617
903,11125861,96,4.317956766917294,right,fixation,,229.0,350.0082,1165.71136,,,,,4.0,104.39262409798796,314.8625483209663
904,11125961,36,,right,saccade,,229.0,,,340.81,1168.425,1051.34,952.904,,,
905,11125965,40,,left,saccade,224.0,,,,388.464,1097.7089999999996,916.29,880.387,,,
906,11126001,0,,right,fixation,,230.0,1051.34,938.2489999999999,,,,,0.0,,
907,11126005,16,,right,saccade,,230.0,,,1037.005,929.3660000000001,887.047,924.262,,,
908,11126009,156,4.4785128205128215,left,fixation,225.0,,928.175125,889.144275,,,,,2.0,2.6387280927957937,4.399233354784049
909,11126025,140,4.477342857142856,right,fixation,,231.0,870.922916666666,949.624833333333,,,,,2.0,3.746636571074238,22.088797541151873
910,11126169,40,,left,saccade,225.0,,,,931.42,896.953,419.25,1079.447,,,
911,11126169,44,,right,saccade,,231.0,,,865.988,973.918,364.70099999999996,1150.1989999999996,,,
912,11126213,516,4.557881773399014,left,fixation,226.0,,402.05190769230796,1106.8181,,,,,8.0,3.1616087163566347,12.32386229946974
913,11126217,432,4.558208955223881,right,fixation,,232.0,346.139733944954,1169.28846788991,,,,,7.0,261.78883685170064,527.2139505338293
914,11126653,32,,right,saccade,,232.0,,,327.403,1178.359,327.332,1160.805,,,
915,11126729,0,,right,fixation,,233.0,327.332,1160.805,,,,,0.0,,
916,11126733,32,,left,saccade,226.0,,,,388.08099999999996,1115.218,927.686,659.035,,,
917,11126733,32,,right,saccade,,233.0,,,327.332,1160.805,1003.431,706.0419999999997,,,
918,11126901,28,,left,fixation,227.0,,941.5255,650.818,,,,,1.0,6.767403172151353,18.228099023211325
919,11126933,0,,right,fixation,,234.0,1007.023,706.0419999999997,,,,,0.0,,
920,11126933,32,,left,saccade,227.0,,,,961.758,629.631,977.637,521.846,,,
921,11126937,28,,right,saccade,,234.0,,,1009.59,696.578,1041.184,488.75199999999995,,,
922,11126969,200,4.63999246467818,right,fixation,,235.0,1000.01945098039,460.2929215686271,,,,,3.0,4.936603068896941,23.615707913487054
923,11126969,204,4.642350898568383,left,fixation,228.0,,979.914153846154,504.686846153846,,,,,2.0,3.2946633793374653,8.298204903944884
924,11127173,52,,right,saccade,,235.0,,,994.561,488.209,1548.644,111.655,,,
925,11127177,52,,left,saccade,228.0,,,,987.203,504.44,1549.441,145.882,,,
926,11127229,132,4.73325,right,fixation,,236.0,1546.88752941176,129.586088235294,,,,,1.0,2.993238166638676,19.97912600691032
927,11127233,124,4.73415,left,fixation,229.0,,1548.43346875,121.804625,,,,,2.0,3.2282535213572494,7.716344454470327
928,11127361,16,,left,saccade,229.0,,,,1541.4160000000006,126.51100000000001,1441.435,103.661,,,
929,11127365,16,,right,saccade,,236.0,,,1538.547,129.086,1479.879,93.306,,,
930,11127381,304,4.656396825396825,left,fixation,230.0,,1455.33066233766,90.03676623376622,,,,,2.0,5.0555047826536335,24.71601310461868
931,11127385,300,4.655363770250368,right,fixation,,237.0,1488.69935526316,40.7645,,,,,3.0,3.2929342178160934,23.537768801296316
932,11127689,32,,left,saccade,230.0,,,,1482.128,85.902,493.564,963.299,,,
933,11127689,44,,right,saccade,,237.0,,,1517.9879999999994,20.728,568.3919999999998,858.959,,,
934,11127901,0,,left,fixation,231.0,,500.881,963.299,,,,,0.0,,
935,11127901,12,,right,fixation,,238.0,568.3919999999998,848.65925,,,,,0.0,,
936,11127905,32,,left,saccade,231.0,,,,503.731,963.299,536.262,811.497,,,
937,11127917,0,,right,saccade,,238.0,,,553.602,827.76,553.602,827.76,,,
938,11127921,88,,right,fixation,,239.0,536.011130434783,811.733130434782,,,,,1.0,6.254691323762938,16.558262348447073
939,11127941,68,,left,fixation,232.0,,556.132722222222,813.8633888888893,,,,,1.0,3.7973863562836216,5.316045522754703
940,11128013,56,,left,saccade,232.0,,,,562.1469999999998,819.475,947.057,36.946999999999996,,,
941,11128013,56,,right,saccade,,239.0,,,535.28,806.459,979.507,-10.902000000000001,,,
942,11128073,808,4.482309405940594,right,fixation,,240.0,974.0369261083748,12.540650246305402,,,,,7.0,3.9791474139400895,17.60746693002633
943,11128073,812,4.482184729064039,left,fixation,233.0,,966.8193725490199,70.89310784313729,,,,,12.0,2.1899499043455664,8.031264625900521
944,11128885,52,,right,saccade,,240.0,,,984.863,35.657,741.748,632.504,,,
945,11128889,48,,left,saccade,233.0,,,,967.7689999999999,84.15799999999999,785.9730000000003,662.5110000000002,,,
946,11128941,136,4.5191470588235285,right,fixation,,241.0,718.126771428571,622.3362,,,,,3.0,4.457591481845088,21.051338914689282
947,11128941,456,4.504385964912281,left,fixation,234.0,,802.736530434783,672.134782608696,,,,,5.0,4.974399410831071,26.337322761651002
948,11129081,16,,right,saccade,,241.0,,,730.998,651.776,779.8969999999997,657.903,,,
949,11129101,296,4.498743243243244,right,fixation,,242.0,795.7177733333342,695.089746666666,,,,,5.0,3.1948473896273284,12.5207643054847
950,11129401,32,,left,saccade,234.0,,,,827.2510000000003,643.716,584.254,669.492,,,
951,11129401,32,,right,saccade,,242.0,,,806.199,721.465,566.985,724.2460000000003,,,
952,11129437,144,4.507388888888888,left,fixation,235.0,,599.4276756756759,684.077405405406,,,,,3.0,2.498472399450519,15.089486405223044
953,11129437,148,4.506743243243242,right,fixation,,243.0,565.576263157895,709.889473684211,,,,,1.0,3.0076349928141672,23.97133221162314
954,11129585,12,,left,saccade,235.0,,,,617.869,688.2510000000003,663.63,687.1210000000002,,,
955,11129589,4,,right,saccade,,243.0,,,603.62,698.291,612.031,697.625,,,
956,11129597,224,4.427298245614035,right,fixation,,244.0,643.360157894737,693.07298245614,,,,,3.0,3.4986263226845384,12.90560549591234
957,11129601,220,4.426401785714286,left,fixation,236.0,,670.405571428571,678.7095,,,,,2.0,2.2372327646129557,10.343745602390733
958,11129825,56,,right,saccade,,244.0,,,651.636,688.95,936.465,-26.151999999999997,,,
959,11129825,60,,left,saccade,236.0,,,,674.485,674.112,908.4860000000001,-25.476999999999997,,,
960,11129885,428,4.217471962616822,right,fixation,,245.0,944.4395370370372,41.165453703703704,,,,,6.0,3.911837762366465,20.223593884033708
961,11129889,584,4.21146490004649,left,fixation,237.0,,943.295333333333,-10.713333333333301,,,,,8.0,2.6728998686923693,15.801966194615645
962,11130317,32,,right,saccade,,245.0,,,952.174,55.868,946.068,47.825,,,
963,11130369,108,,right,fixation,,246.0,950.396714285714,44.40678571428571,,,,,2.0,4.616270454006962,15.93902136884429
964,11130477,52,,left,saccade,237.0,,,,927.064,-6.381,852.91,342.8130000000001,,,
965,11130481,8,,right,saccade,,246.0,,,923.702,29.82,893.6610000000003,31.333000000000002,,,
966,11130493,4,,right,fixation,,247.0,892.2765,31.333000000000002,,,,,0.0,,
967,11130501,32,,right,saccade,,247.0,,,880.695,31.333000000000002,845.952,303.7940000000001,,,
968,11131889,92,4.268675949367088,right,fixation,,248.0,840.119041666667,294.848666666667,,,,,3.0,4.089155305871858,12.68039425621958
969,11131889,96,4.270087974683544,left,fixation,238.0,,852.79676,333.09852,,,,,0.0,,
970,11131985,36,,right,saccade,,248.0,,,849.6210000000003,316.687,835.393,596.578,,,
971,11131989,32,,left,saccade,238.0,,,,854.201,326.45799999999997,796.633,645.3430000000002,,,
972,11132025,200,4.453874509803922,left,fixation,239.0,,788.918046511628,672.399790697674,,,,,2.0,2.482280246453448,8.590644524946674
973,11132025,205,4.453874509803922,right,fixation,,249.0,787.29325,623.2382272727269,,,,,2.0,13.189699849014088,39.14778417270783
974,11132230,37,,left,saccade,239.0,,,,799.188,676.081,664.3689999999998,928.799,,,
975,11132235,36,,right,saccade,,249.0,,,771.789,648.519,741.2810000000003,829.709,,,
976,11132370,8,,left,fixation,240.0,,671.789666666667,925.543666666667,,,,,0.0,,
977,11132382,26,,left,saccade,240.0,,,,679.3639999999998,900.21,695.313,824.908,,,
978,11132387,279,4.404269230769232,right,fixation,,250.0,719.007565217392,837.348202898551,,,,,3.0,5.541297764043605,17.36625406685769
979,11132412,138,4.3983,left,fixation,241.0,,719.634558823529,823.572117647059,,,,,4.0,4.600251859959896,16.137282643039306
980,11132554,0,,left,saccade,241.0,,,,757.2260000000001,847.316,757.2260000000001,847.316,,,
981,11132558,108,4.407537037037037,left,fixation,242.0,,776.262678571429,855.70625,,,,,4.0,2.0557438665236134,7.249131172169153
982,11132670,32,,left,saccade,242.0,,,,772.5,856.148,763.0239999999999,530.859,,,
983,11132670,32,,right,saccade,,250.0,,,731.533,842.7719999999997,741.89,481.983,,,
984,11132706,164,4.459657894736842,right,fixation,,251.0,730.835571428571,458.25976190476194,,,,,2.0,2.5358146518421147,7.28332490285038
985,11132706,168,4.456519480519479,left,fixation,243.0,,755.738093023256,527.1290465116281,,,,,1.0,2.121033192940521,6.8436905979156695
986,11132874,60,,right,saccade,,251.0,,,738.0360000000003,438.408,1058.555,-28.986,,,
987,11132878,56,,left,saccade,243.0,,,,760.5880000000003,515.617,1046.829,55.373999999999995,,,
988,11132938,8,4.3420000000000005,right,fixation,,252.0,1060.038,-34.691,,,,,0.0,,
989,11132938,100,4.38204,left,fixation,244.0,,1055.91530769231,46.2063846153846,,,,,1.0,2.351149960952917,7.750725449917624
990,11132950,32,,right,saccade,,252.0,,,1060.038,-34.691,1088.721,-36.883,,,
991,11133018,20,4.4002,right,fixation,,253.0,1093.2746666666699,-33.543666666666695,,,,,0.0,,
992,11133042,16,,left,saccade,244.0,,,,1041.9489999999996,45.773,970.346,50.468999999999994,,,
993,11133042,16,,right,saccade,,253.0,,,1087.886,-26.119,980.309,-6.4460000000000015,,,
994,11133062,272,4.398639344262294,right,fixation,,254.0,968.0085507246381,54.915173913043496,,,,,3.0,3.525833892833348,20.00996388530427
995,11133062,276,4.398572580645161,left,fixation,245.0,,965.297199999999,83.38638571428571,,,,,2.0,2.836630653181841,6.824605504698288
996,11133338,48,,right,saccade,,254.0,,,974.947,82.29,1503.704,151.064,,,
997,11133342,44,,left,saccade,245.0,,,,963.279,77.393,1493.9820000000002,118.861,,,
998,11133390,336,4.49639880952381,left,fixation,246.0,,1470.71242352941,103.057705882353,,,,,3.0,4.432939935669222,20.14788380456878
999,11133390,676,4.5016597633136115,right,fixation,,255.0,1472.3183470588199,136.083788235294,,,,,9.0,3.752473385052904,18.18137976178018
1000,11133730,4,,left,saccade,246.0,,,,1426.8410000000001,83.917,1414.69,83.917,,,
1001,11133738,324,4.506734567901233,left,fixation,247.0,,1397.98765853659,90.6823658536586,,,,,2.0,1.9888494434884367,2.5854511295289044
1002,11134066,56,,left,saccade,247.0,,,,1395.868,95.85799999999999,1454.9560000000001,629.139,,,
1003,11134070,56,,right,saccade,,255.0,,,1437.24,206.732,1442.994,746.0980000000003,,,
1004,11134126,504,4.502611111111111,left,fixation,248.0,,1475.50860629921,623.223322834645,,,,,8.0,3.5550280994360803,18.254856114331396
1005,11134130,496,4.503064516129033,right,fixation,,256.0,1457.50484,720.699656,,,,,3.0,6.1085508206793095,39.110133064799115
1006,11134630,28,,right,saccade,,256.0,,,1462.325,677.643,1464.753,472.94800000000004,,,
1007,11134634,28,,left,saccade,248.0,,,,1481.944,577.419,1475.885,426.76800000000003,,,
1008,11134662,352,4.322369318181818,right,fixation,,257.0,1458.3792134831501,449.308202247191,,,,,3.0,3.5494397157024142,19.93702338951569
1009,11134666,344,4.32178488372093,left,fixation,249.0,,1497.31343678161,401.248091954023,,,,,1.0,8.838537192004358,53.0172759202131
1010,11135014,28,,left,saccade,249.0,,,,1521.567,372.36400000000003,1527.01,216.235,,,
1011,11135018,28,,right,saccade,,257.0,,,1479.253,406.296,1485.994,299.348,,,
1012,11135046,332,4.306162650602411,left,fixation,250.0,,1528.6523571428602,153.716178571429,,,,,4.0,3.672485994369799,18.161814869900034
1013,11135050,432,4.312490654205607,right,fixation,,258.0,1463.5246697247699,241.801183486238,,,,,3.0,4.8358998262081165,36.489354273046686
1014,11135382,12,,left,saccade,250.0,,,,1502.1729999999998,124.463,1455.249,128.465,,,
1015,11135398,84,4.3328250000000015,left,fixation,251.0,,1439.97340909091,129.345590909091,,,,,2.0,3.5513399018112985,16.822063533119135
1016,11135486,44,,left,saccade,251.0,,,,1443.8029999999999,129.64700000000002,987.3760000000001,75.075,,,
1017,11135486,44,,right,saccade,,258.0,,,1403.098,209.063,966.8910000000001,129.13299999999998,,,
1018,11135534,1300,4.256554410468507,left,fixation,252.0,,981.8072791411032,80.62150613496941,,,,,9.0,2.481804203027422,8.574328949937968
1019,11135534,1312,4.256554410468507,right,fixation,,259.0,961.6244984802432,120.86549544073,,,,,6.0,2.794149620472228,8.655314165960961
1020,11136838,32,,left,saccade,252.0,,,,974.811,86.26299999999998,1048.049,242.05700000000002,,,
1021,11136850,32,,right,saccade,,259.0,,,983.185,149.577,1094.882,293.248,,,
1022,11137058,128,4.290532386867791,right,fixation,,260.0,1083.81990909091,257.16524242424197,,,,,5.0,77.84131096005696,236.77599061590473
1023,11137058,132,4.2915697959183685,left,fixation,253.0,,1052.58029411765,231.11564705882301,,,,,1.0,2.2286975394211708,4.36303713025675
1024,11137190,32,,right,saccade,,260.0,,,1062.275,239.208,1010.816,42.857,,,
1025,11137194,24,,left,saccade,253.0,,,,1050.471,218.67700000000002,995.3610000000001,106.90899999999999,,,
1026,11137222,1504,4.381962643678161,left,fixation,254.0,,971.5004482758619,84.76884084880629,,,,,16.0,3.0990809427081665,14.32840793449659
1027,11137226,1496,4.3821772334293945,right,fixation,,261.0,987.4876720000001,68.5246746666666,,,,,16.0,3.3913360963075347,14.380221580623832
1028,11138726,32,,right,saccade,,261.0,,,985.122,75.018,1001.863,103.92399999999999,,,
1029,11138730,32,,left,saccade,254.0,,,,944.2689999999999,69.572,952.324,66.672,,,
1030,11138846,728,4.507567610062893,left,fixation,255.0,,962.426081967213,82.686994535519,,,,,3.0,2.8798788760804865,15.798160190503758
1031,11138858,716,4.507567610062893,right,fixation,,262.0,986.736816666666,72.6138833333334,,,,,9.0,40.55133245766478,13.085455131624329
