,starttime,duration,meanPupilDiameter,eye,eventType,eventIdxLeft,eventIdxRight,meanX,meanY,startSaccadeX,startSaccadeY,endSaccadeX,endSaccadeY,microsaccadeCount,microsaccadeAmplitude,microsaccadePeakVelocity
0,2077144,59,3.1882666666666664,right,fixation,,1.0,559.3323125,222.273625,,,,,0.0,,
1,2077144,63,3.18834375,left,fixation,1.0,,532.1838823529409,229.69799999999998,,,,,0.0,,
2,2077207,20,,right,saccade,,1.0,,,555.923,223.30900000000003,547.318,126.52,,,
3,2077211,16,,left,saccade,1.0,,,,524.536,223.89700000000002,514.311,162.977,,,
4,2077231,208,3.1942307692307685,right,fixation,,2.0,536.057283018868,128.075735849057,,,,,0.0,,
5,2077231,212,3.1940754716981137,left,fixation,2.0,,505.4786666666671,130.840944444444,,,,,0.0,,
6,2077443,20,,right,saccade,,2.0,,,533.597,137.836,472.17199999999997,135.505,,,
7,2077447,20,,left,saccade,2.0,,,,505.89,121.671,428.662,134.053,,,
8,2077467,529,3.179516431924883,right,fixation,,3.0,424.46221052631597,152.058616541353,,,,,2.0,7.292868560925948,18.220102541799356
9,2077471,521,3.179445497630332,left,fixation,3.0,,388.93181679389295,144.16263358778602,,,,,0.0,,
10,2077996,44,,left,saccade,3.0,,,,372.62,152.465,379.402,98.939,,,
11,2078000,40,,right,saccade,,3.0,,,408.274,175.0,414.51199999999994,160.55100000000004,,,
12,2078136,711,3.179372453684299,right,fixation,,4.0,450.53490502793295,168.764452513966,,,,,1.0,8.24206760231381,20.533932721229995
13,2078172,679,3.179225266489007,left,fixation,4.0,,427.08329239766,168.068777777778,,,,,2.0,5.726532855129144,13.411362200613212
14,2078851,16,,right,saccade,,4.0,,,452.70300000000003,138.703,513.9490000000002,145.085,,,
15,2078855,12,,left,saccade,4.0,,,,440.787,195.268,485.334,189.59799999999998,,,
16,2078871,612,3.196816993464052,left,fixation,5.0,,498.07009740259696,150.67264935064898,,,,,1.0,7.073924191862838,20.3741857506012
17,2078871,612,3.196816993464052,right,fixation,,5.0,529.264064935064,156.147577922078,,,,,2.0,6.781325949699517,14.401969142671408
18,2079487,20,,right,saccade,,5.0,,,509.69599999999997,185.99,411.423,180.81900000000002,,,
19,2079487,24,,left,saccade,5.0,,,,451.32,144.688,366.89300000000003,161.085,,,
20,2079511,212,3.239235849056603,right,fixation,,6.0,395.9736666666671,160.471962962963,,,,,0.0,,
21,2079515,208,3.2395096153846152,left,fixation,6.0,,357.306830188679,153.19030188679199,,,,,0.0,,
22,2079727,28,,right,saccade,,6.0,,,393.791,162.761,702.0139999999999,220.483,,,
23,2079727,32,,left,saccade,6.0,,,,353.89300000000014,137.871,656.556,223.96099999999998,,,
24,2079759,456,3.2363114035087723,right,fixation,,7.0,717.193869565217,262.465808695652,,,,,0.0,,
25,2079763,452,3.2362079646017703,left,fixation,7.0,,692.487105263158,261.487640350877,,,,,1.0,5.336996192720274,15.443461788083606
26,2080219,24,,left,saccade,7.0,,,,713.319,269.275,909.2189999999999,264.082,,,
27,2080219,28,,right,saccade,,7.0,,,736.863,283.291,934.296,267.676,,,
28,2080247,672,3.224553571428572,left,fixation,8.0,,924.9556568047341,267.773934911243,,,,,0.0,,
29,2080251,668,3.2246676646706582,right,fixation,,8.0,953.3510952380948,250.521238095238,,,,,0.0,,
30,2080923,52,,left,saccade,8.0,,,,920.696,272.858,437.16900000000004,204.56900000000002,,,
31,2080923,56,,right,saccade,,8.0,,,970.748,274.971,472.108,193.537,,,
32,2080979,304,3.2726644736842103,left,fixation,9.0,,418.075298701299,173.000597402597,,,,,0.0,,
33,2080983,284,3.2716549295774646,right,fixation,,9.0,451.7928333333329,159.630569444444,,,,,1.0,6.320109363065707,17.66426137714228
34,2081271,20,,right,saccade,,9.0,,,439.30800000000005,138.922,526.465,137.643,,,
35,2081287,4,,left,saccade,9.0,,,,438.50699999999995,158.501,454.485,158.142,,,
36,2081295,284,3.2865563380281686,left,fixation,10.0,,474.693472222222,151.504138888889,,,,,2.0,9.168707379544813,14.358879514397945
37,2081295,288,3.286791666666667,right,fixation,,10.0,531.765465753425,154.679452054795,,,,,0.0,,
38,2081583,24,,left,saccade,10.0,,,,467.561,137.047,362.793,135.32,,,
39,2081587,16,,right,saccade,,10.0,,,511.346,130.57299999999998,450.07300000000004,129.304,,,
40,2081607,1052,3.3088878326996194,right,fixation,,11.0,448.247575757576,144.741742424243,,,,,2.0,6.433308626111903,11.07674958550659
41,2081611,1048,3.3088549618320613,left,fixation,11.0,,384.328406844106,151.953882129277,,,,,1.0,6.6899868065805865,21.253526319178146
42,2082663,36,,right,saccade,,11.0,,,483.659,170.36700000000005,671.253,160.72,,,
43,2082663,40,,left,saccade,11.0,,,,401.44800000000004,157.578,628.0880000000002,145.618,,,
44,2082703,4,3.3435,right,fixation,,12.0,674.6825,160.8875,,,,,0.0,,
45,2082707,0,,left,fixation,12.0,,629.6,146.85399999999996,,,,,0.0,,
46,2082711,32,,left,saccade,12.0,,,,630.3240000000002,146.85399999999996,911.0010000000001,194.609,,,
47,2082711,32,,right,saccade,,12.0,,,679.826,162.17700000000005,913.743,201.581,,,
48,2082747,564,3.2954524647887324,left,fixation,13.0,,925.9101971830992,254.26507042253502,,,,,2.0,10.13725641517658,26.27355111769109
49,2082747,564,3.2954524647887324,right,fixation,,13.0,954.31211971831,231.031591549296,,,,,3.0,9.453514016111065,22.79061584887971
50,2083315,44,,right,saccade,,13.0,,,950.658,270.085,455.401,408.92800000000005,,,
51,2083315,48,,left,saccade,13.0,,,,917.8439999999999,260.47900000000004,399.964,401.06,,,
52,2083363,268,3.237814814814815,right,fixation,,14.0,424.247823529412,423.014823529412,,,,,1.0,5.806514122087349,5.731657002996566
53,2083367,264,3.2374999999999994,left,fixation,14.0,,375.959985074627,411.300865671642,,,,,0.0,,
54,2083635,48,,right,saccade,,14.0,,,421.603,415.43,510.92800000000005,271.224,,,
55,2083635,76,,left,saccade,14.0,,,,371.741,415.994,391.64,112.42,,,
56,2083687,4,,right,fixation,,15.0,510.92800000000005,269.9125,,,,,0.0,,
57,2083695,16,,right,saccade,,15.0,,,510.92800000000005,268.601,460.369,256.24,,,
58,2083715,4,,right,fixation,,16.0,460.369,249.852,,,,,0.0,,
59,2083723,4,,right,saccade,,16.0,,,460.369,237.019,468.955,237.019,,,
60,2083731,56,,right,fixation,,17.0,500.411466666667,208.517466666667,,,,,1.0,10.994432375070579,33.15439109680647
61,2083791,40,,right,saccade,,17.0,,,499.099,201.97400000000002,477.675,106.74700000000001,,,
62,2083967,512,3.3087853535353537,right,fixation,,18.0,446.392782945737,169.136488372093,,,,,2.0,8.769441775354275,13.0732295075613
63,2083983,500,3.3084875,left,fixation,15.0,,409.351412698413,169.203015873016,,,,,1.0,8.885007200022098,18.867541069254354
64,2084483,48,,right,saccade,,18.0,,,461.223,178.285,1023.575,209.981,,,
65,2084487,44,,left,saccade,15.0,,,,406.05800000000005,187.518,990.164,209.84799999999998,,,
66,2084535,144,3.2566944444444443,left,fixation,16.0,,1004.0216756756801,233.173378378378,,,,,1.0,5.570984956799741,11.337397276271222
67,2084535,388,3.2404489795918368,right,fixation,,19.0,1000.41006122449,241.17724489795899,,,,,2.0,11.222526724877019,30.888763389047174
68,2084683,12,,left,saccade,16.0,,,,1000.924,215.382,957.7769999999999,248.082,,,
69,2084699,224,3.2302105263157888,left,fixation,17.0,,933.3875263157901,271.535964912281,,,,,0.0,,
70,2084927,24,,left,saccade,17.0,,,,935.07,278.444,1110.747,287.689,,,
71,2084927,24,,right,saccade,,19.0,,,971.102,268.686,1144.484,274.05400000000003,,,
72,2084955,588,3.1934143835616435,left,fixation,18.0,,1152.2505337837802,285.011527027027,,,,,1.0,11.40700691339419,43.79924912598393
73,2084955,588,3.1934143835616435,right,fixation,,20.0,1187.21366216216,263.75345270270304,,,,,2.0,8.382578043109486,23.734619385177947
74,2085547,36,,left,saccade,18.0,,,,1161.555,282.4790000000001,921.0980000000001,269.12,,,
75,2085547,36,,right,saccade,,20.0,,,1200.61,262.638,961.9789999999999,251.41299999999998,,,
76,2085587,48,3.202833333333333,right,fixation,,21.0,948.031153846154,253.624076923077,,,,,0.0,,
77,2085587,52,3.203307692307692,left,fixation,19.0,,907.2066428571428,256.282357142857,,,,,0.0,,
78,2085639,40,,right,saccade,,21.0,,,936.7669999999999,258.695,1383.2979999999998,257.616,,,
79,2085643,36,,left,saccade,19.0,,,,901.669,250.797,1335.745,271.525,,,
80,2085683,288,3.243388888888889,left,fixation,20.0,,1368.92842465753,269.968082191781,,,,,1.0,10.115498835670197,31.05783812502085
81,2085683,288,3.243388888888889,right,fixation,,22.0,1420.61498630137,231.243520547945,,,,,1.0,5.1170907153273015,17.191005089871844
82,2085975,48,,left,saccade,20.0,,,,1369.5839999999996,263.305,599.738,265.678,,,
83,2085975,52,,right,saccade,,22.0,,,1404.756,246.785,629.736,250.21099999999998,,,
84,2086027,168,3.2637441860465115,left,fixation,21.0,,564.4176046511631,248.094372093023,,,,,0.0,,
85,2086031,164,3.2637261904761905,right,fixation,,23.0,588.831785714286,248.993476190476,,,,,1.0,4.359067286829968,8.368288295703051
86,2086199,20,,left,saccade,21.0,,,,569.672,254.30700000000002,673.323,247.358,,,
87,2086199,20,,right,saccade,,23.0,,,580.394,236.942,687.4689999999997,253.488,,,
88,2086223,220,3.2536296296296285,left,fixation,22.0,,690.3070892857138,272.768089285714,,,,,0.0,,
89,2086223,220,3.2536296296296285,right,fixation,,24.0,708.151285714286,262.688357142857,,,,,0.0,,
90,2086447,24,,right,saccade,,24.0,,,710.076,270.028,517.4119999999998,272.561,,,
91,2086447,28,,left,saccade,22.0,,,,682.8839999999999,291.6140000000001,477.963,292.619,,,
92,2086475,444,3.266379464285714,right,fixation,,25.0,496.048178571429,273.033732142857,,,,,0.0,,
93,2086479,440,3.2666576576576567,left,fixation,23.0,,463.712234234234,270.41285585585604,,,,,0.0,,
94,2086923,64,,left,saccade,23.0,,,,439.653,258.584,1084.2160000000001,246.785,,,
95,2086923,64,,right,saccade,,25.0,,,506.779,295.288,1124.9560000000001,254.453,,,
96,2086991,612,3.253911764705882,left,fixation,24.0,,1136.4415974025999,278.42424025974,,,,,1.0,14.976727978582135,43.88884733050094
97,2086991,612,3.253911764705882,right,fixation,,26.0,1186.9042272727302,262.754045454545,,,,,1.0,17.895337562399355,53.8545317406066
98,2087607,56,,left,saccade,24.0,,,,1141.506,289.15,432.45599999999996,245.05200000000002,,,
99,2087607,56,,right,saccade,,26.0,,,1189.864,265.586,481.92,227.995,,,
100,2087667,152,3.2706578947368423,left,fixation,25.0,,411.441538461539,216.43599999999998,,,,,0.0,,
101,2087667,300,3.2913266666666665,right,fixation,,27.0,462.58475,185.167013157895,,,,,2.0,9.650738753806227,30.18828016636869
102,2087823,8,,left,saccade,25.0,,,,414.246,190.245,414.246,161.564,,,
103,2087835,132,3.314090909090909,left,fixation,26.0,,399.59808823529403,129.20185294117599,,,,,0.0,,
104,2087971,48,,left,saccade,26.0,,,,418.251,141.678,1044.306,209.62099999999998,,,
105,2087971,48,,right,saccade,,27.0,,,476.094,157.476,1098.239,213.43,,,
106,2088023,352,3.2926306818181814,left,fixation,27.0,,1105.62587640449,271.10697752809,,,,,1.0,9.24919422466385,21.933207722537876
107,2088023,352,3.2926306818181814,right,fixation,,28.0,1144.67612359551,237.699505617978,,,,,2.0,9.018652656983381,25.67153787724202
108,2088379,48,,left,saccade,27.0,,,,1130.835,272.38,438.68800000000016,171.077,,,
109,2088379,48,,right,saccade,,28.0,,,1174.085,249.38400000000001,474.05800000000005,158.143,,,
110,2088431,8,3.29725,left,fixation,28.0,,430.045,163.257666666667,,,,,0.0,,
111,2088431,180,3.3039555555555564,right,fixation,,29.0,447.390760869565,142.598369565217,,,,,0.0,,
112,2088443,0,,left,saccade,28.0,,,,406.173,151.952,406.173,151.952,,,
113,2088447,152,3.3033947368421046,left,fixation,29.0,,380.913641025641,117.58141025641001,,,,,0.0,,
114,2088603,20,,left,saccade,29.0,,,,388.759,120.235,464.125,133.179,,,
115,2088615,4,,right,saccade,,29.0,,,482.74699999999996,129.707,483.292,129.695,,,
116,2088623,151,3.3050135135135137,right,fixation,,30.0,516.3117179487181,152.23607692307698,,,,,0.0,,
117,2088627,147,3.3046527777777777,left,fixation,30.0,,472.689552631579,144.253368421053,,,,,0.0,,
118,2088778,36,,left,saccade,30.0,,,,483.06199999999995,135.901,913.1060000000001,191.37099999999998,,,
119,2088778,36,,right,saccade,,30.0,,,533.367,165.112,955.58,201.47799999999998,,,
120,2088818,657,3.2748242424242417,left,fixation,31.0,,933.281260606061,229.605103030303,,,,,1.0,6.587844867633129,21.224973309759566
121,2088818,657,3.2748242424242417,right,fixation,,31.0,973.0449212121208,224.024896969697,,,,,2.0,6.265738423835955,20.135873945102826
122,2089479,44,,left,saccade,31.0,,,,912.91,238.234,435.686,281.517,,,
123,2089479,44,,right,saccade,,31.0,,,960.66,253.75400000000002,476.712,263.617,,,
124,2089527,348,3.2340167941469917,left,fixation,32.0,,440.533420454546,267.265045454545,,,,,1.0,9.113199665259673,36.284550982477434
125,2089527,356,3.2340167941469917,right,fixation,,32.0,483.56813333333395,266.302088888889,,,,,2.0,6.960092385244874,19.372236995245927
126,2089879,40,,left,saccade,32.0,,,,456.565,274.192,976.836,224.585,,,
127,2089887,40,,right,saccade,,32.0,,,510.86400000000003,291.116,976.345,222.544,,,
128,2090059,380,3.2215547445255472,right,fixation,,33.0,974.2386041666659,245.7626875,,,,,0.0,,
129,2090067,368,3.2224074074074074,left,fixation,33.0,,939.7688924731192,258.16700000000003,,,,,0.0,,
130,2090439,48,,left,saccade,33.0,,,,926.645,309.133,448.403,210.477,,,
131,2090443,40,,right,saccade,,33.0,,,961.178,286.363,505.87800000000004,228.736,,,
132,2090487,936,3.2177286324786327,right,fixation,,34.0,512.561544680852,170.64307234042602,,,,,2.0,8.07718107907112,23.990164503895343
133,2090491,932,3.21786051502146,left,fixation,34.0,,463.575286324787,147.306393162393,,,,,2.0,8.140025335864541,27.052084263741627
134,2091427,20,,right,saccade,,34.0,,,525.665,147.55200000000005,420.705,163.327,,,
135,2091427,24,,left,saccade,34.0,,,,481.0,146.329,357.51300000000015,151.313,,,
136,2091451,340,3.254805882352941,right,fixation,,35.0,412.90847674418603,150.83539534883698,,,,,0.0,,
137,2091455,336,3.2549523809523815,left,fixation,35.0,,358.5315176470591,146.204741176471,,,,,0.0,,
138,2091795,28,,right,saccade,,35.0,,,408.399,139.30200000000002,467.945,341.719,,,
139,2091795,32,,left,saccade,35.0,,,,334.4980000000001,123.271,385.63599999999997,331.116,,,
140,2091827,868,3.194016129032258,right,fixation,,36.0,512.027490825688,384.497142201835,,,,,1.0,10.26118661239743,30.733571627781906
141,2091831,864,3.1937222222222217,left,fixation,36.0,,460.868465437788,367.712073732719,,,,,1.0,4.716082725926007,13.54071763238568
142,2092699,24,,left,saccade,36.0,,,,495.0,379.70300000000003,623.751,439.191,,,
143,2092699,24,,right,saccade,,36.0,,,544.295,389.94599999999997,690.4060000000003,461.83099999999996,,,
144,2092727,459,3.1377105263157903,left,fixation,37.0,,667.5674396551719,479.52281034482803,,,,,1.0,5.7251329193691705,14.622214367188116
145,2092727,459,3.1377105263157903,right,fixation,,37.0,720.070706896552,484.032534482758,,,,,0.0,,
146,2093190,28,,left,saccade,37.0,,,,669.632,486.884,474.755,498.341,,,
147,2093190,28,,right,saccade,,37.0,,,731.6080000000003,475.04900000000004,537.64,483.029,,,
148,2093222,504,3.1421587301587306,left,fixation,38.0,,435.973023622047,484.356283464567,,,,,0.0,,
149,2093222,504,3.1421587301587306,right,fixation,,38.0,484.41440944881896,475.937590551181,,,,,3.0,6.891714652613994,28.594296541572014
150,2093730,24,,right,saccade,,38.0,,,491.965,486.17400000000004,719.232,495.43800000000016,,,
151,2093730,28,,left,saccade,38.0,,,,434.8,491.286,670.904,499.685,,,
152,2093758,436,3.1276743119266053,right,fixation,,39.0,725.117318181818,497.633418181818,,,,,2.0,5.31201299727228,11.450925505904912
153,2093762,432,3.1276296296296286,left,fixation,39.0,,683.580614678898,485.8425229357799,,,,,1.0,5.902251030091983,11.088357182197765
154,2094198,28,,right,saccade,,39.0,,,725.2460000000003,499.097,1091.441,520.0930000000002,,,
155,2094198,32,,left,saccade,39.0,,,,677.9580000000002,482.73800000000006,1028.3980000000001,488.83,,,
156,2094230,176,3.1191363636363643,right,fixation,,40.0,1102.5607111111099,477.958422222222,,,,,0.0,,
157,2094234,172,3.1191860465116275,left,fixation,40.0,,1047.76009090909,488.4735909090911,,,,,0.0,,
158,2094410,20,,left,saccade,40.0,,,,1052.347,487.218,1163.05,485.204,,,
159,2094410,20,,right,saccade,,40.0,,,1107.404,474.5,1213.671,478.205,,,
160,2094434,364,3.1394340659340663,left,fixation,41.0,,1178.07019565217,474.9993260869561,,,,,0.0,,
161,2094434,364,3.1394340659340663,right,fixation,,41.0,1213.0562717391301,469.951673913044,,,,,0.0,,
162,2094802,24,,left,saccade,41.0,,,,1163.075,486.25199999999995,969.798,490.534,,,
163,2094802,24,,right,saccade,,41.0,,,1196.32,476.99800000000016,1011.654,474.64099999999996,,,
164,2094830,524,3.1101374045801533,left,fixation,42.0,,937.973848484849,492.4564924242431,,,,,0.0,,
165,2094830,524,3.1101374045801533,right,fixation,,42.0,967.04693939394,483.48778787878797,,,,,0.0,,
166,2095358,48,,left,saccade,42.0,,,,908.69,493.347,506.435,394.631,,,
167,2095358,56,,right,saccade,,42.0,,,930.4019999999999,462.51099999999997,533.3430000000002,372.4,,,
168,2095410,1212,3.1652062706270625,left,fixation,43.0,,450.66136184210603,374.021950657895,,,,,4.0,9.075875740196187,28.809367775915163
169,2095418,1200,3.165265,right,fixation,,43.0,506.19936212624606,377.729445182724,,,,,6.0,9.559116813263245,28.17556123568216
170,2096622,20,,right,saccade,,43.0,,,523.6030000000002,424.219,476.69,479.603,,,
171,2096626,12,,left,saccade,43.0,,,,457.074,438.158,424.705,460.962,,,
172,2096642,296,3.1434054054054053,left,fixation,44.0,,405.85989333333396,489.007266666667,,,,,1.0,6.080589063660767,12.827333316009152
173,2096646,292,3.143328767123288,right,fixation,,44.0,460.18827027027,487.39158108108086,,,,,0.0,,
174,2096942,48,,left,saccade,44.0,,,,397.445,486.17699999999996,1092.4660000000001,497.89599999999996,,,
175,2096942,52,,right,saccade,,44.0,,,461.12300000000016,477.99800000000016,1182.425,492.245,,,
176,2096994,412,3.1316213592233004,left,fixation,45.0,,1145.77280769231,509.276471153846,,,,,1.0,4.47697563155702,12.083534913261198
177,2096998,408,3.131240196078431,right,fixation,,45.0,1188.80119417476,490.070223300971,,,,,0.0,,
178,2097410,24,,left,saccade,45.0,,,,1146.995,500.889,927.502,507.04400000000004,,,
179,2097410,24,,right,saccade,,45.0,,,1191.226,489.168,999.857,480.473,,,
180,2097438,488,3.0951680327868853,left,fixation,46.0,,916.328512195122,500.493390243903,,,,,0.0,,
181,2097438,488,3.0951680327868853,right,fixation,,46.0,967.6693252032519,494.500170731707,,,,,0.0,,
182,2097930,28,,left,saccade,46.0,,,,905.5369999999999,503.935,661.693,507.163,,,
183,2097930,32,,right,saccade,,46.0,,,959.185,485.772,702.248,474.276,,,
184,2097962,504,3.0812204724409447,left,fixation,47.0,,669.49294488189,487.28272440944886,,,,,0.0,,
185,2097966,496,3.081084,right,fixation,,47.0,709.291472,481.42714400000006,,,,,0.0,,
186,2098466,56,,right,saccade,,47.0,,,706.085,493.676,1457.484,489.407,,,
187,2098470,48,,left,saccade,47.0,,,,666.0160000000002,479.47,1421.632,493.42699999999996,,,
188,2098522,676,3.1291686390532547,left,fixation,48.0,,1403.02788823529,497.075323529412,,,,,1.0,12.35626064997012,36.91504876063418
189,2098526,672,3.129261904761904,right,fixation,,48.0,1441.05921301775,472.69733136094595,,,,,1.0,9.296951777927596,50.746711992009665
190,2099202,52,,left,saccade,48.0,,,,1380.2160000000001,492.83,756.1489999999999,468.13199999999995,,,
191,2099202,56,,right,saccade,,48.0,,,1428.3129999999999,460.978,771.2310000000001,433.83,,,
192,2099258,376,3.1275322580645164,left,fixation,49.0,,702.4424,465.248873684211,,,,,1.0,8.093862671459426,28.055245659234572
193,2099262,372,3.1275380434782614,right,fixation,,49.0,731.043670212766,466.200159574468,,,,,1.0,12.68294272832614,43.258906065687796
194,2099638,24,,left,saccade,49.0,,,,677.441,487.348,463.094,494.795,,,
195,2099638,24,,right,saccade,,49.0,,,698.195,480.402,485.039,483.62699999999995,,,
196,2099666,360,3.1278500000000014,left,fixation,50.0,,437.288065934066,476.856923076923,,,,,0.0,,
197,2099666,360,3.1278500000000014,right,fixation,,50.0,474.757538461538,474.310032967033,,,,,1.0,7.164380937821648,23.783183491702772
198,2100030,24,,right,saccade,,50.0,,,466.95099999999996,495.624,666.938,500.506,,,
199,2100030,28,,left,saccade,50.0,,,,409.871,487.26,594.159,459.207,,,
200,2100058,652,3.1086676829268294,right,fixation,,51.0,687.3111646341458,481.817054878049,,,,,2.0,7.875336071185063,20.632570417621828
201,2100062,652,3.108493902439024,left,fixation,51.0,,647.525664634146,480.982341463414,,,,,1.0,5.413513836276356,7.861485864644258
202,2100714,12,,right,saccade,,51.0,,,714.148,472.56800000000004,666.095,470.652,,,
203,2100718,12,,left,saccade,51.0,,,,654.9019999999998,488.34,606.562,486.084,,,
204,2100730,56,3.112821428571428,right,fixation,,52.0,642.624133333333,458.9747333333329,,,,,0.0,,
205,2100734,52,3.1127307692307693,left,fixation,52.0,,585.137642857143,461.3508571428569,,,,,0.0,,
206,2100790,36,,left,saccade,52.0,,,,575.757,457.211,416.10900000000004,417.81199999999995,,,
207,2100790,48,,right,saccade,,52.0,,,623.686,462.041,437.527,399.36400000000003,,,
208,2100830,156,3.0956,left,fixation,53.0,,370.2817,383.192275,,,,,1.0,5.177295049326222,16.167347989079722
209,2100842,144,3.0960526315789485,right,fixation,,53.0,410.07827027027,372.049081081081,,,,,0.0,,
210,2100990,40,,left,saccade,53.0,,,,370.84,381.658,331.967,379.015,,,
211,2100990,52,,right,saccade,,53.0,,,397.876,369.351,347.12300000000016,326.259,,,
212,2101182,296,3.1693058823529414,right,fixation,,54.0,362.43332000000004,381.74036,,,,,1.0,9.881441281794656,13.860693525217226
213,2101218,260,3.1693058823529414,left,fixation,54.0,,322.213696969697,346.650348484849,,,,,0.0,,
214,2101482,20,,left,saccade,54.0,,,,333.4369999999999,334.574,426.657,345.714,,,
215,2101482,20,,right,saccade,,54.0,,,377.972,410.32800000000003,480.36300000000006,406.23199999999997,,,
216,2101506,1260,3.1220126984126986,left,fixation,55.0,,456.82227215189795,387.446664556962,,,,,3.0,6.8552496177457645,17.948778859981015
217,2101506,2260,3.1295548672566365,right,fixation,,55.0,480.30021908127196,386.182855123675,,,,,3.0,8.875031910618477,31.426860670228915
218,2102770,12,,left,saccade,55.0,,,,462.394,416.106,406.02099999999996,416.106,,,
219,2102786,980,3.1394571428571427,left,fixation,56.0,,404.9052682926831,392.8488699186991,,,,,0.0,,
220,2103770,24,,left,saccade,56.0,,,,417.265,405.256,629.93,443.67699999999996,,,
221,2103770,24,,right,saccade,,55.0,,,468.593,380.504,699.203,444.064,,,
222,2103798,1120,3.1289341637010675,left,fixation,57.0,,669.851483985765,487.374387900356,,,,,1.0,10.88405690422668,38.730770570697395
223,2103798,1120,3.1289341637010675,right,fixation,,56.0,713.162028469751,486.257868327402,,,,,2.0,5.629313867155128,14.829655992021523
224,2104922,32,,left,saccade,57.0,,,,674.4989999999998,500.664,444.601,596.735,,,
225,2104922,32,,right,saccade,,56.0,,,703.898,494.33099999999996,472.069,566.869,,,
226,2104958,688,3.118267441860467,left,fixation,58.0,,372.12337572254404,595.853508670521,,,,,0.0,,
227,2104958,688,3.118267441860467,right,fixation,,57.0,414.712809248555,585.83250867052,,,,,0.0,,
228,2105650,20,,left,saccade,58.0,,,,342.093,606.128,415.79,606.97,,,
229,2105650,20,,right,saccade,,57.0,,,391.784,587.039,476.81,607.158,,,
230,2105674,291,3.090516310578426,left,fixation,59.0,,453.146972972973,608.956918918919,,,,,1.0,10.134834058280816,28.477575405922433
231,2105674,295,3.090516310578426,right,fixation,,58.0,504.776226666667,613.595613333333,,,,,1.0,8.023480167608101,25.550990998393754
232,2105969,40,,left,saccade,59.0,,,,489.291,628.616,493.25699999999995,727.6010000000001,,,
233,2105973,44,,right,saccade,,58.0,,,522.212,619.225,486.63199999999995,643.4680000000002,,,
234,2106125,313,3.1364797669562883,right,fixation,,59.0,478.584088607595,750.0554810126579,,,,,1.0,11.458112848787714,30.386063005924267
235,2106161,277,3.1364797669562883,left,fixation,60.0,,446.7521,706.055328571429,,,,,0.0,,
236,2106442,28,,left,saccade,60.0,,,,435.702,726.855,645.6519999999998,734.799,,,
237,2106442,28,,right,saccade,,59.0,,,465.01800000000003,769.428,680.8760000000002,779.165,,,
238,2106474,520,3.1207115384615385,left,fixation,61.0,,679.505992366412,734.034648854962,,,,,0.0,,
239,2106474,520,3.1207115384615385,right,fixation,,60.0,697.994809160306,779.8686870229,,,,,0.0,,
240,2106998,24,,left,saccade,61.0,,,,702.96,700.951,928.5419999999999,696.732,,,
241,2106998,24,,right,saccade,,60.0,,,713.1489999999999,786.27,960.4169999999999,778.805,,,
242,2107026,396,3.1097424242424245,left,fixation,62.0,,947.57189,729.8265,,,,,4.0,9.584746742307226,25.15400713988759
243,2107026,396,3.1097424242424245,right,fixation,,61.0,969.3136199999999,755.80562,,,,,0.0,,
244,2107426,44,,right,saccade,,61.0,,,971.2139999999999,775.8989999999999,432.64,643.697,,,
245,2107426,48,,left,saccade,62.0,,,,949.778,713.563,404.76599999999996,673.95,,,
246,2107474,775,3.0964715025906737,right,fixation,,62.0,383.925271794872,603.500707692308,,,,,0.0,,
247,2107478,775,3.0966113989637303,left,fixation,63.0,,361.9569076923069,643.337707692308,,,,,1.0,5.887715393559327,18.12445298484895
248,2108253,16,,right,saccade,,62.0,,,368.05199999999996,596.169,429.666,594.928,,,
249,2108257,16,,left,saccade,63.0,,,,342.2530000000001,653.202,413.07599999999996,648.654,,,
250,2108273,556,3.136332142857144,right,fixation,,63.0,507.314628571429,614.8161785714277,,,,,3.0,7.134199031985372,18.86912714245291
251,2108277,552,3.136535971223022,left,fixation,64.0,,468.628417266187,633.3218345323739,,,,,1.0,7.0973241162505,15.468782789864216
252,2108833,28,,right,saccade,,63.0,,,531.378,619.924,705.4680000000003,739.584,,,
253,2108833,48,,left,saccade,64.0,,,,473.63300000000004,640.488,683.648,730.3919999999997,,,
254,2108865,368,3.19534065934066,right,fixation,,64.0,723.5263548387102,756.67335483871,,,,,0.0,,
255,2108885,212,3.1763173076923077,left,fixation,65.0,,704.2300185185187,731.749518518518,,,,,0.0,,
256,2109101,12,,left,saccade,65.0,,,,688.008,715.025,684.2439999999998,754.388,,,
257,2109117,116,3.225086206896552,left,fixation,66.0,,697.791833333333,774.4615666666672,,,,,0.0,,
258,2109237,32,,left,saccade,66.0,,,,699.078,769.823,461.855,766.023,,,
259,2109237,32,,right,saccade,,64.0,,,717.693,770.689,479.95,766.9780000000003,,,
260,2109273,216,3.204444444444445,left,fixation,67.0,,449.634836363636,742.6622181818179,,,,,0.0,,
261,2109273,216,3.204444444444445,right,fixation,,65.0,475.860454545455,742.366872727273,,,,,1.0,5.208213547955873,10.682208432716576
262,2109493,48,,right,saccade,,65.0,,,481.906,741.1210000000003,1371.514,757.003,,,
263,2109493,56,,left,saccade,67.0,,,,447.412,730.8910000000003,1379.355,756.8489999999997,,,
264,2109545,812,3.153172413793104,right,fixation,,66.0,1440.9953627451,717.2591617647072,,,,,2.0,6.199646188745612,18.094527349838337
265,2109553,804,3.1527786069651738,left,fixation,68.0,,1428.4070990098999,719.350485148515,,,,,2.0,8.400682142501232,23.36146769352871
266,2110361,60,,left,saccade,68.0,,,,1425.418,719.525,388.039,657.2260000000001,,,
267,2110361,60,,right,saccade,,66.0,,,1451.499,719.8380000000003,417.065,618.951,,,
268,2110425,148,3.142283783783784,right,fixation,,67.0,396.339815789474,595.828210526316,,,,,1.0,8.249939839848004,13.772566717936115
269,2110425,640,3.1559625,left,fixation,69.0,,430.11124844720496,637.774236024845,,,,,3.0,9.399666287095943,26.64085878510787
270,2110577,20,,right,saccade,,67.0,,,391.10699999999997,603.245,469.50699999999995,610.363,,,
271,2110601,464,3.1589784482758616,right,fixation,,68.0,499.6343333333329,626.444786324786,,,,,1.0,7.503477108795749,22.927611737815102
272,2111069,20,,left,saccade,69.0,,,,470.811,641.001,368.26,647.0319999999998,,,
273,2111069,20,,right,saccade,,68.0,,,526.44,632.844,418.483,626.923,,,
274,2111093,632,3.1546593202336686,left,fixation,70.0,,362.938849056604,642.522955974844,,,,,1.0,11.809301992732491,45.82160997826245
275,2111093,644,3.1546593202336686,right,fixation,,69.0,420.307111111111,625.537203703704,,,,,2.0,8.033640840082088,18.562444898446287
276,2111729,40,,left,saccade,70.0,,,,405.539,652.018,437.81,639.1469999999998,,,
277,2111741,40,,right,saccade,,69.0,,,458.319,642.501,464.23800000000006,584.314,,,
278,2111861,36,,right,fixation,,70.0,494.7838,577.3534,,,,,0.0,,
279,2111901,12,,right,saccade,,70.0,,,508.29699999999997,589.908,508.57300000000004,637.529,,,
280,2111917,340,3.1961846011131727,right,fixation,,71.0,509.480011627907,678.04526744186,,,,,0.0,,
281,2111945,300,3.1961846011131727,left,fixation,71.0,,449.291171052631,601.214013157895,,,,,0.0,,
282,2112249,40,,left,saccade,71.0,,,,455.06800000000004,593.281,492.413,730.9760000000001,,,
283,2112261,44,,right,saccade,,71.0,,,510.301,663.198,518.665,722.832,,,
284,2112453,412,3.1910471104782254,right,fixation,,72.0,484.70298076923103,784.7095288461542,,,,,1.0,13.313889074112721,45.14594800200795
285,2112493,372,3.191047110478225,left,fixation,72.0,,447.750638297872,735.2561702127658,,,,,1.0,7.352775849598857,18.181286120624065
286,2112869,36,,left,saccade,72.0,,,,457.836,758.7339999999997,799.395,764.913,,,
287,2112869,36,,right,saccade,,72.0,,,464.871,776.42,845.405,791.14,,,
288,2112909,116,3.17398275862069,left,fixation,73.0,,830.110733333333,742.878366666667,,,,,2.0,18.100756950109826,57.96545948658218
289,2112909,116,3.17398275862069,right,fixation,,73.0,866.989366666667,781.6282666666672,,,,,0.0,,
290,2113029,20,,left,saccade,73.0,,,,848.1619999999997,720.291,933.122,775.1419999999997,,,
291,2113029,20,,right,saccade,,73.0,,,863.2360000000001,781.945,939.811,787.007,,,
292,2113053,188,3.1592872340425537,left,fixation,74.0,,943.8507916666672,778.423895833333,,,,,2.0,9.186028619379373,18.38731904233629
293,2113053,348,3.1505574712643685,right,fixation,,74.0,960.88525,797.8106931818179,,,,,0.0,,
294,2113245,12,,left,saccade,74.0,,,,936.143,788.1460000000003,934.81,743.196,,,
295,2113261,140,3.1384714285714286,left,fixation,75.0,,946.37975,728.348444444444,,,,,0.0,,
296,2113405,24,,right,saccade,,74.0,,,970.2239999999999,807.952,733.1239999999997,812.0139999999999,,,
297,2113405,28,,left,saccade,75.0,,,,955.926,728.0419999999997,695.924,739.435,,,
298,2113433,692,3.110045977011493,right,fixation,,75.0,710.2663965517239,775.270948275862,,,,,2.0,5.5791735234031234,14.933530360823948
299,2113437,688,3.109936416184971,left,fixation,76.0,,689.018034682081,749.703184971098,,,,,5.0,11.216901074675084,28.11337973657195
300,2114129,56,,right,saccade,,75.0,,,720.289,768.196,1351.207,749.819,,,
301,2114129,64,,left,saccade,76.0,,,,693.0830000000003,732.209,1368.628,726.954,,,
302,2114189,656,3.1062743902439016,right,fixation,,76.0,1421.06833939394,726.463490909091,,,,,1.0,12.592809682292652,43.02041553727726
303,2114197,136,3.09735294117647,left,fixation,77.0,,1380.4498,716.029857142857,,,,,2.0,20.389603293872852,52.75585291876425
304,2114337,0,,left,saccade,77.0,,,,1413.415,709.28,1413.415,709.28,,,
305,2114341,500,3.108588,left,fixation,78.0,,1442.99734920635,735.263103174603,,,,,2.0,9.968797020915185,21.59199260947052
306,2114845,60,,left,saccade,78.0,,,,1437.0220000000006,728.283,393.42199999999997,656.695,,,
307,2114849,56,,right,saccade,,76.0,,,1432.9879999999994,736.2539999999997,421.529,610.371,,,
308,2114909,128,3.117328125,right,fixation,,77.0,410.120909090909,595.458757575758,,,,,0.0,,
309,2114909,132,3.117530303030303,left,fixation,79.0,,380.069323529412,640.851147058823,,,,,0.0,,
310,2115041,20,,right,saccade,,77.0,,,420.73,592.3580000000002,494.093,618.878,,,
311,2115045,16,,left,saccade,79.0,,,,377.79900000000004,642.087,440.369,640.585,,,
312,2115065,416,3.1102666666666665,left,fixation,80.0,,465.23031428571403,630.592714285715,,,,,2.0,5.144466673067173,14.508434515655644
313,2115065,416,3.1102666666666665,right,fixation,,78.0,507.498514285714,623.108285714286,,,,,2.0,6.614802320366357,22.28489049280721
314,2115485,56,,right,saccade,,78.0,,,529.341,626.183,1396.5929999999994,677.1569999999998,,,
315,2115485,60,,left,saccade,80.0,,,,482.973,605.3430000000002,1410.545,685.878,,,
316,2115545,472,3.1116059322033887,right,fixation,,79.0,1437.02165546219,688.259630252101,,,,,1.0,4.290203944906187,6.851107355749166
317,2115549,468,3.1118675213675213,left,fixation,81.0,,1417.7795338983099,703.2296016949159,,,,,0.0,,
318,2116021,56,,right,saccade,,79.0,,,1471.703,689.0360000000003,508.664,542.655,,,
319,2116021,60,,left,saccade,81.0,,,,1407.092,703.7460000000003,439.55300000000005,617.448,,,
320,2116081,100,3.10618,right,fixation,,80.0,479.1626153846151,544.562615384615,,,,,0.0,,
321,2116085,108,3.108166666666667,left,fixation,82.0,,417.823357142857,578.6739642857141,,,,,0.0,,
322,2116185,16,,right,saccade,,80.0,,,468.616,538.9,507.23,591.669,,,
323,2116197,4,,left,saccade,82.0,,,,446.445,584.048,456.251,585.77,,,
324,2116205,668,3.1138473053892213,left,fixation,83.0,,476.81183928571403,621.79794047619,,,,,0.0,,
325,2116205,672,3.1138630952380946,right,fixation,,81.0,521.484207100592,615.363130177515,,,,,1.0,4.901294483206553,5.177006470925007
326,2116877,20,,left,saccade,83.0,,,,478.594,616.698,386.95300000000003,611.2330000000002,,,
327,2116881,16,,right,saccade,,81.0,,,507.925,604.828,434.975,604.0840000000002,,,
328,2116901,516,3.170821705426357,right,fixation,,82.0,437.127084615385,625.578876923077,,,,,2.0,4.923610317520438,20.380787742873878
329,2116901,524,3.1711145038167943,left,fixation,84.0,,390.139386363636,611.869,,,,,1.0,11.863310851575582,36.63755604567529
330,2117421,12,,right,saccade,,82.0,,,448.915,641.835,397.17400000000004,639.442,,,
331,2117429,4,,left,saccade,84.0,,,,389.996,625.245,365.825,627.9159999999998,,,
332,2117437,280,3.20525,left,fixation,85.0,,318.310985915493,612.441887323943,,,,,2.0,8.63415124104908,20.440225721170137
333,2117437,572,3.216692307692308,right,fixation,,83.0,423.57161805555603,623.233625,,,,,3.0,10.849615768481048,33.5478715713219
334,2117721,0,,left,saccade,85.0,,,,340.101,602.08,340.101,602.08,,,
335,2117725,288,3.2272222222222218,left,fixation,86.0,,398.366424657534,626.218547945206,,,,,1.0,9.011546374266494,31.34761557120417
336,2118013,52,,right,saccade,,83.0,,,482.654,657.808,1314.932,694.459,,,
337,2118017,52,,left,saccade,86.0,,,,422.227,617.488,1290.09,705.054,,,
338,2118069,112,3.236214285714286,right,fixation,,84.0,1353.55196551724,664.65924137931,,,,,2.0,6.1423333496828425,10.19547960351829
339,2118073,104,3.2368653846153843,left,fixation,87.0,,1311.58240740741,707.869333333334,,,,,0.0,,
340,2118181,16,,left,saccade,87.0,,,,1324.505,684.461,1406.625,689.22,,,
341,2118185,16,,right,saccade,,84.0,,,1355.819,667.497,1415.6989999999994,694.6239999999997,,,
342,2118201,208,3.2339326923076923,left,fixation,88.0,,1411.8557924528302,719.13258490566,,,,,0.0,,
343,2118205,204,3.2342745098039214,right,fixation,,85.0,1439.11111538462,702.5975192307692,,,,,0.0,,
344,2118413,48,,left,saccade,88.0,,,,1401.975,744.408,668.4110000000003,817.5319999999997,,,
345,2118413,48,,right,saccade,,85.0,,,1428.934,711.709,702.658,805.507,,,
346,2118465,172,3.2533953488372096,left,fixation,89.0,,648.8639090909089,821.273181818182,,,,,0.0,,
347,2118465,172,3.2533953488372096,right,fixation,,86.0,673.030681818182,821.474181818182,,,,,1.0,9.008468130351323,13.235281938817947
348,2118641,28,,left,saccade,89.0,,,,639.925,802.177,376.00699999999995,853.299,,,
349,2118641,28,,right,saccade,,86.0,,,672.997,829.677,420.825,851.0360000000003,,,
350,2118673,484,3.2419462809917348,right,fixation,,87.0,406.512598360656,864.8992622950819,,,,,0.0,,
351,2118673,488,3.2418032786885247,left,fixation,90.0,,370.773512195122,853.988260162601,,,,,0.0,,
352,2119161,68,,right,saccade,,87.0,,,390.25199999999995,858.158,1483.35,264.882,,,
353,2119165,64,,left,saccade,90.0,,,,364.885,805.17,1445.183,308.072,,,
354,2119233,120,3.2778666666666663,left,fixation,91.0,,1463.93509677419,265.349322580645,,,,,0.0,,
355,2119233,120,3.2778666666666663,right,fixation,,88.0,1496.2345483871,235.09625806451598,,,,,0.0,,
356,2119357,20,,left,saccade,91.0,,,,1465.2939999999999,270.878,1413.406,112.806,,,
357,2119357,24,,right,saccade,,88.0,,,1483.479,235.095,1475.095,71.795,,,
358,2119381,455,3.3113451327433614,left,fixation,92.0,,1386.3208782608701,114.13575652173901,,,,,0.0,,
359,2119385,451,3.3115535714285715,right,fixation,,89.0,1438.68429824561,61.02498245614039,,,,,1.0,9.57388062067253,26.851210661718802
360,2119840,40,,left,saccade,92.0,,,,1378.372,132.681,942.177,65.193,,,
361,2119840,40,,right,saccade,,89.0,,,1431.582,90.99700000000001,994.0160000000001,27.55,,,
362,2119884,693,3.2986810344827595,left,fixation,93.0,,928.926551724138,56.5475402298851,,,,,0.0,,
363,2119884,693,3.2986810344827595,right,fixation,,90.0,973.1304425287352,40.3045977011494,,,,,0.0,,
364,2120581,44,,left,saccade,93.0,,,,937.5369999999999,62.742,1392.505,517.783,,,
365,2120581,52,,right,saccade,,90.0,,,988.518,41.713,1433.2620000000006,535.776,,,
366,2120629,120,3.2383833333333327,left,fixation,94.0,,1417.04029032258,559.9481935483868,,,,,1.0,7.151119844316561,13.434006438885016
367,2120637,112,3.2380892857142856,right,fixation,,91.0,1451.97351724138,554.922896551724,,,,,0.0,,
368,2120753,20,,right,saccade,,91.0,,,1458.7679999999998,560.268,1457.846,676.2510000000002,,,
369,2120753,24,,left,saccade,94.0,,,,1424.433,571.182,1427.11,703.075,,,
370,2120777,92,,right,fixation,,92.0,1451.213625,694.95075,,,,,0.0,,
371,2120781,84,,left,fixation,95.0,,1422.4905909090899,700.933863636364,,,,,0.0,,
372,2120869,40,,left,saccade,95.0,,,,1429.138,696.323,485.94199999999995,750.956,,,
373,2120873,40,,right,saccade,,92.0,,,1435.2520000000006,707.398,469.411,717.7189999999997,,,
374,2121033,0,,right,fixation,,93.0,470.241,733.6669999999997,,,,,0.0,,
375,2121037,4,,right,saccade,,93.0,,,470.24800000000016,755.55,471.55300000000005,763.465,,,
376,2121045,140,3.2753659699303275,right,fixation,,94.0,468.424611111111,803.91725,,,,,0.0,,
377,2121061,124,3.2753659699303275,left,fixation,96.0,,464.67165625,768.042625,,,,,0.0,,
378,2121189,20,,left,saccade,96.0,,,,458.88199999999995,798.5039999999997,353.903,818.296,,,
379,2121189,20,,right,saccade,,94.0,,,465.26800000000003,812.701,361.968,828.94,,,
380,2121213,471,3.2976025641025637,left,fixation,97.0,,338.332100840336,855.8352100840331,,,,,0.0,,
381,2121213,471,3.2976025641025637,right,fixation,,95.0,367.132815126051,846.487882352941,,,,,0.0,,
382,2121688,60,,left,saccade,97.0,,,,345.06300000000016,864.6360000000003,1334.055,244.018,,,
383,2121688,64,,right,saccade,,95.0,,,365.66900000000004,842.6339999999999,1375.5610000000001,206.063,,,
384,2121752,489,3.3484634146341463,left,fixation,98.0,,1385.9498699187,154.54839837398399,,,,,0.0,,
385,2121756,485,3.3490368852459014,right,fixation,,96.0,1436.51959836066,93.179450819672,,,,,3.0,8.087650240769351,23.69399710506634
386,2122245,24,,left,saccade,98.0,,,,1396.0829999999999,145.847,1324.539,240.391,,,
387,2122245,24,,right,saccade,,96.0,,,1457.009,60.42100000000001,1406.487,184.544,,,
388,2122273,215,3.335358490566038,left,fixation,99.0,,1315.16463636364,251.83694545454497,,,,,0.0,,
389,2122273,215,3.335358490566038,right,fixation,,97.0,1361.951,222.9548,,,,,0.0,,
390,2122492,48,,left,saccade,99.0,,,,1313.4360000000001,248.96,746.582,114.12899999999999,,,
391,2122492,48,,right,saccade,,97.0,,,1353.017,218.825,771.9169999999997,108.25299999999999,,,
392,2122544,184,3.3382826086956525,right,fixation,,98.0,745.783382978723,96.8804893617021,,,,,0.0,,
393,2122544,188,3.3382978723404246,left,fixation,100.0,,717.368270833333,101.922479166667,,,,,0.0,,
394,2122732,32,,right,saccade,,98.0,,,744.373,98.306,476.23400000000004,174.275,,,
395,2122736,24,,left,saccade,100.0,,,,702.543,93.014,443.36400000000003,148.96200000000005,,,
396,2122764,208,3.3349903846153848,left,fixation,101.0,,414.25473584905603,164.569094339623,,,,,1.0,5.718333372194697,27.113476962573447
397,2122768,200,3.3352,right,fixation,,99.0,449.3332941176471,165.72450980392202,,,,,1.0,4.307285462510645,12.71415628345034
398,2122972,33,,right,saccade,,99.0,,,446.47,182.416,807.888,232.861,,,
399,2122976,33,,left,saccade,101.0,,,,418.894,153.153,771.36,198.38,,,
400,2123009,148,3.3194864864864866,right,fixation,,100.0,830.025921052632,255.284710526316,,,,,0.0,,
401,2123013,144,3.318875,left,fixation,102.0,,797.277081081081,235.414513513513,,,,,0.0,,
402,2123161,20,,left,saccade,102.0,,,,805.4169999999997,232.334,922.821,231.34400000000002,,,
403,2123161,20,,right,saccade,,100.0,,,840.0880000000003,285.32099999999997,943.097,280.363,,,
404,2123185,123,3.288183333333333,left,fixation,103.0,,925.0693125,240.52084375,,,,,0.0,,
405,2123185,123,3.288183333333333,right,fixation,,101.0,960.0475625,264.6876875,,,,,0.0,,
406,2123312,24,,left,saccade,103.0,,,,924.7360000000001,236.923,1074.797,459.60699999999997,,,
407,2123312,24,,right,saccade,,101.0,,,960.793,266.395,1074.913,445.17900000000003,,,
408,2123340,156,3.2457948717948724,left,fixation,104.0,,1073.985575,470.9886,,,,,0.0,,
409,2123340,156,3.2457948717948724,right,fixation,,102.0,1092.58055,452.6989,,,,,0.0,,
410,2123500,20,,left,saccade,104.0,,,,1074.562,461.736,950.345,466.61400000000003,,,
411,2123500,20,,right,saccade,,102.0,,,1100.883,442.45300000000003,986.193,444.09,,,
412,2123524,160,3.23545,left,fixation,105.0,,938.8515609756099,451.576341463415,,,,,0.0,,
413,2123524,160,3.23545,right,fixation,,103.0,971.711170731707,442.30958536585405,,,,,0.0,,
414,2123688,44,,right,saccade,,103.0,,,976.5219999999999,468.195,518.464,455.67800000000005,,,
415,2123688,48,,left,saccade,105.0,,,,929.692,470.23199999999997,487.509,470.526,,,
416,2123736,648,3.175728395061728,right,fixation,,104.0,488.511067484662,448.271588957055,,,,,2.0,4.9485882499216896,19.4602981822505
417,2123740,640,3.175621875,left,fixation,106.0,,450.364204968944,460.03148447205,,,,,1.0,16.63825093638816,59.078990174172716
418,2124384,24,,left,saccade,106.0,,,,435.903,476.333,412.58,371.44,,,
419,2124388,24,,right,saccade,,104.0,,,479.792,461.726,471.444,360.668,,,
420,2124412,192,3.2088125,left,fixation,107.0,,401.14887755102006,354.061346938776,,,,,0.0,,
421,2124416,192,3.20940625,right,fixation,,105.0,447.438265306122,347.37426530612197,,,,,0.0,,
422,2124608,28,,left,saccade,107.0,,,,401.519,336.913,408.22,172.24400000000003,,,
423,2124612,24,,right,saccade,,105.0,,,458.565,364.256,476.03,214.247,,,
424,2124640,424,3.26395283018868,left,fixation,108.0,,424.71298130841103,152.705242990654,,,,,1.0,5.715545900825602,12.624662371723016
425,2124640,424,3.26395283018868,right,fixation,,106.0,479.146607476635,178.990037383177,,,,,0.0,,
426,2125068,36,,right,saccade,,106.0,,,470.276,139.004,645.616,431.842,,,
427,2125068,40,,left,saccade,108.0,,,,437.311,153.179,575.0459999999998,444.588,,,
428,2125108,152,3.200934210526316,right,fixation,,107.0,641.417051282051,470.665871794872,,,,,0.0,,
429,2125112,148,3.2001891891891896,left,fixation,109.0,,598.929552631579,469.735052631579,,,,,0.0,,
430,2125264,28,,left,saccade,109.0,,,,601.763,489.477,410.32,694.842,,,
431,2125264,28,,right,saccade,,107.0,,,645.812,495.26800000000003,443.218,686.0169999999998,,,
432,2125296,368,3.169184782608696,left,fixation,110.0,,383.983698924731,692.564139784946,,,,,0.0,,
433,2125296,368,3.169184782608696,right,fixation,,108.0,430.9666989247309,706.157462365591,,,,,0.0,,
434,2125668,20,,left,saccade,110.0,,,,389.17900000000003,698.8739999999997,387.39599999999996,790.797,,,
435,2125668,20,,right,saccade,,108.0,,,432.85400000000004,714.423,433.77,827.311,,,
436,2125692,196,3.1843117442098796,left,fixation,111.0,,404.69174,805.8559799999997,,,,,1.0,15.889223648085782,17.970655107702513
437,2125692,200,3.1843117442098787,right,fixation,,109.0,443.068392156863,839.150156862745,,,,,0.0,,
438,2125892,40,,left,saccade,111.0,,,,405.834,833.1289999999997,692.3489999999997,767.0880000000003,,,
439,2125896,40,,right,saccade,,109.0,,,446.324,842.237,704.232,722.1569999999997,,,
440,2126108,248,3.2580580988358654,right,fixation,,110.0,703.0911269841272,771.1528253968263,,,,,0.0,,
441,2126124,228,3.2574408956243057,left,fixation,112.0,,687.017206896552,758.0419655172418,,,,,0.0,,
442,2126356,20,,left,saccade,112.0,,,,683.2280000000002,784.6460000000003,702.573,880.043,,,
443,2126360,16,,right,saccade,,110.0,,,692.709,788.005,717.207,865.235,,,
444,2126380,236,3.2939745762711863,left,fixation,113.0,,716.9199,904.0427500000012,,,,,0.0,,
445,2126380,236,3.2939745762711863,right,fixation,,111.0,726.4022,886.98465,,,,,0.0,,
446,2126620,56,,left,saccade,113.0,,,,720.26,904.9069999999999,1376.4479999999999,668.145,,,
447,2126620,56,,right,saccade,,111.0,,,720.2739999999999,892.477,1376.124,657.65,,,
448,2126680,188,3.2127340425531914,left,fixation,114.0,,1385.4761875,649.136541666667,,,,,0.0,,
449,2126680,188,3.2127340425531914,right,fixation,,112.0,1390.76204166667,637.687333333334,,,,,0.0,,
450,2126872,24,,left,saccade,114.0,,,,1392.476,636.44,1237.187,495.031,,,
451,2126872,28,,right,saccade,,112.0,,,1391.139,635.559,1290.11,454.12300000000016,,,
452,2126900,380,3.2137447916666666,left,fixation,115.0,,1232.2586875,448.197833333333,,,,,2.0,8.54916316117801,23.81395968876721
453,2126904,372,3.213712765957446,right,fixation,,113.0,1259.07690425532,416.764659574468,,,,,0.0,,
454,2127280,28,,right,saccade,,113.0,,,1256.692,414.795,1339.203,715.3739999999997,,,
455,2127284,24,,left,saccade,115.0,,,,1243.964,452.73199999999997,1356.174,724.5239999999999,,,
456,2127312,332,3.2467349397590364,left,fixation,116.0,,1414.9960952381,730.1052261904761,,,,,1.0,18.45791977640552,51.57491809978959
457,2127312,336,3.246458333333333,right,fixation,,114.0,1415.26537647059,717.162317647059,,,,,3.0,7.121243795078104,19.979022999040485
458,2127648,52,,left,saccade,116.0,,,,1443.654,690.178,523.5419999999998,668.804,,,
459,2127652,52,,right,saccade,,114.0,,,1438.9160000000006,711.872,537.2719999999998,658.9060000000002,,,
460,2127704,156,3.2523589743589745,left,fixation,117.0,,489.851475,657.777075,,,,,0.0,,
461,2127708,152,3.2522105263157886,right,fixation,,115.0,512.140205128205,649.605153846153,,,,,0.0,,
462,2127864,24,,left,saccade,117.0,,,,484.00699999999995,646.552,426.314,824.807,,,
463,2127864,24,,right,saccade,,115.0,,,508.30300000000005,652.7669999999998,425.496,851.047,,,
464,2127892,336,3.288267857142858,right,fixation,,116.0,414.600576470588,852.971811764706,,,,,0.0,,
465,2127892,340,3.287835294117647,left,fixation,118.0,,405.39926744186005,814.356430232558,,,,,0.0,,
466,2128232,72,,right,saccade,,116.0,,,413.43300000000005,861.7189999999997,1300.955,71.017,,,
467,2128236,64,,left,saccade,118.0,,,,398.115,784.005,1296.2069999999999,83.835,,,
468,2128304,24,3.3038333333333334,left,fixation,119.0,,1307.48614285714,77.46542857142859,,,,,0.0,,
469,2128308,128,3.3348125,right,fixation,,117.0,1333.85845454545,14.1154848484848,,,,,0.0,,
470,2128332,4,,left,saccade,119.0,,,,1320.02,53.591,1321.871,47.198,,,
471,2128340,96,3.342645833333333,left,fixation,120.0,,1328.03916,13.85776,,,,,0.0,,
472,2128440,20,,left,saccade,120.0,,,,1323.092,21.851999999999997,1416.481,80.108,,,
473,2128440,20,,right,saccade,,117.0,,,1339.71,2.234,1429.0639999999999,35.477,,,
474,2128464,328,3.3569216867469884,left,fixation,121.0,,1419.8038313253,89.6713012048192,,,,,2.0,5.724475167399177,12.268600602442698
475,2128464,328,3.3569216867469884,right,fixation,,118.0,1445.52620481928,62.378277108433714,,,,,3.0,6.506348756560812,17.283098704673883
476,2128796,44,,left,saccade,121.0,,,,1389.859,96.579,878.221,30.225,,,
477,2128796,48,,right,saccade,,118.0,,,1401.825,81.306,876.069,36.978,,,
478,2128844,140,3.349899999999999,left,fixation,122.0,,855.1445,18.1504444444444,,,,,0.0,,
479,2128848,132,3.3496969696969696,right,fixation,,119.0,868.524617647059,43.67197058823529,,,,,0.0,,
480,2128984,20,,right,saccade,,119.0,,,864.96,35.558,944.105,41.895,,,
481,2128988,16,,left,saccade,122.0,,,,856.635,20.781,910.711,21.644000000000002,,,
482,2129008,204,3.345058823529412,right,fixation,,120.0,961.465173076924,41.66173076923079,,,,,1.0,4.608187535366916,6.369713494341808
483,2129008,208,3.344951923076924,left,fixation,123.0,,932.988773584906,37.439358490566,,,,,1.0,8.137470165502595,9.303541798691443
484,2129216,44,,right,saccade,,120.0,,,971.0880000000001,39.718,1369.954,80.229,,,
485,2129220,36,,left,saccade,123.0,,,,936.798,28.552,1314.3929999999998,67.061,,,
486,2129260,148,3.3367027027027025,left,fixation,124.0,,1350.67842105263,61.8319736842105,,,,,1.0,5.278757495324483,8.618307780533076
487,2129264,1080,3.3278407407407413,right,fixation,,121.0,1439.78842066421,69.4561328413283,,,,,4.0,7.939107857863996,34.70107168969305
488,2129412,8,,left,saccade,124.0,,,,1390.174,73.183,1412.287,72.801,,,
489,2129424,620,3.3175548387096776,left,fixation,125.0,,1386.5416730769198,90.6402051282051,,,,,1.0,6.2899354549771305,14.093502900273034
490,2130048,16,,left,saccade,125.0,,,,1362.2420000000004,107.161,1423.236,103.05,,,
491,2130068,276,3.3462681159420287,left,fixation,126.0,,1428.0663857142902,108.862542857143,,,,,0.0,,
492,2130348,52,,left,saccade,126.0,,,,1433.639,101.786,1036.627,386.973,,,
493,2130348,52,,right,saccade,,121.0,,,1487.58,68.794,1114.372,365.806,,,
494,2130404,152,3.3062631578947363,left,fixation,127.0,,1018.6054102564101,410.362948717949,,,,,0.0,,
495,2130404,152,3.3062631578947363,right,fixation,,122.0,1079.95035897436,406.933179487179,,,,,0.0,,
496,2130560,28,,right,saccade,,122.0,,,1072.305,416.744,1215.73,721.462,,,
497,2130560,32,,left,saccade,127.0,,,,1012.8689999999999,412.19800000000004,1194.175,727.99,,,
498,2130592,116,3.3362586206896547,right,fixation,,123.0,1243.6895666666699,749.3936,,,,,0.0,,
499,2130596,108,3.336574074074073,left,fixation,128.0,,1217.64178571429,760.8578928571429,,,,,0.0,,
500,2130708,60,,left,saccade,128.0,,,,1215.504,770.914,422.38599999999997,209.25099999999998,,,
501,2130712,52,,right,saccade,,123.0,,,1245.145,756.2510000000003,465.353,206.362,,,
502,2130768,252,3.3744444444444435,right,fixation,,124.0,437.7440625,179.7159375,,,,,0.0,,
503,2130772,248,3.3748467741935486,left,fixation,129.0,,391.00876190476197,163.471650793651,,,,,0.0,,
504,2131024,36,,left,saccade,129.0,,,,385.60900000000004,159.839,402.407,729.762,,,
505,2131024,36,,right,saccade,,124.0,,,430.76099999999997,171.88299999999995,450.912,777.462,,,
506,2131064,412,3.3568689320388345,right,fixation,,125.0,444.260701923077,836.0036730769231,,,,,1.0,14.245887907665734,48.210137160145024
507,2131064,416,3.357,left,fixation,130.0,,407.979323809524,800.870295238095,,,,,2.0,8.23545533163705,25.23017412851441
508,2131480,56,,right,saccade,,125.0,,,425.18800000000016,850.212,1396.6660000000006,824.115,,,
509,2131484,48,,left,saccade,130.0,,,,385.04400000000004,825.533,1335.277,848.165,,,
510,2131536,164,3.3797749999999995,left,fixation,131.0,,1369.1636904761901,828.893619047619,,,,,1.0,6.401108697370793,9.25871276150197
511,2131540,160,3.379666666666668,right,fixation,,126.0,1409.9224878048801,811.550682926829,,,,,0.0,,
512,2131704,16,,left,saccade,131.0,,,,1382.5739999999994,817.9760000000001,1387.435,749.773,,,
513,2131704,20,,right,saccade,,126.0,,,1419.5420000000001,805.7180000000003,1447.9589999999994,718.421,,,
514,2131724,268,3.3865820895522387,left,fixation,132.0,,1407.5426176470596,724.896205882352,,,,,0.0,,
515,2131728,264,3.3866136363636365,right,fixation,,127.0,1452.6365970149302,710.0744328358211,,,,,0.0,,
516,2131996,52,,left,saccade,132.0,,,,1413.3110000000001,709.52,351.565,764.5260000000003,,,
517,2131996,56,,right,saccade,,127.0,,,1454.775,704.571,377.509,767.7189999999997,,,
518,2132052,136,3.3795441176470584,left,fixation,133.0,,323.093914285714,777.387857142858,,,,,1.0,5.981325169038863,23.98042612215221
519,2132056,128,3.379390625,right,fixation,,128.0,346.79987878787904,782.388484848485,,,,,1.0,6.544373198065329,9.932949712950382
520,2132188,20,,right,saccade,,128.0,,,339.34,783.798,393.06300000000016,828.2919999999997,,,
521,2132192,16,,left,saccade,133.0,,,,313.143,772.418,344.91900000000015,822.047,,,
522,2132212,172,3.3673255813953493,left,fixation,134.0,,374.06393181818197,840.629727272727,,,,,0.0,,
523,2132212,172,3.3673255813953493,right,fixation,,129.0,412.30109090909104,866.577431818182,,,,,0.0,,
524,2132388,52,,left,saccade,134.0,,,,387.778,839.927,593.106,154.398,,,
525,2132388,56,,right,saccade,,129.0,,,415.25800000000004,869.597,641.755,179.17,,,
526,2132444,200,3.3655800000000013,left,fixation,135.0,,602.145666666667,132.806411764706,,,,,0.0,,
527,2132448,196,3.3657346938775516,right,fixation,,130.0,649.92748,153.60314,,,,,0.0,,
528,2132648,20,,left,saccade,135.0,,,,611.001,150.291,705.965,229.47,,,
529,2132648,20,,right,saccade,,130.0,,,650.607,156.539,752.663,204.604,,,
530,2132672,196,3.358438775510205,left,fixation,136.0,,719.65612,235.20672000000002,,,,,0.0,,
531,2132672,196,3.358438775510205,right,fixation,,131.0,768.60356,208.42756,,,,,0.0,,
532,2132872,36,,right,saccade,,131.0,,,784.0039999999997,204.99200000000002,969.544,36.685,,,
533,2132872,40,,left,saccade,136.0,,,,715.77,230.763,912.8839999999999,34.681999999999995,,,
534,2132912,180,3.370433333333333,right,fixation,,132.0,986.408456521739,9.530739130434787,,,,,0.0,,
535,2132916,180,3.3710222222222224,left,fixation,137.0,,937.712282608696,26.341978260869602,,,,,0.0,,
536,2133096,36,,right,saccade,,132.0,,,978.8639999999999,6.102,1424.154,34.157,,,
537,2133100,32,,left,saccade,137.0,,,,938.194,6.9479999999999995,1368.4,57.354,,,
538,2133136,108,3.3931111111111107,left,fixation,138.0,,1395.15207142857,73.8415,,,,,1.0,6.896995531469517,14.14964511922471
539,2133136,108,3.3931111111111107,right,fixation,,133.0,1457.84910714286,24.3632857142857,,,,,1.0,6.440552782090143,23.693540047869767
540,2133248,52,,right,saccade,,133.0,,,1468.0870000000002,40.893,571.491,64.453,,,
541,2133248,56,,left,saccade,138.0,,,,1405.3039999999999,68.39699999999999,508.912,82.884,,,
542,2133304,156,3.3582564102564105,right,fixation,,134.0,550.2473,78.65715,,,,,0.0,,
543,2133308,148,3.3576756756756763,left,fixation,139.0,,492.718184210526,89.12513157894743,,,,,0.0,,
544,2133460,24,,left,saccade,139.0,,,,500.10699999999997,79.301,400.455,132.135,,,
545,2133464,20,,right,saccade,,134.0,,,533.202,73.75,468.43300000000005,133.112,,,
546,2133488,301,3.3295133333333338,right,fixation,,135.0,445.002657894737,163.858434210526,,,,,1.0,8.284442757696832,19.17529952829944
547,2133488,904,3.315564159292036,left,fixation,140.0,,460.098832599119,144.801533039648,,,,,2.0,11.319732427397302,39.454818361030185
548,2133793,16,,right,saccade,,135.0,,,434.522,150.159,493.42699999999996,152.401,,,
549,2133812,196,3.3261300000000005,right,fixation,,136.0,508.37768,138.48752,,,,,1.0,5.1002454325475615,9.539689145878961
550,2134012,20,,right,saccade,,136.0,,,506.291,141.805,564.1030000000002,158.972,,,
551,2134036,356,3.2968595505617984,right,fixation,,137.0,571.872988888889,165.133822222222,,,,,0.0,,
552,2134396,24,,left,saccade,140.0,,,,510.341,127.64399999999999,743.6519999999997,127.365,,,
553,2134396,28,,right,saccade,,137.0,,,569.677,172.745,817.7439999999997,158.36,,,
554,2134424,116,3.3179655172413796,left,fixation,141.0,,769.468066666667,123.881666666667,,,,,0.0,,
555,2134428,112,3.3184285714285715,right,fixation,,138.0,826.561379310345,117.51144827586201,,,,,0.0,,
556,2134544,24,,left,saccade,141.0,,,,785.623,149.82,893.2310000000001,53.996,,,
557,2134544,24,,right,saccade,,138.0,,,842.3689999999997,123.914,969.206,59.394,,,
558,2134572,492,3.308134146341464,left,fixation,142.0,,927.49714516129,56.5607096774193,,,,,1.0,4.307944089444268,7.485198527761396
559,2134572,492,3.308134146341464,right,fixation,,139.0,981.064653225806,41.0794032258065,,,,,0.0,,
560,2135068,40,,right,saccade,,139.0,,,972.4739999999999,24.318,511.082,90.272,,,
561,2135068,44,,left,saccade,142.0,,,,925.765,78.107,483.63199999999995,118.31700000000001,,,
562,2135112,231,3.2944385964912284,right,fixation,,140.0,487.93111864406796,127.21823728813601,,,,,1.0,6.297065509249357,11.992222979914978
563,2135116,223,3.2944181818181817,left,fixation,143.0,,441.245368421053,132.812877192983,,,,,1.0,7.0336568112816735,24.76946915054902
564,2135343,12,,left,saccade,143.0,,,,439.39599999999996,126.036,491.148,128.96200000000002,,,
565,2135347,0,,right,saccade,,140.0,,,535.283,151.756,535.283,151.756,,,
566,2135351,201,3.2865722501797268,right,fixation,,141.0,558.48662745098,165.40935294117702,,,,,0.0,,
567,2135359,193,3.2862657710280367,left,fixation,144.0,,513.050163265306,148.024244897959,,,,,1.0,6.120504093709207,11.311230967494234
568,2135556,40,,left,saccade,144.0,,,,519.169,151.505,491.29400000000004,115.15100000000001,,,
569,2135556,40,,right,saccade,,141.0,,,556.169,183.31099999999998,552.925,118.096,,,
570,2135748,160,3.3300509770603237,right,fixation,,142.0,503.89936585365797,146.768365853659,,,,,2.0,8.672112664085251,19.198036910451798
571,2135776,136,3.3305883956386286,left,fixation,145.0,,491.345685714286,152.790085714286,,,,,0.0,,
572,2135912,56,,right,saccade,,142.0,,,501.76,149.249,1267.271,677.625,,,
573,2135916,56,,left,saccade,145.0,,,,500.16900000000004,169.394,1251.922,706.702,,,
574,2135972,112,3.2769642857142856,right,fixation,,143.0,1301.68444827586,696.163,,,,,1.0,6.634612644642066,16.004644482149544
575,2135976,108,3.276,left,fixation,146.0,,1280.41825,690.196178571429,,,,,0.0,,
576,2136088,20,,right,saccade,,143.0,,,1318.237,690.25,1401.16,710.9119999999997,,,
577,2136088,24,,left,saccade,146.0,,,,1281.339,692.4110000000003,1429.371,730.541,,,
578,2136112,191,3.2497978723404266,right,fixation,,144.0,1424.4238775510198,715.0768367346941,,,,,0.0,,
579,2136116,187,3.249413043478261,left,fixation,147.0,,1427.9845625,726.6699583333342,,,,,0.0,,
580,2136307,52,,left,saccade,147.0,,,,1418.4579999999999,728.5110000000003,412.42400000000004,870.1339999999999,,,
581,2136307,52,,right,saccade,,144.0,,,1444.484,716.577,442.855,843.257,,,
582,2136363,516,3.2495503875968987,left,fixation,148.0,,375.756223076923,850.2691769230769,,,,,0.0,,
583,2136363,516,3.2495503875968987,right,fixation,,145.0,408.5543307692311,865.9384615384621,,,,,2.0,5.477809744301343,14.65077340409274
584,2136883,64,,right,saccade,,145.0,,,381.436,845.743,1279.973,100.524,,,
585,2136883,68,,left,saccade,148.0,,,,344.472,840.437,1251.4180000000001,139.958,,,
586,2136951,112,3.303035714285714,right,fixation,,146.0,1306.0118620689698,74.2731034482759,,,,,0.0,,
587,2136955,108,3.303814814814816,left,fixation,149.0,,1271.2578571428598,106.058642857143,,,,,0.0,,
588,2137067,20,,right,saccade,,146.0,,,1319.977,58.063,1457.32,63.295,,,
589,2137067,24,,left,saccade,149.0,,,,1266.026,91.54,1425.3970000000006,97.995,,,
590,2137091,300,3.346133333333333,right,fixation,,147.0,1478.61027631579,73.5387236842105,,,,,0.0,,
591,2137095,292,3.346239726027397,left,fixation,150.0,,1429.7769324324302,111.40089189189199,,,,,1.0,5.046499658729349,8.070930863289645
592,2137391,40,,left,saccade,150.0,,,,1423.286,142.265,955.929,20.728,,,
593,2137395,40,,right,saccade,,147.0,,,1488.5770000000002,72.263,1002.735,-1.744,,,
594,2137435,525,3.373185606060606,left,fixation,151.0,,931.332265151515,30.4924166666667,,,,,1.0,5.598891447817577,10.704382513718542
595,2137439,521,3.3732786259541983,right,fixation,,148.0,974.099595419847,17.1080763358779,,,,,0.0,,
596,2137964,60,,left,saccade,151.0,,,,928.862,73.44,352.925,781.143,,,
597,2137964,60,,right,saccade,,148.0,,,978.023,75.843,373.923,768.8430000000003,,,
598,2138028,219,3.343518518518519,right,fixation,,149.0,364.28653571428595,808.240839285714,,,,,0.0,,
599,2138028,223,3.3438363636363637,left,fixation,152.0,,330.48149122807,797.6161754385962,,,,,0.0,,
600,2138251,20,,right,saccade,,149.0,,,355.846,810.9019999999997,443.88199999999995,852.954,,,
601,2138255,16,,left,saccade,152.0,,,,332.624,800.143,381.379,831.424,,,
602,2138275,448,3.3567544642857143,right,fixation,,150.0,423.555522123894,875.613539823009,,,,,3.0,7.892108554274723,21.185843969674014
603,2138275,452,3.356716814159292,left,fixation,153.0,,380.3062719298249,854.216754385964,,,,,1.0,8.756520024784075,32.004587999222935
604,2138727,64,,right,saccade,,150.0,,,401.69699999999995,874.404,1410.765,791.0110000000003,,,
605,2138731,60,,left,saccade,153.0,,,,350.25199999999984,869.993,1404.286,815.304,,,
606,2138795,536,3.310776119402985,left,fixation,154.0,,1421.21399259259,747.786637037037,,,,,2.0,8.734673157620072,26.99836429193596
607,2138795,536,3.310776119402985,right,fixation,,151.0,1451.89039259259,715.668740740741,,,,,2.0,10.108473304356307,31.5474369330048
608,2139335,28,,left,saccade,154.0,,,,1420.852,690.802,1138.5819999999999,729.375,,,
609,2139335,28,,right,saccade,,151.0,,,1448.81,671.2360000000001,1209.549,694.867,,,
610,2139367,136,3.3033382352941176,left,fixation,155.0,,1105.73631428571,749.773085714286,,,,,0.0,,
611,2139367,136,3.3033382352941176,right,fixation,,152.0,1158.22905714286,736.2211428571429,,,,,1.0,9.62400645665709,26.524203890032126
612,2139507,48,,right,saccade,,152.0,,,1139.097,755.186,402.468,839.044,,,
613,2139507,56,,left,saccade,155.0,,,,1098.165,758.5160000000003,352.401,818.921,,,
614,2139559,212,3.307330188679245,right,fixation,,153.0,376.95174074074095,856.29762962963,,,,,0.0,,
615,2139567,208,3.306634615384615,left,fixation,156.0,,339.32654716981096,823.228113207547,,,,,0.0,,
616,2139775,20,,right,saccade,,153.0,,,372.61800000000005,855.284,483.82300000000004,896.927,,,
617,2139779,16,,left,saccade,156.0,,,,370.11699999999996,836.432,425.106,866.2719999999997,,,
618,2139799,220,3.303290909090909,left,fixation,157.0,,450.9708928571431,878.887625,,,,,0.0,,
619,2139799,220,3.303290909090909,right,fixation,,154.0,491.82833928571404,917.419357142857,,,,,0.0,,
620,2140023,24,,left,saccade,157.0,,,,455.79400000000004,884.669,648.61,887.559,,,
621,2140023,28,,right,saccade,,154.0,,,475.841,912.178,690.312,909.57,,,
622,2140051,440,3.3148272727272725,left,fixation,158.0,,694.7399369369369,885.3670090090089,,,,,1.0,5.008527941310545,13.220500520025695
623,2140055,436,3.3147018348623853,right,fixation,,155.0,729.6216272727271,903.8641,,,,,1.0,6.046543514457013,19.905779763676644
624,2140495,24,,left,saccade,158.0,,,,713.334,897.6,559.342,899.188,,,
625,2140495,24,,right,saccade,,155.0,,,745.943,903.8510000000001,592.693,904.585,,,
626,2140523,284,3.3119436619718314,left,fixation,159.0,,530.222986111111,899.4332916666658,,,,,0.0,,
627,2140523,284,3.3119436619718314,right,fixation,,156.0,575.2359444444439,907.9871805555548,,,,,0.0,,
628,2140811,20,,left,saccade,159.0,,,,537.774,894.2360000000001,450.534,889.819,,,
629,2140811,20,,right,saccade,,156.0,,,576.0169999999998,912.6610000000001,460.815,911.01,,,
630,2140835,144,3.2714027777777783,right,fixation,,157.0,461.974108108108,884.293,,,,,0.0,,
631,2140835,148,3.272189189189189,left,fixation,160.0,,437.10389473684194,867.2177631578951,,,,,0.0,,
632,2140983,28,,right,saccade,,157.0,,,458.918,875.51,472.158,682.9,,,
633,2140987,20,,left,saccade,160.0,,,,426.04900000000004,846.7189999999997,426.913,686.2710000000002,,,
634,2141011,396,3.226368686868687,left,fixation,161.0,,432.05675999999994,634.42311,,,,,0.0,,
635,2141015,400,3.22574,right,fixation,,158.0,465.721950495049,642.3960891089109,,,,,0.0,,
636,2141411,20,,left,saccade,161.0,,,,414.806,613.393,425.24800000000016,676.3589999999998,,,
637,2141419,8,,right,saccade,,158.0,,,456.529,655.247,456.619,663.3610000000001,,,
638,2141431,64,3.19759375,right,fixation,,159.0,451.96676470588204,678.523352941177,,,,,0.0,,
639,2141435,64,3.19734375,left,fixation,162.0,,435.524176470588,679.952705882353,,,,,0.0,,
640,2141499,56,,right,saccade,,159.0,,,463.13199999999995,679.2139999999997,1352.924,724.709,,,
641,2141503,52,,left,saccade,162.0,,,,439.022,679.867,1308.063,672.703,,,
642,2141559,148,3.1500675675675684,left,fixation,163.0,,1335.98471052632,686.4001842105259,,,,,1.0,6.31801491767788,18.65553486234055
643,2141559,836,3.188387559808612,right,fixation,,160.0,1443.19403333333,692.7775047619051,,,,,1.0,12.005116206804914,32.27871244334259
644,2141711,16,,left,saccade,163.0,,,,1350.1070000000002,681.243,1416.057,690.052,,,
645,2141731,660,3.197745454545454,left,fixation,164.0,,1422.78030722892,696.6597831325299,,,,,2.0,7.749921919363147,26.37687472174541
646,2142395,32,,left,saccade,164.0,,,,1431.8470000000002,682.788,1163.928,710.562,,,
647,2142399,36,,right,saccade,,160.0,,,1445.895,685.33,1208.528,693.748,,,
648,2142431,152,3.1821410256410254,left,fixation,165.0,,1144.00569230769,711.6619999999997,,,,,1.0,8.95654410038952,18.55380890814595
649,2142439,380,3.2031157894736846,right,fixation,,161.0,1201.6825729166699,723.7043125,,,,,2.0,7.904472740303854,26.194830688447016
650,2142587,4,,left,saccade,165.0,,,,1141.335,700.7389999999997,1144.633,709.5980000000003,,,
651,2142595,220,3.2181666666666664,left,fixation,166.0,,1177.45833928571,752.762946428571,,,,,0.0,,
652,2142819,28,,left,saccade,166.0,,,,1169.8519999999999,749.7080000000003,930.01,744.5169999999997,,,
653,2142823,24,,right,saccade,,161.0,,,1205.844,747.49,991.796,752.2689999999999,,,
654,2142851,164,3.230182926829269,left,fixation,167.0,,924.025785714286,743.489142857143,,,,,0.0,,
655,2142851,168,3.2307261904761897,right,fixation,,162.0,958.928279069767,743.385813953488,,,,,0.0,,
656,2143019,72,,left,saccade,167.0,,,,927.794,726.952,381.874,462.68199999999996,,,
657,2143023,68,,right,saccade,,162.0,,,946.6189999999999,731.617,466.95099999999996,403.338,,,
658,2143095,772,3.1858067010309283,left,fixation,168.0,,435.803149484536,492.180365979381,,,,,2.0,13.025583248003551,35.225065128954114
659,2143095,772,3.1858067010309283,right,fixation,,163.0,455.794396907216,465.897360824743,,,,,3.0,11.174925267278194,46.6779439425097
660,2143871,20,,left,saccade,168.0,,,,428.208,517.259,426.793,381.043,,,
661,2143871,24,,right,saccade,,163.0,,,467.38800000000003,502.597,484.412,380.22,,,
662,2143895,184,3.196989130434784,left,fixation,169.0,,440.133765957447,371.29991489361703,,,,,0.0,,
663,2143899,176,3.1965454545454546,right,fixation,,164.0,479.25824444444396,352.158933333333,,,,,0.0,,
664,2144079,24,,right,saccade,,164.0,,,466.959,328.85699999999997,467.491,201.521,,,
665,2144083,20,,left,saccade,169.0,,,,423.61199999999997,342.095,421.24199999999996,202.697,,,
666,2144107,432,3.246268518518519,left,fixation,170.0,,452.755816513761,195.825788990826,,,,,0.0,,
667,2144107,432,3.246268518518519,right,fixation,,165.0,487.63922935779885,192.693660550459,,,,,0.0,,
668,2144543,44,,left,saccade,170.0,,,,461.541,143.371,999.39,54.663999999999994,,,
669,2144543,44,,right,saccade,,165.0,,,521.165,182.324,1020.058,49.63399999999999,,,
670,2144591,536,3.2788843283582088,left,fixation,171.0,,976.623059259259,53.741696296296304,,,,,2.0,10.685930988854482,28.84221747951397
671,2144591,536,3.2788843283582088,right,fixation,,166.0,1003.51078518518,35.6596296296296,,,,,3.0,9.038168998969946,25.617871846258502
672,2145131,44,,left,saccade,171.0,,,,948.971,37.548,1433.8429999999994,94.73,,,
673,2145131,44,,right,saccade,,166.0,,,976.0,45.00899999999999,1459.52,67.884,,,
674,2145179,596,3.2693514719000887,left,fixation,172.0,,1414.83294,111.712533333333,,,,,2.0,7.6973174869484655,21.84581158043381
675,2145179,596,3.2693514719000887,right,fixation,,167.0,1451.2465866666696,73.4397733333333,,,,,1.0,6.451738010886007,4.829612199752638
676,2145779,80,,left,saccade,172.0,,,,1391.809,101.79,623.936,750.432,,,
677,2145779,84,,right,saccade,,167.0,,,1419.338,65.955,609.7330000000002,688.0830000000003,,,
678,2146023,8,,right,fixation,,168.0,608.477,694.509666666667,,,,,0.0,,
679,2146035,20,,right,saccade,,168.0,,,602.9830000000002,704.066,591.45,767.513,,,
680,2146039,248,3.2645326953748004,left,fixation,173.0,,615.050190476191,774.813857142857,,,,,0.0,,
681,2146059,228,3.2645326953748004,right,fixation,,169.0,589.162637931034,789.8810172413789,,,,,0.0,,
682,2146291,20,,left,saccade,173.0,,,,608.9490000000002,776.6110000000001,695.403,872.7130000000003,,,
683,2146291,20,,right,saccade,,169.0,,,605.011,794.7330000000003,715.046,861.075,,,
684,2146315,184,3.2693260869565215,left,fixation,174.0,,721.3020212765961,896.220787234043,,,,,0.0,,
685,2146315,188,3.2693510638297867,right,fixation,,170.0,723.673666666666,878.51525,,,,,0.0,,
686,2146503,24,,left,saccade,174.0,,,,723.7489999999997,928.959,725.2189999999997,765.3969999999997,,,
687,2146507,24,,right,saccade,,170.0,,,718.2869999999997,882.8760000000003,756.721,763.176,,,
688,2146531,316,3.246101265822784,left,fixation,175.0,,739.3779999999989,725.548275,,,,,0.0,,
689,2146535,312,3.2458910256410247,right,fixation,,171.0,752.5299493670889,744.0783164556958,,,,,0.0,,
690,2146851,28,,left,saccade,175.0,,,,736.04,704.186,962.4,711.554,,,
691,2146851,28,,right,saccade,,171.0,,,747.586,747.33,997.012,748.132,,,
692,2146883,388,3.261,left,fixation,176.0,,979.9133673469388,716.078010204082,,,,,0.0,,
693,2146883,388,3.261,right,fixation,,172.0,990.221520408163,740.240193877551,,,,,0.0,,
694,2147275,40,,left,saccade,176.0,,,,966.54,714.6439999999999,1385.7820000000006,730.95,,,
695,2147275,40,,right,saccade,,172.0,,,991.71,748.7189999999997,1377.239,745.909,,,
696,2147319,448,3.2742366071428566,left,fixation,177.0,,1410.1170884955802,736.680097345133,,,,,2.0,7.159871168413839,23.6607807599387
697,2147319,448,3.2742366071428566,right,fixation,,173.0,1422.82361946903,728.6139557522121,,,,,0.0,,
698,2147771,60,,left,saccade,177.0,,,,1415.434,719.617,444.986,604.5880000000002,,,
699,2147771,60,,right,saccade,,173.0,,,1423.2679999999998,729.317,458.30400000000003,597.955,,,
700,2147835,352,3.2776988636363638,left,fixation,178.0,,419.682292134832,589.357146067416,,,,,0.0,,
701,2147835,352,3.2776988636363638,right,fixation,,174.0,433.655382022472,586.365213483146,,,,,1.0,5.314698530699751,11.157021555952971
702,2148191,24,,left,saccade,178.0,,,,394.711,586.153,427.449,452.18,,,
703,2148191,24,,right,saccade,,174.0,,,436.38699999999994,575.373,493.55199999999996,450.92800000000005,,,
704,2148219,319,3.2840587573554862,left,fixation,179.0,,463.0003086419751,445.467481481481,,,,,0.0,,
705,2148219,331,3.2840587573554862,right,fixation,,175.0,494.558797619047,436.11946428571406,,,,,0.0,,
706,2148542,40,,left,saccade,179.0,,,,460.381,422.663,508.084,414.1,,,
707,2148554,40,,right,saccade,,175.0,,,488.44,438.546,475.793,412.82599999999996,,,
708,2148810,273,3.3400260999453084,right,fixation,,176.0,504.126,430.425594202899,,,,,1.0,14.90900336672066,20.34682088189692
709,2148903,180,3.341970896750309,left,fixation,180.0,,509.664826086956,374.438195652174,,,,,2.0,7.974676092243495,24.198987598071753
710,2149087,20,,right,saccade,,176.0,,,504.598,453.267,501.647,323.389,,,
711,2149087,24,,left,saccade,180.0,,,,503.75300000000004,383.908,494.395,241.918,,,
712,2149111,240,3.3506500000000004,right,fixation,,177.0,486.960655737705,298.577786885246,,,,,0.0,,
713,2149115,236,3.3507033898305094,left,fixation,181.0,,491.393566666667,264.8668,,,,,0.0,,
714,2149355,20,,left,saccade,181.0,,,,504.41,298.38,487.517,181.912,,,
715,2149355,20,,right,saccade,,177.0,,,483.5,292.29,491.236,213.692,,,
716,2149379,240,3.3123,left,fixation,182.0,,476.47224590164,169.265803278688,,,,,0.0,,
717,2149379,240,3.3123,right,fixation,,178.0,486.530852459017,183.67345901639302,,,,,0.0,,
718,2149623,24,,left,saccade,182.0,,,,466.9,177.055,655.33,213.69799999999998,,,
719,2149623,24,,right,saccade,,178.0,,,489.028,174.05700000000004,679.0210000000002,244.032,,,
720,2149651,308,3.2788376623376627,left,fixation,183.0,,699.3155384615379,269.402756410256,,,,,1.0,9.549924294347994,38.690145954751884
721,2149651,308,3.2788376623376627,right,fixation,,179.0,708.1924615384621,265.479256410257,,,,,0.0,,
722,2149963,48,,left,saccade,183.0,,,,696.99,262.078,1346.83,255.21,,,
723,2149963,48,,right,saccade,,179.0,,,710.311,260.149,1365.442,251.07,,,
724,2150015,275,3.2957867647058827,left,fixation,184.0,,1362.03641428571,238.625542857143,,,,,2.0,5.788528208021948,22.895281042392675
725,2150015,275,3.2957867647058827,right,fixation,,180.0,1388.9098714285699,212.96334285714298,,,,,1.0,4.639040576694943,11.930088054997768
726,2150294,24,,left,saccade,184.0,,,,1344.135,212.62400000000002,1411.226,128.67700000000002,,,
727,2150294,24,,right,saccade,,180.0,,,1375.844,228.56900000000002,1455.021,119.10600000000001,,,
728,2150322,172,3.3184069767441864,left,fixation,185.0,,1427.1492727272698,117.455931818182,,,,,0.0,,
729,2150322,176,3.318647727272728,right,fixation,,181.0,1459.77524444444,86.5566666666667,,,,,0.0,,
730,2150498,52,,left,saccade,185.0,,,,1416.2720000000006,104.514,806.784,239.54,,,
731,2150502,44,,right,saccade,,181.0,,,1470.245,83.708,855.341,210.067,,,
732,2150550,172,3.2901744186046518,right,fixation,,182.0,819.370818181818,267.828590909091,,,,,1.0,9.922441035910001,29.686695420676152
733,2150554,168,3.2896309523809517,left,fixation,186.0,,788.6284186046512,272.931837209302,,,,,0.0,,
734,2150726,20,,left,saccade,186.0,,,,786.03,301.26599999999996,674.2080000000002,298.459,,,
735,2150726,20,,right,saccade,,182.0,,,795.909,282.267,684.965,269.855,,,
736,2150750,344,3.2899476744186047,left,fixation,187.0,,659.4510459770111,251.755068965517,,,,,1.0,7.379411027386367,11.776032014222693
737,2150750,344,3.2899476744186047,right,fixation,,183.0,690.5985057471271,242.666206896552,,,,,1.0,9.522257613379097,32.553763069728305
738,2151098,28,,left,saccade,187.0,,,,647.095,248.423,472.29,399.35400000000004,,,
739,2151098,28,,right,saccade,,183.0,,,692.0360000000003,219.168,526.4580000000002,401.775,,,
740,2151130,245,3.2627258064516123,right,fixation,,184.0,504.16429032258,421.32214516129,,,,,0.0,,
741,2151130,249,3.2629206349206346,left,fixation,188.0,,459.95560317460297,425.346253968254,,,,,0.0,,
742,2151379,32,,right,saccade,,184.0,,,485.971,397.95099999999996,846.53,427.286,,,
743,2151383,32,,left,saccade,188.0,,,,446.452,427.731,791.61,445.79900000000004,,,
744,2151415,224,3.2648750000000004,right,fixation,,185.0,882.3106140350882,454.373122807018,,,,,0.0,,
745,2151419,220,3.264672727272727,left,fixation,189.0,,827.1694821428571,461.253946428572,,,,,1.0,6.423637892796988,27.975450273409358
746,2151643,24,,left,saccade,189.0,,,,829.828,447.36,692.523,442.668,,,
747,2151643,24,,right,saccade,,185.0,,,886.086,463.805,736.08,460.184,,,
748,2151671,495,3.2556666666666665,left,fixation,190.0,,670.426808000001,460.27067999999997,,,,,0.0,,
749,2151671,495,3.2556666666666665,right,fixation,,186.0,722.36404,463.7372,,,,,0.0,,
750,2152170,40,,right,saccade,,186.0,,,724.3839999999999,479.088,473.19599999999997,396.73699999999997,,,
751,2152170,44,,left,saccade,190.0,,,,677.3919999999998,456.411,424.73800000000006,421.19199999999995,,,
752,2152214,216,3.263219504731808,right,fixation,,187.0,455.17896363636396,387.755763636364,,,,,0.0,,
753,2152218,200,3.2637386681902494,left,fixation,191.0,,405.417450980392,400.193764705882,,,,,0.0,,
754,2152422,40,,left,saccade,191.0,,,,406.293,409.754,436.827,687.183,,,
755,2152434,44,,right,saccade,,187.0,,,440.795,379.853,508.288,651.889,,,
756,2152614,528,3.2537463675870244,right,fixation,,188.0,481.115939849624,738.850157894737,,,,,1.0,10.530441029594996,31.22226900787314
757,2152638,504,3.2537463675870244,left,fixation,192.0,,453.321307086614,740.474629921259,,,,,2.0,8.13267895024271,26.46699496777518
758,2153146,20,,left,saccade,192.0,,,,425.52,759.4639999999997,404.67699999999996,878.336,,,
759,2153146,20,,right,saccade,,188.0,,,441.161,771.1419999999997,423.05,857.914,,,
760,2153170,180,3.242633333333333,left,fixation,193.0,,379.705934782609,869.4416739130438,,,,,0.0,,
761,2153170,180,3.242633333333333,right,fixation,,189.0,401.977,866.444630434783,,,,,0.0,,
762,2153354,56,,left,saccade,193.0,,,,364.37300000000016,855.938,403.13599999999997,310.927,,,
763,2153354,60,,right,saccade,,189.0,,,395.17,869.0889999999997,473.342,282.872,,,
764,2153414,0,,left,fixation,194.0,,407.161,304.843,,,,,0.0,,
765,2153418,4,,left,saccade,194.0,,,,409.662,294.895,410.915,280.807,,,
766,2153418,244,3.271360655737705,right,fixation,,190.0,465.95514516129003,246.138403225806,,,,,0.0,,
767,2153426,236,3.2717796610169487,left,fixation,195.0,,420.38115,264.8541,,,,,0.0,,
768,2153666,20,,left,saccade,195.0,,,,431.707,267.496,423.52,176.574,,,
769,2153666,20,,right,saccade,,190.0,,,470.05400000000003,240.16,466.48400000000004,165.342,,,
770,2153690,280,3.2732142857142867,right,fixation,,191.0,448.684971830986,151.96005633802798,,,,,0.0,,
771,2153690,284,3.27318309859155,left,fixation,196.0,,415.396555555556,170.553305555556,,,,,0.0,,
772,2153974,16,,right,saccade,,191.0,,,446.58099999999996,141.33100000000005,509.455,144.335,,,
773,2153978,12,,left,saccade,196.0,,,,417.414,156.403,465.902,156.403,,,
774,2153994,188,3.272614583333333,left,fixation,197.0,,484.7937291666671,177.21,,,,,0.0,,
775,2153994,188,3.272614583333333,right,fixation,,192.0,508.7335625,155.3521875,,,,,1.0,4.120614820630527,9.508078459920284
776,2154186,24,,right,saccade,,192.0,,,508.153,164.358,723.2669999999997,233.46599999999998,,,
777,2154186,28,,left,saccade,197.0,,,,479.056,158.352,691.2760000000003,221.0,,,
778,2154214,208,3.2639215686274516,right,fixation,,193.0,745.4472641509427,251.81409433962293,,,,,0.0,,
779,2154218,204,3.2634200000000004,left,fixation,198.0,,710.963307692307,258.35863461538503,,,,,0.0,,
780,2154426,32,,left,saccade,198.0,,,,705.8969999999997,277.721,1010.676,480.348,,,
781,2154426,32,,right,saccade,,193.0,,,758.559,269.579,1049.643,476.421,,,
782,2154462,200,3.19769,left,fixation,199.0,,1034.93298039216,503.702980392157,,,,,1.0,6.171731060065551,13.320335318602153
783,2154462,200,3.19769,right,fixation,,194.0,1067.99254901961,493.036490196079,,,,,0.0,,
784,2154666,24,,left,saccade,199.0,,,,1055.131,480.341,1189.691,486.62199999999996,,,
785,2154666,24,,right,saccade,,194.0,,,1074.25,485.99699999999996,1212.862,477.345,,,
786,2154694,200,3.212530000000001,left,fixation,200.0,,1197.29529411765,485.833901960784,,,,,0.0,,
787,2154694,200,3.212530000000001,right,fixation,,195.0,1228.13062745098,467.139156862745,,,,,0.0,,
788,2154898,28,,left,saccade,200.0,,,,1179.85,471.63,1395.388,454.454,,,
789,2154898,28,,right,saccade,,195.0,,,1241.047,462.1,1423.224,453.601,,,
790,2154930,236,3.227025423728814,left,fixation,201.0,,1419.00765,448.902266666667,,,,,0.0,,
791,2154930,236,3.227025423728814,right,fixation,,196.0,1441.7047,436.5658666666671,,,,,0.0,,
792,2155170,40,,right,saccade,,196.0,,,1462.628,433.6,1583.73,91.31700000000001,,,
793,2155170,48,,left,saccade,201.0,,,,1416.441,463.8,1541.7839999999999,121.029,,,
794,2155214,200,3.33341,right,fixation,,197.0,1603.3707647058802,41.2798039215686,,,,,0.0,,
795,2155222,192,3.3365416666666667,left,fixation,202.0,,1563.9407142857099,62.212285714285706,,,,,0.0,,
796,2155418,24,,left,saccade,202.0,,,,1583.9460000000001,57.926,1414.158,73.21300000000002,,,
797,2155418,24,,right,saccade,,197.0,,,1592.249,20.623,1463.8370000000002,42.033,,,
798,2155446,208,3.3544519230769234,left,fixation,203.0,,1414.17273584906,100.72956603773599,,,,,0.0,,
799,2155446,208,3.3544519230769234,right,fixation,,198.0,1442.22375471698,66.399320754717,,,,,0.0,,
800,2155658,40,,left,saccade,203.0,,,,1392.0810000000001,123.555,880.26,88.90299999999998,,,
801,2155658,40,,right,saccade,,198.0,,,1439.6670000000001,65.55,922.953,28.154,,,
802,2155702,108,3.3742777777777784,left,fixation,204.0,,878.179464285715,64.4461428571429,,,,,0.0,,
803,2155702,108,3.3742777777777784,right,fixation,,199.0,903.335,33.9191071428571,,,,,0.0,,
804,2155814,44,,right,saccade,,199.0,,,899.668,44.22,967.3380000000001,714.321,,,
805,2155814,48,,left,saccade,204.0,,,,880.6310000000003,74.635,950.6210000000001,741.965,,,
806,2155862,168,3.3478809523809527,right,fixation,,200.0,972.518186046512,754.7456279069769,,,,,0.0,,
807,2155866,164,3.347548780487805,left,fixation,205.0,,963.0558095238092,781.2078333333328,,,,,0.0,,
808,2156034,44,,left,saccade,205.0,,,,961.3489999999999,783.673,365.815,823.0160000000003,,,
809,2156034,44,,right,saccade,,200.0,,,976.273,773.947,374.369,845.318,,,
810,2156082,232,3.342948275862069,left,fixation,206.0,,330.978305084746,830.9025084745772,,,,,3.0,5.62743062778526,12.610163682251008
811,2156082,660,3.335124242424242,right,fixation,,201.0,392.727301204819,855.7699457831329,,,,,1.0,13.548062821755064,44.700460948406324
812,2156318,16,,left,saccade,206.0,,,,293.815,821.42,373.35,827.063,,,
813,2156338,408,3.330691176470588,left,fixation,207.0,,394.377990291262,838.038990291262,,,,,1.0,5.916144427656302,6.690661701207104
814,2156746,36,,right,saccade,,201.0,,,406.57099999999997,849.2189999999997,510.214,600.784,,,
815,2156750,32,,left,saccade,207.0,,,,369.223,828.442,435.524,605.107,,,
816,2156786,180,3.267833333333333,right,fixation,,202.0,515.608086956522,582.333347826087,,,,,0.0,,
817,2156786,184,3.268130434782609,left,fixation,208.0,,472.098787234042,575.110787234043,,,,,1.0,6.213827743204866,16.78056405488207
818,2156970,36,,right,saccade,,202.0,,,525.304,578.656,576.94,311.66,,,
819,2156974,36,,left,saccade,208.0,,,,488.32300000000004,577.4590000000002,506.361,345.68699999999984,,,
820,2157010,64,3.30065625,right,fixation,,203.0,578.958647058824,297.855470588235,,,,,0.0,,
821,2157014,60,3.301499999999999,left,fixation,209.0,,524.789875,318.3183125,,,,,0.0,,
822,2157078,28,,right,saccade,,203.0,,,569.0830000000002,291.44,376.43199999999996,126.389,,,
823,2157078,32,,left,saccade,209.0,,,,536.067,301.033,332.1740000000001,146.224,,,
824,2157110,196,3.3514,right,fixation,,204.0,340.40713999999997,97.47771999999999,,,,,1.0,6.136314920663336,14.634660125879245
825,2157114,192,3.351785714285714,left,fixation,210.0,,319.995693877551,124.821714285714,,,,,0.0,,
826,2157310,20,,left,saccade,210.0,,,,326.221,103.009,400.60699999999997,73.271,,,
827,2157310,24,,right,saccade,,204.0,,,357.277,118.419,442.26,70.153,,,
828,2157334,152,3.3425657894736838,left,fixation,211.0,,420.2793589743589,62.0222051282051,,,,,0.0,,
829,2157338,148,3.3424459459459457,right,fixation,,205.0,443.82423684210505,49.2761315789474,,,,,0.0,,
830,2157490,52,,right,saccade,,205.0,,,440.644,67.156,466.015,812.467,,,
831,2157490,56,,left,saccade,211.0,,,,431.606,79.128,448.556,766.4810000000001,,,
832,2157546,156,3.2711375000000005,right,fixation,,206.0,466.659225,840.2932,,,,,0.0,,
833,2157550,156,3.270575,left,fixation,212.0,,463.678525,825.578975,,,,,0.0,,
834,2157706,16,,right,saccade,,206.0,,,472.60400000000004,859.821,418.506,889.993,,,
835,2157710,12,,left,saccade,212.0,,,,457.274,844.895,417.754,873.06,,,
836,2157726,272,3.264529411764706,left,fixation,213.0,,396.491942028986,892.9146811594197,,,,,0.0,,
837,2157726,272,3.264529411764706,right,fixation,,207.0,420.70565217391294,908.1483623188408,,,,,1.0,6.792155927162516,23.13178804156741
838,2158002,20,,right,saccade,,207.0,,,437.575,906.966,650.9540000000002,904.883,,,
839,2158002,24,,left,saccade,213.0,,,,414.50699999999995,885.898,610.505,881.068,,,
840,2158026,188,3.2782553191489376,right,fixation,,208.0,644.583895833333,894.117333333333,,,,,0.0,,
841,2158030,192,3.27784375,left,fixation,214.0,,615.614163265306,880.0103877551019,,,,,0.0,,
842,2158218,20,,right,saccade,,208.0,,,643.5269999999998,894.21,718.1339999999999,898.2639999999999,,,
843,2158226,8,,left,saccade,214.0,,,,638.687,881.2339999999997,663.742,886.7539999999997,,,
844,2158238,176,3.2853295454545464,left,fixation,215.0,,691.1448222222217,890.0467777777783,,,,,0.0,,
845,2158242,176,3.284943181818181,right,fixation,,209.0,729.191133333334,905.6526444444439,,,,,0.0,,
846,2158418,32,,left,saccade,215.0,,,,703.4960000000003,882.3810000000003,474.92699999999996,878.534,,,
847,2158422,24,,right,saccade,,209.0,,,728.085,913.158,517.427,911.13,,,
848,2158450,184,3.273184782608696,right,fixation,,210.0,479.01157446808503,904.2038085106379,,,,,2.0,5.00344050347007,12.820825785082288
849,2158454,180,3.2731555555555563,left,fixation,216.0,,458.095,868.8220217391313,,,,,0.0,,
850,2158638,16,,right,saccade,,210.0,,,472.371,900.694,382.37199999999996,904.784,,,
851,2158638,20,,left,saccade,216.0,,,,443.04,874.933,371.977,866.6610000000003,,,
852,2158658,884,3.2167805429864256,right,fixation,,211.0,418.630454954955,904.283738738739,,,,,3.0,5.6989633433342535,15.221109461063392
853,2158662,888,3.2165292792792797,left,fixation,217.0,,381.050923766816,872.0939999999997,,,,,0.0,,
854,2159546,16,,right,saccade,,211.0,,,440.49800000000016,908.7410000000001,508.005,894.3489999999997,,,
855,2159554,12,,left,saccade,217.0,,,,426.95,874.937,459.606,875.2130000000003,,,
856,2159566,128,3.1861718750000003,right,fixation,,212.0,520.561454545455,890.0837272727271,,,,,0.0,,
857,2159570,124,3.1853709677419357,left,fixation,218.0,,512.41184375,885.10321875,,,,,0.0,,
858,2159698,64,,left,saccade,218.0,,,,518.8580000000002,881.5360000000003,1002.502,147.908,,,
859,2159698,64,,right,saccade,,212.0,,,515.224,890.813,1047.173,124.22200000000001,,,
860,2159766,152,3.2018552631578947,left,fixation,219.0,,1026.23874358974,109.814615384615,,,,,1.0,14.779356552675445,29.23586258347777
861,2159766,152,3.2018552631578947,right,fixation,,213.0,1037.37182051282,106.773487179487,,,,,1.0,15.419811892677407,37.850786266602185
862,2159922,0,,left,saccade,219.0,,,,979.3539999999999,78.204,979.3539999999999,78.204,,,
863,2159922,0,,right,saccade,,213.0,,,1007.457,73.703,1007.457,73.703,,,
864,2159926,572,3.222126137303557,left,fixation,220.0,,967.1186736111099,38.0335069444444,,,,,1.0,8.545734426536367,20.33070726757925
865,2159926,576,3.2221261373035563,right,fixation,,214.0,991.936565517242,40.5879103448276,,,,,0.0,,
866,2160502,40,,left,saccade,220.0,,,,957.525,36.76,1431.971,97.432,,,
867,2160506,40,,right,saccade,,214.0,,,990.3560000000001,64.939,1502.619,82.036,,,
868,2160690,332,3.2657197893350887,left,fixation,221.0,,1432.38691666667,139.207226190476,,,,,0.0,,
869,2160698,320,3.2655282411941964,right,fixation,,215.0,1445.5205679012302,90.2056049382716,,,,,1.0,6.805204519744875,19.78765322113757
870,2161022,20,,right,saccade,,215.0,,,1440.661,82.735,1460.358,207.66400000000002,,,
871,2161026,16,,left,saccade,221.0,,,,1429.844,162.30700000000004,1432.0620000000001,217.753,,,
872,2161046,432,3.2481990740740736,left,fixation,222.0,,1416.91576146789,300.628229357798,,,,,0.0,,
873,2161046,616,3.244564935064936,right,fixation,,216.0,1461.59343225806,229.78715483871002,,,,,2.0,9.860504552682825,25.694969052806588
874,2161482,16,,left,saccade,222.0,,,,1417.049,297.881,1422.251,239.61,,,
875,2161502,160,3.23655,left,fixation,223.0,,1430.9099512195098,227.41397560975602,,,,,0.0,,
876,2161666,20,,left,saccade,223.0,,,,1426.5179999999998,212.15599999999998,1411.888,121.56200000000001,,,
877,2161666,20,,right,saccade,,216.0,,,1472.086,172.3,1472.086,61.407,,,
878,2161690,504,3.2879563492063486,left,fixation,224.0,,1403.82124409449,108.67970866141701,,,,,0.0,,
879,2161690,504,3.2879563492063486,right,fixation,,217.0,1442.51828346457,60.691023622047304,,,,,1.0,5.278136981928385,14.654072505620992
880,2162198,36,,left,saccade,224.0,,,,1381.901,123.4,1458.735,498.45099999999996,,,
881,2162198,40,,right,saccade,,217.0,,,1429.263,51.147,1488.2779999999998,463.286,,,
882,2162238,204,3.2429019607843137,left,fixation,225.0,,1472.71442307692,522.693788461538,,,,,0.0,,
883,2162242,200,3.2421099999999994,right,fixation,,218.0,1481.76094117647,508.133647058824,,,,,0.0,,
884,2162446,20,,right,saccade,,218.0,,,1483.545,517.674,1476.3139999999999,672.1410000000002,,,
885,2162446,24,,left,saccade,225.0,,,,1476.0710000000001,513.0830000000002,1457.881,687.5060000000003,,,
886,2162470,340,3.2547941176470583,right,fixation,,219.0,1460.14726744186,698.8583837209302,,,,,0.0,,
887,2162474,332,3.254975903614458,left,fixation,226.0,,1446.2908571428602,717.018333333333,,,,,0.0,,
888,2162810,56,,left,saccade,226.0,,,,1434.8310000000001,740.8889999999999,552.472,799.923,,,
889,2162814,55,,right,saccade,,219.0,,,1453.513,711.034,542.837,799.569,,,
890,2162869,236,3.255050847457627,left,fixation,227.0,,523.821566666667,793.5491,,,,,1.0,5.46169632786168,10.16835389824732
891,2162873,232,3.2545948275862067,right,fixation,,220.0,536.015338983051,810.409542372881,,,,,0.0,,
892,2163109,36,,right,saccade,,220.0,,,540.9830000000002,813.26,530.283,490.17800000000005,,,
893,2163109,40,,left,saccade,227.0,,,,495.75,775.456,476.245,471.042,,,
894,2163149,280,3.2325428571428576,right,fixation,,221.0,507.648056338028,459.198098591549,,,,,0.0,,
895,2163153,276,3.232311594202898,left,fixation,228.0,,485.9822428571431,456.853942857143,,,,,0.0,,
896,2163433,25,,left,saccade,228.0,,,,477.815,450.555,457.525,292.91,,,
897,2163433,25,,right,saccade,,221.0,,,492.57300000000004,439.961,486.34,286.842,,,
898,2163462,247,3.2400086725663715,left,fixation,229.0,,442.341412698413,246.544920634921,,,,,0.0,,
899,2163462,267,3.2400086725663724,right,fixation,,222.0,476.4045,251.27285294117598,,,,,0.0,,
900,2163713,8,,left,saccade,229.0,,,,440.168,228.44400000000002,440.5,204.543,,,
901,2163725,60,,left,fixation,230.0,,459.3906875,181.4920625,,,,,1.0,5.3039909214142185,21.265589505113624
902,2163733,0,,right,saccade,,222.0,,,494.749,201.666,494.749,201.666,,,
903,2163737,52,,right,fixation,,223.0,501.442428571429,184.541714285714,,,,,0.0,,
904,2163789,40,,left,saccade,230.0,,,,479.07800000000003,186.612,569.005,259.493,,,
905,2163793,52,,right,saccade,,223.0,,,494.311,177.707,614.722,226.158,,,
906,2163994,204,3.2811643859649124,right,fixation,,224.0,587.338461538461,301.617903846154,,,,,1.0,10.079316494683582,29.04317670297102
907,2164026,168,3.281079454545455,left,fixation,231.0,,557.924744186047,265.643558139535,,,,,1.0,11.53416516508913,24.45053672212533
908,2164198,4,,left,saccade,231.0,,,,514.668,277.32599999999996,513.673,271.811,,,
909,2164202,8,,right,saccade,,224.0,,,549.1519999999998,311.759,544.4730000000002,296.253,,,
910,2164206,248,3.2746048387096773,left,fixation,232.0,,477.887698412698,249.28761904761902,,,,,0.0,,
911,2164214,240,3.2740416666666667,right,fixation,,225.0,509.326655737705,254.579442622951,,,,,0.0,,
912,2164458,44,,left,saccade,232.0,,,,475.588,261.503,1021.328,20.125,,,
913,2164458,48,,right,saccade,,225.0,,,501.709,237.025,1061.595,13.607999999999999,,,
914,2164506,211,3.2693461538461537,left,fixation,233.0,,1050.39277777778,9.98483333333333,,,,,0.0,,
915,2164510,203,3.26917,right,fixation,,226.0,1062.46059615385,-21.0054615384615,,,,,0.0,,
916,2164717,24,,right,saccade,,226.0,,,1066.438,-62.316,957.418,-76.905,,,
917,2164721,20,,left,saccade,233.0,,,,1064.447,22.721,947.5319999999999,10.439,,,
918,2164745,565,3.2430598591549296,left,fixation,234.0,,938.692950704225,-45.9309225352112,,,,,2.0,156.50133069284826,469.678040885593
919,2164745,565,3.2430598591549296,right,fixation,,227.0,923.81890140845,-65.1250774647888,,,,,1.0,309.7521877579004,11.98366993036777
920,2165314,48,,right,saccade,,227.0,,,915.148,-59.354,518.89,50.49800000000001,,,
921,2165314,56,,left,saccade,234.0,,,,940.198,-59.843,486.522,88.257,,,
922,2165366,1347,3.2584494047619046,right,fixation,,228.0,438.798165680473,55.7651863905326,,,,,4.0,5.924738268002237,13.496142559305198
923,2165374,1355,3.2584334319526627,left,fixation,235.0,,412.086073529411,54.369288235294114,,,,,3.0,9.088914070347034,20.870143019183452
924,2166717,20,,right,saccade,,228.0,,,397.4,67.297,452.499,132.696,,,
925,2166733,0,,left,saccade,235.0,,,,421.22900000000004,100.26,421.22900000000004,100.26,,,
926,2166737,1288,3.2509767080745338,left,fixation,236.0,,455.135111455108,144.094693498452,,,,,1.0,9.152882917116584,14.260258517993273
927,2166741,1272,3.2507106918238997,right,fixation,,229.0,476.55636677115996,163.93335109717898,,,,,1.0,3.907710984564868,9.599201268855733
928,2168017,16,,right,saccade,,229.0,,,488.244,139.616,500.81699999999995,69.627,,,
929,2168029,4,,left,saccade,236.0,,,,466.583,72.139,467.119,69.89399999999999,,,
930,2168037,372,3.2774677419354843,left,fixation,237.0,,463.76601063829804,39.307829787234,,,,,0.0,,
931,2168037,916,3.2592337931034483,right,fixation,,230.0,451.404504347826,34.2066391304348,,,,,4.0,9.896663922002832,29.83534647415636
932,2168413,0,,left,saccade,237.0,,,,425.82,39.76300000000001,425.82,39.76300000000001,,,
933,2168417,528,3.24362925925926,left,fixation,238.0,,413.89815789473687,32.9623458646617,,,,,4.0,6.736047700696154,17.663167532081424
934,2168949,48,,left,saccade,238.0,,,,435.964,44.486000000000004,408.539,-34.027,,,
935,2168957,40,,right,saccade,,230.0,,,444.042,32.569,444.213,-8.632,,,
936,2169137,1240,3.2303019891500906,right,fixation,,231.0,411.152967845659,56.705736334405096,,,,,1.0,10.332461227983279,37.012726730139704
937,2169201,296,3.2534173913043483,left,fixation,239.0,,433.829986666667,-3.56796,,,,,1.0,23.68933789703715,137.73699833015098
938,2169501,12,,left,saccade,239.0,,,,430.449,18.29,385.394,18.415,,,
939,2169517,860,3.2233341121495327,left,fixation,240.0,,379.730638888889,65.55579166666669,,,,,0.0,,
940,2170381,44,,left,saccade,240.0,,,,372.24199999999996,60.777,831.829,129.24,,,
941,2170381,44,,right,saccade,,231.0,,,393.675,58.02,862.307,120.771,,,
942,2170429,92,3.2347083333333337,left,fixation,241.0,,857.117375,128.111291666667,,,,,0.0,,
943,2170429,92,3.2347083333333337,right,fixation,,232.0,883.037791666667,122.240375,,,,,0.0,,
944,2170525,60,,left,saccade,241.0,,,,866.102,106.309,1675.96,905.1469999999999,,,
945,2170525,60,,right,saccade,,232.0,,,898.4069999999997,116.939,1660.421,892.113,,,
946,2170589,172,3.2260930232558143,left,fixation,242.0,,1724.72265909091,924.269477272727,,,,,2.0,7.1594457387155925,23.302151315504762
947,2170589,172,3.2260930232558143,right,fixation,,233.0,1702.4895454545401,910.261840909091,,,,,1.0,9.908747792004505,11.44694409001809
948,2170765,32,,left,saccade,242.0,,,,1743.25,936.064,1341.9029999999998,736.3710000000003,,,
949,2170765,36,,right,saccade,,233.0,,,1714.7520000000006,911.51,1388.681,713.572,,,
950,2170801,268,3.186470588235294,left,fixation,243.0,,1317.07144117647,719.9790441176469,,,,,1.0,5.091900826585068,15.296104242584212
951,2170805,272,3.1853985507246376,right,fixation,,234.0,1335.5868840579699,712.488173913044,,,,,1.0,4.705168225236731,30.12498559335743
952,2171073,20,,left,saccade,243.0,,,,1311.125,704.763,1400.4129999999998,683.94,,,
953,2171081,12,,right,saccade,,234.0,,,1341.06,704.422,1399.394,698.576,,,
954,2171097,152,3.2104000000000004,left,fixation,244.0,,1420.2727948717902,659.687794871795,,,,,0.0,,
955,2171097,152,3.2104000000000004,right,fixation,,235.0,1429.36682051282,664.5297948717949,,,,,0.0,,
956,2171253,76,,left,saccade,244.0,,,,1423.384,650.814,408.45300000000003,320.633,,,
957,2171253,84,,right,saccade,,235.0,,,1435.4660000000001,651.307,396.026,357.219,,,
958,2171341,412,3.231215909090909,right,fixation,,236.0,381.405567307692,335.197865384615,,,,,1.0,5.877282752731544,16.607332386629665
959,2171365,392,3.2313837209302325,left,fixation,245.0,,383.34376767676804,338.325787878788,,,,,1.0,6.485824142355051,14.784969732806337
960,2171757,24,,right,saccade,,236.0,,,372.721,317.818,471.67400000000004,389.457,,,
961,2171761,20,,left,saccade,245.0,,,,386.167,367.94800000000004,456.67199999999997,393.77099999999996,,,
962,2171785,4,3.2085,left,fixation,246.0,,461.7315,399.5335,,,,,0.0,,
963,2171785,164,3.2129625000000006,right,fixation,,237.0,489.330166666667,411.31271428571404,,,,,0.0,,
964,2171793,12,,left,saccade,246.0,,,,469.74800000000016,411.63699999999994,475.075,447.529,,,
965,2171809,140,3.213970588235294,left,fixation,247.0,,462.0115,449.07927777777803,,,,,1.0,11.444867443773886,24.97600948910771
966,2171953,48,,left,saccade,247.0,,,,457.38199999999995,434.67400000000004,951.403,96.726,,,
967,2171953,48,,right,saccade,,237.0,,,499.18800000000016,412.61699999999996,990.4689999999999,82.65100000000002,,,
968,2172005,176,3.2674545454545454,left,fixation,248.0,,988.4156000000012,76.64433333333331,,,,,0.0,,
969,2172005,180,3.267733333333333,right,fixation,,238.0,1002.2783478260899,49.0709130434782,,,,,1.0,4.843148668766821,13.530843137070258
970,2172185,20,,left,saccade,248.0,,,,994.5039999999999,41.388999999999996,930.895,-18.519000000000002,,,
971,2172189,20,,right,saccade,,238.0,,,1001.044,28.171999999999997,949.122,-39.043,,,
972,2172209,1191,3.368911073825504,left,fixation,249.0,,914.409903010034,-50.538973244147215,,,,,0.0,,
973,2172213,3508,3.5415903135883826,right,fixation,,239.0,934.404665148063,-55.5811093394079,,,,,2.0,154.9578579844075,464.9217572907418
974,2173405,40,,left,saccade,249.0,,,,919.579,-68.768,918.102,-88.988,,,
975,2173461,2256,3.637279411184608,left,fixation,250.0,,904.6597221238941,-53.4120530973452,,,,,0.0,,
976,2175721,80,,left,saccade,250.0,,,,890.6439999999999,-61.699,428.871,462.375,,,
977,2175725,80,,right,saccade,,239.0,,,945.937,-84.601,469.718,388.087,,,
978,2175893,0,,right,fixation,,240.0,469.718,388.087,,,,,0.0,,
979,2175897,20,,right,saccade,,240.0,,,469.718,388.087,462.963,478.207,,,
980,2175897,1964,3.46090927751374,left,fixation,251.0,,409.368867886179,492.481764227642,,,,,1.0,5.787236687074594,16.501367973595368
981,2175921,1940,3.46090927751374,right,fixation,,241.0,488.793174897119,470.29052263374496,,,,,0.0,,
982,2177865,48,,left,saccade,251.0,,,,406.327,434.288,869.071,96.89399999999999,,,
983,2177865,48,,right,saccade,,241.0,,,502.74,449.59,979.207,113.15899999999999,,,
984,2177917,1779,3.4695252088305493,left,fixation,252.0,,929.9568878923759,74.4194439461883,,,,,0.0,,
985,2177917,1783,3.4695252088305484,right,fixation,,242.0,978.3995436241601,75.3461834451902,,,,,2.0,4.4526934438032315,12.847468633406553
986,2179700,40,,left,saccade,252.0,,,,976.7139999999999,88.209,964.2689999999999,374.23800000000006,,,
987,2179704,40,,right,saccade,,242.0,,,960.659,87.46799999999998,896.831,335.60699999999997,,,
988,2179940,188,3.3542499999999986,right,fixation,,243.0,889.503395833333,398.670479166667,,,,,0.0,,
989,2179960,168,3.3542499999999995,left,fixation,253.0,,932.3254418604648,417.96795348837196,,,,,2.0,9.063455565818689,31.67460887008553
990,2180132,45,,left,saccade,253.0,,,,918.063,463.23,1138.557,162.097,,,
991,2180132,45,,right,saccade,,243.0,,,894.658,418.833,1179.318,163.524,,,
992,2180181,279,3.3655869565217387,left,fixation,254.0,,1181.95953521127,151.289887323944,,,,,0.0,,
993,2180181,279,3.3655869565217387,right,fixation,,244.0,1202.00416901408,106.02032394366199,,,,,0.0,,
994,2180464,28,,left,saccade,254.0,,,,1189.979,145.317,1007.215,99.589,,,
995,2180464,28,,right,saccade,,244.0,,,1222.404,97.12200000000001,1021.029,51.973,,,
996,2180496,108,3.3254074074074085,right,fixation,,245.0,1005.37325,43.571142857142895,,,,,0.0,,
997,2180496,112,3.325285714285714,left,fixation,255.0,,994.8230344827588,89.6131379310345,,,,,0.0,,
998,2180608,40,,right,saccade,,245.0,,,1000.765,48.79600000000001,1412.328,109.17200000000001,,,
999,2180612,36,,left,saccade,255.0,,,,1000.804,75.876,1400.1370000000006,126.365,,,
1000,2180652,384,3.2894895833333333,left,fixation,256.0,,1417.31280412371,124.64291752577299,,,,,0.0,,
1001,2180652,384,3.2894895833333333,right,fixation,,246.0,1442.7728969072198,94.5751134020619,,,,,0.0,,
1002,2181040,36,,right,saccade,,246.0,,,1445.358,78.35300000000002,1039.013,63.684,,,
1003,2181040,40,,left,saccade,256.0,,,,1430.746,124.09,1021.831,87.12100000000002,,,
1004,2181080,644,3.2690603174603172,right,fixation,,247.0,1008.40005555556,67.9933580246914,,,,,0.0,,
1005,2181084,644,3.269085987261146,left,fixation,257.0,,994.812086419753,84.8788641975309,,,,,1.0,6.361589603061327,10.427167640351923
1006,2181728,84,,right,saccade,,247.0,,,1009.204,80.445,1084.381,-11.530999999999999,,,
1007,2181732,100,,left,saccade,257.0,,,,999.863,80.161,1060.101,185.44400000000002,,,
1008,2182628,4,3.4755714285714285,right,fixation,,248.0,1076.9525,-1.868,,,,,0.0,,
1009,2182636,20,,right,saccade,,248.0,,,1077.971,0.0,1079.347,83.802,,,
1010,2182660,12,3.455,right,fixation,,249.0,1079.347,92.92525,,,,,0.0,,
1011,2182676,0,,right,saccade,,249.0,,,1076.877,115.99600000000001,1076.877,115.99600000000001,,,
1012,2182680,286,3.3679350921985813,right,fixation,,250.0,1063.2739722222198,201.34683333333302,,,,,1.0,9.657856250799727,21.199707781004935
1013,2182680,289,3.3679350921985813,left,fixation,258.0,,1045.6537808219198,238.04317808219201,,,,,0.0,,
1014,2182969,32,,right,saccade,,250.0,,,1065.9569999999999,192.475,912.823,95.04700000000001,,,
1015,2182973,24,,left,saccade,258.0,,,,1034.037,232.517,871.306,114.96700000000001,,,
1016,2183001,132,3.3993235294117636,left,fixation,259.0,,873.694647058824,114.293911764706,,,,,0.0,,
1017,2183005,128,3.399272727272727,right,fixation,,251.0,896.677636363636,86.3858181818182,,,,,0.0,,
1018,2183137,16,,right,saccade,,251.0,,,888.905,72.391,945.065,74.586,,,
1019,2183137,20,,left,saccade,259.0,,,,873.529,120.76299999999999,934.6210000000001,102.65799999999999,,,
1020,2183157,483,3.3839083333333333,right,fixation,,252.0,962.305852459017,45.693180327868795,,,,,0.0,,
1021,2183161,483,3.38375,left,fixation,260.0,,952.071713114755,70.4631311475409,,,,,0.0,,
1022,2183644,32,,right,saccade,,252.0,,,948.4810000000001,56.94,1347.891,80.57600000000002,,,
1023,2183648,32,,left,saccade,260.0,,,,956.87,79.058,1349.996,89.305,,,
1024,2183680,388,3.3683969072164954,right,fixation,,253.0,1422.82293877551,72.3121020408163,,,,,1.0,15.539870735376846,43.579726949580525
1025,2183684,384,3.3684010416666665,left,fixation,261.0,,1404.47649484536,99.9148041237113,,,,,2.0,9.928089064091818,32.357813739750085
1026,2184072,40,,right,saccade,,253.0,,,1446.274,75.46300000000002,1423.596,530.089,,,
1027,2184072,44,,left,saccade,261.0,,,,1421.7279999999994,104.535,1386.1789999999999,569.562,,,
1028,2184116,152,3.3034473684210535,right,fixation,,254.0,1411.0655641025598,577.349384615384,,,,,0.0,,
1029,2184120,148,3.302635135135135,left,fixation,262.0,,1379.9614473684198,583.808236842105,,,,,0.0,,
1030,2184272,20,,left,saccade,262.0,,,,1366.3129999999999,595.748,1418.401,751.6569999999997,,,
1031,2184272,20,,right,saccade,,254.0,,,1410.2420000000006,591.07,1421.619,737.086,,,
1032,2184296,424,3.2874009433962263,left,fixation,263.0,,1428.0011214953302,743.3330934579442,,,,,1.0,6.570932677329731,8.901464598592725
1033,2184296,424,3.2874009433962263,right,fixation,,255.0,1447.08921495327,736.614392523365,,,,,1.0,7.711320469860469,12.43130660871993
1034,2184724,56,,left,saccade,263.0,,,,1429.134,731.165,473.914,841.674,,,
1035,2184724,60,,right,saccade,,255.0,,,1458.854,734.939,486.918,838.1510000000003,,,
1036,2184784,208,3.3187884615384613,left,fixation,264.0,,451.954188679245,821.620018867925,,,,,0.0,,
1037,2184788,204,3.3190098039215683,right,fixation,,256.0,467.827576923077,838.076480769231,,,,,1.0,9.14885506649754,9.179242071108
1038,2184996,56,,left,saccade,264.0,,,,454.709,812.947,430.19,162.078,,,
1039,2184996,56,,right,saccade,,256.0,,,485.975,848.4889999999997,482.70599999999996,168.433,,,
1040,2185056,292,3.3552123287671236,right,fixation,,257.0,478.377243243243,131.588513513513,,,,,0.0,,
1041,2185056,476,3.3615924369747896,left,fixation,265.0,,435.956883333333,107.13961666666701,,,,,0.0,,
1042,2185352,16,,right,saccade,,257.0,,,477.17800000000005,146.349,465.775,84.726,,,
1043,2185372,160,3.3742375000000004,right,fixation,,258.0,455.983073170732,79.50846341463419,,,,,0.0,,
1044,2185536,16,,right,saccade,,258.0,,,454.385,86.51700000000002,500.845,131.334,,,
1045,2185536,20,,left,saccade,265.0,,,,394.704,45.159,462.545,108.56200000000001,,,
1046,2185556,384,3.348174479166667,right,fixation,,259.0,523.949969072165,165.65200000000004,,,,,2.0,91.86355942147756,274.4212609100099
1047,2185560,364,3.3486401098901104,left,fixation,266.0,,485.573695652174,147.837326086956,,,,,2.0,86.11825179550526,260.20272977362947
1048,2185928,20,,left,saccade,266.0,,,,491.668,169.79,496.816,254.476,,,
1049,2185944,0,,right,saccade,,259.0,,,524.999,205.685,524.999,205.685,,,
1050,2185948,200,3.3004799999999994,right,fixation,,260.0,549.952882352941,273.856176470588,,,,,1.0,9.164488762488492,23.36313960066157
1051,2185952,192,3.3005520833333333,left,fixation,267.0,,499.688653061224,265.683448979592,,,,,0.0,,
1052,2186148,20,,left,saccade,267.0,,,,502.42,268.031,498.63300000000004,382.621,,,
1053,2186152,16,,right,saccade,,260.0,,,545.221,295.476,539.545,365.625,,,
1054,2186172,180,3.2687888888888885,right,fixation,,261.0,535.8545652173909,391.875347826087,,,,,1.0,12.314551032777807,21.864327224957066
1055,2186172,184,3.268445652173913,left,fixation,268.0,,490.2487446808509,383.520659574468,,,,,0.0,,
1056,2186356,52,,right,saccade,,261.0,,,529.78,369.977,1024.2089999999996,56.713,,,
1057,2186360,48,,left,saccade,268.0,,,,493.94,382.935,972.548,71.305,,,
1058,2186412,1072,3.287239098222257,left,fixation,269.0,,970.629386617101,51.218289962825295,,,,,2.0,9.635893853629169,25.21951689009285
1059,2186412,1076,3.287239098222257,right,fixation,,262.0,986.399477777778,40.2013444444444,,,,,2.0,6.045139778881478,19.18299552615111
1060,2187488,40,,left,saccade,269.0,,,,981.472,54.86,1011.788,39.994,,,
1061,2187492,40,,right,saccade,,262.0,,,953.48,50.067,970.0939999999999,0.0,,,
1062,2187708,296,3.3416043956043966,right,fixation,,263.0,1012.01436,37.861186666666605,,,,,1.0,10.340157806930335,33.48627474055604
1063,2187724,44,,left,fixation,270.0,,1020.0376666666699,25.0850833333333,,,,,1.0,9.119908503439673,21.664339015995857
1064,2187772,0,,left,saccade,270.0,,,,1020.62,45.471000000000004,1020.62,45.471000000000004,,,
1065,2187776,228,3.3416043956043966,left,fixation,271.0,,1023.58310344828,93.10736206896549,,,,,0.0,,
1066,2188008,16,,left,saccade,271.0,,,,1019.757,103.016,959.695,85.848,,,
1067,2188008,16,,right,saccade,,263.0,,,1012.9889999999999,47.356,939.2610000000001,44.773,,,
1068,2188028,228,3.3179035087719297,left,fixation,272.0,,947.727448275862,95.53658620689659,,,,,0.0,,
1069,2188028,228,3.3179035087719297,right,fixation,,264.0,931.022310344827,46.892224137931,,,,,0.0,,
1070,2188260,44,,left,saccade,272.0,,,,943.455,118.001,1451.424,125.693,,,
1071,2188260,44,,right,saccade,,264.0,,,948.2589999999999,50.485,1439.7910000000006,85.279,,,
1072,2188308,656,3.2405884146341464,left,fixation,273.0,,1428.02744242424,97.5337333333333,,,,,1.0,9.435000584407929,35.88286645461843
1073,2188308,656,3.2405884146341464,right,fixation,,265.0,1431.78627272727,85.2167212121212,,,,,1.0,8.449153622963923,29.389012402597146
1074,2188968,44,,left,saccade,273.0,,,,1403.0910000000001,91.913,966.0010000000001,68.59,,,
1075,2188968,44,,right,saccade,,265.0,,,1412.995,53.57100000000001,988.796,46.253,,,
1076,2189016,13603,3.555654249457288,right,fixation,,266.0,1008.8479697236901,13.081871546149195,,,,,8.0,157.18766421532447,406.00781724596044
1077,2189016,13707,3.555654249457288,left,fixation,274.0,,904.7879463243828,18.090960035006002,,,,,3.0,200.05750922442095,12.231395059239318
1078,2202623,40,,right,saccade,,266.0,,,1056.369,-94.68,1050.568,-101.896,,,
1079,2202679,40,,right,fixation,,267.0,1049.6643636363601,-97.5599090909091,,,,,0.0,,
1080,2202723,48,,right,saccade,,267.0,,,1026.604,-81.658,913.2610000000001,79.597,,,
1081,2202727,60,,left,saccade,274.0,,,,912.158,-61.169,840.082,140.566,,,
1082,2202879,304,3.6054793584100313,right,fixation,,268.0,884.7492467532471,153.163363636364,,,,,1.0,12.563003909185984,30.48145201593913
1083,2202907,276,3.6054793584100313,left,fixation,275.0,,840.5160571428571,191.663328571429,,,,,0.0,,
1084,2203187,24,,left,saccade,275.0,,,,839.439,193.36700000000002,935.1139999999999,349.26300000000015,,,
1085,2203187,24,,right,saccade,,268.0,,,877.985,146.533,962.322,250.69799999999998,,,
1086,2203215,248,3.4674274193548387,left,fixation,276.0,,956.910873015873,342.17868253968203,,,,,1.0,5.01373408194376,11.61503374941288
1087,2203215,248,3.4674274193548387,right,fixation,,269.0,973.97480952381,281.676206349206,,,,,0.0,,
1088,2203467,12,,left,saccade,276.0,,,,955.0980000000001,333.39300000000014,901.9739999999999,332.3180000000001,,,
1089,2203467,16,,right,saccade,,269.0,,,974.687,322.97,921.799,309.839,,,
1090,2203483,196,3.364295918367348,left,fixation,277.0,,886.0429800000003,321.25116,,,,,0.0,,
1091,2203487,192,3.3634166666666663,right,fixation,,270.0,893.4029387755099,268.202816326531,,,,,0.0,,
1092,2203683,24,,left,saccade,277.0,,,,888.7560000000003,345.12300000000016,931.679,198.399,,,
1093,2203683,28,,right,saccade,,270.0,,,896.702,267.932,952.051,126.171,,,
1094,2203711,780,3.2889000000000013,left,fixation,278.0,,970.335561224489,96.3259846938776,,,,,1.0,12.297404084692927,34.453667801846564
1095,2203715,776,3.2886520618556707,right,fixation,,271.0,970.455723076924,47.5273230769231,,,,,1.0,11.889587080485365,36.5415831622003
1096,2204495,36,,left,saccade,278.0,,,,979.304,61.148999999999994,1091.144,350.756,,,
1097,2204495,40,,right,saccade,,271.0,,,971.556,25.573,1096.404,313.91,,,
1098,2204535,664,3.1541545391315866,left,fixation,279.0,,1126.21268263473,324.249443113773,,,,,0.0,,
1099,2204539,660,3.153773844870725,right,fixation,,272.0,1135.52246987952,299.544222891566,,,,,0.0,,
1100,2205203,88,,left,saccade,279.0,,,,1124.611,292.353,731.012,688.025,,,
1101,2205203,100,,right,saccade,,272.0,,,1132.213,272.507,693.31,711.707,,,
1102,2205451,380,3.173366197183099,right,fixation,,273.0,704.41509375,778.55825,,,,,2.0,11.698029137018091,34.523745708644284
1103,2205455,376,3.173366197183099,left,fixation,280.0,,747.9728,765.309484210526,,,,,3.0,12.437829451873775,38.58129586994874
1104,2205835,36,,left,saccade,280.0,,,,755.7389999999997,758.067,450.75800000000004,654.168,,,
1105,2205835,36,,right,saccade,,273.0,,,736.946,809.294,453.54699999999997,640.694,,,
1106,2205875,240,3.105725,right,fixation,,274.0,420.794639344262,604.6313114754098,,,,,0.0,,
1107,2205875,248,3.1052983870967745,left,fixation,281.0,,425.26471428571404,624.771333333333,,,,,0.0,,
1108,2206119,16,,right,saccade,,274.0,,,406.496,599.056,490.05800000000005,609.256,,,
1109,2206127,8,,left,saccade,281.0,,,,429.473,629.665,467.00699999999995,637.493,,,
1110,2206139,240,3.10035,right,fixation,,275.0,502.65593442623003,610.7533114754099,,,,,0.0,,
1111,2206139,244,3.100418032786885,left,fixation,282.0,,487.8779193548391,642.884129032258,,,,,0.0,,
1112,2206383,44,,right,saccade,,275.0,,,511.431,615.76,1064.435,693.5830000000003,,,
1113,2206387,40,,left,saccade,282.0,,,,495.801,652.565,1075.597,673.495,,,
1114,2206431,183,3.1421222222222216,right,fixation,,276.0,1088.25610638298,690.554829787234,,,,,0.0,,
1115,2206431,187,3.1425652173913043,left,fixation,283.0,,1089.19075,693.7564166666672,,,,,0.0,,
1116,2206618,24,,right,saccade,,276.0,,,1099.183,690.3439999999997,1237.0230000000001,728.436,,,
1117,2206622,20,,left,saccade,283.0,,,,1106.764,694.715,1251.12,758.709,,,
1118,2206646,148,3.186364864864865,left,fixation,284.0,,1258.21084210526,772.864131578947,,,,,0.0,,
1119,2206646,148,3.186364864864865,right,fixation,,277.0,1246.53681578947,744.626394736842,,,,,0.0,,
1120,2206798,20,,left,saccade,284.0,,,,1262.3310000000001,770.413,1365.546,766.0419999999997,,,
1121,2206798,20,,right,saccade,,277.0,,,1249.292,757.825,1361.03,741.2310000000001,,,
1122,2206822,224,3.194339285714286,right,fixation,,278.0,1363.51268421053,706.1631754385968,,,,,0.0,,
1123,2206822,472,3.1973644067796614,left,fixation,285.0,,1419.96680672269,714.5009579831931,,,,,2.0,9.651158915413436,27.27763452749378
1124,2207050,16,,right,saccade,,278.0,,,1358.951,709.2289999999997,1416.203,718.4730000000003,,,
1125,2207070,224,3.2037767857142856,right,fixation,,279.0,1447.84880701754,708.491947368421,,,,,1.0,5.2286352797731785,21.45343778978085
1126,2207298,56,,left,saccade,285.0,,,,1470.739,699.7,488.472,552.2669999999998,,,
1127,2207298,56,,right,saccade,,279.0,,,1446.477,700.4680000000003,508.30699999999996,505.654,,,
1128,2207358,253,3.1559921506032502,left,fixation,286.0,,494.85178125,521.04403125,,,,,0.0,,
1129,2207358,265,3.1559921506032502,right,fixation,,280.0,481.715835820896,498.579850746269,,,,,2.0,4.4346915667896445,12.150935708523289
1130,2207615,36,,left,saccade,286.0,,,,474.82800000000003,514.143,564.124,872.625,,,
1131,2207627,52,,right,saccade,,280.0,,,479.36699999999996,499.522,577.203,435.585,,,
1132,2207867,191,3.2426041811846686,right,fixation,,281.0,582.319081632653,449.18806122449007,,,,,1.0,4.379552615406172,10.6006315377905
1133,2207871,0,,left,fixation,287.0,,569.286,872.625,,,,,0.0,,
1134,2207874,36,,left,saccade,287.0,,,,569.286,804.045,617.674,508.99300000000005,,,
1135,2207946,24,,left,fixation,288.0,,620.664571428571,498.754428571429,,,,,0.0,,
1136,2207974,16,,left,saccade,288.0,,,,620.003,478.41,606.513,435.219,,,
1137,2207994,68,3.2420358231707316,left,fixation,289.0,,586.944166666667,410.5746666666671,,,,,0.0,,
1138,2208062,28,,right,saccade,,281.0,,,583.302,506.376,473.786,418.358,,,
1139,2208066,28,,left,saccade,289.0,,,,575.92,415.217,459.485,320.6090000000001,,,
1140,2208094,248,3.2450564516129043,right,fixation,,282.0,451.431142857143,391.7768571428569,,,,,0.0,,
1141,2208098,240,3.2456666666666667,left,fixation,290.0,,446.531475409836,339.796836065574,,,,,0.0,,
1142,2208342,24,,left,saccade,290.0,,,,450.715,362.61199999999997,467.663,274.681,,,
1143,2208346,20,,right,saccade,,282.0,,,440.543,388.959,476.184,300.334,,,
1144,2208370,244,3.2451803278688525,right,fixation,,283.0,487.11540322580595,265.070564516129,,,,,0.0,,
1145,2208370,536,3.257597014925373,left,fixation,291.0,,452.2626,206.172407407407,,,,,1.0,8.749588653823176,25.35273279155525
1146,2208618,16,,right,saccade,,283.0,,,482.325,254.635,472.767,186.604,,,
1147,2208638,268,3.2673283582089563,right,fixation,,284.0,458.054264705882,197.135397058824,,,,,0.0,,
1148,2208910,20,,right,saccade,,284.0,,,462.36300000000006,207.609,589.493,232.886,,,
1149,2208910,32,,left,saccade,291.0,,,,439.277,161.2,586.081,256.906,,,
1150,2208934,220,3.2530545454545456,right,fixation,,285.0,599.413017857143,233.6825,,,,,0.0,,
1151,2208946,204,3.2523921568627454,left,fixation,292.0,,597.433826923077,248.38355769230802,,,,,0.0,,
1152,2209154,20,,left,saccade,292.0,,,,592.4730000000002,222.38299999999998,499.68,205.71200000000002,,,
1153,2209158,12,,right,saccade,,285.0,,,600.5169999999998,216.22,558.441,199.02599999999998,,,
1154,2209174,188,3.298872340425532,right,fixation,,286.0,523.525291666667,180.970375,,,,,0.0,,
1155,2209178,56,3.2754642857142855,left,fixation,293.0,,498.4389333333329,204.86633333333302,,,,,0.0,,
1156,2209238,0,,left,saccade,293.0,,,,492.03,182.42,492.03,182.42,,,
1157,2209242,120,3.310833333333333,left,fixation,294.0,,479.898677419355,156.905064516129,,,,,0.0,,
1158,2209366,36,,right,saccade,,286.0,,,517.951,183.59900000000002,925.487,63.596000000000004,,,
1159,2209366,40,,left,saccade,294.0,,,,495.96,186.49400000000003,896.816,55.343999999999994,,,
1160,2209406,1160,3.288568965517241,right,fixation,,287.0,976.0251855670108,52.8707457044674,,,,,2.0,7.96489592216882,21.10840824504612
1161,2209410,200,3.3131900000000005,left,fixation,295.0,,934.0921764705881,49.689862745098,,,,,0.0,,
1162,2209614,16,,left,saccade,295.0,,,,947.7130000000001,61.39,962.571,105.141,,,
1163,2209634,936,3.282286324786325,left,fixation,296.0,,968.1863829787219,90.7152255319149,,,,,0.0,,
1164,2210570,48,,right,saccade,,287.0,,,985.028,69.13600000000001,1453.655,83.23899999999998,,,
1165,2210574,40,,left,saccade,296.0,,,,964.2289999999999,77.161,1415.898,102.714,,,
1166,2210618,508,3.2571889763779533,left,fixation,297.0,,1421.5466953125,101.9472734375,,,,,1.0,5.6161277337879465,11.469059464489733
1167,2210622,504,3.2572698412698413,right,fixation,,288.0,1449.6892519685,70.211968503937,,,,,1.0,5.5915662807680215,11.975880593926975
1168,2211130,32,,left,saccade,297.0,,,,1383.681,89.59700000000002,1242.745,256.617,,,
1169,2211130,36,,right,saccade,,288.0,,,1421.4589999999994,82.51,1263.438,244.243,,,
1170,2211166,308,3.2115909090909085,left,fixation,298.0,,1201.31085897436,272.340064102564,,,,,1.0,7.035117792980452,21.6070845094844
1171,2211170,304,3.211276315789473,right,fixation,,289.0,1222.9842207792199,263.787142857143,,,,,2.0,6.703764617343031,22.64958307905691
1172,2211478,28,,left,saccade,298.0,,,,1171.885,269.999,1198.719,558.2769999999998,,,
1173,2211478,28,,right,saccade,,289.0,,,1213.85,244.458,1224.827,563.86,,,
1174,2211510,284,3.133448217317488,left,fixation,299.0,,1211.6590972222198,613.599736111111,,,,,1.0,9.011775373858828,19.33337148559454
1175,2211510,288,3.133448217317488,right,fixation,,290.0,1221.15897260274,601.943,,,,,1.0,12.776547322035869,36.436412789955064
1176,2211798,104,,left,saccade,299.0,,,,1189.57,656.064,931.742,44.692,,,
1177,2211802,52,,right,saccade,,290.0,,,1207.455,654.632,975.6210000000001,339.288,,,
1178,2211858,0,,right,fixation,,291.0,971.8330000000001,327.7630000000001,,,,,0.0,,
1179,2211862,48,,right,saccade,,291.0,,,968.937,321.557,903.885,0.0,,,
1180,2212054,188,3.2887777777777787,right,fixation,,292.0,877.2806875,27.2273541666667,,,,,1.0,7.034706439819933,9.892981350432304
1181,2212090,1792,3.227826855123676,left,fixation,300.0,,967.148703786193,80.6138930957684,,,,,5.0,9.614644724651864,31.8123930259792
1182,2212246,8,,right,saccade,,292.0,,,912.313,77.27,917.9810000000001,83.37700000000002,,,
1183,2212258,1620,3.2255381773399017,right,fixation,,293.0,965.915822660098,55.851004926108295,,,,,3.0,9.681432728414107,25.935667509174877
1184,2213882,52,,right,saccade,,293.0,,,988.928,49.394,553.409,78.58,,,
1185,2213886,52,,left,saccade,300.0,,,,987.3689999999999,54.846000000000004,537.3,105.98100000000001,,,
1186,2213938,412,3.1845679611650484,right,fixation,,294.0,505.16476923076897,67.0795,,,,,2.0,5.044524583719082,12.39659456533865
1187,2213942,408,3.1844558823529407,left,fixation,301.0,,502.48427184466,75.606359223301,,,,,1.0,7.490798846659228,28.31358806297784
1188,2214354,44,,left,saccade,301.0,,,,451.691,28.326,919.123,22.491,,,
1189,2214354,44,,right,saccade,,294.0,,,486.476,60.165,937.812,24.289,,,
1190,2214402,960,3.182235565819861,left,fixation,302.0,,962.1702240663901,47.0047385892116,,,,,0.0,,
1191,2214402,968,3.182235565819861,right,fixation,,295.0,969.9974773662559,22.0839794238683,,,,,2.0,9.205169398625877,15.739032588992947
1192,2215366,40,,left,saccade,302.0,,,,968.0419999999999,63.864,1039.438,41.675,,,
1193,2215374,40,,right,saccade,,295.0,,,970.245,53.629,972.242,0.0,,,
1194,2215578,1176,3.1953410444793304,right,fixation,,296.0,966.2527627118648,54.98718983050839,,,,,2.0,10.599566923103383,18.350931665615583
1195,2215618,112,3.2347729501267963,left,fixation,303.0,,1035.07734482759,23.6623448275862,,,,,0.0,,
1196,2215734,12,,left,saccade,303.0,,,,1024.702,22.208000000000002,1006.811,58.808,,,
1197,2215750,716,3.2013398876404486,left,fixation,304.0,,972.993422222222,55.7462722222223,,,,,2.0,10.954316924309492,38.90944891236673
1198,2216470,12,,left,saccade,304.0,,,,955.337,11.719000000000001,953.2669999999999,51.983999999999995,,,
1199,2216486,2776,3.173190100430416,left,fixation,305.0,,981.33684028777,58.9031352517986,,,,,0.0,,
1200,2216758,12,,right,saccade,,296.0,,,962.683,31.487,968.0989999999999,-11.497,,,
1201,2216774,132,3.1955,right,fixation,,297.0,973.174764705882,-19.38020588235289,,,,,0.0,,
1202,2216910,8,,right,saccade,,297.0,,,971.55,-3.103,972.6619999999999,13.06,,,
1203,2216922,2340,3.1716011904761903,right,fixation,,298.0,982.9195238907852,39.2438771331058,,,,,0.0,,
