,starttime,duration,meanPupilDiameter,eye,eventType,eventIdxLeft,eventIdxRight,meanX,meanY,startSaccadeX,startSaccadeY,endSaccadeX,endSaccadeY,microsaccadeCount,microsaccadeAmplitude,microsaccadePeakVelocity
0,2945090,299,3.2415833333333333,left,fixation,1.0,,840.454592105263,762.793934210526,,,,,0.0,,
1,2945090,299,3.2415833333333333,right,fixation,,1.0,814.487486842105,757.8737368421049,,,,,1.0,4.077837403439338,10.16170192438264
2,2945393,36,,left,saccade,1.0,,,,848.804,765.322,641.639,275.861,,,
3,2945393,40,,right,saccade,,1.0,,,808.459,745.073,621.566,269.199,,,
4,2945433,141,3.122583333333333,left,fixation,2.0,,617.6955833333329,259.216416666667,,,,,0.0,,
5,2945437,133,3.1221470588235296,right,fixation,,2.0,611.980882352941,270.755029411765,,,,,0.0,,
6,2945574,20,,right,saccade,,2.0,,,607.996,265.822,531.945,204.282,,,
7,2945578,20,,left,saccade,2.0,,,,608.11,260.399,533.793,208.94099999999997,,,
8,2945598,396,3.0132323232323235,right,fixation,,3.0,469.24490999999995,174.70556000000005,,,,,2.0,5.941440693998353,29.818717610317695
9,2945602,152,3.0485526315789486,left,fixation,3.0,,517.479435897436,181.73261538461497,,,,,1.0,4.299632907457204,9.085881630309693
10,2945758,16,,left,saccade,3.0,,,,519.476,183.426,466.69800000000004,182.85299999999998,,,
11,2945778,208,2.987326923076924,left,fixation,4.0,,459.108226415094,181.666226415094,,,,,0.0,,
12,2945990,20,,left,saccade,4.0,,,,457.661,175.889,542.629,180.702,,,
13,2945998,8,,right,saccade,,3.0,,,463.832,181.264,486.668,180.986,,,
14,2946010,311,2.8742792207792207,right,fixation,,4.0,508.35777215189904,178.817696202532,,,,,0.0,,
15,2946014,315,2.8728782051282056,left,fixation,5.0,,539.853425,186.7699,,,,,0.0,,
16,2946325,24,,right,saccade,,4.0,,,503.93300000000005,191.593,617.8330000000002,171.95,,,
17,2946333,12,,left,saccade,5.0,,,,544.6569999999998,183.64,593.555,182.048,,,
18,2946349,348,2.887258620689656,left,fixation,6.0,,622.388329545454,155.682727272727,,,,,3.0,5.045998523632658,15.412897927575724
19,2946353,340,2.887664705882353,right,fixation,,5.0,619.947581395349,169.73513953488398,,,,,1.0,7.067200107617662,23.92236303127265
20,2946697,24,,right,saccade,,5.0,,,603.201,190.352,768.938,190.56,,,
21,2946701,20,,left,saccade,6.0,,,,619.187,165.96200000000005,744.2739999999999,170.50400000000005,,,
22,2946725,260,2.8630846153846155,right,fixation,,6.0,760.4019090909088,176.88357575757595,,,,,0.0,,
23,2946725,264,2.863075757575757,left,fixation,7.0,,753.7507014925369,176.705194029851,,,,,0.0,,
24,2946989,24,,right,saccade,,6.0,,,758.296,190.438,935.5010000000001,76.376,,,
25,2946993,28,,left,saccade,7.0,,,,761.903,179.845,919.047,48.888999999999996,,,
26,2947017,264,2.916833333333333,right,fixation,,7.0,948.5072238805968,48.240104477611894,,,,,0.0,,
27,2947025,256,2.91778125,left,fixation,8.0,,951.758461538461,44.23693846153849,,,,,1.0,3.5449729390911915,13.034835058411836
28,2947285,28,,left,saccade,8.0,,,,953.7919999999999,48.802,826.357,156.058,,,
29,2947285,28,,right,saccade,,7.0,,,957.4,27.586,814.99,152.888,,,
30,2947317,272,2.9022279411764704,right,fixation,,8.0,815.5858985507249,180.54886956521702,,,,,2.0,11.015969235961006,27.21182316883317
31,2947317,524,2.908412213740458,left,fixation,9.0,,797.500621212122,163.885818181818,,,,,1.0,14.530690353141813,43.735966537850715
32,2947593,0,,right,saccade,,8.0,,,767.2819999999997,181.12099999999998,767.2819999999997,181.12099999999998,,,
33,2947597,240,2.915091666666667,right,fixation,,9.0,756.607360655737,170.273655737705,,,,,1.0,5.267503145598401,14.286019914587865
34,2947841,16,,right,saccade,,9.0,,,754.164,163.625,806.7710000000003,160.572,,,
35,2947845,16,,left,saccade,9.0,,,,761.405,175.049,824.794,175.175,,,
36,2947861,196,2.960010204081633,right,fixation,,10.0,838.60388,180.70432,,,,,1.0,5.350660626398281,11.957609543717275
37,2947865,192,2.9605416666666664,left,fixation,10.0,,827.6769591836729,173.07773469387797,,,,,1.0,6.4271697784570145,12.122107778765136
38,2948061,40,,right,saccade,,10.0,,,859.6439999999999,189.011,1328.059,87.714,,,
39,2948061,44,,left,saccade,10.0,,,,823.1460000000003,165.40099999999995,1342.745,81.58,,,
40,2948105,444,3.0969009009009008,right,fixation,,11.0,1395.77461607143,47.2928571428572,,,,,4.0,8.580652781170366,34.39772331492641
41,2948109,436,3.0972522935779816,left,fixation,11.0,,1404.60120909091,69.8695727272727,,,,,3.0,7.828705836077847,20.32493906754327
42,2948549,60,,left,saccade,11.0,,,,1443.4389999999999,79.915,612.187,224.666,,,
43,2948553,48,,right,saccade,,11.0,,,1388.5479999999998,6.205,633.294,174.847,,,
44,2948605,140,3.0652142857142857,right,fixation,,12.0,615.0125,212.32641666666697,,,,,2.0,6.052339866096611,12.776993102817222
45,2948613,116,3.064379310344828,left,fixation,12.0,,618.2299,239.5466,,,,,2.0,4.39888767521131,11.857470955160398
46,2948733,20,,left,saccade,12.0,,,,635.431,216.282,543.382,204.44400000000002,,,
47,2948749,4,,right,saccade,,12.0,,,572.7909999999998,214.108,567.03,206.75099999999998,,,
48,2948757,412,3.0648106796116505,left,fixation,13.0,,536.063076923077,200.170625,,,,,2.0,4.420036988570882,6.973573548589152
49,2948757,420,3.0645571428571428,right,fixation,,13.0,531.855,193.419801886792,,,,,1.0,5.465097297598843,2.6669797524541057
50,2949173,20,,left,saccade,13.0,,,,545.972,208.00799999999998,461.848,202.59099999999998,,,
51,2949181,12,,right,saccade,,13.0,,,502.116,202.172,450.30199999999996,202.172,,,
52,2949197,868,3.06380829015544,left,fixation,14.0,,452.2843761467889,177.70520183486198,,,,,3.0,4.8882023431192545,12.746715387066699
53,2949197,868,3.06380829015544,right,fixation,,14.0,435.370004587156,170.429756880734,,,,,1.0,6.263353053454841,19.82129372669708
54,2950069,44,,left,saccade,14.0,,,,443.986,184.52200000000002,417.24300000000005,183.011,,,
55,2950069,40,,right,saccade,,14.0,,,405.19599999999997,194.046,405.126,182.39,,,
56,2950189,72,,right,fixation,,15.0,417.552368421053,193.521473684211,,,,,0.0,,
57,2950201,60,,left,fixation,15.0,,416.86075,204.47125,,,,,0.0,,
58,2950265,40,,left,saccade,15.0,,,,429.38699999999994,218.127,391.656,701.488,,,
59,2950265,40,,right,saccade,,15.0,,,423.754,204.217,380.87199999999996,685.507,,,
60,2950309,132,3.0993426846590912,left,fixation,16.0,,385.4573823529409,721.999941176471,,,,,2.0,4.778701226156033,9.94754354688175
61,2950309,132,3.0993426846590912,right,fixation,,16.0,367.712235294118,706.0563235294119,,,,,1.0,8.791754789447786,18.835462325093147
62,2950445,20,,left,saccade,16.0,,,,382.027,738.585,394.481,826.778,,,
63,2950445,24,,right,saccade,,16.0,,,358.602,720.7310000000001,379.155,832.798,,,
64,2950469,296,3.050783783783784,left,fixation,17.0,,398.41084,845.9882133333342,,,,,3.0,4.124288011561457,10.705319381495118
65,2950473,292,3.0502534246575337,right,fixation,,17.0,392.268189189189,830.849513513513,,,,,0.0,,
66,2950769,40,,right,saccade,,17.0,,,386.05699999999996,836.383,454.48900000000003,184.24900000000002,,,
67,2950769,44,,left,saccade,17.0,,,,389.92199999999997,861.1360000000003,433.528,199.53400000000002,,,
68,2950813,424,2.9481981132075474,right,fixation,,18.0,448.924401869159,164.551186915888,,,,,1.0,6.946970966623603,13.600870744184014
69,2950817,412,2.9481747572815538,left,fixation,18.0,,456.593567307692,178.237567307692,,,,,3.0,4.501781070540859,16.502841482221672
70,2951233,16,,left,saccade,18.0,,,,456.279,194.05599999999998,530.284,192.666,,,
71,2951241,8,,right,saccade,,18.0,,,453.658,158.71200000000005,481.079,165.088,,,
72,2951253,276,2.9380942028985517,left,fixation,19.0,,533.967071428571,189.790371428571,,,,,0.0,,
73,2951253,276,2.9380942028985517,right,fixation,,19.0,513.0342857142859,181.99108571428602,,,,,0.0,,
74,2951533,44,,left,saccade,19.0,,,,525.778,198.55,368.2,805.0319999999997,,,
75,2951533,44,,right,saccade,,19.0,,,520.977,183.512,358.69300000000015,798.2689999999999,,,
76,2951581,212,3.0606037735849045,right,fixation,,20.0,347.90964814814794,821.313703703703,,,,,2.0,6.238051531603116,17.99955587570173
77,2951581,216,3.0614351851851853,left,fixation,20.0,,362.594872727273,842.7770545454539,,,,,1.0,8.564574849991732,25.969552653058987
78,2951797,64,,right,saccade,,20.0,,,357.63300000000015,825.717,517.003,255.765,,,
79,2951801,64,,left,saccade,20.0,,,,367.60699999999997,838.74,514.3530000000002,268.689,,,
80,2951865,124,3.119625,right,fixation,,21.0,523.71140625,282.12028125,,,,,0.0,,
81,2951869,452,3.1146184210526315,left,fixation,21.0,,531.424087719298,199.706114035088,,,,,2.0,10.211855142581332,26.886934733148355
82,2951993,12,,right,saccade,,21.0,,,528.544,266.16700000000003,525.9,228.388,,,
83,2952009,308,3.1143636363636364,right,fixation,,22.0,515.456205128205,207.861730769231,,,,,0.0,,
84,2952321,32,,right,saccade,,22.0,,,514.085,206.08599999999998,902.6410000000001,72.256,,,
85,2952325,36,,left,saccade,21.0,,,,527.235,183.858,905.752,35.059,,,
86,2952357,232,3.155359649122808,right,fixation,,23.0,934.988440677966,61.8974237288136,,,,,0.0,,
87,2952365,224,3.1557090909090912,left,fixation,22.0,,931.27698245614,40.4295263157895,,,,,0.0,,
88,2952593,32,,left,saccade,22.0,,,,920.2860000000001,38.903,510.142,141.533,,,
89,2952593,32,,right,saccade,,23.0,,,942.8489999999999,58.445,506.30699999999996,148.106,,,
90,2952629,540,3.1246250000000004,left,fixation,23.0,,518.35755882353,182.829963235294,,,,,3.0,4.933965108745677,15.285597806744507
91,2952629,548,3.1242681159420287,right,fixation,,24.0,508.773246376811,206.310217391304,,,,,1.0,4.118882972899858,10.770692688959294
92,2953173,16,,left,saccade,23.0,,,,524.955,182.067,464.462,182.067,,,
93,2953181,8,,right,saccade,,24.0,,,501.879,230.235,473.87699999999995,228.208,,,
94,2953193,384,3.0899687500000006,left,fixation,24.0,,450.668268041237,171.87593814432998,,,,,3.0,3.876287435162734,14.165317125777685
95,2953193,384,3.0899687500000006,right,fixation,,25.0,454.10464948453597,174.650845360825,,,,,0.0,,
96,2953581,24,,left,saccade,24.0,,,,439.791,144.60399999999996,648.966,154.822,,,
97,2953581,24,,right,saccade,,25.0,,,468.025,177.24200000000005,650.55,175.67,,,
98,2953609,792,3.1332550505050505,left,fixation,25.0,,633.157346733668,180.886010050251,,,,,8.0,5.330633172304427,19.001661622029616
99,2953609,1076,3.130410780669145,right,fixation,,26.0,622.231114814815,201.948662962963,,,,,4.0,6.291805899271472,15.00865215207082
100,2954405,12,,left,saccade,25.0,,,,633.659,185.69299999999998,580.845,189.065,,,
101,2954421,968,3.1339524793388427,left,fixation,26.0,,691.652781893004,184.434572016461,,,,,8.0,7.2705347134699,22.36666860054596
102,2954689,12,,right,saccade,,26.0,,,586.971,221.265,634.964,216.018,,,
103,2954705,100,3.1739,right,fixation,,27.0,649.8451538461541,176.30238461538502,,,,,1.0,8.628407837229037,24.12317893645036
104,2954809,16,,right,saccade,,27.0,,,650.764,171.75799999999995,711.035,191.47,,,
105,2954829,560,3.1295464285714285,right,fixation,,28.0,740.907113475177,191.59628368794301,,,,,7.0,6.60930060116756,24.485353126609358
106,2955393,20,,left,saccade,26.0,,,,749.1360000000003,175.544,637.058,182.77700000000002,,,
107,2955393,20,,right,saccade,,28.0,,,737.826,196.144,628.725,191.18599999999998,,,
108,2955417,380,3.06851052631579,left,fixation,27.0,,643.38665625,196.84446875,,,,,4.0,4.187329760466814,14.113800992346507
109,2955417,384,3.068453125,right,fixation,,29.0,623.146432989691,196.111453608247,,,,,0.0,,
110,2955801,20,,left,saccade,27.0,,,,636.225,198.59400000000002,543.934,195.641,,,
111,2955805,20,,right,saccade,,29.0,,,621.274,206.793,518.382,218.115,,,
112,2955825,232,3.0359741379310345,left,fixation,28.0,,540.787474576272,192.472627118644,,,,,0.0,,
113,2955829,228,3.0355087719298246,right,fixation,,30.0,516.141517241379,231.20903448275902,,,,,0.0,,
114,2956061,8,,left,saccade,28.0,,,,530.682,199.91299999999998,495.11699999999996,199.33599999999998,,,
115,2956061,12,,right,saccade,,30.0,,,527.812,232.347,480.246,221.832,,,
116,2956073,480,3.0140416666666665,left,fixation,29.0,,478.18056198347085,167.111752066116,,,,,0.0,,
117,2956077,476,3.0141596638655463,right,fixation,,31.0,449.685375,169.21785,,,,,1.0,5.923333251266175,12.26316932933733
118,2956557,8,,right,saccade,,31.0,,,448.606,155.709,472.9,164.396,,,
119,2956557,16,,left,saccade,29.0,,,,474.083,164.954,531.7769999999998,171.158,,,
120,2956569,375,3.0105430107526883,right,fixation,,32.0,522.1091157894731,198.92828421052602,,,,,4.0,5.213117416765924,14.542271852753988
121,2956577,351,3.010201149425287,left,fixation,30.0,,535.676325842697,179.521078651685,,,,,0.0,,
122,2956932,20,,left,saccade,30.0,,,,528.239,173.47299999999996,454.879,174.21099999999996,,,
123,2956948,4,,right,saccade,,32.0,,,469.86199999999997,204.345,466.375,198.457,,,
124,2956956,273,3.044449275362319,left,fixation,31.0,,456.653260869565,160.824695652174,,,,,1.0,4.0098556534009,12.310503360951545
125,2956956,273,3.044449275362319,right,fixation,,33.0,435.88968115942004,145.242333333333,,,,,1.0,6.847077991944996,12.62211460096917
126,2957233,20,,left,saccade,31.0,,,,454.157,146.119,569.634,161.455,,,
127,2957233,20,,right,saccade,,33.0,,,423.11400000000003,135.007,584.21,144.621,,,
128,2957257,384,3.021041666666666,left,fixation,32.0,,611.054927835051,195.318577319588,,,,,3.0,3.9999067492670606,8.440575033128782
129,2957257,384,3.021041666666666,right,fixation,,34.0,606.057762886598,214.75,,,,,2.0,4.7976755607953026,15.238840044759181
130,2957645,20,,left,saccade,32.0,,,,619.7040000000002,219.46200000000002,726.7660000000003,213.173,,,
131,2957645,20,,right,saccade,,34.0,,,625.9119999999998,227.22299999999998,728.613,214.87,,,
132,2957669,432,3.000226851851852,right,fixation,,35.0,723.451908256881,181.029110091743,,,,,0.0,,
133,2957669,436,3.0002385321100915,left,fixation,33.0,,734.601390909091,185.752336363636,,,,,2.0,4.224217441852912,13.186233067216468
134,2958105,24,,right,saccade,,35.0,,,717.7589999999999,179.304,587.269,184.585,,,
135,2958109,20,,left,saccade,33.0,,,,720.082,184.74400000000003,575.619,200.558,,,
136,2958133,268,3.0203134328358208,right,fixation,,36.0,600.872838235294,226.199911764706,,,,,1.0,12.076545276094295,27.531471319201177
137,2958133,368,3.0257554347826088,left,fixation,34.0,,624.169086021505,209.51388172043,,,,,2.0,8.758824205308349,26.980250922526864
138,2958405,8,,right,saccade,,36.0,,,630.707,225.703,636.021,202.356,,,
139,2958417,80,3.04315,right,fixation,,37.0,634.131809523809,171.83900000000003,,,,,0.0,,
140,2958501,24,,right,saccade,,37.0,,,634.091,173.511,817.425,179.56400000000005,,,
141,2958505,20,,left,saccade,34.0,,,,665.799,187.938,821.56,193.643,,,
142,2958529,424,3.0554433962264147,left,fixation,35.0,,842.106635514019,193.432775700934,,,,,2.0,3.7094690248106263,13.249809070271278
143,2958529,428,3.0557289719626164,right,fixation,,38.0,833.3553425925929,188.512611111111,,,,,3.0,8.036951538725354,23.66827681984891
144,2958957,23,,left,saccade,35.0,,,,839.785,181.766,591.11,198.40200000000002,,,
145,2958960,24,,right,saccade,,38.0,,,816.2769999999997,211.113,549.312,196.02900000000002,,,
146,2958984,396,3.031601010101009,left,fixation,36.0,,555.9301,192.24016,,,,,2.0,5.332341831165019,14.452148015578532
147,2958988,385,3.0313247422680414,right,fixation,,39.0,532.540608247423,229.18112371133998,,,,,2.0,7.888071152129741,27.727531708930112
148,2959376,20,,right,saccade,,39.0,,,504.494,252.13099999999997,612.126,239.386,,,
149,2959384,16,,left,saccade,36.0,,,,559.768,181.88,609.9,181.88,,,
150,2959400,268,3.048410447761194,right,fixation,,40.0,616.704294117647,201.836705882353,,,,,1.0,6.094545705884154,11.947073825837135
151,2959404,264,3.048621212121212,left,fixation,37.0,,627.642656716418,184.331492537313,,,,,1.0,4.014195218222446,8.590992142936662
152,2959672,16,,left,saccade,37.0,,,,630.35,176.21900000000005,715.495,176.00400000000005,,,
153,2959672,20,,right,saccade,,40.0,,,620.393,189.7,716.18,178.078,,,
154,2959692,713,3.01895251396648,left,fixation,38.0,,745.2864134078212,182.396268156425,,,,,1.0,3.0927045786998915,7.253166549859412
155,2959696,713,3.0188268156424574,right,fixation,,41.0,737.980916201118,160.384770949721,,,,,1.0,5.521343405367952,19.57212574045037
156,2960409,20,,left,saccade,38.0,,,,766.175,186.419,663.475,191.334,,,
157,2960413,20,,right,saccade,,41.0,,,736.8760000000003,166.297,610.387,166.297,,,
158,2960433,307,3.030138853765528,left,fixation,39.0,,658.948064102564,167.651576923077,,,,,3.0,5.08838121369768,21.06282271347885
159,2960437,303,3.030544046238692,right,fixation,,42.0,605.729623376623,168.67041558441602,,,,,1.0,4.873852827988241,14.765391224075318
160,2960744,40,,left,saccade,39.0,,,,637.561,171.201,643.602,132.852,,,
161,2960744,44,,right,saccade,,42.0,,,623.695,195.743,626.933,152.341,,,
162,2960864,356,3.0374600903614457,right,fixation,,43.0,623.372611111111,162.382866666667,,,,,0.0,,
163,2960868,352,3.0374600903614457,left,fixation,40.0,,635.607426966292,171.409820224719,,,,,2.0,6.131729615563017,31.211999806474882
164,2961224,20,,left,saccade,40.0,,,,634.775,174.003,791.835,177.53,,,
165,2961224,24,,right,saccade,,43.0,,,639.194,166.622,812.55,163.154,,,
166,2961248,876,2.9592031963470316,left,fixation,41.0,,786.785713636364,183.27384545454498,,,,,1.0,10.004760280875177,25.67854096322446
167,2961252,872,2.958926605504588,right,fixation,,44.0,776.108196347032,182.24495890411,,,,,3.0,5.260359450633903,16.87385972809206
168,2962128,24,,left,saccade,41.0,,,,759.684,174.17700000000005,639.186,182.05200000000002,,,
169,2962128,24,,right,saccade,,44.0,,,752.183,170.062,638.256,168.21900000000005,,,
170,2962156,280,3.007957142857143,left,fixation,42.0,,638.777690140845,182.294042253521,,,,,0.0,,
171,2962156,284,3.0081830985915494,right,fixation,,45.0,628.929875,162.388527777778,,,,,0.0,,
172,2962440,20,,left,saccade,42.0,,,,644.668,172.53400000000005,563.744,170.998,,,
173,2962444,16,,right,saccade,,45.0,,,618.783,165.805,542.993,166.544,,,
174,2962464,412,3.061582524271844,right,fixation,,46.0,522.573490384616,178.29160576923096,,,,,1.0,4.511538555624798,7.10793500251657
175,2962464,1728,3.07846412037037,left,fixation,43.0,,481.101572748268,189.867436489607,,,,,5.0,6.818612747668627,23.522455638911413
176,2962880,20,,right,saccade,,46.0,,,512.658,176.821,444.783,169.864,,,
177,2962904,1720,3.0924732558139536,right,fixation,,47.0,453.664020881671,165.69226450116003,,,,,1.0,15.0196956036991,36.0252759739603
178,2964196,16,,left,saccade,43.0,,,,464.13599999999997,203.388,520.928,196.135,,,
179,2964216,408,3.1191421568627447,left,fixation,44.0,,525.5515242718441,184.747048543689,,,,,0.0,,
180,2964628,20,,left,saccade,44.0,,,,529.5840000000002,173.75,618.633,173.93599999999995,,,
181,2964628,20,,right,saccade,,47.0,,,519.555,168.315,627.493,165.106,,,
182,2964652,220,3.1062636363636367,left,fixation,45.0,,627.230714285714,161.885607142857,,,,,0.0,,
183,2964652,460,3.072782608695652,right,fixation,,48.0,583.379094827586,170.11911206896602,,,,,2.0,13.277907864124858,27.669783268263753
184,2964876,16,,left,saccade,45.0,,,,629.604,150.776,566.663,158.887,,,
185,2964896,208,3.038721153846154,left,fixation,46.0,,571.458188679246,178.185226415094,,,,,0.0,,
186,2965108,20,,left,saccade,46.0,,,,568.475,173.43099999999995,631.753,157.843,,,
187,2965116,8,,right,saccade,,48.0,,,571.117,172.78799999999995,598.1659999999998,169.18400000000003,,,
188,2965128,980,3.007383673469388,right,fixation,,49.0,607.491731707317,166.904654471545,,,,,1.0,4.752183547825392,7.465564948481795
189,2965132,976,3.0073278688524594,left,fixation,47.0,,634.003032653061,158.145828571429,,,,,0.0,,
190,2966112,20,,left,saccade,47.0,,,,627.536,164.898,723.887,167.472,,,
191,2966112,20,,right,saccade,,49.0,,,617.124,167.58599999999996,731.03,172.642,,,
192,2966136,608,3.028516339869281,right,fixation,,50.0,737.0169803921567,165.00701307189502,,,,,1.0,5.309280454491387,12.854899844028349
193,2966136,1536,3.0116454545454547,left,fixation,48.0,,801.452825974025,180.227350649351,,,,,3.0,7.802902858080635,24.065873224222532
194,2966748,20,,right,saccade,,50.0,,,748.852,156.173,826.192,157.17700000000005,,,
195,2966772,904,3.0003584070796463,right,fixation,,51.0,819.1604933920711,176.042303964758,,,,,6.0,5.56243195781186,17.21542901627357
196,2967676,20,,left,saccade,48.0,,,,845.1089999999997,187.81,767.694,184.71900000000002,,,
197,2967680,16,,right,saccade,,51.0,,,815.0889999999997,174.833,750.548,168.303,,,
198,2967700,252,3.055217741935484,left,fixation,49.0,,755.700171875,175.3131875,,,,,0.0,,
199,2967700,252,3.055217741935484,right,fixation,,52.0,742.28396875,153.483984375,,,,,1.0,3.8000546670044435,7.991316287070561
200,2967956,20,,left,saccade,49.0,,,,751.84,176.113,629.783,183.717,,,
201,2967956,20,,right,saccade,,52.0,,,751.279,146.692,638.872,159.839,,,
202,2967980,208,3.088056603773585,left,fixation,50.0,,644.176547169811,172.564132075472,,,,,0.0,,
203,2967980,208,3.088056603773585,right,fixation,,53.0,640.220320754717,163.23520754716998,,,,,0.0,,
204,2968192,20,,left,saccade,50.0,,,,644.442,168.916,535.361,167.07299999999995,,,
205,2968192,20,,right,saccade,,53.0,,,637.127,159.85399999999996,524.9,170.736,,,
206,2968216,584,3.041027586206897,left,fixation,51.0,,535.251428571429,174.319095238095,,,,,2.0,4.389206146797322,13.00918696100211
207,2968216,584,3.041027586206897,right,fixation,,54.0,522.835591836735,172.15556462585,,,,,0.0,,
208,2968804,12,,left,saccade,51.0,,,,511.82099999999997,169.94799999999995,465.62,172.502,,,
209,2968804,12,,right,saccade,,54.0,,,509.25,183.06799999999998,452.941,184.173,,,
210,2968820,312,2.9516708860759486,left,fixation,52.0,,467.177924050633,199.218784810127,,,,,1.0,6.032508691341535,10.231380600876884
211,2968820,312,2.9516708860759486,right,fixation,,55.0,440.843455696202,194.98365822784803,,,,,1.0,3.9602178987469223,6.1155697199851575
212,2969136,24,,right,saccade,,55.0,,,435.6,195.77599999999998,625.9019999999998,186.76,,,
213,2969136,28,,left,saccade,52.0,,,,451.30699999999996,193.425,632.5880000000002,175.33599999999996,,,
214,2969164,336,2.899315476190476,right,fixation,,56.0,626.577682352941,181.99909411764702,,,,,0.0,,
215,2969168,336,2.8989523809523807,left,fixation,53.0,,632.004588235294,161.739494117647,,,,,1.0,3.7286790407447055,8.101432589363457
216,2969504,24,,right,saccade,,56.0,,,628.855,175.153,751.137,169.74900000000005,,,
217,2969508,20,,left,saccade,53.0,,,,617.434,154.175,733.867,153.808,,,
218,2969532,332,2.9007710843373493,left,fixation,54.0,,745.429202380952,160.80594047619,,,,,0.0,,
219,2969532,332,2.9007710843373493,right,fixation,,57.0,745.595988095238,162.293654761905,,,,,0.0,,
220,2969868,20,,left,saccade,54.0,,,,760.317,169.92,553.288,178.86900000000003,,,
221,2969868,24,,right,saccade,,57.0,,,747.9730000000003,164.983,527.521,171.47299999999996,,,
222,2969892,280,2.8935928571428566,left,fixation,55.0,,543.640746478873,184.676661971831,,,,,0.0,,
223,2969896,712,2.901525280898877,right,fixation,,58.0,473.43353631284896,183.790536312849,,,,,2.0,11.37840409646686,35.928938093185344
224,2970176,20,,left,saccade,55.0,,,,535.553,186.88299999999998,466.68300000000005,186.88299999999998,,,
225,2970200,412,2.90771359223301,left,fixation,56.0,,471.15430769230795,201.21152884615398,,,,,0.0,,
226,2970612,24,,right,saccade,,58.0,,,445.358,196.94400000000002,586.399,178.243,,,
227,2970616,20,,left,saccade,56.0,,,,482.23400000000004,208.77900000000002,593.115,184.96,,,
228,2970640,572,2.9437517482517483,left,fixation,57.0,,617.661229166666,145.99207638888902,,,,,2.0,4.55074193762934,12.103245542771251
229,2970640,572,2.9437517482517483,right,fixation,,59.0,604.607083333334,168.783979166667,,,,,1.0,10.980753395777967,39.18670603661399
230,2971216,20,,left,saccade,57.0,,,,630.587,149.082,752.712,148.023,,,
231,2971216,20,,right,saccade,,59.0,,,617.8240000000002,164.34400000000005,758.1239999999997,169.19,,,
232,2971240,576,2.9605069444444445,left,fixation,58.0,,762.651455172414,168.705372413793,,,,,1.0,17.184644308218882,49.345171354449604
233,2971240,952,2.9602857142857144,right,fixation,,60.0,779.357531380753,168.026857740586,,,,,2.0,13.348166573245418,21.230707629598502
234,2971820,0,,left,saccade,58.0,,,,798.284,178.68900000000005,798.284,178.68900000000005,,,
235,2971824,368,2.960097826086957,left,fixation,59.0,,824.964107526882,194.58417204301102,,,,,3.0,5.006553477724741,16.982844008907445
236,2972196,28,,left,saccade,59.0,,,,815.352,188.58599999999998,493.92800000000005,198.25400000000002,,,
237,2972196,28,,right,saccade,,60.0,,,806.187,166.796,488.92,187.428,,,
238,2972228,351,2.9264425287356315,left,fixation,60.0,,485.754471910112,211.63321348314602,,,,,2.0,8.218036178505889,29.101434706936676
239,2972228,355,2.9265795454545454,right,fixation,,61.0,467.1299,195.71677777777802,,,,,1.0,7.666765189584337,28.514614112766772
240,2972583,16,,left,saccade,60.0,,,,452.208,194.082,516.529,195.305,,,
241,2972587,8,,right,saccade,,61.0,,,448.665,173.81400000000005,485.772,175.46,,,
242,2972599,896,2.8821361607142855,right,fixation,,62.0,449.8466622222229,178.246448888889,,,,,5.0,13.635250277389385,36.469821134097046
243,2972603,376,2.884670212765957,left,fixation,61.0,,519.448031578948,203.50334736842098,,,,,0.0,,
244,2972983,16,,left,saccade,61.0,,,,516.029,184.959,455.116,184.43400000000003,,,
245,2973003,492,2.879735772357724,left,fixation,62.0,,429.866153225807,189.622564516129,,,,,4.0,9.7228489284323,23.407627647673863
246,2973499,56,,left,saccade,62.0,,,,405.014,171.247,1306.587,182.592,,,
247,2973499,56,,right,saccade,,62.0,,,370.416,148.266,1293.4589999999996,173.707,,,
248,2973559,848,2.8788655660377365,left,fixation,63.0,,1339.19024882629,152.885680751174,,,,,3.0,4.9704517071809455,14.036594887841785
249,2973559,852,2.8787605633802817,right,fixation,,63.0,1311.00529439252,176.34981775700905,,,,,0.0,,
250,2974411,48,,left,saccade,63.0,,,,1325.66,180.97400000000002,560.536,277.60400000000004,,,
251,2974415,48,,right,saccade,,63.0,,,1332.1270000000004,169.544,547.9169999999998,278.107,,,
252,2974463,280,2.933267605633803,left,fixation,64.0,,534.417633802817,300.28664788732397,,,,,1.0,5.954558202661947,23.642815779851535
253,2974467,276,2.9343214285714283,right,fixation,,64.0,528.602071428572,294.824071428571,,,,,1.0,5.8220965987825615,15.84086140334536
254,2974747,20,,left,saccade,64.0,,,,541.5790000000002,310.971,461.824,315.224,,,
255,2974747,20,,right,saccade,,64.0,,,516.3,331.194,431.126,331.194,,,
256,2974771,1085,3.009290441176471,right,fixation,,65.0,428.6144375,341.769452205882,,,,,2.0,6.383756913045827,10.67023540878348
257,2974771,1089,3.0094798534798533,left,fixation,65.0,,446.325413919413,312.649846153846,,,,,0.0,,
258,2975860,20,,right,saccade,,65.0,,,422.074,367.496,478.64099999999996,358.912,,,
259,2975864,16,,left,saccade,65.0,,,,437.543,301.07099999999997,496.64300000000003,301.747,,,
260,2975884,195,3.040864583333333,right,fixation,,66.0,482.65552,340.80916,,,,,0.0,,
261,2975884,375,3.0346827956989246,left,fixation,66.0,,533.000031578947,313.170557894737,,,,,4.0,4.070251231659347,12.382924612562928
262,2976083,0,,right,saccade,,66.0,,,522.433,337.88599999999997,522.433,337.88599999999997,,,
263,2976087,172,3.0276627906976747,right,fixation,,67.0,539.403272727272,351.89347727272695,,,,,0.0,,
264,2976263,16,,left,saccade,66.0,,,,552.086,307.688,633.743,306.965,,,
265,2976263,20,,right,saccade,,67.0,,,542.225,352.75199999999984,619.659,348.772,,,
266,2976283,293,3.044263513513513,left,fixation,67.0,,634.098959459459,315.819567567568,,,,,0.0,,
267,2976287,289,3.0442739726027392,right,fixation,,68.0,635.4979589041089,350.07563013698615,,,,,1.0,8.075476215747969,12.704298052234137
268,2976580,20,,left,saccade,67.0,,,,630.242,310.94,744.398,312.139,,,
269,2976580,20,,right,saccade,,68.0,,,639.738,339.043,739.2410000000001,338.4190000000001,,,
270,2976604,267,3.0594242424242437,left,fixation,68.0,,749.5330735294119,338.671176470588,,,,,0.0,,
271,2976604,275,3.0596911764705887,right,fixation,,69.0,740.217271428572,354.309142857143,,,,,0.0,,
272,2976875,20,,left,saccade,68.0,,,,733.934,347.48400000000015,810.564,340.12,,,
273,2976883,8,,right,saccade,,69.0,,,747.915,344.457,775.3810000000003,347.31300000000016,,,
274,2976895,336,3.0557321428571433,right,fixation,,70.0,777.864141176471,344.69136470588205,,,,,2.0,4.903978516724837,7.626613496084915
275,2976899,324,3.0561604938271607,left,fixation,69.0,,798.699390243902,332.680658536585,,,,,3.0,7.562135360584869,23.11762412217093
276,2977227,20,,left,saccade,69.0,,,,775.2769999999997,349.309,857.007,347.024,,,
277,2977235,8,,right,saccade,,70.0,,,776.1419999999997,350.709,814.3810000000003,356.778,,,
278,2977247,368,3.0174168111893263,right,fixation,,71.0,837.874075268817,345.2003548387101,,,,,1.0,4.289435562453919,7.228453292371676
279,2977251,368,3.017279187116437,left,fixation,70.0,,862.0685698924741,348.23523655914,,,,,2.0,3.3495142820082164,7.545982721061589
280,2977619,40,,right,saccade,,71.0,,,844.7489999999997,348.776,842.709,295.551,,,
281,2977623,40,,left,saccade,70.0,,,,863.3330000000003,360.043,849.78,227.774,,,
282,2977743,112,2.9820792682926838,right,fixation,,72.0,836.9504827586211,328.155655172414,,,,,1.0,7.255444247061814,27.85016136398497
283,2977747,0,,left,fixation,71.0,,849.985,228.493,,,,,0.0,,
284,2977751,0,,left,saccade,71.0,,,,850.4119999999997,234.53799999999998,850.4119999999997,234.53799999999998,,,
285,2977755,0,,left,fixation,72.0,,850.4119999999997,263.822,,,,,0.0,,
286,2977759,4,,left,saccade,72.0,,,,850.4119999999997,274.14099999999996,850.4119999999997,278.508,,,
287,2977767,88,2.9820792682926838,left,fixation,73.0,,864.851217391304,314.33482608695704,,,,,3.0,5.199886425148212,19.4716209592635
288,2977859,20,,left,saccade,73.0,,,,871.6339999999999,346.70599999999996,746.622,339.49,,,
289,2977859,20,,right,saccade,,72.0,,,831.887,321.823,744.553,320.663,,,
290,2977883,200,2.9418899999999994,left,fixation,74.0,,747.597666666667,305.526509803922,,,,,0.0,,
291,2977883,200,2.9418899999999994,right,fixation,,73.0,735.5175098039218,319.911666666667,,,,,1.0,6.351501259544853,11.004687910158978
292,2978087,24,,left,saccade,74.0,,,,744.8389999999997,312.248,540.15,319.5440000000001,,,
293,2978087,28,,right,saccade,,73.0,,,736.4110000000003,335.43300000000005,484.411,341.785,,,
294,2978115,116,2.900620689655172,left,fixation,75.0,,519.232333333333,332.935333333333,,,,,1.0,5.1848611467532155,17.629763611574575
295,2978119,100,2.9009000000000005,right,fixation,,74.0,492.476,317.53715384615396,,,,,1.0,4.604754577849112,7.2442932022385635
296,2978223,16,,right,saccade,,74.0,,,510.904,320.642,457.514,322.999,,,
297,2978235,8,,left,saccade,75.0,,,,482.144,342.159,470.097,341.94199999999995,,,
298,2978243,544,2.8622058823529413,right,fixation,,75.0,415.32245255474487,318.614072992701,,,,,1.0,6.317269228076325,12.577604899184866
299,2978247,544,2.862220588235294,left,fixation,76.0,,449.3506569343071,316.506131386861,,,,,1.0,6.339030290807718,7.121975638823867
300,2978791,36,,right,saccade,,75.0,,,404.79,298.283,790.3910000000003,296.844,,,
301,2978795,32,,left,saccade,76.0,,,,453.907,324.3640000000001,787.523,323.534,,,
302,2978831,1268,3.0316309148264984,left,fixation,77.0,,855.773374213837,310.866044025157,,,,,9.0,6.905847040930532,29.124002742128464
303,2978831,1272,3.0323443396226413,right,fixation,,76.0,835.299053291536,336.127742946708,,,,,4.0,8.173827933103107,24.874833515390783
304,2980103,20,,left,saccade,77.0,,,,867.553,351.287,774.316,350.73,,,
305,2980107,20,,right,saccade,,76.0,,,862.695,357.522,750.8689999999997,348.39300000000014,,,
306,2980127,664,3.254024096385542,left,fixation,78.0,,760.454982035929,320.839023952096,,,,,1.0,6.534738662631336,15.887339613667278
307,2980131,660,3.254027272727273,right,fixation,,77.0,756.609602409639,339.98362048192797,,,,,2.0,5.076142440362618,14.119528558433988
308,2980795,20,,left,saccade,78.0,,,,757.1139999999997,308.339,603.827,310.536,,,
309,2980795,24,,right,saccade,,77.0,,,756.826,340.583,619.827,355.01800000000014,,,
310,2980819,340,3.1832470588235298,left,fixation,79.0,,604.659069767442,316.00880232558103,,,,,1.0,5.101493117488031,16.318565531320488
311,2980823,332,3.183138554216866,right,fixation,,78.0,611.4443809523809,346.946476190476,,,,,2.0,5.955259252553378,14.884816791033176
312,2981159,12,,right,saccade,,78.0,,,614.006,349.711,562.847,346.07099999999997,,,
313,2981163,8,,left,saccade,79.0,,,,589.225,325.265,555.664,329.121,,,
314,2981175,220,3.152172727272728,left,fixation,80.0,,542.151660714286,329.00332142857104,,,,,0.0,,
315,2981175,220,3.152172727272728,right,fixation,,79.0,551.469196428571,335.64475,,,,,0.0,,
316,2981399,20,,left,saccade,80.0,,,,534.385,323.981,422.776,322.625,,,
317,2981399,20,,right,saccade,,79.0,,,551.832,338.855,416.36,343.825,,,
318,2981423,708,3.0962556179775285,right,fixation,,80.0,421.288365168539,346.59789325842695,,,,,1.0,4.285710086373613,14.149331927691845
319,2981423,712,3.096153631284917,left,fixation,81.0,,441.702893854749,340.35189944134,,,,,0.0,,
320,2982135,28,,right,saccade,,80.0,,,429.02099999999996,352.569,788.041,354.827,,,
321,2982139,32,,left,saccade,81.0,,,,452.478,343.42199999999997,761.085,325.904,,,
322,2982167,764,3.0999319371727747,right,fixation,,81.0,840.557697916667,336.747760416667,,,,,4.0,5.6982681866770335,19.28849936347201
323,2982175,756,3.1001455026455025,left,fixation,82.0,,843.967405263158,321.30584210526297,,,,,9.0,5.303095027912574,14.846330467729885
324,2982935,40,,left,saccade,82.0,,,,878.925,330.58,1300.5510000000004,290.039,,,
325,2982935,40,,right,saccade,,81.0,,,863.154,344.661,1292.395,300.857,,,
326,2982979,256,3.0248046875,left,fixation,83.0,,1328.66876923077,273.812938461538,,,,,1.0,3.3204795043621678,9.038893405721778
327,2982979,256,3.0248046875,right,fixation,,82.0,1304.08681538462,271.236107692308,,,,,0.0,,
328,2983239,24,,left,saccade,83.0,,,,1331.3970000000004,278.695,1507.9560000000001,283.578,,,
329,2983239,24,,right,saccade,,82.0,,,1312.588,259.651,1514.261,266.203,,,
330,2983267,728,3.0344120879120875,left,fixation,84.0,,1530.7367759562806,293.619131147541,,,,,3.0,6.4961096933033184,26.855843688244125
331,2983267,728,3.0344120879120875,right,fixation,,83.0,1510.4393989071,247.283,,,,,0.0,,
332,2983999,44,,left,saccade,84.0,,,,1522.767,310.107,725.78,420.7,,,
333,2983999,48,,right,saccade,,83.0,,,1515.328,252.34799999999998,711.1560000000003,420.384,,,
334,2984047,132,3.1546060606060613,left,fixation,85.0,,714.5488529411771,433.616617647059,,,,,1.0,4.509693599471152,5.500737496008973
335,2984051,340,3.1557151162790693,right,fixation,,84.0,650.0804186046511,445.867279069768,,,,,2.0,11.756445879732494,32.48443954088498
336,2984183,20,,left,saccade,85.0,,,,702.688,446.717,643.813,461.656,,,
337,2984207,180,3.155966666666667,left,fixation,86.0,,631.232282608696,471.95858695652197,,,,,1.0,6.588811452842686,7.902239239608005
338,2984391,24,,left,saccade,86.0,,,,632.785,470.101,477.707,474.134,,,
339,2984395,20,,right,saccade,,84.0,,,595.116,466.81699999999995,503.79699999999997,464.216,,,
340,2984419,652,3.0844664003047764,left,fixation,87.0,,455.675518292683,474.525902439024,,,,,7.0,4.984111539569144,16.241058859930188
341,2984419,656,3.0844664003047764,right,fixation,,85.0,452.76349696969703,480.815127272728,,,,,3.0,7.2800950053086035,20.594005240656177
342,2985075,60,,left,saccade,87.0,,,,448.92900000000003,477.47,413.01199999999994,441.978,,,
343,2985079,48,,right,saccade,,85.0,,,421.098,477.519,401.285,448.86400000000003,,,
344,2985203,528,3.1281749078252807,right,fixation,,86.0,422.710857142857,471.832037593985,,,,,0.0,,
345,2985235,496,3.1281749078252807,left,fixation,88.0,,427.097088,476.36796799999996,,,,,1.0,6.1917475275114775,6.156370440446201
346,2985735,16,,right,saccade,,86.0,,,433.24800000000016,485.475,491.285,485.475,,,
347,2985735,20,,left,saccade,88.0,,,,437.62300000000016,493.586,519.101,500.879,,,
348,2985755,520,3.0302461538461536,right,fixation,,87.0,497.362351145038,492.2951679389309,,,,,1.0,5.01825016260095,16.614163987393436
349,2985759,508,3.029779527559055,left,fixation,89.0,,545.8345234375,493.773546875,,,,,3.0,5.264691546537303,18.352229285755282
350,2986271,20,,left,saccade,89.0,,,,539.357,481.996,466.156,487.233,,,
351,2986279,12,,right,saccade,,87.0,,,493.045,489.34,436.07,492.8,,,
352,2986295,508,3.054255905511811,left,fixation,90.0,,444.8237265625,478.58765625,,,,,0.0,,
353,2986295,520,3.0542653846153844,right,fixation,,88.0,426.39700763358803,487.45689312977095,,,,,0.0,,
354,2986807,20,,left,saccade,90.0,,,,449.61300000000006,486.92800000000005,523.725,485.265,,,
355,2986819,8,,right,saccade,,88.0,,,471.457,490.50300000000004,471.457,490.00699999999995,,,
356,2986831,903,3.103053333333334,right,fixation,,89.0,510.543969162995,478.2570881057261,,,,,2.0,8.816643570886576,21.504566257854577
357,2986831,911,3.1033458149779736,left,fixation,91.0,,542.848074235808,483.56615283842797,,,,,1.0,4.59200483933155,9.928867508432225
358,2987738,20,,right,saccade,,89.0,,,523.102,475.824,613.3330000000002,469.667,,,
359,2987746,12,,left,saccade,91.0,,,,571.245,483.48800000000006,621.566,484.034,,,
360,2987762,732,3.0970683060109288,left,fixation,92.0,,646.682081521739,481.110233695652,,,,,0.0,,
361,2987762,1992,3.09665562248996,right,fixation,,90.0,694.773927855713,485.872541082164,,,,,5.0,11.368024994386214,21.285023189230877
362,2988498,16,,left,saccade,92.0,,,,650.8290000000002,479.283,712.645,478.27,,,
363,2988518,1240,3.0981241935483865,left,fixation,93.0,,752.759234726688,472.242639871383,,,,,8.0,5.267518118817807,18.54900518251908
364,2989758,16,,right,saccade,,90.0,,,764.436,521.996,848.051,502.78,,,
365,2989762,16,,left,saccade,93.0,,,,777.422,502.832,844.456,493.23400000000004,,,
366,2989778,873,3.221803652968036,right,fixation,,91.0,858.156022831051,503.425493150685,,,,,1.0,5.058645978805875,7.77142522321358
367,2989782,869,3.2215756880733943,left,fixation,94.0,,862.204096330275,493.943967889908,,,,,1.0,4.514329099902056,7.4069054941992984
368,2990655,20,,left,saccade,94.0,,,,862.7260000000001,500.624,766.2289999999997,501.44199999999995,,,
369,2990655,20,,right,saccade,,91.0,,,857.302,492.285,763.706,481.333,,,
370,2990679,499,3.1632205128205126,left,fixation,95.0,,764.668,475.906452380952,,,,,2.0,4.70110385099727,12.496530005071854
371,2990679,499,3.1632205128205126,right,fixation,,92.0,738.70676984127,474.542920634921,,,,,1.0,3.8085555733841687,9.598437477006293
372,2991182,40,,left,saccade,95.0,,,,746.275,482.975,767.6189999999997,384.525,,,
373,2991182,57,,right,saccade,,92.0,,,708.268,481.936,742.8610000000001,447.779,,,
374,2991326,240,3.115364431942491,left,fixation,96.0,,754.0770327868851,446.166016393443,,,,,2.0,4.571478301806644,39.88254974425023
375,2991351,215,3.1153644319424916,right,fixation,,93.0,743.538436363636,471.14801818181803,,,,,0.0,,
376,2991570,16,,right,saccade,,93.0,,,755.242,470.102,823.799,472.009,,,
377,2991570,20,,left,saccade,96.0,,,,762.574,478.829,850.8889999999999,486.17699999999996,,,
378,2991590,244,3.1088606557377045,right,fixation,,94.0,856.468161290323,474.60016129032203,,,,,1.0,7.8056299411244225,21.241931009209328
379,2991594,244,3.1073934426229517,left,fixation,97.0,,851.866096774194,493.20122580645204,,,,,1.0,4.52959758452975,12.387093323294167
380,2991838,28,,right,saccade,,94.0,,,847.363,483.12699999999995,636.675,480.153,,,
381,2991842,24,,left,saccade,97.0,,,,850.273,492.55800000000005,638.369,487.89300000000003,,,
382,2991870,480,2.9995791666666665,left,fixation,98.0,,644.582140495868,484.073512396694,,,,,0.0,,
383,2991870,484,2.99948347107438,right,fixation,,95.0,632.8440491803279,481.332959016393,,,,,0.0,,
384,2992354,20,,left,saccade,98.0,,,,633.339,469.111,545.779,470.154,,,
385,2992358,16,,right,saccade,,95.0,,,614.431,484.955,538.0319999999998,486.37199999999996,,,
386,2992378,1016,3.0162411417322836,left,fixation,99.0,,552.785839215686,492.251847058824,,,,,4.0,64.90869900509239,199.0452537555901
387,2992378,1016,3.0162411417322836,right,fixation,,96.0,523.531423529412,488.335721568628,,,,,4.0,60.69855436062755,182.7059796867733
388,2993398,24,,left,saccade,99.0,,,,552.7180000000002,508.339,403.066,504.131,,,
389,2993398,24,,right,saccade,,96.0,,,527.054,495.959,416.07,484.1,,,
390,2993426,376,3.082698924731184,left,fixation,100.0,,426.565315789474,495.079631578947,,,,,0.0,,
391,2993426,376,3.082698924731184,right,fixation,,97.0,419.869968421052,479.9398,,,,,0.0,,
392,2993806,32,,right,saccade,,97.0,,,401.889,503.14099999999996,836.14,497.55400000000003,,,
393,2993806,36,,left,saccade,100.0,,,,431.894,475.87699999999995,835.565,478.101,,,
394,2993842,1236,3.1087281553398056,right,fixation,,98.0,833.7841838709669,482.656580645161,,,,,3.0,15.847172613780515,45.74106708826746
395,2993846,864,3.1103055555555565,left,fixation,101.0,,860.096497695852,484.042281105991,,,,,1.0,3.202500156128026,9.393421581085352
396,2994714,16,,left,saccade,101.0,,,,883.878,469.673,827.4830000000003,467.103,,,
397,2994734,344,3.104767441860465,left,fixation,102.0,,825.109689655173,464.661735632184,,,,,3.0,5.289731228642921,29.723159987110854
398,2995082,40,,right,saccade,,98.0,,,813.841,453.23,1387.8670000000006,440.04699999999997,,,
399,2995082,44,,left,saccade,102.0,,,,819.189,466.702,1402.999,444.423,,,
400,2995126,148,3.083486486486487,right,fixation,,99.0,1405.6054473684198,409.091131578947,,,,,0.0,,
401,2995130,148,3.0835945945945946,left,fixation,103.0,,1421.50326315789,420.59626315789495,,,,,1.0,6.017543287939228,13.62386743916706
402,2995278,20,,right,saccade,,99.0,,,1417.683,407.967,1520.8110000000001,421.478,,,
403,2995282,20,,left,saccade,103.0,,,,1426.2120000000002,422.315,1543.1789999999999,423.80199999999996,,,
404,2995302,836,3.0323714285714285,right,fixation,,100.0,1525.47321904762,421.9228047619049,,,,,5.0,4.289777742428974,9.81860529285304
405,2995306,832,3.03222009569378,left,fixation,104.0,,1546.5728181818201,430.982655502393,,,,,0.0,,
406,2996142,40,,left,saccade,104.0,,,,1529.6429999999998,446.31199999999995,954.432,461.789,,,
407,2996142,40,,right,saccade,,100.0,,,1510.6170000000006,433.032,933.725,464.695,,,
408,2996186,312,3.1030833333333336,left,fixation,105.0,,897.141202531646,479.963215189873,,,,,3.0,5.219283899536211,18.941759526934213
409,2996186,312,3.1030833333333336,right,fixation,,101.0,880.8813164556958,474.999037974684,,,,,2.0,6.645440364297175,23.86328123104756
410,2996502,20,,left,saccade,105.0,,,,879.293,492.47900000000004,749.7810000000003,494.809,,,
411,2996502,24,,right,saccade,,101.0,,,846.867,490.306,744.7330000000003,495.282,,,
412,2996526,504,3.114273622047244,left,fixation,106.0,,751.926149606299,489.482464566929,,,,,1.0,7.672213524212643,26.221507546287214
413,2996530,500,3.114327380952381,right,fixation,,102.0,730.206222222222,479.64126984127,,,,,5.0,5.778386782007457,13.873521977114947
414,2997034,24,,left,saccade,106.0,,,,760.416,494.639,606.184,494.99300000000005,,,
415,2997034,24,,right,saccade,,102.0,,,739.2689999999999,485.207,597.29,499.98,,,
416,2997062,160,3.120975,left,fixation,107.0,,613.412487804878,502.37687804878,,,,,0.0,,
417,2997062,516,3.1156782945736436,right,fixation,,103.0,532.892992307692,497.102761538461,,,,,1.0,8.411090172438351,23.403836629920306
418,2997226,16,,left,saccade,107.0,,,,618.015,506.81199999999995,560.827,505.478,,,
419,2997246,332,3.1133132530120484,left,fixation,108.0,,547.267488095238,479.7091666666671,,,,,2.0,4.142445827092509,10.722672285429448
420,2997582,20,,left,saccade,108.0,,,,544.471,490.445,478.105,568.347,,,
421,2997582,20,,right,saccade,,103.0,,,499.074,511.784,442.51300000000003,555.481,,,
422,2997606,808,3.096985148514851,left,fixation,109.0,,447.235729064039,598.103142857143,,,,,2.0,4.049762433627926,10.866759670426244
423,2997606,824,3.0962038834951446,right,fixation,,104.0,421.813067632851,583.797352657005,,,,,2.0,17.146310390915943,51.66121696805161
424,2998418,12,,left,saccade,109.0,,,,443.366,598.861,498.13599999999997,598.861,,,
425,2998434,0,,right,saccade,,104.0,,,480.949,600.611,480.949,600.611,,,
426,2998434,380,3.041636842105264,left,fixation,110.0,,535.771625,613.0345,,,,,2.0,4.0073755252026135,13.884852451647685
427,2998438,376,3.0415319148936164,right,fixation,,105.0,502.980821052631,603.750715789474,,,,,1.0,4.2508139253297825,6.629398539837486
428,2998818,20,,left,saccade,110.0,,,,525.9730000000002,612.435,397.608,615.3340000000002,,,
429,2998818,24,,right,saccade,,105.0,,,495.45099999999996,590.151,382.45300000000003,597.149,,,
430,2998842,596,2.9919078747628083,left,fixation,111.0,,424.2929266666671,622.92216,,,,,2.0,5.640213003844052,21.740764587301165
431,2998846,596,2.9916998087039683,right,fixation,,106.0,394.4378733333329,606.951613333334,,,,,1.0,6.608749934325295,23.88159358166867
432,2999442,40,,left,saccade,111.0,,,,439.656,614.486,414.05800000000005,584.067,,,
433,2999446,40,,right,saccade,,106.0,,,399.204,599.1759999999998,371.186,606.278,,,
434,2999562,284,3.027773390203632,right,fixation,,107.0,390.15516666666605,602.5613194444451,,,,,1.0,10.60962755917683,34.925867734388554
435,2999582,264,3.027773390203632,left,fixation,112.0,,416.20223880597,613.966656716418,,,,,1.0,5.76284516199344,16.48022524117913
436,2999850,20,,left,saccade,112.0,,,,426.93199999999996,615.47,520.37,620.216,,,
437,2999850,20,,right,saccade,,107.0,,,412.315,592.34,512.964,595.048,,,
438,2999874,648,2.9600740740740736,left,fixation,113.0,,535.201699386503,622.674779141105,,,,,0.0,,
439,2999874,648,2.9600740740740736,right,fixation,,108.0,494.483490797546,610.365061349694,,,,,3.0,4.062652461066025,8.232235128066469
440,3000526,20,,left,saccade,113.0,,,,519.516,631.6990000000002,642.941,631.306,,,
441,3000526,20,,right,saccade,,108.0,,,506.41,614.479,607.911,625.538,,,
442,3000550,548,3.0463613138686134,right,fixation,,109.0,604.437811594203,616.804934782609,,,,,4.0,5.1511557406350255,11.352649449508862
443,3000550,552,3.0469420289855083,left,fixation,114.0,,632.894460431654,628.97609352518,,,,,1.0,4.0602689634500315,10.777687785420346
444,3001102,20,,right,saccade,,109.0,,,631.192,608.183,704.8530000000003,607.351,,,
445,3001106,20,,left,saccade,114.0,,,,649.164,626.247,730.235,627.109,,,
446,3001126,528,3.199064393939393,right,fixation,,110.0,709.126736842105,617.042045112782,,,,,1.0,5.8037743107395,11.11959441706385
447,3001130,524,3.1995877862595417,left,fixation,115.0,,748.6912954545461,620.110446969697,,,,,1.0,4.193648931552438,10.565494640574226
448,3001658,16,,left,saccade,115.0,,,,735.3580000000003,621.4630000000002,649.5169999999998,621.105,,,
449,3001658,20,,right,saccade,,110.0,,,697.462,619.577,620.693,625.428,,,
450,3001678,807,3.191278606965174,left,fixation,116.0,,635.800630541872,615.570847290641,,,,,0.0,,
451,3001682,1475,3.162342391304348,right,fixation,,111.0,568.917543243243,611.929651351351,,,,,7.0,6.830190246218952,19.96306310571268
452,3002489,4,,left,saccade,116.0,,,,614.29,617.599,592.875,617.599,,,
453,3002497,664,3.1271385542168675,left,fixation,117.0,,546.913826347305,610.633976047904,,,,,2.0,3.819350719539572,10.943173937073038
454,3003161,20,,right,saccade,,111.0,,,504.98900000000003,621.112,591.261,621.158,,,
455,3003165,16,,left,saccade,117.0,,,,549.544,613.443,618.194,609.031,,,
456,3003185,540,3.064085185185185,left,fixation,118.0,,643.242213235294,613.4495073529409,,,,,0.0,,
457,3003185,540,3.064085185185185,right,fixation,,112.0,607.627227941176,616.369345588236,,,,,2.0,4.573788935668297,20.511300123187628
458,3003729,20,,left,saccade,118.0,,,,650.658,623.7769999999998,554.742,622.643,,,
459,3003729,20,,right,saccade,,112.0,,,648.008,616.132,505.477,618.101,,,
460,3003753,164,3.06209756097561,left,fixation,119.0,,553.935571428571,612.276976190476,,,,,0.0,,
461,3003753,176,3.0627159090909086,right,fixation,,113.0,491.09444444444506,602.759577777778,,,,,0.0,,
462,3003921,20,,left,saccade,119.0,,,,555.18,615.02,465.3,617.239,,,
463,3003933,12,,right,saccade,,113.0,,,477.844,602.535,433.47,604.028,,,
464,3003945,1812,3.026277041942605,left,fixation,120.0,,462.999625550661,620.825865638767,,,,,2.0,7.509810225780638,23.569033677951737
465,3003949,1432,3.02661312849162,right,fixation,,114.0,414.23902506963685,603.0362395543183,,,,,1.0,6.26067536736697,8.652000924641609
466,3005385,20,,right,saccade,,114.0,,,417.06800000000004,602.4630000000002,490.796,612.414,,,
467,3005409,348,3.0260862068965517,right,fixation,,115.0,489.627875,618.865590909091,,,,,1.0,4.554758796516514,12.00422925472523
468,3005761,20,,left,saccade,120.0,,,,524.595,633.284,665.0989999999998,634.5980000000002,,,
469,3005761,20,,right,saccade,,115.0,,,493.028,628.773,632.8340000000002,628.3580000000002,,,
470,3005785,464,3.029137931034483,right,fixation,,116.0,623.9353760683763,627.931222222222,,,,,0.0,,
471,3005785,468,3.0291538461538465,left,fixation,121.0,,653.350245762712,629.323152542373,,,,,0.0,,
472,3006253,16,,right,saccade,,116.0,,,634.557,626.418,704.539,626.581,,,
473,3006257,16,,left,saccade,121.0,,,,654.639,627.863,726.222,626.462,,,
474,3006273,800,3.0618875,right,fixation,,117.0,717.5330447761189,618.286955223881,,,,,2.0,4.549702828437999,11.526609630575926
475,3006277,796,3.062065326633166,left,fixation,122.0,,733.592705000001,621.60665,,,,,0.0,,
476,3007077,20,,left,saccade,122.0,,,,752.9939999999997,634.547,823.066,628.58,,,
477,3007077,20,,right,saccade,,117.0,,,722.164,621.903,808.434,619.3380000000002,,,
478,3007101,472,3.125735294117648,left,fixation,123.0,,833.9495714285713,613.760243697479,,,,,1.0,4.1618589763336,11.577666820218926
479,3007101,472,3.125735294117648,right,fixation,,118.0,813.661201680672,614.268697478991,,,,,2.0,6.080738047430294,14.276001946789053
480,3007577,28,,left,saccade,123.0,,,,846.1510000000003,606.933,569.335,613.518,,,
481,3007577,28,,right,saccade,,118.0,,,802.29,613.128,562.819,621.529,,,
482,3007609,356,3.0738011363636364,left,fixation,124.0,,557.161222222222,620.167066666667,,,,,4.0,4.515755785280527,10.562513817372476
483,3007609,364,3.0739777777777784,right,fixation,,119.0,532.869608695652,610.952945652174,,,,,2.0,10.792834005264703,24.43166239490832
484,3007969,20,,left,saccade,124.0,,,,517.105,614.648,456.202,617.076,,,
485,3007977,8,,right,saccade,,119.0,,,494.981,597.896,467.26099999999997,602.306,,,
486,3007989,820,3.051002427184466,right,fixation,,120.0,428.551912621359,598.550281553398,,,,,2.0,5.933595910392821,16.339642314131105
487,3007993,816,3.050887804878049,left,fixation,125.0,,449.86069756097504,615.8278878048783,,,,,6.0,4.951038693777632,16.44360578073925
488,3008813,16,,left,saccade,125.0,,,,445.19599999999997,624.164,525.54,622.339,,,
489,3008813,16,,right,saccade,,120.0,,,422.407,591.826,478.168,591.4209999999998,,,
490,3008833,480,3.0263125000000004,right,fixation,,121.0,503.04623140495795,604.134066115702,,,,,0.0,,
491,3008833,484,3.02609917355372,left,fixation,126.0,,542.450122950819,619.5348114754098,,,,,1.0,5.876594124150473,20.14251910759918
492,3009317,20,,right,saccade,,121.0,,,514.544,606.682,606.66,619.196,,,
493,3009321,16,,left,saccade,126.0,,,,568.254,624.653,626.485,624.653,,,
494,3009341,764,3.0196052631578945,left,fixation,127.0,,629.76028125,625.6813802083329,,,,,2.0,3.725592622282005,5.791059373910443
495,3009341,764,3.0196052631578945,right,fixation,,122.0,598.039989583333,620.369895833333,,,,,1.0,10.775068111411423,43.787459140717495
496,3010109,16,,left,saccade,127.0,,,,605.695,621.622,530.63,621.615,,,
497,3010109,20,,right,saccade,,122.0,,,576.809,616.264,504.405,613.524,,,
498,3010129,424,3.018900943396227,left,fixation,128.0,,541.4016261682241,618.573074766355,,,,,1.0,4.43540461012922,6.621907957681086
499,3010133,416,3.0189711538461537,right,fixation,,123.0,494.97520952380995,605.683704761905,,,,,1.0,4.78029831995638,6.6560512317739775
500,3010553,24,,right,saccade,,123.0,,,499.459,610.802,684.946,625.451,,,
501,3010557,20,,left,saccade,128.0,,,,543.09,620.799,681.5139999999999,627.065,,,
502,3010581,424,3.0675327102803736,right,fixation,,124.0,686.715831775701,629.894514018691,,,,,1.0,7.9226134647041135,40.17181419851501
503,3010581,428,3.0677685185185184,left,fixation,129.0,,706.929194444444,622.295768518519,,,,,2.0,5.7005871852977466,20.84211191634008
504,3011009,20,,right,saccade,,124.0,,,709.112,629.47,627.243,619.155,,,
505,3011013,16,,left,saccade,129.0,,,,735.765,624.563,663.5010000000002,629.337,,,
506,3011033,572,3.010702797202797,left,fixation,130.0,,647.172034722222,630.254416666666,,,,,1.0,4.439205459438801,13.777858251557145
507,3011033,572,3.010702797202797,right,fixation,,125.0,612.7418125,632.258951388889,,,,,3.0,6.060833624180923,17.6592682062312
508,3011609,16,,right,saccade,,125.0,,,601.6659999999998,633.5419999999998,674.2260000000001,631.19,,,
509,3011609,20,,left,saccade,130.0,,,,628.8480000000002,626.544,730.238,625.8380000000002,,,
510,3011629,212,3.0572592592592596,right,fixation,,126.0,688.789148148148,620.4785,,,,,1.0,6.403653317096064,16.209354120383672
511,3011633,204,3.0579134615384613,left,fixation,131.0,,726.82775,621.101096153846,,,,,0.0,,
512,3011841,20,,left,saccade,131.0,,,,709.0219999999997,627.0980000000002,639.847,634.347,,,
513,3011845,16,,right,saccade,,126.0,,,692.8910000000003,626.769,633.984,628.181,,,
514,3011865,320,3.0378437500000004,left,fixation,132.0,,626.788506172839,624.853666666667,,,,,0.0,,
515,3011865,320,3.0378437500000004,right,fixation,,127.0,602.6673086419751,627.555320987655,,,,,0.0,,
516,3012189,16,,right,saccade,,127.0,,,599.3969999999998,633.47,525.934,632.675,,,
517,3012189,20,,left,saccade,132.0,,,,625.202,622.21,534.808,619.317,,,
518,3012209,760,3.052318421052631,right,fixation,,128.0,507.919659685864,623.710863874345,,,,,3.0,3.654950068974204,8.428261806143668
519,3012213,756,3.0523174603174605,left,fixation,133.0,,537.44292631579,618.887352631579,,,,,1.0,3.467723897281561,10.157138278078056
520,3012973,20,,left,saccade,133.0,,,,510.222,619.216,635.808,618.69,,,
521,3012973,20,,right,saccade,,128.0,,,497.36,627.923,620.123,632.5790000000002,,,
522,3012997,344,3.053906976744187,left,fixation,134.0,,642.1540804597703,627.659770114942,,,,,0.0,,
523,3012997,344,3.053906976744187,right,fixation,,129.0,611.518505747126,624.941735632184,,,,,2.0,4.614257090381768,19.99660552497741
524,3013345,16,,left,saccade,134.0,,,,644.55,638.565,576.696,630.643,,,
525,3013345,20,,right,saccade,,129.0,,,619.39,617.9490000000002,502.38800000000003,616.106,,,
526,3013365,240,3.052766666666668,left,fixation,135.0,,567.660639344262,620.4748196721309,,,,,0.0,,
527,3013369,236,3.0528644067796606,right,fixation,,130.0,497.771866666667,610.270133333333,,,,,0.0,,
528,3013609,20,,right,saccade,,130.0,,,505.236,633.251,697.936,628.737,,,
529,3013609,24,,left,saccade,135.0,,,,552.818,623.365,732.972,627.255,,,
530,3013633,512,3.0834765625,right,fixation,,131.0,712.7058527131779,619.5406511627909,,,,,1.0,3.5035072348211607,9.163935890216461
531,3013637,512,3.08308984375,left,fixation,136.0,,729.298,618.21627131783,,,,,1.0,4.432650414192906,13.10540686129202
532,3014149,20,,right,saccade,,131.0,,,710.7810000000003,625.6,838.16,614.351,,,
533,3014153,24,,left,saccade,136.0,,,,736.515,635.637,875.285,625.815,,,
534,3014173,292,2.996294520547945,right,fixation,,132.0,832.6989864864861,604.102081081081,,,,,0.0,,
535,3014181,280,2.9955714285714286,left,fixation,137.0,,878.1829295774651,606.811281690141,,,,,1.0,4.442173495161046,9.830652572438982
536,3014465,28,,left,saccade,137.0,,,,879.065,602.679,560.682,622.9490000000002,,,
537,3014469,28,,right,saccade,,132.0,,,822.61,604.538,541.592,627.194,,,
538,3014497,436,2.984720183486239,left,fixation,138.0,,547.408381818182,622.642027272727,,,,,1.0,6.363893431784588,21.75246128602455
539,3014501,648,2.9894565217391307,right,fixation,,133.0,512.891748466258,611.6720122699389,,,,,1.0,6.784680656531383,28.87437909289139
540,3014937,12,,left,saccade,138.0,,,,545.905,629.294,496.29900000000004,618.861,,,
541,3014953,200,2.9992346938775505,left,fixation,139.0,,502.827294117647,599.856960784314,,,,,4.0,5.312201427183424,17.295530299759704
542,3015153,52,,right,saccade,,133.0,,,513.441,579.611,1259.239,576.977,,,
543,3015157,48,,left,saccade,139.0,,,,517.021,592.547,1268.45,563.0409999999998,,,
544,3015209,552,3.0433920863309347,left,fixation,140.0,,1360.1591942446,559.768776978417,,,,,4.0,8.482128884830024,24.622413274914337
545,3015209,556,3.043046428571428,right,fixation,,134.0,1332.93916428572,569.241028571429,,,,,3.0,11.041940318960528,30.21521889075386
546,3015765,44,,left,saccade,140.0,,,,1402.3970000000006,569.071,703.4860000000001,696.313,,,
547,3015769,44,,right,saccade,,134.0,,,1375.963,568.811,670.041,702.013,,,
548,3015813,180,3.031375,left,fixation,141.0,,686.165304347826,723.7174130434779,,,,,0.0,,
549,3015817,176,3.0312277777777776,right,fixation,,135.0,656.466222222222,706.750111111111,,,,,1.0,3.588773668601088,8.482100977941808
550,3015997,24,,left,saccade,141.0,,,,685.788,716.352,477.148,733.6619999999997,,,
551,3015997,24,,right,saccade,,135.0,,,655.7139999999997,704.7439999999997,452.728,716.465,,,
552,3016025,568,3.003894366197183,left,fixation,142.0,,441.01611188811205,732.1306923076918,,,,,4.0,5.009249635158304,15.42873457647089
553,3016025,568,3.003894366197183,right,fixation,,136.0,408.23525174825204,715.345349650349,,,,,2.0,5.647398533019456,13.735470560596545
554,3016597,44,,right,saccade,,136.0,,,380.908,702.3589999999997,883.059,118.764,,,
555,3016597,52,,left,saccade,142.0,,,,412.496,713.105,899.0830000000003,93.59899999999999,,,
556,3016645,375,3.0505376344086037,right,fixation,,137.0,922.3032526315781,63.5841473684211,,,,,3.0,6.295048366288972,18.13448403027097
557,3016653,367,3.0515879120879124,left,fixation,143.0,,921.163580645162,56.6224516129033,,,,,1.0,7.3869299084411235,38.1753796182828
558,3017024,49,,left,saccade,143.0,,,,939.0189999999999,43.706,492.912,695.1060000000001,,,
559,3017024,49,,right,saccade,,137.0,,,928.181,49.842,465.61800000000005,674.316,,,
560,3017077,655,3.0764154708213747,left,fixation,144.0,,457.37970303030295,732.4200181818179,,,,,2.0,5.75818080507073,19.131554683169906
561,3017077,655,3.0764154708213747,right,fixation,,138.0,434.534157575757,722.16276969697,,,,,2.0,8.846539770432534,29.275165059699496
562,3017736,40,,left,saccade,144.0,,,,430.42800000000005,729.71,390.921,743.0089999999999,,,
563,3017736,64,,right,saccade,,138.0,,,424.815,736.867,380.39300000000003,657.191,,,
564,3017872,4,,left,fixation,145.0,,401.675,743.0089999999999,,,,,0.0,,
565,3017880,8,,left,saccade,145.0,,,,406.411,720.173,406.411,710.039,,,
566,3017892,441,3.194479244345016,right,fixation,,139.0,414.536774774775,702.84300900901,,,,,1.0,10.036627092250136,24.99356591205016
567,3017892,445,3.1943139563404466,left,fixation,146.0,,441.2336160714289,705.3728660714281,,,,,1.0,9.704664700258544,40.87795964820163
568,3018337,20,,right,saccade,,139.0,,,416.325,708.8889999999999,498.49699999999996,709.051,,,
569,3018341,12,,left,saccade,146.0,,,,441.754,715.686,493.436,724.2710000000003,,,
570,3018357,327,3.123364197530864,left,fixation,147.0,,521.124409638554,741.675915662651,,,,,0.0,,
571,3018361,327,3.1220740740740736,right,fixation,,140.0,503.06692771084295,737.251325301205,,,,,4.0,6.385516109838148,12.84489562958191
572,3018688,20,,left,saccade,147.0,,,,517.714,747.444,434.134,742.695,,,
573,3018692,20,,right,saccade,,140.0,,,504.865,738.503,407.81199999999995,721.5210000000003,,,
574,3018712,156,3.063192307692308,left,fixation,148.0,,430.556775,735.167025,,,,,3.0,3.8525616389407222,11.838326923021429
575,3018716,148,3.0632027027027027,right,fixation,,141.0,400.709868421053,721.2149736842099,,,,,2.0,5.486313314447742,19.42039565055256
576,3018868,20,,right,saccade,,141.0,,,396.954,721.1439999999999,530.691,723.22,,,
577,3018872,20,,left,saccade,148.0,,,,422.056,727.4019999999997,555.5509999999998,726.944,,,
578,3018892,184,3.063608695652173,right,fixation,,142.0,551.754702127659,721.7814680851062,,,,,0.0,,
579,3018896,560,3.0954785714285715,left,fixation,149.0,,605.890638297872,742.719744680852,,,,,4.0,5.0914933693948905,14.200436861233012
580,3019080,12,,right,saccade,,142.0,,,553.505,726.565,603.734,729.747,,,
581,3019096,352,3.1122954545454538,right,fixation,,143.0,606.6148651685389,730.869404494382,,,,,0.0,,
582,3019452,20,,right,saccade,,143.0,,,603.827,745.304,717.3939999999999,747.5989999999997,,,
583,3019460,8,,left,saccade,149.0,,,,669.018,745.041,699.4830000000003,746.8439999999997,,,
584,3019472,224,3.1849017857142856,left,fixation,150.0,,733.289789473685,749.8737719298241,,,,,0.0,,
585,3019476,220,3.1853181818181806,right,fixation,,144.0,711.517785714286,754.4874821428571,,,,,0.0,,
586,3019700,24,,left,saccade,150.0,,,,730.2760000000003,749.172,539.48,745.92,,,
587,3019700,24,,right,saccade,,144.0,,,698.563,751.935,544.1669999999998,746.3710000000003,,,
588,3019728,484,3.113272727272728,left,fixation,151.0,,547.552008196721,740.6733688524588,,,,,4.0,5.902706586512017,21.840033734413275
589,3019728,484,3.113272727272728,right,fixation,,145.0,513.729573770492,723.4328688524588,,,,,1.0,5.2543733239824215,13.335362949691255
590,3020216,20,,left,saccade,151.0,,,,526.3430000000002,752.868,384.079,752.0219999999997,,,
591,3020216,20,,right,saccade,,145.0,,,488.222,737.091,401.29,746.2189999999997,,,
592,3020240,560,3.0966785714285714,right,fixation,,146.0,400.091460992908,728.563404255319,,,,,3.0,6.239016083437456,20.498101487745913
593,3020240,564,3.0966914893617017,left,fixation,152.0,,417.026788732395,733.221183098591,,,,,2.0,9.882498357753416,22.8921958962088
594,3020804,28,,right,saccade,,146.0,,,404.225,734.8,580.242,742.323,,,
595,3020808,24,,left,saccade,152.0,,,,438.11800000000005,727.47,602.3480000000002,735.074,,,
596,3020836,472,3.1332415254237285,left,fixation,153.0,,614.7636050420169,740.7893361344542,,,,,1.0,3.51727769178254,9.874901771663326
597,3020836,472,3.1332415254237285,right,fixation,,147.0,587.9930924369751,734.5331680672258,,,,,3.0,5.359652397167277,14.865219374204273
598,3021312,24,,left,saccade,153.0,,,,616.814,733.742,390.94199999999995,742.55,,,
599,3021312,24,,right,saccade,,147.0,,,603.614,717.966,417.465,738.946,,,
600,3021340,356,3.0997977528089886,left,fixation,154.0,,428.0891666666671,737.287722222223,,,,,3.0,4.887628675372046,6.876762359237361
601,3021340,356,3.0997977528089886,right,fixation,,148.0,410.103966666667,726.736022222222,,,,,1.0,4.7765738796524095,17.459785565693544
602,3021700,20,,right,saccade,,148.0,,,413.93199999999996,726.6510000000003,600.873,730.702,,,
603,3021700,24,,left,saccade,154.0,,,,416.656,733.7460000000003,611.312,727.727,,,
604,3021724,516,3.132174418604651,right,fixation,,149.0,589.508938461539,728.890884615384,,,,,0.0,,
605,3021728,516,3.1322015503875966,left,fixation,155.0,,622.3634307692299,736.022730769232,,,,,0.0,,
606,3022244,20,,right,saccade,,149.0,,,608.9830000000002,727.582,692.495,745.783,,,
607,3022248,20,,left,saccade,155.0,,,,645.557,748.956,739.6089999999997,749.816,,,
608,3022268,388,3.211234693877552,right,fixation,,150.0,711.744928571429,744.322051020408,,,,,0.0,,
609,3022272,400,3.2128910891089117,left,fixation,156.0,,731.107603960397,740.9508712871277,,,,,3.0,5.509869152096836,20.691132636822537
610,3022660,20,,right,saccade,,150.0,,,718.8760000000003,739.0310000000003,793.0989999999997,738.203,,,
611,3022676,0,,left,saccade,156.0,,,,772.58,739.08,772.58,739.08,,,
612,3022680,488,3.2427377049180324,left,fixation,157.0,,810.821113821138,746.9561219512192,,,,,1.0,3.2913725016236435,7.403278192800803
613,3022684,484,3.2425661157024783,right,fixation,,151.0,803.520860655738,740.894680327869,,,,,1.0,4.022522374083169,11.301913333590848
614,3023172,28,,left,saccade,157.0,,,,828.3660000000001,758.671,580.309,758.88,,,
615,3023172,28,,right,saccade,,151.0,,,802.7489999999997,743.431,557.943,735.318,,,
616,3023204,476,3.1014915254237287,left,fixation,158.0,,568.087783333334,747.24615,,,,,0.0,,
617,3023204,724,3.101261111111111,right,fixation,,152.0,557.367005494506,724.320456043956,,,,,2.0,8.792345661555192,29.833381073096927
618,3023684,0,,left,saccade,158.0,,,,601.989,752.318,601.989,752.318,,,
619,3023688,244,3.100868852459017,left,fixation,159.0,,629.208048387097,746.2341612903232,,,,,1.0,3.3772557564455608,8.815106352166094
620,3023932,20,,right,saccade,,152.0,,,592.948,719.084,701.1339999999999,729.3610000000001,,,
621,3023936,20,,left,saccade,159.0,,,,623.197,745.637,731.939,749.5830000000003,,,
622,3023956,620,3.1805032051282054,right,fixation,,153.0,715.14632051282,754.685320512821,,,,,1.0,4.946158245435449,12.411058174064026
623,3023960,616,3.1807548387096767,left,fixation,160.0,,740.144941935484,760.7952387096768,,,,,1.0,3.7401557082857315,8.187352746767344
624,3024580,20,,left,saccade,160.0,,,,733.1339999999999,770.325,798.117,765.378,,,
625,3024580,20,,right,saccade,,153.0,,,710.0989999999997,763.7339999999997,785.4689999999997,761.543,,,
626,3024604,572,3.1693063380281687,left,fixation,161.0,,809.97225,753.776638888889,,,,,3.0,5.27877563518877,10.630619465132256
627,3024604,572,3.1693063380281687,right,fixation,,154.0,788.1894791666672,753.3291944444438,,,,,0.0,,
628,3025180,20,,left,saccade,161.0,,,,824.9989999999997,751.25,741.2560000000003,752.125,,,
629,3025180,20,,right,saccade,,154.0,,,814.687,747.622,740.931,748.3810000000003,,,
630,3025204,296,3.1601148648648647,left,fixation,162.0,,733.050306666667,747.821413333333,,,,,0.0,,
631,3025204,300,3.16046,right,fixation,,155.0,722.4645,752.0078552631578,,,,,5.0,5.503772159910757,14.866866813804481
632,3025504,24,,left,saccade,162.0,,,,742.2919999999997,744.039,531.6569999999998,745.194,,,
633,3025508,20,,right,saccade,,155.0,,,708.5189999999999,734.36,519.332,735.449,,,
634,3025532,996,3.12569,left,fixation,163.0,,535.8334120000002,736.4065720000011,,,,,0.0,,
635,3025532,1000,3.1258087649402384,right,fixation,,156.0,509.58818725099604,728.980824701195,,,,,3.0,5.716366544448597,15.535135071902413
636,3026532,20,,left,saccade,163.0,,,,515.668,735.284,442.42800000000005,738.6389999999999,,,
637,3026536,12,,right,saccade,,156.0,,,477.86199999999997,745.5219999999997,423.37,745.923,,,
638,3026552,888,3.091078828828828,right,fixation,,157.0,414.14508520179396,737.018022421525,,,,,3.0,5.529223073164953,13.914856874060886
639,3026556,884,3.090871040723982,left,fixation,164.0,,452.56836486486503,742.322117117117,,,,,1.0,9.501309607101547,25.466816722943612
640,3027444,16,,right,saccade,,157.0,,,419.577,726.745,483.73800000000006,721.291,,,
641,3027444,20,,left,saccade,164.0,,,,476.23400000000004,739.2819999999997,537.122,739.3380000000003,,,
642,3027464,543,3.084974822024932,right,fixation,,158.0,501.106576642336,743.6241970802921,,,,,1.0,6.776989666839143,33.95716155687918
643,3027468,535,3.0850210994391163,left,fixation,165.0,,523.905607407407,740.9745259259261,,,,,0.0,,
644,3028007,68,,left,saccade,165.0,,,,518.9830000000002,745.39,619.89,720.2769999999997,,,
645,3028011,56,,right,saccade,,158.0,,,497.70099999999996,763.808,628.5880000000002,680.7739999999999,,,
646,3028167,721,3.0509709595532235,right,fixation,,159.0,618.608270718232,742.637154696132,,,,,3.0,6.908456165179043,37.910134404088375
647,3028175,713,3.0509709595532235,left,fixation,166.0,,639.9889162011181,746.32182122905,,,,,2.0,4.112106506603852,8.334055805886662
648,3028892,20,,left,saccade,166.0,,,,639.714,746.5939999999997,550.133,761.383,,,
649,3028892,20,,right,saccade,,159.0,,,618.36,748.711,536.133,752.323,,,
650,3028916,484,3.0153801652892565,left,fixation,167.0,,568.370836065574,751.229639344262,,,,,2.0,8.220500538505613,25.873042786600013
651,3028916,488,3.016184426229509,right,fixation,,160.0,536.49856097561,744.580097560975,,,,,2.0,7.122950010358039,22.44712952211371
652,3029404,12,,left,saccade,167.0,,,,614.975,743.3919999999997,562.59,742.721,,,
653,3029408,12,,right,saccade,,160.0,,,568.024,727.243,527.847,718.437,,,
654,3029420,256,3.1804140625,left,fixation,168.0,,548.0991846153839,735.414769230769,,,,,1.0,9.730895747851532,19.295480299800765
655,3029424,248,3.18091935483871,right,fixation,,161.0,517.936317460318,719.5660317460312,,,,,0.0,,
656,3029676,8,,right,saccade,,161.0,,,541.945,723.055,569.712,721.553,,,
657,3029680,4,,left,saccade,168.0,,,,585.908,721.289,591.9019999999998,715.6560000000003,,,
658,3029688,124,3.207129032258065,right,fixation,,162.0,581.77846875,708.89575,,,,,0.0,,
659,3029688,128,3.2070937500000003,left,fixation,169.0,,606.678515151515,708.890454545454,,,,,0.0,,
660,3029816,16,,right,saccade,,162.0,,,586.531,721.2360000000001,520.985,726.435,,,
661,3029820,12,,left,saccade,169.0,,,,608.611,710.913,557.053,721.299,,,
662,3029836,200,3.2114100000000003,left,fixation,170.0,,535.152862745098,732.899843137255,,,,,1.0,4.140487424339181,12.98023301023526
663,3029836,200,3.2114100000000003,right,fixation,,163.0,513.6290784313729,728.856235294118,,,,,0.0,,
664,3030040,20,,left,saccade,170.0,,,,532.288,731.904,663.571,730.8430000000003,,,
665,3030040,20,,right,saccade,,163.0,,,515.548,730.4889999999997,652.085,731.216,,,
666,3030064,144,3.2237777777777783,right,fixation,,164.0,643.6882972972979,728.948621621622,,,,,2.0,10.137382277226344,19.340499824284155
667,3030064,312,3.2591858974358976,left,fixation,171.0,,704.249303797469,735.840075949367,,,,,1.0,15.765170349187127,50.409605443804175
668,3030212,0,,right,saccade,,164.0,,,693.06,729.065,693.06,729.065,,,
669,3030216,156,3.290564102564104,right,fixation,,165.0,708.352475,741.0774,,,,,0.0,,
670,3030376,20,,right,saccade,,165.0,,,715.798,742.904,811.33,745.043,,,
671,3030380,20,,left,saccade,171.0,,,,750.6469999999997,748.6039999999997,833.62,751.497,,,
672,3030400,172,3.3741976744186046,right,fixation,,166.0,814.92825,747.846227272728,,,,,1.0,3.907741906210724,6.634230173878362
673,3030404,172,3.374965116279072,left,fixation,172.0,,837.253909090909,753.8950227272729,,,,,2.0,4.107553244899698,10.810065016262186
674,3030576,44,,right,saccade,,166.0,,,811.477,759.444,1382.182,711.2610000000003,,,
675,3030580,40,,left,saccade,172.0,,,,846.138,761.6289999999997,1416.793,681.687,,,
676,3030624,876,3.1059200913242013,left,fixation,173.0,,1412.88590909091,671.894054545455,,,,,1.0,3.601362897879342,8.204468294776811
677,3030624,1419,3.080940677966102,right,fixation,,167.0,1406.97818539326,694.257241573033,,,,,6.0,5.122729374868557,19.776422173473094
678,3031504,16,,left,saccade,173.0,,,,1393.724,681.1669999999998,1459.5320000000006,679.923,,,
679,3031524,519,3.041693798449612,left,fixation,174.0,,1451.1643893129801,676.805366412214,,,,,0.0,,
680,3032047,48,,left,saccade,174.0,,,,1457.358,672.433,573.561,789.755,,,
681,3032047,52,,right,saccade,,167.0,,,1443.101,679.676,551.432,791.525,,,
682,3032099,512,3.1498178294573638,left,fixation,175.0,,579.57315503876,743.328852713178,,,,,3.0,11.656959420224574,39.21189722179479
683,3032103,280,3.1491619718309853,right,fixation,,168.0,546.312436619718,769.03123943662,,,,,3.0,9.96423108487585,26.39160670423113
684,3032387,12,,right,saccade,,168.0,,,544.2,745.706,583.575,715.898,,,
685,3032403,208,3.150490384615385,right,fixation,,169.0,584.49979245283,702.84920754717,,,,,0.0,,
686,3032615,24,,right,saccade,,169.0,,,585.909,708.89,391.58,835.342,,,
687,3032615,28,,left,saccade,175.0,,,,603.316,700.4110000000003,426.839,827.1439999999999,,,
688,3032643,533,3.0518059701492537,right,fixation,,170.0,384.788544776119,839.8201194029849,,,,,1.0,3.455410833428912,10.74118475774441
689,3032647,529,3.051428571428571,left,fixation,176.0,,403.776977443609,842.6297819548869,,,,,2.0,4.10792190443979,13.383897574958024
690,3033180,20,,left,saccade,176.0,,,,380.19800000000004,846.743,390.35400000000004,716.01,,,
691,3033180,20,,right,saccade,,170.0,,,357.084,853.555,370.80699999999996,748.301,,,
692,3033204,112,3.0859821428571435,left,fixation,177.0,,416.421724137931,723.9875172413789,,,,,0.0,,
693,3033204,112,3.0859821428571435,right,fixation,,171.0,389.989206896552,741.5028965517239,,,,,0.0,,
694,3033320,52,,left,saccade,177.0,,,,403.84,722.197,1026.948,68.842,,,
695,3033320,52,,right,saccade,,171.0,,,392.87199999999996,720.778,1045.116,78.882,,,
696,3033376,135,3.105681818181818,right,fixation,,172.0,1047.3652,73.72831428571429,,,,,0.0,,
697,3033376,139,3.1059705882352944,left,fixation,178.0,,1039.5425,54.554333333333304,,,,,1.0,3.805101798171023,19.100623078842148
698,3033515,20,,right,saccade,,172.0,,,1049.116,80.604,961.857,51.217,,,
699,3033519,16,,left,saccade,178.0,,,,1038.316,57.418,965.1419999999999,41.882,,,
700,3033539,288,3.1004305555555565,left,fixation,179.0,,957.9737671232872,30.040547945205496,,,,,0.0,,
701,3033539,288,3.1004305555555565,right,fixation,,173.0,954.9583835616439,46.5656027397261,,,,,0.0,,
702,3033831,24,,left,saccade,179.0,,,,961.6010000000001,37.662,737.298,148.78,,,
703,3033831,28,,right,saccade,,173.0,,,936.7719999999999,55.416000000000004,727.922,160.99200000000005,,,
704,3033859,296,3.03190615530303,left,fixation,180.0,,730.7589999999999,170.605613333333,,,,,2.0,4.589045863856502,13.033807988482055
705,3033863,288,3.0311601592851605,right,fixation,,174.0,730.6295205479449,165.033561643836,,,,,1.0,4.035292774728732,12.13456389822075
706,3034155,80,,right,saccade,,174.0,,,753.6410000000003,155.541,1389.2089999999994,89.538,,,
707,3034159,16,,left,saccade,180.0,,,,732.352,147.494,799.285,142.74200000000005,,,
708,3034179,136,3.1557660778985506,left,fixation,181.0,,825.870914285714,140.417628571429,,,,,3.0,4.606855080404294,8.792901055420645
709,3034319,44,,left,saccade,181.0,,,,828.428,136.227,1360.785,143.958,,,
710,3034359,104,,right,fixation,,175.0,1434.36455555556,69.1505185185185,,,,,2.0,124.57092054515137,45.345759615193465
711,3034367,48,,left,fixation,182.0,,1351.05161538462,152.291230769231,,,,,0.0,,
712,3034419,68,,left,saccade,182.0,,,,1347.726,143.135,1396.213,59.376999999999995,,,
713,3034467,4,,right,saccade,,175.0,,,1489.9620000000002,32.329,1495.181,32.329,,,
714,3034475,8,,right,fixation,,176.0,498.393666666667,10.776333333333302,,,,,0.0,,
715,3034487,0,,right,saccade,,176.0,,,1502.376,32.329,1502.376,32.329,,,
716,3034491,4,,right,fixation,,177.0,1502.376,32.329,,,,,0.0,,
717,3034603,20,,right,saccade,,177.0,,,0.0,0.0,1456.9129999999998,-15.040999999999999,,,
718,3034627,328,3.107730475463592,right,fixation,,178.0,1418.5232048192804,67.6564337349398,,,,,5.0,5.761860236550612,25.045021825184627
719,3034751,204,3.1083201235203286,left,fixation,183.0,,1412.79186538461,79.7699615384615,,,,,0.0,,
720,3034959,89,,left,saccade,183.0,,,,1411.06,86.095,694.7260000000001,532.7040000000002,,,
721,3034959,93,,right,saccade,,178.0,,,1416.5339999999999,84.03200000000002,812.118,593.596,,,
722,3035665,65,3.314608208955224,left,fixation,184.0,,737.780235294118,559.0622941176471,,,,,2.0,4.9696289770128175,10.357326393845169
723,3035669,61,3.314608208955224,right,fixation,,179.0,808.8073125,618.4786875,,,,,1.0,5.154557691984833,10.281650159385826
724,3035734,29,,left,saccade,184.0,,,,747.2,587.112,472.06699999999995,820.548,,,
725,3035734,29,,right,saccade,,179.0,,,809.658,635.599,549.717,837.805,,,
726,3035767,120,3.199370283018868,left,fixation,185.0,,461.5206129032261,828.487935483871,,,,,1.0,6.573809459176272,20.8531312996394
727,3035767,168,3.181309198113208,right,fixation,,180.0,526.921023255814,830.6596976744189,,,,,0.0,,
728,3035891,72,,left,saccade,185.0,,,,432.82300000000004,821.133,448.842,741.2360000000001,,,
729,3035939,20,,right,saccade,,180.0,,,515.937,847.592,409.283,911.625,,,
730,3035963,312,3.0958354430379744,right,fixation,,181.0,408.177493670886,908.412278481013,,,,,3.0,6.611445018785165,13.1235303956205
731,3036171,0,,left,fixation,186.0,,450.833,742.2360000000001,,,,,0.0,,
732,3036175,16,,left,saccade,186.0,,,,455.277,762.275,454.213,802.1419999999997,,,
733,3036195,80,3.0751,left,fixation,187.0,,437.458666666667,852.752619047619,,,,,1.0,9.315400477465015,19.69457369429452
734,3036279,28,,left,saccade,187.0,,,,427.37,868.7660000000003,642.516,1049.552,,,
735,3036279,28,,right,saccade,,181.0,,,405.207,907.1110000000001,685.7819999999998,1059.271,,,
736,3036311,260,3.1500532971996384,left,fixation,188.0,,630.857424242424,1067.15348484848,,,,,0.0,,
737,3036311,260,3.1500532971996384,right,fixation,,182.0,700.14706060606,1064.1408030303,,,,,0.0,,
738,3036575,24,,right,saccade,,182.0,,,715.3430000000003,1075.3310000000001,930.278,1073.493,,,
739,3036575,28,,left,saccade,188.0,,,,616.7090000000002,1084.979,821.211,1089.745,,,
740,3036603,120,3.2878666666666665,right,fixation,,183.0,930.327129032258,1077.15248387097,,,,,0.0,,
741,3036607,116,3.2898448275862067,left,fixation,189.0,,832.174533333333,1084.747,,,,,1.0,4.853521175966543,11.991609608388707
742,3036727,28,,right,saccade,,183.0,,,933.916,1082.428,1205.524,604.6469999999998,,,
743,3036727,40,,left,saccade,189.0,,,,843.1669999999997,1086.673,1147.5430000000001,610.26,,,
744,3036759,152,3.392973684210527,right,fixation,,184.0,1204.42287179487,595.572205128205,,,,,1.0,17.626733164587172,34.011560225899636
745,3036771,144,3.3956666666666666,left,fixation,190.0,,1166.82289189189,619.216486486486,,,,,0.0,,
746,3036915,12,,right,saccade,,184.0,,,1195.295,601.012,1152.1580000000001,622.249,,,
747,3036919,8,,left,saccade,190.0,,,,1159.383,632.058,1135.445,639.175,,,
748,3036931,436,3.515866972477064,left,fixation,191.0,,1119.30148181818,660.8407636363639,,,,,1.0,4.8011057349092,13.592886117377644
749,3036931,440,3.516454545454545,right,fixation,,185.0,1117.39786486487,646.987756756757,,,,,0.0,,
750,3037371,40,,left,saccade,191.0,,,,1117.9560000000001,661.513,802.2760000000003,285.3640000000001,,,
751,3037375,36,,right,saccade,,185.0,,,1109.113,653.67,806.135,284.04,,,
752,3037415,236,3.5478389830508483,left,fixation,192.0,,793.13565,281.508266666667,,,,,0.0,,
753,3037415,236,3.5478389830508483,right,fixation,,186.0,770.231733333333,281.19215,,,,,1.0,6.598294649208822,18.777058608845
754,3037655,16,,left,saccade,192.0,,,,786.2739999999999,284.741,756.0880000000003,334.798,,,
755,3037655,20,,right,saccade,,186.0,,,765.23,280.249,739.8789999999997,350.964,,,
756,3037675,432,3.512638888888889,left,fixation,193.0,,749.37190825688,352.51713761467903,,,,,0.0,,
757,3037679,424,3.512693396226416,right,fixation,,187.0,732.52723364486,357.916831775701,,,,,1.0,6.19560902978875,22.375287372456214
758,3038107,20,,right,saccade,,187.0,,,715.555,367.10400000000004,811.7360000000001,355.914,,,
759,3038111,16,,left,saccade,193.0,,,,745.2139999999997,350.754,824.4730000000003,353.959,,,
760,3038131,260,3.436207692307692,left,fixation,194.0,,831.6895454545447,351.4107424242431,,,,,0.0,,
761,3038131,264,3.4360454545454537,right,fixation,,188.0,818.447701492538,357.50923880597,,,,,0.0,,
762,3038395,28,,left,saccade,194.0,,,,827.045,346.745,629.437,501.73800000000006,,,
763,3038399,24,,right,saccade,,188.0,,,811.323,362.349,633.869,520.987,,,
764,3038427,496,3.3290569105691064,left,fixation,195.0,,632.5971519999998,509.50064000000003,,,,,2.0,4.114126286271426,11.151371672188064
765,3038427,496,3.3290569105691064,right,fixation,,189.0,654.08336,485.08009599999997,,,,,3.0,8.425691312187357,28.68713747861165
766,3038927,20,,right,saccade,,189.0,,,639.701,487.70300000000003,518.976,561.592,,,
767,3038927,24,,left,saccade,195.0,,,,640.307,515.0319999999998,549.336,599.409,,,
768,3038951,248,3.239991935483871,right,fixation,,190.0,528.490349206349,573.719746031746,,,,,0.0,,
769,3038955,244,3.239688524590164,left,fixation,196.0,,534.6309838709681,596.812177419354,,,,,2.0,4.12025768226021,12.1163559889118
770,3039203,36,,left,saccade,196.0,,,,526.686,615.085,474.69800000000004,93.52,,,
771,3039203,36,,right,saccade,,190.0,,,542.988,582.498,495.184,95.25399999999999,,,
772,3039243,532,3.1523582089552233,left,fixation,197.0,,451.489776119403,71.1701641791044,,,,,1.0,3.4708798636336784,6.903263720878731
773,3039243,532,3.1523582089552233,right,fixation,,191.0,441.188895522388,69.6136119402985,,,,,5.0,5.851592204881041,16.141803818312532
774,3039779,40,,right,saccade,,191.0,,,424.37800000000004,59.21,916.578,48.728,,,
775,3039779,44,,left,saccade,197.0,,,,414.043,74.154,928.038,51.28100000000001,,,
776,3039823,752,3.0947952127659577,right,fixation,,192.0,941.181624338623,57.293719576719596,,,,,2.0,4.291908092863533,10.140369401211858
777,3039827,744,3.0946586021505382,left,fixation,198.0,,943.885336898396,60.0467326203209,,,,,0.0,,
778,3040575,40,,left,saccade,198.0,,,,945.5880000000001,71.264,748.5310000000003,364.369,,,
779,3040579,36,,right,saccade,,192.0,,,934.1289999999999,73.627,755.925,362.24199999999996,,,
780,3040619,268,3.2544402985074625,right,fixation,,193.0,735.464338235294,391.064838235294,,,,,4.0,4.779298431950903,14.879793847708834
781,3040619,272,3.255404411764706,left,fixation,199.0,,731.503188405797,387.123246376812,,,,,1.0,4.309029183006275,9.183816472469402
782,3040891,20,,right,saccade,,193.0,,,730.842,402.355,658.685,432.769,,,
783,3040895,20,,left,saccade,199.0,,,,723.77,385.07199999999995,671.7560000000002,444.142,,,
784,3040915,400,3.3115699999999997,right,fixation,,194.0,655.790207920792,477.163623762376,,,,,2.0,5.045603049265448,13.382949816277485
785,3040919,392,3.311826530612245,left,fixation,200.0,,668.308717171717,468.51058585858596,,,,,0.0,,
786,3041315,20,,left,saccade,200.0,,,,669.574,462.30800000000005,758.513,479.93699999999995,,,
787,3041319,20,,right,saccade,,194.0,,,672.5239999999999,472.594,761.328,485.346,,,
788,3041339,780,3.2714205128205123,left,fixation,201.0,,793.5735255102029,485.961270408163,,,,,2.0,5.2550234707837955,17.567189645653215
789,3041343,340,3.2709588235294125,right,fixation,,195.0,742.826267441861,502.085965116279,,,,,0.0,,
790,3041687,0,,right,saccade,,195.0,,,768.8710000000003,498.538,768.8710000000003,498.538,,,
791,3041691,424,3.27166037735849,right,fixation,,196.0,792.4591214953267,476.784579439252,,,,,1.0,4.804788216514399,9.029240111991667
792,3042119,64,,right,saccade,,196.0,,,802.801,496.68300000000005,883.062,998.674,,,
793,3042123,60,,left,saccade,201.0,,,,792.6030000000003,493.121,781.155,995.3910000000001,,,
794,3042187,360,3.23665,right,fixation,,197.0,904.3826593406592,1010.3285164835199,,,,,7.0,6.6980897356114815,20.449516314699647
795,3042187,364,3.2366153846153844,left,fixation,202.0,,755.8520217391299,1041.12944565217,,,,,2.0,3.667688628608032,7.365263092721581
796,3042551,48,,right,saccade,,197.0,,,900.742,1021.372,783.1469999999997,679.7139999999997,,,
797,3042555,32,,left,saccade,202.0,,,,753.828,1045.7269999999999,720.0989999999997,698.94,,,
798,3042591,456,3.283574561403509,left,fixation,203.0,,718.3789999999997,705.133600000001,,,,,2.0,5.863723856801518,21.121137451180765
799,3042603,444,3.2834909909909906,right,fixation,,198.0,722.255651785714,698.241580357143,,,,,1.0,4.071291495882412,8.284822267254707
800,3043051,24,,left,saccade,203.0,,,,705.439,718.635,685.252,509.60900000000004,,,
801,3043051,24,,right,saccade,,198.0,,,698.41,713.0239999999999,677.872,494.409,,,
802,3043079,1700,3.2496964705882365,right,fixation,,199.0,713.9960093896719,509.275441314554,,,,,14.0,5.658990652983165,15.256956508134769
803,3043079,2132,3.2459568480300187,left,fixation,204.0,,762.643168539326,505.819563670412,,,,,7.0,7.082194462812966,22.600176975142002
804,3044783,12,,right,saccade,,199.0,,,774.303,527.059,830.047,526.243,,,
805,3044799,412,3.229990291262136,right,fixation,,200.0,849.1616826923082,501.359942307693,,,,,1.0,4.474683579750513,10.801639921789704
806,3045215,40,,left,saccade,204.0,,,,876.19,489.10900000000004,1340.402,462.164,,,
807,3045215,40,,right,saccade,,200.0,,,871.169,496.55,1321.65,465.48699999999997,,,
808,3045259,188,3.2029893617021283,left,fixation,205.0,,1354.51075,446.1055625,,,,,0.0,,
809,3045259,519,3.1653488372093026,right,fixation,,201.0,1417.25703053435,444.423183206107,,,,,5.0,7.899774968021282,22.607262025354718
810,3045451,20,,left,saccade,205.0,,,,1360.24,447.583,1430.773,438.42900000000003,,,
811,3045475,299,3.1408783783783787,left,fixation,206.0,,1474.2267368420999,416.496671052632,,,,,2.0,8.438325659657275,27.309307227226267
812,3045778,40,,left,saccade,206.0,,,,1517.6779999999999,407.952,902.052,464.634,,,
813,3045782,40,,right,saccade,,201.0,,,1472.161,448.616,891.591,485.76199999999994,,,
814,3045822,568,3.1438873239436607,left,fixation,207.0,,870.865013986014,505.73363636363604,,,,,3.0,4.0032810532329695,9.279702539667307
815,3045826,564,3.1439290780141844,right,fixation,,202.0,868.4576338028169,486.32297183098603,,,,,1.0,3.3227800651128208,5.00146428558676
816,3046394,20,,left,saccade,207.0,,,,878.0360000000003,506.81800000000004,791.5239999999999,508.548,,,
817,3046394,20,,right,saccade,,202.0,,,864.941,485.153,779.408,486.18,,,
818,3046418,592,3.2506351351351355,left,fixation,208.0,,770.689060402685,507.249308724832,,,,,2.0,5.230615968088628,9.436903063053354
819,3046418,592,3.2506351351351355,right,fixation,,203.0,764.774120805369,510.299348993289,,,,,0.0,,
820,3047014,20,,left,saccade,208.0,,,,773.655,516.445,634.509,516.274,,,
821,3047014,24,,right,saccade,,203.0,,,766.297,530.2230000000002,634.114,529.129,,,
822,3047038,244,3.2793934426229505,left,fixation,209.0,,647.794693548387,501.805887096774,,,,,1.0,3.3388296394262333,9.92752582469573
823,3047042,240,3.2792000000000003,right,fixation,,204.0,615.9994918032779,478.876278688525,,,,,1.0,6.319709363922103,33.50544719892574
824,3047286,20,,left,saccade,209.0,,,,653.9830000000002,497.81,666.507,305.54,,,
825,3047286,20,,right,saccade,,204.0,,,646.048,452.225,688.7539999999997,339.529,,,
826,3047310,720,3.197488888888889,left,fixation,210.0,,730.777209944751,319.476801104972,,,,,4.0,6.2431887485329565,21.234240929108875
827,3047310,724,3.1973204419889503,right,fixation,,205.0,723.2490164835159,361.915395604396,,,,,2.0,7.678793267469754,22.85957895085273
828,3048034,24,,left,saccade,210.0,,,,743.77,345.50199999999984,735.467,190.52599999999998,,,
829,3048038,20,,right,saccade,,205.0,,,735.178,351.98199999999997,735.237,184.812,,,
830,3048062,504,3.0743492063492064,left,fixation,211.0,,732.5450551181099,185.04646456692902,,,,,0.0,,
831,3048062,508,3.07448031496063,right,fixation,,206.0,735.23334375,194.150953125,,,,,0.0,,
832,3048570,20,,left,saccade,211.0,,,,731.9860000000001,183.585,807.1510000000003,183.924,,,
833,3048574,12,,right,saccade,,206.0,,,744.105,207.72799999999998,799.1080000000003,210.952,,,
834,3048590,128,3.050546875,right,fixation,,207.0,817.4702727272729,193.447545454546,,,,,0.0,,
835,3048594,124,3.0497903225806464,left,fixation,212.0,,824.38421875,181.95728125,,,,,1.0,5.08924483046789,3.7952688969293367
836,3048722,24,,left,saccade,212.0,,,,834.435,180.877,919.58,52.855,,,
837,3048722,24,,right,saccade,,207.0,,,832.243,184.13099999999997,918.409,91.315,,,
838,3048750,188,3.0447446808510628,left,fixation,213.0,,943.8930625,56.2143958333333,,,,,0.0,,
839,3048750,188,3.0447446808510628,right,fixation,,208.0,940.420229166667,95.5251458333334,,,,,1.0,3.445252974101573,7.711747532174442
840,3048942,32,,left,saccade,213.0,,,,942.804,58.934,672.0989999999998,159.055,,,
841,3048942,32,,right,saccade,,208.0,,,938.55,75.179,690.857,156.681,,,
842,3048978,372,3.0200806451612903,left,fixation,214.0,,661.00964893617,186.220329787234,,,,,1.0,5.236246630724842,14.145317423090756
843,3048978,372,3.0200806451612903,right,fixation,,209.0,674.46435106383,174.675425531915,,,,,1.0,4.058501108783909,9.102369361874988
844,3049354,20,,left,saccade,214.0,,,,646.6419999999998,190.425,787.447,180.61900000000003,,,
845,3049354,24,,right,saccade,,209.0,,,651.339,178.878,793.334,173.372,,,
846,3049378,248,3.0093943675003896,left,fixation,215.0,,796.2872539682539,176.84546031746,,,,,1.0,4.300673849009653,14.810352494117167
847,3049382,240,3.0094199208575434,right,fixation,,210.0,786.980344262295,180.46862295082002,,,,,1.0,5.684908022318554,13.8215579801989
848,3049626,40,,right,saccade,,210.0,,,774.0980000000003,179.315,795.54,99.78299999999999,,,
849,3049630,40,,left,saccade,215.0,,,,790.1,176.68400000000003,787.3969999999997,97.645,,,
850,3049782,228,3.011611842105264,right,fixation,,211.0,787.4496896551732,149.150465517241,,,,,2.0,15.308068793214696,37.2755486877945
851,3049790,208,3.011611842105264,left,fixation,216.0,,785.21562264151,147.844679245283,,,,,1.0,10.903424239150235,51.213688365514145
852,3050002,40,,left,saccade,216.0,,,,791.17,156.285,831.8589999999997,127.78,,,
853,3050014,20,,right,saccade,,211.0,,,780.069,157.925,882.6410000000003,132.80100000000002,,,
854,3050038,180,,right,fixation,,212.0,830.744021739131,150.382695652174,,,,,1.0,9.572325517112107,51.090831271374036
855,3050058,164,,left,fixation,217.0,,845.498142857143,169.068095238095,,,,,0.0,,
856,3050222,44,,right,saccade,,212.0,,,811.347,152.91,837.4789999999997,145.976,,,
857,3050226,40,,left,saccade,217.0,,,,851.971,178.264,835.995,161.388,,,
858,3050390,204,2.984935659186536,right,fixation,,213.0,833.1089999999997,144.138865384615,,,,,0.0,,
859,3050390,208,2.9851258400537635,left,fixation,218.0,,837.807641509434,170.57566037735901,,,,,0.0,,
860,3050598,32,,right,saccade,,213.0,,,824.215,142.553,1146.481,109.181,,,
861,3050602,32,,left,saccade,218.0,,,,856.928,178.06599999999997,1135.252,101.633,,,
862,3050634,116,3.0330344827586213,right,fixation,,214.0,1180.19086666667,72.27923333333341,,,,,0.0,,
863,3050638,112,3.033464285714286,left,fixation,219.0,,1178.45189655172,83.5953103448276,,,,,0.0,,
864,3050754,24,,left,saccade,219.0,,,,1187.64,82.35799999999998,972.055,64.691,,,
865,3050754,24,,right,saccade,,214.0,,,1190.531,80.768,984.691,68.426,,,
866,3050782,260,2.989884615384616,right,fixation,,215.0,964.591424242424,37.9722272727273,,,,,0.0,,
867,3050782,264,2.9894166666666666,left,fixation,220.0,,974.9767014925368,46.2818059701493,,,,,0.0,,
868,3051046,44,,right,saccade,,215.0,,,960.283,34.721,860.403,513.8919999999998,,,
869,3051050,36,,left,saccade,220.0,,,,959.988,36.641,871.038,481.096,,,
870,3051090,196,3.03338,left,fixation,221.0,,866.32924,519.7207,,,,,1.0,9.802231499057301,37.99756986966393
871,3051094,196,3.0342900000000004,right,fixation,,216.0,840.52034,523.1061599999998,,,,,0.0,,
872,3051290,28,,left,saccade,221.0,,,,865.568,525.919,770.4860000000001,216.142,,,
873,3051294,24,,right,saccade,,216.0,,,831.6189999999997,512.373,820.072,201.604,,,
874,3051322,340,2.9536,left,fixation,222.0,,779.873011627907,197.792546511628,,,,,1.0,8.584209031381071,18.30143874125748
875,3051322,344,2.9536686046511638,right,fixation,,217.0,781.443298850574,188.059632183908,,,,,2.0,5.176901545007725,13.662937755680325
876,3051666,24,,left,saccade,222.0,,,,791.045,193.407,656.362,191.74599999999998,,,
877,3051670,20,,right,saccade,,217.0,,,756.813,193.22299999999998,638.0509999999998,182.437,,,
878,3051694,580,3.0244722222222222,left,fixation,223.0,,645.125952054795,186.65628767123297,,,,,1.0,3.3664217113856862,10.363125590284092
879,3051694,580,3.0244722222222222,right,fixation,,218.0,651.1301232876709,196.430116438356,,,,,2.0,5.243335224975507,12.606269859896626
880,3052278,16,,right,saccade,,218.0,,,642.726,211.68200000000002,707.105,203.36599999999999,,,
881,3052278,20,,left,saccade,223.0,,,,621.618,168.702,722.243,167.233,,,
882,3052298,376,3.0679414893617016,right,fixation,,219.0,722.254663157895,199.08643157894696,,,,,0.0,,
883,3052302,372,3.0682043010752684,left,fixation,224.0,,734.218297872341,167.294425531915,,,,,0.0,,
884,3052678,20,,left,saccade,224.0,,,,747.316,174.697,845.95,178.66,,,
885,3052678,20,,right,saccade,,219.0,,,715.502,189.753,833.875,187.213,,,
886,3052702,452,3.114513274336283,right,fixation,,220.0,835.302070175438,217.263649122807,,,,,2.0,6.8804053919785035,31.90868927328557
887,3052702,456,3.1145526315789485,left,fixation,225.0,,855.934313043479,184.72026956521702,,,,,1.0,4.332853826034054,11.948665406646882
888,3053158,44,,right,saccade,,220.0,,,812.605,194.415,1288.9660000000001,140.097,,,
889,3053162,40,,left,saccade,225.0,,,,853.7360000000001,178.704,1317.5420000000001,141.205,,,
890,3053206,324,3.1114135802469134,left,fixation,226.0,,1333.54853658537,134.830463414634,,,,,0.0,,
891,3053206,328,3.1115548780487807,right,fixation,,221.0,1312.09085542169,162.02448192771098,,,,,2.0,5.97122486273476,14.907176737770294
892,3053534,48,,left,saccade,226.0,,,,1339.7579999999996,126.35,670.682,160.653,,,
893,3053538,44,,right,saccade,,221.0,,,1308.518,161.499,672.7189999999998,175.737,,,
894,3053586,132,3.0945151515151514,left,fixation,227.0,,663.999294117647,179.385117647059,,,,,0.0,,
895,3053586,136,3.0938088235294114,right,fixation,,222.0,657.654542857143,182.70834285714298,,,,,1.0,6.582491019954213,29.31515229365182
896,3053722,24,,left,saccade,227.0,,,,671.2739999999999,195.02900000000002,468.402,197.433,,,
897,3053726,20,,right,saccade,,222.0,,,643.0790000000002,197.702,488.735,207.958,,,
898,3053750,420,3.0700142857142856,right,fixation,,223.0,437.016726415094,180.356283018868,,,,,2.0,7.808433490225826,19.346340205757862
899,3053750,424,3.06988679245283,left,fixation,228.0,,460.20850467289705,179.60476635514,,,,,2.0,5.460935975267809,19.288719224902014
900,3054174,20,,right,saccade,,223.0,,,420.691,171.727,530.0369999999998,189.50599999999997,,,
901,3054178,20,,left,saccade,228.0,,,,454.034,181.708,539.83,182.44799999999998,,,
902,3054198,328,3.0669207317073166,right,fixation,,224.0,523.677686746988,210.454698795181,,,,,0.0,,
903,3054202,328,3.0669085365853657,left,fixation,229.0,,532.7588795180719,187.344662650602,,,,,1.0,3.814033094303745,16.297745641652288
904,3054530,20,,right,saccade,,224.0,,,533.9580000000002,213.31799999999998,593.794,204.149,,,
905,3054534,12,,left,saccade,229.0,,,,535.306,194.58599999999998,582.944,183.653,,,
906,3054550,540,3.052811111111111,left,fixation,230.0,,621.394992647059,169.992117647059,,,,,3.0,3.911273922934948,8.884991161224029
907,3054554,536,3.0527835820895515,right,fixation,,225.0,617.787896296296,223.79768148148102,,,,,3.0,5.092295488299347,15.850884086857386
908,3055094,24,,left,saccade,230.0,,,,638.948,175.609,475.81199999999995,192.77,,,
909,3055094,28,,right,saccade,,225.0,,,635.624,279.621,458.778,246.27,,,
910,3055122,996,3.1127630522088348,left,fixation,231.0,,488.88932400000004,179.69018799999995,,,,,5.0,4.671677587831641,13.59685451244008
911,3055126,992,3.112883064516129,right,fixation,,226.0,463.511248995984,173.188281124498,,,,,4.0,8.020852930276021,24.678637634535466
912,3056122,20,,left,saccade,231.0,,,,526.615,189.361,619.281,186.63099999999997,,,
913,3056122,20,,right,saccade,,226.0,,,508.588,166.707,604.969,168.606,,,
914,3056146,296,3.077493243243244,left,fixation,232.0,,631.501226666667,183.837226666667,,,,,2.0,3.9283471272173607,11.106737933532774
915,3056146,304,3.077256578947369,right,fixation,,227.0,605.756246753247,175.67598701298698,,,,,0.0,,
916,3056446,20,,left,saccade,232.0,,,,632.712,196.335,571.249,194.671,,,
917,3056454,12,,right,saccade,,227.0,,,594.0459999999998,188.697,542.851,197.56599999999997,,,
918,3056470,344,3.11543023255814,left,fixation,233.0,,542.151666666667,189.378126436782,,,,,4.0,4.600819516970977,10.31792557578405
919,3056470,344,3.11543023255814,right,fixation,,228.0,505.16280459770104,193.012057471264,,,,,1.0,8.884672964968662,8.246647925066371
920,3056818,20,,left,saccade,233.0,,,,542.4019999999998,191.078,641.821,185.66400000000002,,,
921,3056818,20,,right,saccade,,228.0,,,504.652,186.99,593.987,178.308,,,
922,3056842,204,3.113460784313726,right,fixation,,229.0,610.426173076923,169.017038461538,,,,,1.0,6.759343880469767,21.89395062568649
923,3056842,208,3.1133076923076923,left,fixation,234.0,,650.425603773585,181.56409433962293,,,,,0.0,,
924,3057050,20,,right,saccade,,229.0,,,616.765,187.857,693.932,194.59099999999998,,,
925,3057054,12,,left,saccade,234.0,,,,653.613,204.80200000000002,708.913,200.55700000000002,,,
926,3057070,672,3.1178511904761903,left,fixation,235.0,,729.7866153846153,168.611786982249,,,,,3.0,6.034714013173456,22.32256782165095
927,3057074,668,3.1179341317365266,right,fixation,,230.0,727.256125,181.312976190476,,,,,3.0,6.822843517699213,19.271489616388298
928,3057746,28,,right,saccade,,230.0,,,733.2860000000003,172.391,445.785,182.05,,,
929,3057746,32,,left,saccade,235.0,,,,742.7260000000001,165.919,459.546,190.771,,,
930,3057778,496,3.0841290322580646,right,fixation,,231.0,426.799512,164.731304,,,,,0.0,,
931,3057782,492,3.0841829268292686,left,fixation,236.0,,463.03166129032303,184.907177419355,,,,,1.0,4.2236619445952615,19.053089303312493
932,3058278,24,,right,saccade,,231.0,,,429.293,161.924,697.602,165.394,,,
933,3058278,28,,left,saccade,236.0,,,,479.292,175.08,714.206,181.81799999999998,,,
934,3058306,947,3.056925847457627,right,fixation,,232.0,719.048978991597,184.45817226890802,,,,,4.0,4.781513592574839,10.236554584547887
935,3058310,943,3.0568085106382985,left,fixation,237.0,,722.307472573841,173.931202531646,,,,,2.0,6.072507297178189,18.15174035969324
936,3059257,28,,left,saccade,237.0,,,,711.112,161.264,439.506,161.357,,,
937,3059257,28,,right,saccade,,232.0,,,724.852,177.127,447.191,166.287,,,
938,3059289,385,3.1409587628865983,left,fixation,238.0,,444.807907216495,157.535474226804,,,,,4.0,3.436723654781052,10.48028218935666
939,3059289,397,3.14106,right,fixation,,233.0,432.9898,144.97529,,,,,2.0,8.915035889070069,17.589490992744835
940,3059678,16,,left,saccade,238.0,,,,448.49199999999996,148.736,499.345,152.32399999999996,,,
941,3059690,4,,right,saccade,,233.0,,,472.569,142.996,473.30199999999996,145.781,,,
942,3059698,1159,3.057522491349481,right,fixation,,234.0,477.060890034365,148.58112371133996,,,,,3.0,5.477867714652823,22.9483115451153
943,3059698,1163,3.0572603448275864,left,fixation,239.0,,509.75475,162.65379794520598,,,,,3.0,6.534046300597893,24.53897432553061
944,3060861,24,,right,saccade,,234.0,,,456.12699999999995,143.622,597.889,146.21,,,
945,3060865,20,,left,saccade,239.0,,,,521.7180000000002,174.292,620.896,178.058,,,
946,3060889,320,2.959675,right,fixation,,235.0,602.780592592592,170.928160493827,,,,,2.0,6.6730353688426325,15.882060703386829
947,3060889,324,2.9594135802469133,left,fixation,240.0,,623.807963414635,198.663865853659,,,,,0.0,,
948,3061213,20,,right,saccade,,235.0,,,601.84,160.042,713.268,165.919,,,
949,3061217,16,,left,saccade,240.0,,,,624.705,209.74400000000003,696.6,201.12400000000002,,,
950,3061237,704,3.021965909090909,left,fixation,241.0,,735.828853107345,169.017740112994,,,,,3.0,3.748485912715184,17.52659684957473
951,3061237,708,3.0220367231638416,right,fixation,,236.0,732.538258426966,189.649971910112,,,,,2.0,4.756855929697526,9.658115867234796
952,3061945,28,,left,saccade,241.0,,,,765.5889999999997,184.479,472.55199999999996,186.325,,,
953,3061949,28,,right,saccade,,236.0,,,748.096,200.48,449.415,188.083,,,
954,3061977,344,3.0443546511627915,left,fixation,242.0,,461.87306896551695,178.045643678161,,,,,0.0,,
955,3061981,336,3.0444880952380955,right,fixation,,237.0,425.234964705882,170.317211764706,,,,,1.0,5.8614268574772375,17.659802547027518
956,3062321,32,,right,saccade,,237.0,,,401.06199999999995,162.035,775.1289999999997,156.064,,,
957,3062325,36,,left,saccade,242.0,,,,439.73,183.13,784.6289999999997,180.605,,,
958,3062357,472,3.0497923728813565,right,fixation,,238.0,797.730336134453,207.869319327731,,,,,3.0,7.988398275425104,23.410252321167107
959,3062365,460,3.0495739130434782,left,fixation,243.0,,821.060405172413,188.322879310345,,,,,2.0,5.691007771324897,17.272062327511403
960,3062829,20,,left,saccade,243.0,,,,834.8810000000003,184.912,758.922,185.72,,,
961,3062833,20,,right,saccade,,238.0,,,832.557,208.22099999999998,764.2769999999997,193.96900000000002,,,
962,3062853,500,3.013444,left,fixation,244.0,,742.9295317460318,171.319857142857,,,,,3.0,6.658800019917248,18.83625051746577
963,3062857,500,3.0131720000000004,right,fixation,,239.0,729.474793650793,186.48795238095298,,,,,2.0,7.2789221004375175,15.81396380685894
964,3063357,28,,left,saccade,244.0,,,,713.908,172.507,501.712,174.828,,,
965,3063361,24,,right,saccade,,239.0,,,694.64,171.02,483.543,171.398,,,
966,3063389,1564,3.070704603580562,left,fixation,245.0,,459.629137755102,192.181540816326,,,,,5.0,5.60613782071332,19.14884109468176
967,3063389,1564,3.070704603580562,right,fixation,,240.0,422.67056122449,188.020308673469,,,,,4.0,5.671629491986653,19.0308406916198
968,3064957,28,,left,saccade,245.0,,,,457.10900000000004,211.78,733.0160000000003,209.56900000000002,,,
969,3064957,28,,right,saccade,,240.0,,,428.075,197.59400000000002,769.696,203.615,,,
970,3064989,140,3.117942857142857,left,fixation,246.0,,763.803194444445,182.166055555556,,,,,0.0,,
971,3064989,156,3.1196282051282047,right,fixation,,241.0,780.080175,256.2108,,,,,0.0,,
972,3065133,20,,left,saccade,246.0,,,,755.3939999999999,175.692,830.177,178.84900000000005,,,
973,3065149,8,,right,saccade,,241.0,,,821.0219999999997,265.95799999999997,826.086,250.403,,,
974,3065157,620,3.1052096774193547,left,fixation,247.0,,827.919237179487,184.71461538461602,,,,,1.0,3.6497888713671616,3.5601124982225762
975,3065161,616,3.1050811688311684,right,fixation,,242.0,823.031974193548,208.60551612903197,,,,,3.0,6.281583595700629,21.42572080578765
976,3065781,24,,left,saccade,247.0,,,,825.207,192.80200000000002,578.669,178.727,,,
977,3065781,24,,right,saccade,,242.0,,,812.615,195.581,591.562,197.326,,,
978,3065809,136,3.0242941176470586,right,fixation,,243.0,583.0732857142859,183.4972,,,,,0.0,,
979,3065809,152,3.0244736842105264,left,fixation,248.0,,579.3813589743589,152.036384615385,,,,,3.0,8.786035052025921,27.592890107930145
980,3065949,16,,right,saccade,,243.0,,,589.502,188.787,528.308,192.65900000000002,,,
981,3065965,0,,left,saccade,248.0,,,,551.2040000000002,189.392,551.2040000000002,189.392,,,
982,3065969,352,3.0216988636363635,left,fixation,249.0,,553.589337078652,202.209662921348,,,,,0.0,,
983,3065969,352,3.0216988636363635,right,fixation,,244.0,521.729887640449,186.51141573033692,,,,,1.0,3.633695777029226,10.48687875394774
984,3066325,20,,left,saccade,249.0,,,,569.85,221.918,657.419,213.75799999999998,,,
985,3066325,20,,right,saccade,,244.0,,,540.497,180.49599999999998,656.8489999999998,174.331,,,
986,3066349,544,3.0839854014598536,right,fixation,,245.0,643.008532846715,163.558058394161,,,,,0.0,,
987,3066349,552,3.0839316546762587,left,fixation,250.0,,651.5742661870501,201.10076978417197,,,,,3.0,4.193530924466013,11.963039649335276
988,3066897,20,,right,saccade,,245.0,,,635.492,171.956,753.6339999999999,171.956,,,
989,3066905,16,,left,saccade,250.0,,,,665.878,203.81400000000002,722.497,186.482,,,
990,3066921,500,3.0484400000000003,right,fixation,,246.0,746.928626984127,197.9175,,,,,1.0,6.348221553229599,16.59236550344766
991,3066925,496,3.048290322580645,left,fixation,251.0,,740.8461759999989,161.10939199999999,,,,,1.0,5.624407299638076,14.089921255990042
992,3067425,20,,right,saccade,,246.0,,,755.4010000000003,192.28599999999997,663.097,188.22400000000002,,,
993,3067425,24,,left,saccade,251.0,,,,736.564,181.0,634.215,193.692,,,
994,3067449,276,3.0879130434782613,right,fixation,,247.0,627.7681,169.612885714286,,,,,2.0,4.436628984738613,12.544526193763314
995,3067453,276,3.089217391304348,left,fixation,252.0,,626.922757142857,186.2546,,,,,0.0,,
996,3067729,24,,right,saccade,,247.0,,,622.785,193.05599999999998,747.263,203.37599999999998,,,
997,3067733,20,,left,saccade,252.0,,,,635.606,180.074,725.4730000000003,164.45,,,
998,3067757,360,3.1443033707865164,left,fixation,253.0,,739.030813186813,152.735527472527,,,,,1.0,3.7833440418350714,7.184936464576469
999,3067757,364,3.1444055555555552,right,fixation,,248.0,737.0181956521741,206.79429347826093,,,,,1.0,6.641984319045362,12.600076587068829
1000,3068121,20,,left,saccade,253.0,,,,746.388,165.172,661.2139999999997,169.395,,,
1001,3068125,16,,right,saccade,,248.0,,,732.93,213.96599999999998,664.9739999999998,218.898,,,
1002,3068145,952,3.10292259414226,left,fixation,254.0,,633.606251046025,176.299167364017,,,,,3.0,5.641071006275463,19.90985818062714
1003,3068145,952,3.10292259414226,right,fixation,,249.0,626.86080753138,183.402112970711,,,,,4.0,6.730129917801786,18.105927678413874
1004,3069101,20,,right,saccade,,249.0,,,607.457,169.899,459.56199999999995,169.77700000000004,,,
1005,3069101,24,,left,saccade,254.0,,,,619.347,184.595,483.89599999999996,184.87599999999998,,,
1006,3069125,320,3.1413687500000003,right,fixation,,250.0,454.16332098765406,179.20216049382702,,,,,2.0,3.595161828064726,8.514434339928902
1007,3069129,320,3.14245,left,fixation,255.0,,465.49450617284003,179.91658024691398,,,,,2.0,3.778009357607612,8.966820656972079
1008,3069449,40,,right,saccade,,250.0,,,455.05,191.255,853.4739999999997,129.226,,,
1009,3069453,36,,left,saccade,255.0,,,,471.92900000000003,190.75599999999997,841.1439999999999,115.11,,,
1010,3069493,108,3.1351296296296294,right,fixation,,251.0,854.5074642857138,124.433464285714,,,,,0.0,,
1011,3069493,112,3.135107142857142,left,fixation,256.0,,858.2330344827582,102.56448275862101,,,,,0.0,,
1012,3069605,20,,right,saccade,,251.0,,,840.3989999999999,118.5,924.552,85.007,,,
1013,3069609,20,,left,saccade,256.0,,,,866.1389999999999,100.98899999999999,945.3760000000001,53.157,,,
1014,3069629,184,3.1401956521739134,right,fixation,,252.0,944.9381489361699,63.855574468085095,,,,,0.0,,
1015,3069633,184,3.1399673913043484,left,fixation,257.0,,953.185617021277,45.261191489361714,,,,,0.0,,
1016,3069817,36,,right,saccade,,252.0,,,942.919,74.337,1352.985,181.142,,,
1017,3069821,36,,left,saccade,257.0,,,,957.034,52.653,1396.085,160.118,,,
1018,3069857,364,3.1520226063829786,right,fixation,,253.0,1384.2388043478302,168.065510869565,,,,,1.0,7.173072253613207,9.595338086800428
1019,3069861,360,3.152232526881721,left,fixation,258.0,,1423.1527032967,142.202527472527,,,,,2.0,6.042518193590058,19.049808060665622
